scheme_code,scheme_name,date,nav
118482,"BANDHAN Nifty 50 Index Fund-Direct Plan-Growth",2013-01-02,11.7419
118482,"BANDHAN Nifty 50 Index Fund-Direct Plan-Growth",2013-01-03,11.7733
118482,"BANDHAN Nifty 50 Index Fund-Direct Plan-Growth",2013-01-04,11.7865
118482,"BANDHAN Nifty 50 Index Fund-Direct Plan-Growth",2013-01-07,11.7323
118482,"BANDHAN Nifty 50 Index Fund-Direct Plan-Growth",2013-01-08,11.7583
118482,"BANDHAN Nifty 50 Index Fund-Direct Plan-Growth",2013-01-09,11.699
118482,"BANDHAN Nifty 50 Index Fund-Direct Plan-Growth",2013-01-10,11.6935
118482,"BANDHAN Nifty 50 Index Fund-Direct Plan-Growth",2013-01-11,11.6597
118482,"BANDHAN Nifty 50 Index Fund-Direct Plan-Growth",2013-01-14,11.8013
118482,"BANDHAN Nifty 50 Index Fund-Direct Plan-Growth",2013-01-15,11.8644
118482,"BANDHAN Nifty 50 Index Fund-Direct Plan-Growth",2013-01-16,11.7556
118482,"BANDHAN Nifty 50 Index Fund-Direct Plan-Growth",2013-01-17,11.8283
118482,"BANDHAN Nifty 50 Index Fund-Direct Plan-Growth",2013-01-18,11.8776
118482,"BANDHAN Nifty 50 Index Fund-Direct Plan-Growth",2013-01-21,11.9127
118482,"BANDHAN Nifty 50 Index Fund-Direct Plan-Growth",2013-01-22,11.847
118482,"BANDHAN Nifty 50 Index Fund-Direct Plan-Growth",2013-01-23,11.8598
118482,"BANDHAN Nifty 50 Index Fund-Direct Plan-Growth",2013-01-24,11.7916
118482,"BANDHAN Nifty 50 Index Fund-Direct Plan-Growth",2013-01-25,11.8992
118482,"BANDHAN Nifty 50 Index Fund-Direct Plan-Growth",2013-01-28,11.8993
118482,"BANDHAN Nifty 50 Index Fund-Direct Plan-Growth",2013-01-29,11.8507
118482,"BANDHAN Nifty 50 Index Fund-Direct Plan-Growth",2013-01-30,11.862
118482,"BANDHAN Nifty 50 Index Fund-Direct Plan-Growth",2013-01-31,11.821
118482,"BANDHAN Nifty 50 Index Fund-Direct Plan-Growth",2013-02-01,11.751
118482,"BANDHAN Nifty 50 Index Fund-Direct Plan-Growth",2013-02-04,11.7265
118482,"BANDHAN Nifty 50 Index Fund-Direct Plan-Growth",2013-02-05,11.6692
118482,"BANDHAN Nifty 50 Index Fund-Direct Plan-Growth",2013-02-06,11.6736
118482,"BANDHAN Nifty 50 Index Fund-Direct Plan-Growth",2013-02-07,11.634
118482,"BANDHAN Nifty 50 Index Fund-Direct Plan-Growth",2013-02-08,11.5648
118482,"BANDHAN Nifty 50 Index Fund-Direct Plan-Growth",2013-02-11,11.5536
118482,"BANDHAN Nifty 50 Index Fund-Direct Plan-Growth",2013-02-12,11.6015
118482,"BANDHAN Nifty 50 Index Fund-Direct Plan-Growth",2013-02-13,11.6243
118482,"BANDHAN Nifty 50 Index Fund-Direct Plan-Growth",2013-02-14,11.5514
118482,"BANDHAN Nifty 50 Index Fund-Direct Plan-Growth",2013-02-15,11.5294
118482,"BANDHAN Nifty 50 Index Fund-Direct Plan-Growth",2013-02-18,11.553
118482,"BANDHAN Nifty 50 Index Fund-Direct Plan-Growth",2013-02-19,11.6346
118482,"BANDHAN Nifty 50 Index Fund-Direct Plan-Growth",2013-02-20,11.6418
118482,"BANDHAN Nifty 50 Index Fund-Direct Plan-Growth",2013-02-21,11.4656
118482,"BANDHAN Nifty 50 Index Fund-Direct Plan-Growth",2013-02-22,11.462
118482,"BANDHAN Nifty 50 Index Fund-Direct Plan-Growth",2013-02-25,11.4712
118482,"BANDHAN Nifty 50 Index Fund-Direct Plan-Growth",2013-02-26,11.2894
118482,"BANDHAN Nifty 50 Index Fund-Direct Plan-Growth",2013-02-27,11.3581
118482,"BANDHAN Nifty 50 Index Fund-Direct Plan-Growth",2013-02-28,11.1568
118482,"BANDHAN Nifty 50 Index Fund-Direct Plan-Growth",2013-03-01,11.2094
118482,"BANDHAN Nifty 50 Index Fund-Direct Plan-Growth",2013-03-04,11.1684
118482,"BANDHAN Nifty 50 Index Fund-Direct Plan-Growth",2013-03-05,11.3352
118482,"BANDHAN Nifty 50 Index Fund-Direct Plan-Growth",2013-03-06,11.4024
118482,"BANDHAN Nifty 50 Index Fund-Direct Plan-Growth",2013-03-07,11.4899
118482,"BANDHAN Nifty 50 Index Fund-Direct Plan-Growth",2013-03-08,11.6502
118482,"BANDHAN Nifty 50 Index Fund-Direct Plan-Growth",2013-03-11,11.6428
118482,"BANDHAN Nifty 50 Index Fund-Direct Plan-Growth",2013-03-12,11.5892
118482,"BANDHAN Nifty 50 Index Fund-Direct Plan-Growth",2013-03-13,11.4663
118482,"BANDHAN Nifty 50 Index Fund-Direct Plan-Growth",2013-03-14,11.5809
118482,"BANDHAN Nifty 50 Index Fund-Direct Plan-Growth",2013-03-15,11.5097
118482,"BANDHAN Nifty 50 Index Fund-Direct Plan-Growth",2013-03-18,11.4393
118482,"BANDHAN Nifty 50 Index Fund-Direct Plan-Growth",2013-03-19,11.2636
118482,"BANDHAN Nifty 50 Index Fund-Direct Plan-Growth",2013-03-20,11.1658
118482,"BANDHAN Nifty 50 Index Fund-Direct Plan-Growth",2013-03-21,11.0964
118482,"BANDHAN Nifty 50 Index Fund-Direct Plan-Growth",2013-03-22,11.0866
118482,"BANDHAN Nifty 50 Index Fund-Direct Plan-Growth",2013-03-25,11.0492
118482,"BANDHAN Nifty 50 Index Fund-Direct Plan-Growth",2013-03-26,11.0647
118482,"BANDHAN Nifty 50 Index Fund-Direct Plan-Growth",2013-03-28,11.1447
118482,"BANDHAN Nifty 50 Index Fund-Direct Plan-Growth",2013-04-01,11.1845
118482,"BANDHAN Nifty 50 Index Fund-Direct Plan-Growth",2013-04-02,11.2691
118482,"BANDHAN Nifty 50 Index Fund-Direct Plan-Growth",2013-04-03,11.1233
118482,"BANDHAN Nifty 50 Index Fund-Direct Plan-Growth",2013-04-04,10.9259
118482,"BANDHAN Nifty 50 Index Fund-Direct Plan-Growth",2013-04-05,10.8835
118482,"BANDHAN Nifty 50 Index Fund-Direct Plan-Growth",2013-04-08,10.8632
118482,"BANDHAN Nifty 50 Index Fund-Direct Plan-Growth",2013-04-09,10.7698
118482,"BANDHAN Nifty 50 Index Fund-Direct Plan-Growth",2013-04-10,10.8937
118482,"BANDHAN Nifty 50 Index Fund-Direct Plan-Growth",2013-04-11,10.9628
118482,"BANDHAN Nifty 50 Index Fund-Direct Plan-Growth",2013-04-12,10.8344
118482,"BANDHAN Nifty 50 Index Fund-Direct Plan-Growth",2013-04-15,10.912
118482,"BANDHAN Nifty 50 Index Fund-Direct Plan-Growth",2013-04-16,11.1465
118482,"BANDHAN Nifty 50 Index Fund-Direct Plan-Growth",2013-04-17,11.1458
118482,"BANDHAN Nifty 50 Index Fund-Direct Plan-Growth",2013-04-18,11.3298
118482,"BANDHAN Nifty 50 Index Fund-Direct Plan-Growth",2013-04-22,11.4301
118482,"BANDHAN Nifty 50 Index Fund-Direct Plan-Growth",2013-04-23,11.4351
118482,"BANDHAN Nifty 50 Index Fund-Direct Plan-Growth",2013-04-25,11.5893
118482,"BANDHAN Nifty 50 Index Fund-Direct Plan-Growth",2013-04-26,11.5022
118482,"BANDHAN Nifty 50 Index Fund-Direct Plan-Growth",2013-04-29,11.5658
118482,"BANDHAN Nifty 50 Index Fund-Direct Plan-Growth",2013-04-30,11.6172
118482,"BANDHAN Nifty 50 Index Fund-Direct Plan-Growth",2013-05-02,11.7527
118482,"BANDHAN Nifty 50 Index Fund-Direct Plan-Growth",2013-05-03,11.6442
118482,"BANDHAN Nifty 50 Index Fund-Direct Plan-Growth",2013-05-06,11.6969
118482,"BANDHAN Nifty 50 Index Fund-Direct Plan-Growth",2013-05-07,11.8397
118482,"BANDHAN Nifty 50 Index Fund-Direct Plan-Growth",2013-05-08,11.8949
118482,"BANDHAN Nifty 50 Index Fund-Direct Plan-Growth",2013-05-09,11.8574
118482,"BANDHAN Nifty 50 Index Fund-Direct Plan-Growth",2013-05-10,11.9533
118482,"BANDHAN Nifty 50 Index Fund-Direct Plan-Growth",2013-05-13,11.7305
118482,"BANDHAN Nifty 50 Index Fund-Direct Plan-Growth",2013-05-14,11.7592
118482,"BANDHAN Nifty 50 Index Fund-Direct Plan-Growth",2013-05-15,12.0503
118482,"BANDHAN Nifty 50 Index Fund-Direct Plan-Growth",2013-05-16,12.095
118482,"BANDHAN Nifty 50 Index Fund-Direct Plan-Growth",2013-05-17,12.1286
118482,"BANDHAN Nifty 50 Index Fund-Direct Plan-Growth",2013-05-20,12.0687
118482,"BANDHAN Nifty 50 Index Fund-Direct Plan-Growth",2013-05-21,11.985
118482,"BANDHAN Nifty 50 Index Fund-Direct Plan-Growth",2013-05-22,11.9477
118482,"BANDHAN Nifty 50 Index Fund-Direct Plan-Growth",2013-05-23,11.6997
118482,"BANDHAN Nifty 50 Index Fund-Direct Plan-Growth",2013-05-24,11.7322
118482,"BANDHAN Nifty 50 Index Fund-Direct Plan-Growth",2013-05-27,11.9263
118482,"BANDHAN Nifty 50 Index Fund-Direct Plan-Growth",2013-05-28,11.9868
118482,"BANDHAN Nifty 50 Index Fund-Direct Plan-Growth",2013-05-29,11.9723
118482,"BANDHAN Nifty 50 Index Fund-Direct Plan-Growth",2013-05-30,12.0318
118482,"BANDHAN Nifty 50 Index Fund-Direct Plan-Growth",2013-05-31,11.7835
118482,"BANDHAN Nifty 50 Index Fund-Direct Plan-Growth",2013-06-03,11.6927
118482,"BANDHAN Nifty 50 Index Fund-Direct Plan-Growth",2013-06-04,11.6528
118482,"BANDHAN Nifty 50 Index Fund-Direct Plan-Growth",2013-06-05,11.6616
118482,"BANDHAN Nifty 50 Index Fund-Direct Plan-Growth",2013-06-06,11.6616
118482,"BANDHAN Nifty 50 Index Fund-Direct Plan-Growth",2013-06-07,11.5827
118482,"BANDHAN Nifty 50 Index Fund-Direct Plan-Growth",2013-06-10,11.577
118482,"BANDHAN Nifty 50 Index Fund-Direct Plan-Growth",2013-06-11,11.4014
118482,"BANDHAN Nifty 50 Index Fund-Direct Plan-Growth",2013-06-12,11.3457
118482,"BANDHAN Nifty 50 Index Fund-Direct Plan-Growth",2013-06-13,11.2377
118482,"BANDHAN Nifty 50 Index Fund-Direct Plan-Growth",2013-06-14,11.4501
118482,"BANDHAN Nifty 50 Index Fund-Direct Plan-Growth",2013-06-17,11.5324
118482,"BANDHAN Nifty 50 Index Fund-Direct Plan-Growth",2013-06-18,11.4612
118482,"BANDHAN Nifty 50 Index Fund-Direct Plan-Growth",2013-06-19,11.4781
118482,"BANDHAN Nifty 50 Index Fund-Direct Plan-Growth",2013-06-20,11.1533
118482,"BANDHAN Nifty 50 Index Fund-Direct Plan-Growth",2013-06-21,11.1768
118482,"BANDHAN Nifty 50 Index Fund-Direct Plan-Growth",2013-06-24,11.0271
118482,"BANDHAN Nifty 50 Index Fund-Direct Plan-Growth",2013-06-25,11.0637
118482,"BANDHAN Nifty 50 Index Fund-Direct Plan-Growth",2013-06-26,11.0239
118482,"BANDHAN Nifty 50 Index Fund-Direct Plan-Growth",2013-06-27,11.2072
118482,"BANDHAN Nifty 50 Index Fund-Direct Plan-Growth",2013-06-28,11.5105
118482,"BANDHAN Nifty 50 Index Fund-Direct Plan-Growth",2013-07-01,11.6213
118482,"BANDHAN Nifty 50 Index Fund-Direct Plan-Growth",2013-07-02,11.5406
118482,"BANDHAN Nifty 50 Index Fund-Direct Plan-Growth",2013-07-03,11.3705
118482,"BANDHAN Nifty 50 Index Fund-Direct Plan-Growth",2013-07-04,11.5042
118482,"BANDHAN Nifty 50 Index Fund-Direct Plan-Growth",2013-07-05,11.5683
118482,"BANDHAN Nifty 50 Index Fund-Direct Plan-Growth",2013-07-08,11.4582
118482,"BANDHAN Nifty 50 Index Fund-Direct Plan-Growth",2013-07-09,11.5502
118482,"BANDHAN Nifty 50 Index Fund-Direct Plan-Growth",2013-07-10,11.473
118482,"BANDHAN Nifty 50 Index Fund-Direct Plan-Growth",2013-07-11,11.7049
118482,"BANDHAN Nifty 50 Index Fund-Direct Plan-Growth",2013-07-12,11.8505
118482,"BANDHAN Nifty 50 Index Fund-Direct Plan-Growth",2013-07-15,11.8964
118482,"BANDHAN Nifty 50 Index Fund-Direct Plan-Growth",2013-07-16,11.7443
118482,"BANDHAN Nifty 50 Index Fund-Direct Plan-Growth",2013-07-17,11.7798
118482,"BANDHAN Nifty 50 Index Fund-Direct Plan-Growth",2013-07-18,11.9123
118482,"BANDHAN Nifty 50 Index Fund-Direct Plan-Growth",2013-07-19,11.8951
118482,"BANDHAN Nifty 50 Index Fund-Direct Plan-Growth",2013-07-22,11.8996
118482,"BANDHAN Nifty 50 Index Fund-Direct Plan-Growth",2013-07-23,11.9887
118482,"BANDHAN Nifty 50 Index Fund-Direct Plan-Growth",2013-07-24,11.8193
118482,"BANDHAN Nifty 50 Index Fund-Direct Plan-Growth",2013-07-25,11.655
118482,"BANDHAN Nifty 50 Index Fund-Direct Plan-Growth",2013-07-26,11.6147
118482,"BANDHAN Nifty 50 Index Fund-Direct Plan-Growth",2013-07-29,11.5061
118482,"BANDHAN Nifty 50 Index Fund-Direct Plan-Growth",2013-07-30,11.3588
118482,"BANDHAN Nifty 50 Index Fund-Direct Plan-Growth",2013-07-31,11.3313
118482,"BANDHAN Nifty 50 Index Fund-Direct Plan-Growth",2013-08-01,11.3084
118482,"BANDHAN Nifty 50 Index Fund-Direct Plan-Growth",2013-08-02,11.2077
118482,"BANDHAN Nifty 50 Index Fund-Direct Plan-Growth",2013-08-05,11.2233
118482,"BANDHAN Nifty 50 Index Fund-Direct Plan-Growth",2013-08-06,10.944
118482,"BANDHAN Nifty 50 Index Fund-Direct Plan-Growth",2013-08-07,10.8986
118482,"BANDHAN Nifty 50 Index Fund-Direct Plan-Growth",2013-08-08,10.9881
118482,"BANDHAN Nifty 50 Index Fund-Direct Plan-Growth",2013-08-12,11.076
118482,"BANDHAN Nifty 50 Index Fund-Direct Plan-Growth",2013-08-13,11.2528
118482,"BANDHAN Nifty 50 Index Fund-Direct Plan-Growth",2013-08-14,11.3372
118482,"BANDHAN Nifty 50 Index Fund-Direct Plan-Growth",2013-08-16,10.8776
118482,"BANDHAN Nifty 50 Index Fund-Direct Plan-Growth",2013-08-19,10.6969
118482,"BANDHAN Nifty 50 Index Fund-Direct Plan-Growth",2013-08-20,10.671
118482,"BANDHAN Nifty 50 Index Fund-Direct Plan-Growth",2013-08-21,10.4782
118482,"BANDHAN Nifty 50 Index Fund-Direct Plan-Growth",2013-08-22,10.6876
118482,"BANDHAN Nifty 50 Index Fund-Direct Plan-Growth",2013-08-23,10.8076
118482,"BANDHAN Nifty 50 Index Fund-Direct Plan-Growth",2013-08-26,10.8146
118482,"BANDHAN Nifty 50 Index Fund-Direct Plan-Growth",2013-08-27,10.4426
118482,"BANDHAN Nifty 50 Index Fund-Direct Plan-Growth",2013-08-28,10.4383
118482,"BANDHAN Nifty 50 Index Fund-Direct Plan-Growth",2013-08-29,10.6782
118482,"BANDHAN Nifty 50 Index Fund-Direct Plan-Growth",2013-08-30,10.801
118482,"BANDHAN Nifty 50 Index Fund-Direct Plan-Growth",2013-09-02,10.9574
118482,"BANDHAN Nifty 50 Index Fund-Direct Plan-Growth",2013-09-03,10.5506
118482,"BANDHAN Nifty 50 Index Fund-Direct Plan-Growth",2013-09-04,10.7604
118482,"BANDHAN Nifty 50 Index Fund-Direct Plan-Growth",2013-09-05,11.05
118482,"BANDHAN Nifty 50 Index Fund-Direct Plan-Growth",2013-09-06,11.2271
118482,"BANDHAN Nifty 50 Index Fund-Direct Plan-Growth",2013-09-10,11.6519
118482,"BANDHAN Nifty 50 Index Fund-Direct Plan-Growth",2013-09-11,11.6855
118482,"BANDHAN Nifty 50 Index Fund-Direct Plan-Growth",2013-09-12,11.5593
118482,"BANDHAN Nifty 50 Index Fund-Direct Plan-Growth",2013-09-13,11.5604
118482,"BANDHAN Nifty 50 Index Fund-Direct Plan-Growth",2013-09-16,11.5404
118482,"BANDHAN Nifty 50 Index Fund-Direct Plan-Growth",2013-09-17,11.5604
118482,"BANDHAN Nifty 50 Index Fund-Direct Plan-Growth",2013-09-18,11.6576
118482,"BANDHAN Nifty 50 Index Fund-Direct Plan-Growth",2013-09-19,12.0868
118482,"BANDHAN Nifty 50 Index Fund-Direct Plan-Growth",2013-09-20,11.8763
118482,"BANDHAN Nifty 50 Index Fund-Direct Plan-Growth",2013-09-23,11.632
118482,"BANDHAN Nifty 50 Index Fund-Direct Plan-Growth",2013-09-24,11.6372
118482,"BANDHAN Nifty 50 Index Fund-Direct Plan-Growth",2013-09-25,11.6004
118482,"BANDHAN Nifty 50 Index Fund-Direct Plan-Growth",2013-09-26,11.6168
118482,"BANDHAN Nifty 50 Index Fund-Direct Plan-Growth",2013-09-27,11.5182
118482,"BANDHAN Nifty 50 Index Fund-Direct Plan-Growth",2013-09-30,11.3409
118482,"BANDHAN Nifty 50 Index Fund-Direct Plan-Growth",2013-10-01,11.4278
118482,"BANDHAN Nifty 50 Index Fund-Direct Plan-Growth",2013-10-03,11.6831
118482,"BANDHAN Nifty 50 Index Fund-Direct Plan-Growth",2013-10-04,11.6774
118482,"BANDHAN Nifty 50 Index Fund-Direct Plan-Growth",2013-10-07,11.6747
118482,"BANDHAN Nifty 50 Index Fund-Direct Plan-Growth",2013-10-08,11.7176
118482,"BANDHAN Nifty 50 Index Fund-Direct Plan-Growth",2013-10-09,11.8744
118482,"BANDHAN Nifty 50 Index Fund-Direct Plan-Growth",2013-10-10,11.9008
118482,"BANDHAN Nifty 50 Index Fund-Direct Plan-Growth",2013-10-11,12.048
118482,"BANDHAN Nifty 50 Index Fund-Direct Plan-Growth",2013-10-14,12.0797
118482,"BANDHAN Nifty 50 Index Fund-Direct Plan-Growth",2013-10-15,12.0326
118482,"BANDHAN Nifty 50 Index Fund-Direct Plan-Growth",2013-10-17,11.9535
118482,"BANDHAN Nifty 50 Index Fund-Direct Plan-Growth",2013-10-18,12.2366
118482,"BANDHAN Nifty 50 Index Fund-Direct Plan-Growth",2013-10-21,12.2673
118482,"BANDHAN Nifty 50 Index Fund-Direct Plan-Growth",2013-10-22,12.2633
118482,"BANDHAN Nifty 50 Index Fund-Direct Plan-Growth",2013-10-23,12.2148
118482,"BANDHAN Nifty 50 Index Fund-Direct Plan-Growth",2013-10-24,12.1874
118482,"BANDHAN Nifty 50 Index Fund-Direct Plan-Growth",2013-10-25,12.151
118482,"BANDHAN Nifty 50 Index Fund-Direct Plan-Growth",2013-10-28,12.0644
118482,"BANDHAN Nifty 50 Index Fund-Direct Plan-Growth",2013-10-29,12.2998
118482,"BANDHAN Nifty 50 Index Fund-Direct Plan-Growth",2013-10-30,12.3597
118482,"BANDHAN Nifty 50 Index Fund-Direct Plan-Growth",2013-10-31,12.4552
118482,"BANDHAN Nifty 50 Index Fund-Direct Plan-Growth",2013-11-01,12.472
118482,"BANDHAN Nifty 50 Index Fund-Direct Plan-Growth",2013-11-05,12.3587
118482,"BANDHAN Nifty 50 Index Fund-Direct Plan-Growth",2013-11-06,12.2835
118482,"BANDHAN Nifty 50 Index Fund-Direct Plan-Growth",2013-11-07,12.2296
118482,"BANDHAN Nifty 50 Index Fund-Direct Plan-Growth",2013-11-08,12.1384
118482,"BANDHAN Nifty 50 Index Fund-Direct Plan-Growth",2013-11-11,12.0169
118482,"BANDHAN Nifty 50 Index Fund-Direct Plan-Growth",2013-11-12,11.8972
118482,"BANDHAN Nifty 50 Index Fund-Direct Plan-Growth",2013-11-13,11.8408
118482,"BANDHAN Nifty 50 Index Fund-Direct Plan-Growth",2013-11-14,11.9695
118482,"BANDHAN Nifty 50 Index Fund-Direct Plan-Growth",2013-11-18,12.2288
118482,"BANDHAN Nifty 50 Index Fund-Direct Plan-Growth",2013-11-19,12.2569
118482,"BANDHAN Nifty 50 Index Fund-Direct Plan-Growth",2013-11-20,12.0994
118482,"BANDHAN Nifty 50 Index Fund-Direct Plan-Growth",2013-11-21,11.8564
118482,"BANDHAN Nifty 50 Index Fund-Direct Plan-Growth",2013-11-22,11.8494
118482,"BANDHAN Nifty 50 Index Fund-Direct Plan-Growth",2013-11-25,12.0862
118482,"BANDHAN Nifty 50 Index Fund-Direct Plan-Growth",2013-11-26,11.9749
118482,"BANDHAN Nifty 50 Index Fund-Direct Plan-Growth",2013-11-27,11.9708
118482,"BANDHAN Nifty 50 Index Fund-Direct Plan-Growth",2013-11-28,12.0381
118482,"BANDHAN Nifty 50 Index Fund-Direct Plan-Growth",2013-11-29,12.2026
118482,"BANDHAN Nifty 50 Index Fund-Direct Plan-Growth",2013-12-02,12.2841
118482,"BANDHAN Nifty 50 Index Fund-Direct Plan-Growth",2013-12-03,12.253
118482,"BANDHAN Nifty 50 Index Fund-Direct Plan-Growth",2013-12-04,12.1726
118482,"BANDHAN Nifty 50 Index Fund-Direct Plan-Growth",2013-12-05,12.3276
118482,"BANDHAN Nifty 50 Index Fund-Direct Plan-Growth",2013-12-06,12.3653
118482,"BANDHAN Nifty 50 Index Fund-Direct Plan-Growth",2013-12-09,12.5635
118482,"BANDHAN Nifty 50 Index Fund-Direct Plan-Growth",2013-12-10,12.5084
118482,"BANDHAN Nifty 50 Index Fund-Direct Plan-Growth",2013-12-11,12.4583
118482,"BANDHAN Nifty 50 Index Fund-Direct Plan-Growth",2013-12-12,12.319
118482,"BANDHAN Nifty 50 Index Fund-Direct Plan-Growth",2013-12-13,12.1846
118482,"BANDHAN Nifty 50 Index Fund-Direct Plan-Growth",2013-12-16,12.1574
118482,"BANDHAN Nifty 50 Index Fund-Direct Plan-Growth",2013-12-17,12.1266
118482,"BANDHAN Nifty 50 Index Fund-Direct Plan-Growth",2013-12-18,12.2805
118482,"BANDHAN Nifty 50 Index Fund-Direct Plan-Growth",2013-12-19,12.1796
118482,"BANDHAN Nifty 50 Index Fund-Direct Plan-Growth",2013-12-20,12.3907
118482,"BANDHAN Nifty 50 Index Fund-Direct Plan-Growth",2013-12-23,12.4105
118482,"BANDHAN Nifty 50 Index Fund-Direct Plan-Growth",2013-12-24,12.3781
118482,"BANDHAN Nifty 50 Index Fund-Direct Plan-Growth",2013-12-26,12.3989
118482,"BANDHAN Nifty 50 Index Fund-Direct Plan-Growth",2013-12-27,12.4676
118482,"BANDHAN Nifty 50 Index Fund-Direct Plan-Growth",2013-12-30,12.4224
118482,"BANDHAN Nifty 50 Index Fund-Direct Plan-Growth",2013-12-31,12.4478
118482,"BANDHAN Nifty 50 Index Fund-Direct Plan-Growth",2014-01-01,12.4439
118482,"BANDHAN Nifty 50 Index Fund-Direct Plan-Growth",2014-01-02,12.282
118482,"BANDHAN Nifty 50 Index Fund-Direct Plan-Growth",2014-01-03,12.2629
118482,"BANDHAN Nifty 50 Index Fund-Direct Plan-Growth",2014-01-06,12.2243
118482,"BANDHAN Nifty 50 Index Fund-Direct Plan-Growth",2014-01-07,12.1671
118482,"BANDHAN Nifty 50 Index Fund-Direct Plan-Growth",2014-01-08,12.1904
118482,"BANDHAN Nifty 50 Index Fund-Direct Plan-Growth",2014-01-09,12.1775
118482,"BANDHAN Nifty 50 Index Fund-Direct Plan-Growth",2014-01-10,12.1829
118482,"BANDHAN Nifty 50 Index Fund-Direct Plan-Growth",2014-01-13,12.3797
118482,"BANDHAN Nifty 50 Index Fund-Direct Plan-Growth",2014-01-14,12.3194
118482,"BANDHAN Nifty 50 Index Fund-Direct Plan-Growth",2014-01-15,12.4736
118482,"BANDHAN Nifty 50 Index Fund-Direct Plan-Growth",2014-01-16,12.4698
118482,"BANDHAN Nifty 50 Index Fund-Direct Plan-Growth",2014-01-17,12.3564
118482,"BANDHAN Nifty 50 Index Fund-Direct Plan-Growth",2014-01-20,12.4423
118482,"BANDHAN Nifty 50 Index Fund-Direct Plan-Growth",2014-01-21,12.4612
118482,"BANDHAN Nifty 50 Index Fund-Direct Plan-Growth",2014-01-22,12.5125
118482,"BANDHAN Nifty 50 Index Fund-Direct Plan-Growth",2014-01-23,12.5254
118482,"BANDHAN Nifty 50 Index Fund-Direct Plan-Growth",2014-01-24,12.3706
118482,"BANDHAN Nifty 50 Index Fund-Direct Plan-Growth",2014-01-27,12.1184
118482,"BANDHAN Nifty 50 Index Fund-Direct Plan-Growth",2014-01-28,12.0992
118482,"BANDHAN Nifty 50 Index Fund-Direct Plan-Growth",2014-01-29,12.0853
118482,"BANDHAN Nifty 50 Index Fund-Direct Plan-Growth",2014-01-30,11.995
118482,"BANDHAN Nifty 50 Index Fund-Direct Plan-Growth",2014-01-31,12.0297
118482,"BANDHAN Nifty 50 Index Fund-Direct Plan-Growth",2014-02-03,11.8594
118482,"BANDHAN Nifty 50 Index Fund-Direct Plan-Growth",2014-02-04,11.8577
118482,"BANDHAN Nifty 50 Index Fund-Direct Plan-Growth",2014-02-05,11.8985
118482,"BANDHAN Nifty 50 Index Fund-Direct Plan-Growth",2014-02-06,11.9237
118482,"BANDHAN Nifty 50 Index Fund-Direct Plan-Growth",2014-02-07,11.9762
118482,"BANDHAN Nifty 50 Index Fund-Direct Plan-Growth",2014-02-10,11.9574
118482,"BANDHAN Nifty 50 Index Fund-Direct Plan-Growth",2014-02-11,11.976
118482,"BANDHAN Nifty 50 Index Fund-Direct Plan-Growth",2014-02-12,12.0187
118482,"BANDHAN Nifty 50 Index Fund-Direct Plan-Growth",2014-02-13,11.8559
118482,"BANDHAN Nifty 50 Index Fund-Direct Plan-Growth",2014-02-14,11.9498
118482,"BANDHAN Nifty 50 Index Fund-Direct Plan-Growth",2014-02-17,12.0024
118482,"BANDHAN Nifty 50 Index Fund-Direct Plan-Growth",2014-02-18,12.1098
118482,"BANDHAN Nifty 50 Index Fund-Direct Plan-Growth",2014-02-19,12.1599
118482,"BANDHAN Nifty 50 Index Fund-Direct Plan-Growth",2014-02-20,12.0398
118482,"BANDHAN Nifty 50 Index Fund-Direct Plan-Growth",2014-02-21,12.1648
118482,"BANDHAN Nifty 50 Index Fund-Direct Plan-Growth",2014-02-24,12.2246
118482,"BANDHAN Nifty 50 Index Fund-Direct Plan-Growth",2014-02-25,12.2523
118482,"BANDHAN Nifty 50 Index Fund-Direct Plan-Growth",2014-02-26,12.3276
118482,"BANDHAN Nifty 50 Index Fund-Direct Plan-Growth",2014-02-28,12.4011
118482,"BANDHAN Nifty 50 Index Fund-Direct Plan-Growth",2014-03-03,12.2927
118482,"BANDHAN Nifty 50 Index Fund-Direct Plan-Growth",2014-03-04,12.4439
118482,"BANDHAN Nifty 50 Index Fund-Direct Plan-Growth",2014-03-05,12.5018
118482,"BANDHAN Nifty 50 Index Fund-Direct Plan-Growth",2014-03-06,12.6447
118482,"BANDHAN Nifty 50 Index Fund-Direct Plan-Growth",2014-03-07,12.89
118482,"BANDHAN Nifty 50 Index Fund-Direct Plan-Growth",2014-03-10,12.9104
118482,"BANDHAN Nifty 50 Index Fund-Direct Plan-Growth",2014-03-11,12.8631
118482,"BANDHAN Nifty 50 Index Fund-Direct Plan-Growth",2014-03-12,12.8731
118482,"BANDHAN Nifty 50 Index Fund-Direct Plan-Growth",2014-03-13,12.829
118482,"BANDHAN Nifty 50 Index Fund-Direct Plan-Growth",2014-03-14,12.8539
118482,"BANDHAN Nifty 50 Index Fund-Direct Plan-Growth",2014-03-18,12.8788
118482,"BANDHAN Nifty 50 Index Fund-Direct Plan-Growth",2014-03-19,12.893
118482,"BANDHAN Nifty 50 Index Fund-Direct Plan-Growth",2014-03-20,12.812
118482,"BANDHAN Nifty 50 Index Fund-Direct Plan-Growth",2014-03-21,12.8317
118482,"BANDHAN Nifty 50 Index Fund-Direct Plan-Growth",2014-03-24,13.0094
118482,"BANDHAN Nifty 50 Index Fund-Direct Plan-Growth",2014-03-25,13.0218
118482,"BANDHAN Nifty 50 Index Fund-Direct Plan-Growth",2014-03-26,13.0443
118482,"BANDHAN Nifty 50 Index Fund-Direct Plan-Growth",2014-03-27,13.1249
118482,"BANDHAN Nifty 50 Index Fund-Direct Plan-Growth",2014-03-28,13.2309
118482,"BANDHAN Nifty 50 Index Fund-Direct Plan-Growth",2014-03-31,13.2467
118482,"BANDHAN Nifty 50 Index Fund-Direct Plan-Growth",2014-04-01,13.2797
118482,"BANDHAN Nifty 50 Index Fund-Direct Plan-Growth",2014-04-02,13.3397
118482,"BANDHAN Nifty 50 Index Fund-Direct Plan-Growth",2014-04-03,13.3062
118482,"BANDHAN Nifty 50 Index Fund-Direct Plan-Growth",2014-04-04,13.2251
118482,"BANDHAN Nifty 50 Index Fund-Direct Plan-Growth",2014-04-07,13.226
118482,"BANDHAN Nifty 50 Index Fund-Direct Plan-Growth",2014-04-09,13.421
118482,"BANDHAN Nifty 50 Index Fund-Direct Plan-Growth",2014-04-10,13.4206
118482,"BANDHAN Nifty 50 Index Fund-Direct Plan-Growth",2014-04-11,13.3834
118482,"BANDHAN Nifty 50 Index Fund-Direct Plan-Growth",2014-04-15,13.2988
118482,"BANDHAN Nifty 50 Index Fund-Direct Plan-Growth",2014-04-16,13.1857
118482,"BANDHAN Nifty 50 Index Fund-Direct Plan-Growth",2014-04-17,13.3889
118482,"BANDHAN Nifty 50 Index Fund-Direct Plan-Growth",2014-04-21,13.4637
118482,"BANDHAN Nifty 50 Index Fund-Direct Plan-Growth",2014-04-22,13.4594
118482,"BANDHAN Nifty 50 Index Fund-Direct Plan-Growth",2014-04-23,13.5088
118482,"BANDHAN Nifty 50 Index Fund-Direct Plan-Growth",2014-04-25,13.3954
118482,"BANDHAN Nifty 50 Index Fund-Direct Plan-Growth",2014-04-28,13.3547
118482,"BANDHAN Nifty 50 Index Fund-Direct Plan-Growth",2014-04-29,13.2631
118482,"BANDHAN Nifty 50 Index Fund-Direct Plan-Growth",2014-04-30,13.2247
118482,"BANDHAN Nifty 50 Index Fund-Direct Plan-Growth",2014-05-02,13.2213
118482,"BANDHAN Nifty 50 Index Fund-Direct Plan-Growth",2014-05-05,13.2304
118482,"BANDHAN Nifty 50 Index Fund-Direct Plan-Growth",2014-05-06,13.2577
118482,"BANDHAN Nifty 50 Index Fund-Direct Plan-Growth",2014-05-07,13.1351
118482,"BANDHAN Nifty 50 Index Fund-Direct Plan-Growth",2014-05-08,13.1483
118482,"BANDHAN Nifty 50 Index Fund-Direct Plan-Growth",2014-05-09,13.5395
118482,"BANDHAN Nifty 50 Index Fund-Direct Plan-Growth",2014-05-12,13.8444
118482,"BANDHAN Nifty 50 Index Fund-Direct Plan-Growth",2014-05-13,14.0291
118482,"BANDHAN Nifty 50 Index Fund-Direct Plan-Growth",2014-05-14,14.0301
118482,"BANDHAN Nifty 50 Index Fund-Direct Plan-Growth",2014-05-15,14.0572
118482,"BANDHAN Nifty 50 Index Fund-Direct Plan-Growth",2014-05-16,14.232
118482,"BANDHAN Nifty 50 Index Fund-Direct Plan-Growth",2014-05-19,14.3488
118482,"BANDHAN Nifty 50 Index Fund-Direct Plan-Growth",2014-05-20,14.3722
118482,"BANDHAN Nifty 50 Index Fund-Direct Plan-Growth",2014-05-21,14.3262
118482,"BANDHAN Nifty 50 Index Fund-Direct Plan-Growth",2014-05-22,14.373
118482,"BANDHAN Nifty 50 Index Fund-Direct Plan-Growth",2014-05-23,14.5508
118482,"BANDHAN Nifty 50 Index Fund-Direct Plan-Growth",2014-05-26,14.5351
118482,"BANDHAN Nifty 50 Index Fund-Direct Plan-Growth",2014-05-27,14.4566
118482,"BANDHAN Nifty 50 Index Fund-Direct Plan-Growth",2014-05-28,14.4798
118482,"BANDHAN Nifty 50 Index Fund-Direct Plan-Growth",2014-05-29,14.3113
118482,"BANDHAN Nifty 50 Index Fund-Direct Plan-Growth",2014-05-30,14.2987
118482,"BANDHAN Nifty 50 Index Fund-Direct Plan-Growth",2014-06-02,14.5589
118482,"BANDHAN Nifty 50 Index Fund-Direct Plan-Growth",2014-06-03,14.6823
118482,"BANDHAN Nifty 50 Index Fund-Direct Plan-Growth",2014-06-04,14.6561
118482,"BANDHAN Nifty 50 Index Fund-Direct Plan-Growth",2014-06-05,14.8153
118482,"BANDHAN Nifty 50 Index Fund-Direct Plan-Growth",2014-06-06,15.0326
118482,"BANDHAN Nifty 50 Index Fund-Direct Plan-Growth",2014-06-09,15.1731
118482,"BANDHAN Nifty 50 Index Fund-Direct Plan-Growth",2014-06-10,15.1765
118482,"BANDHAN Nifty 50 Index Fund-Direct Plan-Growth",2014-06-11,15.1213
118482,"BANDHAN Nifty 50 Index Fund-Direct Plan-Growth",2014-06-12,15.172
118482,"BANDHAN Nifty 50 Index Fund-Direct Plan-Growth",2014-06-13,14.9595
118482,"BANDHAN Nifty 50 Index Fund-Direct Plan-Growth",2014-06-16,14.9453
118482,"BANDHAN Nifty 50 Index Fund-Direct Plan-Growth",2014-06-17,15.1381
118482,"BANDHAN Nifty 50 Index Fund-Direct Plan-Growth",2014-06-18,14.9929
118482,"BANDHAN Nifty 50 Index Fund-Direct Plan-Growth",2014-06-19,14.9585
118482,"BANDHAN Nifty 50 Index Fund-Direct Plan-Growth",2014-06-20,14.8999
118482,"BANDHAN Nifty 50 Index Fund-Direct Plan-Growth",2014-06-23,14.8639
118482,"BANDHAN Nifty 50 Index Fund-Direct Plan-Growth",2014-06-24,15.0354
118482,"BANDHAN Nifty 50 Index Fund-Direct Plan-Growth",2014-06-25,15.0132
118482,"BANDHAN Nifty 50 Index Fund-Direct Plan-Growth",2014-06-26,14.8609
118482,"BANDHAN Nifty 50 Index Fund-Direct Plan-Growth",2014-06-27,14.8917
118482,"BANDHAN Nifty 50 Index Fund-Direct Plan-Growth",2014-06-30,15.0932
118482,"BANDHAN Nifty 50 Index Fund-Direct Plan-Growth",2014-07-01,15.1397
118482,"BANDHAN Nifty 50 Index Fund-Direct Plan-Growth",2014-07-02,15.3185
118482,"BANDHAN Nifty 50 Index Fund-Direct Plan-Growth",2014-07-03,15.3062
118482,"BANDHAN Nifty 50 Index Fund-Direct Plan-Growth",2014-07-04,15.3934
118482,"BANDHAN Nifty 50 Index Fund-Direct Plan-Growth",2014-07-07,15.4628
118482,"BANDHAN Nifty 50 Index Fund-Direct Plan-Growth",2014-07-08,15.1404
118482,"BANDHAN Nifty 50 Index Fund-Direct Plan-Growth",2014-07-09,15.0689
118482,"BANDHAN Nifty 50 Index Fund-Direct Plan-Growth",2014-07-10,15.0352
118482,"BANDHAN Nifty 50 Index Fund-Direct Plan-Growth",2014-07-11,14.8255
118482,"BANDHAN Nifty 50 Index Fund-Direct Plan-Growth",2014-07-14,14.8186
118482,"BANDHAN Nifty 50 Index Fund-Direct Plan-Growth",2014-07-15,14.9603
118482,"BANDHAN Nifty 50 Index Fund-Direct Plan-Growth",2014-07-16,15.1528
118482,"BANDHAN Nifty 50 Index Fund-Direct Plan-Growth",2014-07-17,15.1899
118482,"BANDHAN Nifty 50 Index Fund-Direct Plan-Growth",2014-07-18,15.2351
118482,"BANDHAN Nifty 50 Index Fund-Direct Plan-Growth",2014-07-21,15.2767
118482,"BANDHAN Nifty 50 Index Fund-Direct Plan-Growth",2014-07-22,15.4412
118482,"BANDHAN Nifty 50 Index Fund-Direct Plan-Growth",2014-07-23,15.4973
118482,"BANDHAN Nifty 50 Index Fund-Direct Plan-Growth",2014-07-24,15.5679
118482,"BANDHAN Nifty 50 Index Fund-Direct Plan-Growth",2014-07-25,15.4892
118482,"BANDHAN Nifty 50 Index Fund-Direct Plan-Growth",2014-07-28,15.42
118482,"BANDHAN Nifty 50 Index Fund-Direct Plan-Growth",2014-07-30,15.5053
118482,"BANDHAN Nifty 50 Index Fund-Direct Plan-Growth",2014-07-31,15.3662
118482,"BANDHAN Nifty 50 Index Fund-Direct Plan-Growth",2014-08-01,15.1312
118482,"BANDHAN Nifty 50 Index Fund-Direct Plan-Growth",2014-08-04,15.2924
118482,"BANDHAN Nifty 50 Index Fund-Direct Plan-Growth",2014-08-05,15.4178
118482,"BANDHAN Nifty 50 Index Fund-Direct Plan-Growth",2014-08-06,15.2706
118482,"BANDHAN Nifty 50 Index Fund-Direct Plan-Growth",2014-08-07,15.2256
118482,"BANDHAN Nifty 50 Index Fund-Direct Plan-Growth",2014-08-08,15.0687
118482,"BANDHAN Nifty 50 Index Fund-Direct Plan-Growth",2014-08-11,15.1832
118482,"BANDHAN Nifty 50 Index Fund-Direct Plan-Growth",2014-08-12,15.384
118482,"BANDHAN Nifty 50 Index Fund-Direct Plan-Growth",2014-08-13,15.4167
118482,"BANDHAN Nifty 50 Index Fund-Direct Plan-Growth",2014-08-14,15.5217
118482,"BANDHAN Nifty 50 Index Fund-Direct Plan-Growth",2014-08-18,15.6835
118482,"BANDHAN Nifty 50 Index Fund-Direct Plan-Growth",2014-08-19,15.7316
118482,"BANDHAN Nifty 50 Index Fund-Direct Plan-Growth",2014-08-20,15.6884
118482,"BANDHAN Nifty 50 Index Fund-Direct Plan-Growth",2014-08-21,15.7208
118482,"BANDHAN Nifty 50 Index Fund-Direct Plan-Growth",2014-08-22,15.7653
118482,"BANDHAN Nifty 50 Index Fund-Direct Plan-Growth",2014-08-25,15.7495
118482,"BANDHAN Nifty 50 Index Fund-Direct Plan-Growth",2014-08-26,15.746
118482,"BANDHAN Nifty 50 Index Fund-Direct Plan-Growth",2014-08-27,15.8104
118482,"BANDHAN Nifty 50 Index Fund-Direct Plan-Growth",2014-08-28,15.8462
118482,"BANDHAN Nifty 50 Index Fund-Direct Plan-Growth",2014-09-01,15.9913
118482,"BANDHAN Nifty 50 Index Fund-Direct Plan-Growth",2014-09-02,16.1012
118482,"BANDHAN Nifty 50 Index Fund-Direct Plan-Growth",2014-09-03,16.1629
118482,"BANDHAN Nifty 50 Index Fund-Direct Plan-Growth",2014-09-04,16.1283
118482,"BANDHAN Nifty 50 Index Fund-Direct Plan-Growth",2014-09-05,16.1123
118482,"BANDHAN Nifty 50 Index Fund-Direct Plan-Growth",2014-09-08,16.286
118482,"BANDHAN Nifty 50 Index Fund-Direct Plan-Growth",2014-09-09,16.2456
118482,"BANDHAN Nifty 50 Index Fund-Direct Plan-Growth",2014-09-10,16.1172
118482,"BANDHAN Nifty 50 Index Fund-Direct Plan-Growth",2014-09-11,16.1041
118482,"BANDHAN Nifty 50 Index Fund-Direct Plan-Growth",2014-09-12,16.1426
118482,"BANDHAN Nifty 50 Index Fund-Direct Plan-Growth",2014-09-15,16.0176
118482,"BANDHAN Nifty 50 Index Fund-Direct Plan-Growth",2014-09-16,15.8022
118482,"BANDHAN Nifty 50 Index Fund-Direct Plan-Growth",2014-09-17,15.8867
118482,"BANDHAN Nifty 50 Index Fund-Direct Plan-Growth",2014-09-18,16.1625
118482,"BANDHAN Nifty 50 Index Fund-Direct Plan-Growth",2014-09-19,16.175
118482,"BANDHAN Nifty 50 Index Fund-Direct Plan-Growth",2014-09-22,16.2263
118482,"BANDHAN Nifty 50 Index Fund-Direct Plan-Growth",2014-09-23,15.9742
118482,"BANDHAN Nifty 50 Index Fund-Direct Plan-Growth",2014-09-24,15.944
118482,"BANDHAN Nifty 50 Index Fund-Direct Plan-Growth",2014-09-25,15.7641
118482,"BANDHAN Nifty 50 Index Fund-Direct Plan-Growth",2014-09-26,15.8772
118482,"BANDHAN Nifty 50 Index Fund-Direct Plan-Growth",2014-09-29,15.8563
118482,"BANDHAN Nifty 50 Index Fund-Direct Plan-Growth",2014-09-30,15.8683
118482,"BANDHAN Nifty 50 Index Fund-Direct Plan-Growth",2014-10-01,15.8305
118482,"BANDHAN Nifty 50 Index Fund-Direct Plan-Growth",2014-10-07,15.647
118482,"BANDHAN Nifty 50 Index Fund-Direct Plan-Growth",2014-10-08,15.6288
118482,"BANDHAN Nifty 50 Index Fund-Direct Plan-Growth",2014-10-09,15.852
118482,"BANDHAN Nifty 50 Index Fund-Direct Plan-Growth",2014-10-10,15.6578
118482,"BANDHAN Nifty 50 Index Fund-Direct Plan-Growth",2014-10-13,15.7075
118482,"BANDHAN Nifty 50 Index Fund-Direct Plan-Growth",2014-10-14,15.6678
118482,"BANDHAN Nifty 50 Index Fund-Direct Plan-Growth",2014-10-16,15.4486
118482,"BANDHAN Nifty 50 Index Fund-Direct Plan-Growth",2014-10-17,15.5112
118482,"BANDHAN Nifty 50 Index Fund-Direct Plan-Growth",2014-10-20,15.706
118482,"BANDHAN Nifty 50 Index Fund-Direct Plan-Growth",2014-10-21,15.8015
118482,"BANDHAN Nifty 50 Index Fund-Direct Plan-Growth",2014-10-22,15.935
118482,"BANDHAN Nifty 50 Index Fund-Direct Plan-Growth",2014-10-27,15.9247
118482,"BANDHAN Nifty 50 Index Fund-Direct Plan-Growth",2014-10-28,15.9966
118482,"BANDHAN Nifty 50 Index Fund-Direct Plan-Growth",2014-10-29,16.1217
118482,"BANDHAN Nifty 50 Index Fund-Direct Plan-Growth",2014-10-30,16.2761
118482,"BANDHAN Nifty 50 Index Fund-Direct Plan-Growth",2014-10-31,16.5923
118482,"BANDHAN Nifty 50 Index Fund-Direct Plan-Growth",2014-11-03,16.5997
118482,"BANDHAN Nifty 50 Index Fund-Direct Plan-Growth",2014-11-05,16.6285
118482,"BANDHAN Nifty 50 Index Fund-Direct Plan-Growth",2014-11-07,16.6255
118482,"BANDHAN Nifty 50 Index Fund-Direct Plan-Growth",2014-11-10,16.6394
118482,"BANDHAN Nifty 50 Index Fund-Direct Plan-Growth",2014-11-11,16.6756
118482,"BANDHAN Nifty 50 Index Fund-Direct Plan-Growth",2014-11-12,16.7164
118482,"BANDHAN Nifty 50 Index Fund-Direct Plan-Growth",2014-11-13,16.6669
118482,"BANDHAN Nifty 50 Index Fund-Direct Plan-Growth",2014-11-14,16.7306
118482,"BANDHAN Nifty 50 Index Fund-Direct Plan-Growth",2014-11-17,16.8113
118482,"BANDHAN Nifty 50 Index Fund-Direct Plan-Growth",2014-11-18,16.802
118482,"BANDHAN Nifty 50 Index Fund-Direct Plan-Growth",2014-11-19,16.7153
118482,"BANDHAN Nifty 50 Index Fund-Direct Plan-Growth",2014-11-20,16.7535
118482,"BANDHAN Nifty 50 Index Fund-Direct Plan-Growth",2014-11-21,16.9024
118482,"BANDHAN Nifty 50 Index Fund-Direct Plan-Growth",2014-11-24,17.006
118482,"BANDHAN Nifty 50 Index Fund-Direct Plan-Growth",2014-11-25,16.8731
118482,"BANDHAN Nifty 50 Index Fund-Direct Plan-Growth",2014-11-26,16.8985
118482,"BANDHAN Nifty 50 Index Fund-Direct Plan-Growth",2014-11-27,16.9348
118482,"BANDHAN Nifty 50 Index Fund-Direct Plan-Growth",2014-11-28,17.1203
118482,"BANDHAN Nifty 50 Index Fund-Direct Plan-Growth",2014-12-01,17.0554
118482,"BANDHAN Nifty 50 Index Fund-Direct Plan-Growth",2014-12-02,16.9942
118482,"BANDHAN Nifty 50 Index Fund-Direct Plan-Growth",2014-12-03,17.0193
118482,"BANDHAN Nifty 50 Index Fund-Direct Plan-Growth",2014-12-04,17.0726
118482,"BANDHAN Nifty 50 Index Fund-Direct Plan-Growth",2014-12-05,17.0211
118482,"BANDHAN Nifty 50 Index Fund-Direct Plan-Growth",2014-12-08,16.823
118482,"BANDHAN Nifty 50 Index Fund-Direct Plan-Growth",2014-12-09,16.6299
118482,"BANDHAN Nifty 50 Index Fund-Direct Plan-Growth",2014-12-10,16.6595
118482,"BANDHAN Nifty 50 Index Fund-Direct Plan-Growth",2014-12-11,16.5349
118482,"BANDHAN Nifty 50 Index Fund-Direct Plan-Growth",2014-12-12,16.3991
118482,"BANDHAN Nifty 50 Index Fund-Direct Plan-Growth",2014-12-15,16.3898
118482,"BANDHAN Nifty 50 Index Fund-Direct Plan-Growth",2014-12-16,16.0952
118482,"BANDHAN Nifty 50 Index Fund-Direct Plan-Growth",2014-12-17,16.0196
118482,"BANDHAN Nifty 50 Index Fund-Direct Plan-Growth",2014-12-18,16.269
118482,"BANDHAN Nifty 50 Index Fund-Direct Plan-Growth",2014-12-19,16.3952
118482,"BANDHAN Nifty 50 Index Fund-Direct Plan-Growth",2014-12-22,16.5894
118482,"BANDHAN Nifty 50 Index Fund-Direct Plan-Growth",2014-12-23,16.4773
118482,"BANDHAN Nifty 50 Index Fund-Direct Plan-Growth",2014-12-24,16.295
118482,"BANDHAN Nifty 50 Index Fund-Direct Plan-Growth",2014-12-26,16.345
118482,"BANDHAN Nifty 50 Index Fund-Direct Plan-Growth",2014-12-29,16.4336
118482,"BANDHAN Nifty 50 Index Fund-Direct Plan-Growth",2014-12-30,16.4374
118482,"BANDHAN Nifty 50 Index Fund-Direct Plan-Growth",2014-12-31,16.5033
118482,"BANDHAN Nifty 50 Index Fund-Direct Plan-Growth",2015-01-01,16.5069
118482,"BANDHAN Nifty 50 Index Fund-Direct Plan-Growth",2015-01-02,16.7276
118482,"BANDHAN Nifty 50 Index Fund-Direct Plan-Growth",2015-01-05,16.6925
118482,"BANDHAN Nifty 50 Index Fund-Direct Plan-Growth",2015-01-06,16.1935
118482,"BANDHAN Nifty 50 Index Fund-Direct Plan-Growth",2015-01-07,16.1446
118482,"BANDHAN Nifty 50 Index Fund-Direct Plan-Growth",2015-01-08,16.3989
118482,"BANDHAN Nifty 50 Index Fund-Direct Plan-Growth",2015-01-09,16.4953
118482,"BANDHAN Nifty 50 Index Fund-Direct Plan-Growth",2015-01-12,16.5723
118482,"BANDHAN Nifty 50 Index Fund-Direct Plan-Growth",2015-01-13,16.5237
118482,"BANDHAN Nifty 50 Index Fund-Direct Plan-Growth",2015-01-14,16.4807
118482,"BANDHAN Nifty 50 Index Fund-Direct Plan-Growth",2015-01-15,16.9086
118482,"BANDHAN Nifty 50 Index Fund-Direct Plan-Growth",2015-01-16,16.9478
118482,"BANDHAN Nifty 50 Index Fund-Direct Plan-Growth",2015-01-19,17.021
118482,"BANDHAN Nifty 50 Index Fund-Direct Plan-Growth",2015-01-20,17.3094
118482,"BANDHAN Nifty 50 Index Fund-Direct Plan-Growth",2015-01-21,17.3765
118482,"BANDHAN Nifty 50 Index Fund-Direct Plan-Growth",2015-01-22,17.4456
118482,"BANDHAN Nifty 50 Index Fund-Direct Plan-Growth",2015-01-23,17.6007
118482,"BANDHAN Nifty 50 Index Fund-Direct Plan-Growth",2015-01-27,17.7508
118482,"BANDHAN Nifty 50 Index Fund-Direct Plan-Growth",2015-01-28,17.7558
118482,"BANDHAN Nifty 50 Index Fund-Direct Plan-Growth",2015-01-29,17.83
118482,"BANDHAN Nifty 50 Index Fund-Direct Plan-Growth",2015-01-30,17.5471
118482,"BANDHAN Nifty 50 Index Fund-Direct Plan-Growth",2015-02-02,17.524
118482,"BANDHAN Nifty 50 Index Fund-Direct Plan-Growth",2015-02-03,17.4436
118482,"BANDHAN Nifty 50 Index Fund-Direct Plan-Growth",2015-02-04,17.381
118482,"BANDHAN Nifty 50 Index Fund-Direct Plan-Growth",2015-02-05,17.356
118482,"BANDHAN Nifty 50 Index Fund-Direct Plan-Growth",2015-02-06,17.2567
118482,"BANDHAN Nifty 50 Index Fund-Direct Plan-Growth",2015-02-09,16.9894
118482,"BANDHAN Nifty 50 Index Fund-Direct Plan-Growth",2015-02-10,17.0681
118482,"BANDHAN Nifty 50 Index Fund-Direct Plan-Growth",2015-02-11,17.1892
118482,"BANDHAN Nifty 50 Index Fund-Direct Plan-Growth",2015-02-12,17.355
118482,"BANDHAN Nifty 50 Index Fund-Direct Plan-Growth",2015-02-13,17.5367
118482,"BANDHAN Nifty 50 Index Fund-Direct Plan-Growth",2015-02-16,17.5432
118482,"BANDHAN Nifty 50 Index Fund-Direct Plan-Growth",2015-02-18,17.6602
118482,"BANDHAN Nifty 50 Index Fund-Direct Plan-Growth",2015-02-19,17.7119
118482,"BANDHAN Nifty 50 Index Fund-Direct Plan-Growth",2015-02-20,17.5893
118482,"BANDHAN Nifty 50 Index Fund-Direct Plan-Growth",2015-02-23,17.4319
118482,"BANDHAN Nifty 50 Index Fund-Direct Plan-Growth",2015-02-24,17.4456
118482,"BANDHAN Nifty 50 Index Fund-Direct Plan-Growth",2015-02-25,17.4548
118482,"BANDHAN Nifty 50 Index Fund-Direct Plan-Growth",2015-02-26,17.2899
118482,"BANDHAN Nifty 50 Index Fund-Direct Plan-Growth",2015-02-27,17.6073
118482,"BANDHAN Nifty 50 Index Fund-Direct Plan-Growth",2015-03-02,17.8311
118482,"BANDHAN Nifty 50 Index Fund-Direct Plan-Growth",2015-03-03,17.9252
118482,"BANDHAN Nifty 50 Index Fund-Direct Plan-Growth",2015-03-04,17.7768
118482,"BANDHAN Nifty 50 Index Fund-Direct Plan-Growth",2015-03-05,17.8088
118482,"BANDHAN Nifty 50 Index Fund-Direct Plan-Growth",2015-03-09,17.4461
118482,"BANDHAN Nifty 50 Index Fund-Direct Plan-Growth",2015-03-10,17.3586
118482,"BANDHAN Nifty 50 Index Fund-Direct Plan-Growth",2015-03-11,17.3347
118482,"BANDHAN Nifty 50 Index Fund-Direct Plan-Growth",2015-03-12,17.488
118482,"BANDHAN Nifty 50 Index Fund-Direct Plan-Growth",2015-03-13,17.2348
118482,"BANDHAN Nifty 50 Index Fund-Direct Plan-Growth",2015-03-16,17.2061
118482,"BANDHAN Nifty 50 Index Fund-Direct Plan-Growth",2015-03-17,17.3829
118482,"BANDHAN Nifty 50 Index Fund-Direct Plan-Growth",2015-03-18,17.309
118482,"BANDHAN Nifty 50 Index Fund-Direct Plan-Growth",2015-03-19,17.2059
118482,"BANDHAN Nifty 50 Index Fund-Direct Plan-Growth",2015-03-20,17.0951
118482,"BANDHAN Nifty 50 Index Fund-Direct Plan-Growth",2015-03-23,17.0546
118482,"BANDHAN Nifty 50 Index Fund-Direct Plan-Growth",2015-03-24,17.0438
118482,"BANDHAN Nifty 50 Index Fund-Direct Plan-Growth",2015-03-25,17.0199
118482,"BANDHAN Nifty 50 Index Fund-Direct Plan-Growth",2015-03-26,16.6484
118482,"BANDHAN Nifty 50 Index Fund-Direct Plan-Growth",2015-03-27,16.6433
118482,"BANDHAN Nifty 50 Index Fund-Direct Plan-Growth",2015-03-30,16.9388
118482,"BANDHAN Nifty 50 Index Fund-Direct Plan-Growth",2015-03-31,16.9353
118482,"BANDHAN Nifty 50 Index Fund-Direct Plan-Growth",2015-04-01,17.1206
118482,"BANDHAN Nifty 50 Index Fund-Direct Plan-Growth",2015-04-06,17.2656
118482,"BANDHAN Nifty 50 Index Fund-Direct Plan-Growth",2015-04-07,17.2676
118482,"BANDHAN Nifty 50 Index Fund-Direct Plan-Growth",2015-04-08,17.3755
118482,"BANDHAN Nifty 50 Index Fund-Direct Plan-Growth",2015-04-09,17.5011
118482,"BANDHAN Nifty 50 Index Fund-Direct Plan-Growth",2015-04-10,17.5052
118482,"BANDHAN Nifty 50 Index Fund-Direct Plan-Growth",2015-04-13,17.6112
118482,"BANDHAN Nifty 50 Index Fund-Direct Plan-Growth",2015-04-15,17.4454
118482,"BANDHAN Nifty 50 Index Fund-Direct Plan-Growth",2015-04-16,17.3589
118482,"BANDHAN Nifty 50 Index Fund-Direct Plan-Growth",2015-04-17,17.154
118482,"BANDHAN Nifty 50 Index Fund-Direct Plan-Growth",2015-04-20,16.8347
118482,"BANDHAN Nifty 50 Index Fund-Direct Plan-Growth",2015-04-21,16.6955
118482,"BANDHAN Nifty 50 Index Fund-Direct Plan-Growth",2015-04-22,16.7974
118482,"BANDHAN Nifty 50 Index Fund-Direct Plan-Growth",2015-04-23,16.7343
118482,"BANDHAN Nifty 50 Index Fund-Direct Plan-Growth",2015-04-24,16.5528
118482,"BANDHAN Nifty 50 Index Fund-Direct Plan-Growth",2015-04-27,16.3722
118482,"BANDHAN Nifty 50 Index Fund-Direct Plan-Growth",2015-04-28,16.5128
118482,"BANDHAN Nifty 50 Index Fund-Direct Plan-Growth",2015-04-29,16.4202
118482,"BANDHAN Nifty 50 Index Fund-Direct Plan-Growth",2015-04-30,16.305
118482,"BANDHAN Nifty 50 Index Fund-Direct Plan-Growth",2015-05-04,16.6009
118482,"BANDHAN Nifty 50 Index Fund-Direct Plan-Growth",2015-05-05,16.5821
118482,"BANDHAN Nifty 50 Index Fund-Direct Plan-Growth",2015-05-06,16.1361
118482,"BANDHAN Nifty 50 Index Fund-Direct Plan-Growth",2015-05-07,16.0607
118482,"BANDHAN Nifty 50 Index Fund-Direct Plan-Growth",2015-05-08,16.3313
118482,"BANDHAN Nifty 50 Index Fund-Direct Plan-Growth",2015-05-11,16.5927
118482,"BANDHAN Nifty 50 Index Fund-Direct Plan-Growth",2015-05-12,16.2001
118482,"BANDHAN Nifty 50 Index Fund-Direct Plan-Growth",2015-05-13,16.415
118482,"BANDHAN Nifty 50 Index Fund-Direct Plan-Growth",2015-05-14,16.3926
118482,"BANDHAN Nifty 50 Index Fund-Direct Plan-Growth",2015-05-15,16.4607
118482,"BANDHAN Nifty 50 Index Fund-Direct Plan-Growth",2015-05-18,16.6811
118482,"BANDHAN Nifty 50 Index Fund-Direct Plan-Growth",2015-05-19,16.6652
118482,"BANDHAN Nifty 50 Index Fund-Direct Plan-Growth",2015-05-20,16.7796
118482,"BANDHAN Nifty 50 Index Fund-Direct Plan-Growth",2015-05-21,16.7753
118482,"BANDHAN Nifty 50 Index Fund-Direct Plan-Growth",2015-05-22,16.8469
118482,"BANDHAN Nifty 50 Index Fund-Direct Plan-Growth",2015-05-25,16.6739
118482,"BANDHAN Nifty 50 Index Fund-Direct Plan-Growth",2015-05-26,16.6123
118482,"BANDHAN Nifty 50 Index Fund-Direct Plan-Growth",2015-05-27,16.6028
118482,"BANDHAN Nifty 50 Index Fund-Direct Plan-Growth",2015-05-28,16.5768
118482,"BANDHAN Nifty 50 Index Fund-Direct Plan-Growth",2015-05-29,16.8036
118482,"BANDHAN Nifty 50 Index Fund-Direct Plan-Growth",2015-06-01,16.8035
118482,"BANDHAN Nifty 50 Index Fund-Direct Plan-Growth",2015-06-02,16.4149
118482,"BANDHAN Nifty 50 Index Fund-Direct Plan-Growth",2015-06-03,16.2346
118482,"BANDHAN Nifty 50 Index Fund-Direct Plan-Growth",2015-06-04,16.2421
118482,"BANDHAN Nifty 50 Index Fund-Direct Plan-Growth",2015-06-05,16.2165
118482,"BANDHAN Nifty 50 Index Fund-Direct Plan-Growth",2015-06-08,16.0761
118482,"BANDHAN Nifty 50 Index Fund-Direct Plan-Growth",2015-06-09,16.0336
118482,"BANDHAN Nifty 50 Index Fund-Direct Plan-Growth",2015-06-10,16.2349
118482,"BANDHAN Nifty 50 Index Fund-Direct Plan-Growth",2015-06-11,15.9186
118482,"BANDHAN Nifty 50 Index Fund-Direct Plan-Growth",2015-06-12,15.9536
118482,"BANDHAN Nifty 50 Index Fund-Direct Plan-Growth",2015-06-15,16.0311
118482,"BANDHAN Nifty 50 Index Fund-Direct Plan-Growth",2015-06-16,16.0995
118482,"BANDHAN Nifty 50 Index Fund-Direct Plan-Growth",2015-06-17,16.1856
118482,"BANDHAN Nifty 50 Index Fund-Direct Plan-Growth",2015-06-18,16.3446
118482,"BANDHAN Nifty 50 Index Fund-Direct Plan-Growth",2015-06-19,16.448
118482,"BANDHAN Nifty 50 Index Fund-Direct Plan-Growth",2015-06-22,16.7036
118482,"BANDHAN Nifty 50 Index Fund-Direct Plan-Growth",2015-06-23,16.7599
118482,"BANDHAN Nifty 50 Index Fund-Direct Plan-Growth",2015-06-24,16.7194
118482,"BANDHAN Nifty 50 Index Fund-Direct Plan-Growth",2015-06-25,16.7942
118482,"BANDHAN Nifty 50 Index Fund-Direct Plan-Growth",2015-06-26,16.7588
118482,"BANDHAN Nifty 50 Index Fund-Direct Plan-Growth",2015-06-29,16.634
118482,"BANDHAN Nifty 50 Index Fund-Direct Plan-Growth",2015-06-30,16.7327
118482,"BANDHAN Nifty 50 Index Fund-Direct Plan-Growth",2015-07-01,16.8993
118482,"BANDHAN Nifty 50 Index Fund-Direct Plan-Growth",2015-07-02,16.8909
118482,"BANDHAN Nifty 50 Index Fund-Direct Plan-Growth",2015-07-03,16.971
118482,"BANDHAN Nifty 50 Index Fund-Direct Plan-Growth",2015-07-06,17.0496
118482,"BANDHAN Nifty 50 Index Fund-Direct Plan-Growth",2015-07-07,17.0264
118482,"BANDHAN Nifty 50 Index Fund-Direct Plan-Growth",2015-07-08,16.7271
118482,"BANDHAN Nifty 50 Index Fund-Direct Plan-Growth",2015-07-09,16.668
118482,"BANDHAN Nifty 50 Index Fund-Direct Plan-Growth",2015-07-10,16.7335
118482,"BANDHAN Nifty 50 Index Fund-Direct Plan-Growth",2015-07-13,16.9304
118482,"BANDHAN Nifty 50 Index Fund-Direct Plan-Growth",2015-07-14,16.9195
118482,"BANDHAN Nifty 50 Index Fund-Direct Plan-Growth",2015-07-15,17.0699
118482,"BANDHAN Nifty 50 Index Fund-Direct Plan-Growth",2015-07-16,17.2407
118482,"BANDHAN Nifty 50 Index Fund-Direct Plan-Growth",2015-07-17,17.2439
118482,"BANDHAN Nifty 50 Index Fund-Direct Plan-Growth",2015-07-20,17.237
118482,"BANDHAN Nifty 50 Index Fund-Direct Plan-Growth",2015-07-21,17.0897
118482,"BANDHAN Nifty 50 Index Fund-Direct Plan-Growth",2015-07-22,17.2973
118482,"BANDHAN Nifty 50 Index Fund-Direct Plan-Growth",2015-07-23,17.2152
118482,"BANDHAN Nifty 50 Index Fund-Direct Plan-Growth",2015-07-24,17.0798
118482,"BANDHAN Nifty 50 Index Fund-Direct Plan-Growth",2015-07-27,16.7605
118482,"BANDHAN Nifty 50 Index Fund-Direct Plan-Growth",2015-07-28,16.7125
118482,"BANDHAN Nifty 50 Index Fund-Direct Plan-Growth",2015-07-29,16.7871
118482,"BANDHAN Nifty 50 Index Fund-Direct Plan-Growth",2015-07-30,16.8794
118482,"BANDHAN Nifty 50 Index Fund-Direct Plan-Growth",2015-07-31,17.1011
118482,"BANDHAN Nifty 50 Index Fund-Direct Plan-Growth",2015-08-03,17.1203
118482,"BANDHAN Nifty 50 Index Fund-Direct Plan-Growth",2015-08-04,17.0696
118482,"BANDHAN Nifty 50 Index Fund-Direct Plan-Growth",2015-08-05,17.1712
118482,"BANDHAN Nifty 50 Index Fund-Direct Plan-Growth",2015-08-06,17.2127
118482,"BANDHAN Nifty 50 Index Fund-Direct Plan-Growth",2015-08-07,17.1674
118482,"BANDHAN Nifty 50 Index Fund-Direct Plan-Growth",2015-08-10,17.0889
118482,"BANDHAN Nifty 50 Index Fund-Direct Plan-Growth",2015-08-11,16.9633
118482,"BANDHAN Nifty 50 Index Fund-Direct Plan-Growth",2015-08-12,16.7375
118482,"BANDHAN Nifty 50 Index Fund-Direct Plan-Growth",2015-08-13,16.7525
118482,"BANDHAN Nifty 50 Index Fund-Direct Plan-Growth",2015-08-14,17.0763
118482,"BANDHAN Nifty 50 Index Fund-Direct Plan-Growth",2015-08-17,16.9937
118482,"BANDHAN Nifty 50 Index Fund-Direct Plan-Growth",2015-08-18,16.9729
118482,"BANDHAN Nifty 50 Index Fund-Direct Plan-Growth",2015-08-19,17.0303
118482,"BANDHAN Nifty 50 Index Fund-Direct Plan-Growth",2015-08-20,16.7863
118482,"BANDHAN Nifty 50 Index Fund-Direct Plan-Growth",2015-08-21,16.6409
118482,"BANDHAN Nifty 50 Index Fund-Direct Plan-Growth",2015-08-24,15.6642
118482,"BANDHAN Nifty 50 Index Fund-Direct Plan-Growth",2015-08-25,15.8069
118482,"BANDHAN Nifty 50 Index Fund-Direct Plan-Growth",2015-08-26,15.6376
118482,"BANDHAN Nifty 50 Index Fund-Direct Plan-Growth",2015-08-27,15.9328
118482,"BANDHAN Nifty 50 Index Fund-Direct Plan-Growth",2015-08-28,16.0286
118482,"BANDHAN Nifty 50 Index Fund-Direct Plan-Growth",2015-08-31,15.9706
118482,"BANDHAN Nifty 50 Index Fund-Direct Plan-Growth",2015-09-01,15.603
118482,"BANDHAN Nifty 50 Index Fund-Direct Plan-Growth",2015-09-02,15.4728
118482,"BANDHAN Nifty 50 Index Fund-Direct Plan-Growth",2015-09-03,15.6799
118482,"BANDHAN Nifty 50 Index Fund-Direct Plan-Growth",2015-09-04,15.3454
118482,"BANDHAN Nifty 50 Index Fund-Direct Plan-Growth",2015-09-07,15.1574
118482,"BANDHAN Nifty 50 Index Fund-Direct Plan-Growth",2015-09-08,15.416
118482,"BANDHAN Nifty 50 Index Fund-Direct Plan-Growth",2015-09-09,15.6755
118482,"BANDHAN Nifty 50 Index Fund-Direct Plan-Growth",2015-09-10,15.6152
118482,"BANDHAN Nifty 50 Index Fund-Direct Plan-Growth",2015-09-11,15.6167
118482,"BANDHAN Nifty 50 Index Fund-Direct Plan-Growth",2015-09-14,15.7825
118482,"BANDHAN Nifty 50 Index Fund-Direct Plan-Growth",2015-09-15,15.6966
118482,"BANDHAN Nifty 50 Index Fund-Direct Plan-Growth",2015-09-16,15.8357
118482,"BANDHAN Nifty 50 Index Fund-Direct Plan-Growth",2015-09-18,16.0013
118482,"BANDHAN Nifty 50 Index Fund-Direct Plan-Growth",2015-09-21,15.9926
118482,"BANDHAN Nifty 50 Index Fund-Direct Plan-Growth",2015-09-22,15.6623
118482,"BANDHAN Nifty 50 Index Fund-Direct Plan-Growth",2015-09-23,15.7315
118482,"BANDHAN Nifty 50 Index Fund-Direct Plan-Growth",2015-09-24,15.7739
118482,"BANDHAN Nifty 50 Index Fund-Direct Plan-Growth",2015-09-28,15.624
118482,"BANDHAN Nifty 50 Index Fund-Direct Plan-Growth",2015-09-29,15.7189
118482,"BANDHAN Nifty 50 Index Fund-Direct Plan-Growth",2015-09-30,15.9289
118482,"BANDHAN Nifty 50 Index Fund-Direct Plan-Growth",2015-10-01,15.9326
118482,"BANDHAN Nifty 50 Index Fund-Direct Plan-Growth",2015-10-05,16.2676
118482,"BANDHAN Nifty 50 Index Fund-Direct Plan-Growth",2015-10-06,16.3343
118482,"BANDHAN Nifty 50 Index Fund-Direct Plan-Growth",2015-10-07,16.3837
118482,"BANDHAN Nifty 50 Index Fund-Direct Plan-Growth",2015-10-08,16.2887
118482,"BANDHAN Nifty 50 Index Fund-Direct Plan-Growth",2015-10-09,16.408
118482,"BANDHAN Nifty 50 Index Fund-Direct Plan-Growth",2015-10-12,16.3167
118482,"BANDHAN Nifty 50 Index Fund-Direct Plan-Growth",2015-10-13,16.2931
118482,"BANDHAN Nifty 50 Index Fund-Direct Plan-Growth",2015-10-14,16.2465
118482,"BANDHAN Nifty 50 Index Fund-Direct Plan-Growth",2015-10-15,16.3875
118482,"BANDHAN Nifty 50 Index Fund-Direct Plan-Growth",2015-10-16,16.5157
118482,"BANDHAN Nifty 50 Index Fund-Direct Plan-Growth",2015-10-19,16.5906
118482,"BANDHAN Nifty 50 Index Fund-Direct Plan-Growth",2015-10-20,16.5636
118482,"BANDHAN Nifty 50 Index Fund-Direct Plan-Growth",2015-10-21,16.5462
118482,"BANDHAN Nifty 50 Index Fund-Direct Plan-Growth",2015-10-23,16.6367
118482,"BANDHAN Nifty 50 Index Fund-Direct Plan-Growth",2015-10-26,16.5664
118482,"BANDHAN Nifty 50 Index Fund-Direct Plan-Growth",2015-10-27,16.5115
118482,"BANDHAN Nifty 50 Index Fund-Direct Plan-Growth",2015-10-28,16.3883
118482,"BANDHAN Nifty 50 Index Fund-Direct Plan-Growth",2015-10-29,16.2692
118482,"BANDHAN Nifty 50 Index Fund-Direct Plan-Growth",2015-10-30,16.1789
118482,"BANDHAN Nifty 50 Index Fund-Direct Plan-Growth",2015-11-02,16.1488
118482,"BANDHAN Nifty 50 Index Fund-Direct Plan-Growth",2015-11-03,16.1685
118482,"BANDHAN Nifty 50 Index Fund-Direct Plan-Growth",2015-11-04,16.1276
118482,"BANDHAN Nifty 50 Index Fund-Direct Plan-Growth",2015-11-05,15.9583
118482,"BANDHAN Nifty 50 Index Fund-Direct Plan-Growth",2015-11-06,15.9557
118482,"BANDHAN Nifty 50 Index Fund-Direct Plan-Growth",2015-11-09,15.8805
118482,"BANDHAN Nifty 50 Index Fund-Direct Plan-Growth",2015-11-10,15.6286
118482,"BANDHAN Nifty 50 Index Fund-Direct Plan-Growth",2015-11-13,15.5878
118482,"BANDHAN Nifty 50 Index Fund-Direct Plan-Growth",2015-11-16,15.6756
118482,"BANDHAN Nifty 50 Index Fund-Direct Plan-Growth",2015-11-17,15.736
118482,"BANDHAN Nifty 50 Index Fund-Direct Plan-Growth",2015-11-18,15.5234
118482,"BANDHAN Nifty 50 Index Fund-Direct Plan-Growth",2015-11-19,15.743
118482,"BANDHAN Nifty 50 Index Fund-Direct Plan-Growth",2015-11-20,15.7681
118482,"BANDHAN Nifty 50 Index Fund-Direct Plan-Growth",2015-11-23,15.7539
118482,"BANDHAN Nifty 50 Index Fund-Direct Plan-Growth",2015-11-24,15.7185
118482,"BANDHAN Nifty 50 Index Fund-Direct Plan-Growth",2015-11-26,15.8237
118482,"BANDHAN Nifty 50 Index Fund-Direct Plan-Growth",2015-11-27,15.9401
118482,"BANDHAN Nifty 50 Index Fund-Direct Plan-Growth",2015-11-30,15.9269
118482,"BANDHAN Nifty 50 Index Fund-Direct Plan-Growth",2015-12-01,15.965
118482,"BANDHAN Nifty 50 Index Fund-Direct Plan-Growth",2015-12-02,15.9179
118482,"BANDHAN Nifty 50 Index Fund-Direct Plan-Growth",2015-12-03,15.7834
118482,"BANDHAN Nifty 50 Index Fund-Direct Plan-Growth",2015-12-04,15.6205
118482,"BANDHAN Nifty 50 Index Fund-Direct Plan-Growth",2015-12-07,15.588
118482,"BANDHAN Nifty 50 Index Fund-Direct Plan-Growth",2015-12-08,15.4596
118482,"BANDHAN Nifty 50 Index Fund-Direct Plan-Growth",2015-12-09,15.282
118482,"BANDHAN Nifty 50 Index Fund-Direct Plan-Growth",2015-12-10,15.4228
118482,"BANDHAN Nifty 50 Index Fund-Direct Plan-Growth",2015-12-11,15.2767
118482,"BANDHAN Nifty 50 Index Fund-Direct Plan-Growth",2015-12-14,15.3558
118482,"BANDHAN Nifty 50 Index Fund-Direct Plan-Growth",2015-12-15,15.456
118482,"BANDHAN Nifty 50 Index Fund-Direct Plan-Growth",2015-12-16,15.5549
118482,"BANDHAN Nifty 50 Index Fund-Direct Plan-Growth",2015-12-17,15.7416
118482,"BANDHAN Nifty 50 Index Fund-Direct Plan-Growth",2015-12-18,15.5787
118482,"BANDHAN Nifty 50 Index Fund-Direct Plan-Growth",2015-12-21,15.7224
118482,"BANDHAN Nifty 50 Index Fund-Direct Plan-Growth",2015-12-22,15.6255
118482,"BANDHAN Nifty 50 Index Fund-Direct Plan-Growth",2015-12-23,15.7848
118482,"BANDHAN Nifty 50 Index Fund-Direct Plan-Growth",2015-12-24,15.7755
118482,"BANDHAN Nifty 50 Index Fund-Direct Plan-Growth",2015-12-28,15.9017
118482,"BANDHAN Nifty 50 Index Fund-Direct Plan-Growth",2015-12-29,15.9102
118482,"BANDHAN Nifty 50 Index Fund-Direct Plan-Growth",2015-12-30,15.8448
118482,"BANDHAN Nifty 50 Index Fund-Direct Plan-Growth",2015-12-31,15.9442
118482,"BANDHAN Nifty 50 Index Fund-Direct Plan-Growth",2016-01-01,15.9784
118482,"BANDHAN Nifty 50 Index Fund-Direct Plan-Growth",2016-01-04,15.6345
118482,"BANDHAN Nifty 50 Index Fund-Direct Plan-Growth",2016-01-05,15.6213
118482,"BANDHAN Nifty 50 Index Fund-Direct Plan-Growth",2016-01-06,15.5337
118482,"BANDHAN Nifty 50 Index Fund-Direct Plan-Growth",2016-01-07,15.1893
118482,"BANDHAN Nifty 50 Index Fund-Direct Plan-Growth",2016-01-08,15.2547
118482,"BANDHAN Nifty 50 Index Fund-Direct Plan-Growth",2016-01-11,15.181
118482,"BANDHAN Nifty 50 Index Fund-Direct Plan-Growth",2016-01-12,15.0746
118482,"BANDHAN Nifty 50 Index Fund-Direct Plan-Growth",2016-01-13,15.1745
118482,"BANDHAN Nifty 50 Index Fund-Direct Plan-Growth",2016-01-14,15.1289
118482,"BANDHAN Nifty 50 Index Fund-Direct Plan-Growth",2016-01-15,14.9322
118482,"BANDHAN Nifty 50 Index Fund-Direct Plan-Growth",2016-01-18,14.7594
118482,"BANDHAN Nifty 50 Index Fund-Direct Plan-Growth",2016-01-19,14.9265
118482,"BANDHAN Nifty 50 Index Fund-Direct Plan-Growth",2016-01-20,14.6755
118482,"BANDHAN Nifty 50 Index Fund-Direct Plan-Growth",2016-01-21,14.6127
118482,"BANDHAN Nifty 50 Index Fund-Direct Plan-Growth",2016-01-22,14.9023
118482,"BANDHAN Nifty 50 Index Fund-Direct Plan-Growth",2016-01-25,14.9304
118482,"BANDHAN Nifty 50 Index Fund-Direct Plan-Growth",2016-01-27,14.9354
118482,"BANDHAN Nifty 50 Index Fund-Direct Plan-Growth",2016-01-28,14.9103
118482,"BANDHAN Nifty 50 Index Fund-Direct Plan-Growth",2016-01-29,15.1865
118482,"BANDHAN Nifty 50 Index Fund-Direct Plan-Growth",2016-02-01,15.1714
118482,"BANDHAN Nifty 50 Index Fund-Direct Plan-Growth",2016-02-02,14.9732
118482,"BANDHAN Nifty 50 Index Fund-Direct Plan-Growth",2016-02-03,14.7879
118482,"BANDHAN Nifty 50 Index Fund-Direct Plan-Growth",2016-02-04,14.8715
118482,"BANDHAN Nifty 50 Index Fund-Direct Plan-Growth",2016-02-05,15.0438
118482,"BANDHAN Nifty 50 Index Fund-Direct Plan-Growth",2016-02-08,14.8387
118482,"BANDHAN Nifty 50 Index Fund-Direct Plan-Growth",2016-02-09,14.6621
118482,"BANDHAN Nifty 50 Index Fund-Direct Plan-Growth",2016-02-10,14.4977
118482,"BANDHAN Nifty 50 Index Fund-Direct Plan-Growth",2016-02-11,14.0216
118482,"BANDHAN Nifty 50 Index Fund-Direct Plan-Growth",2016-02-12,14.0301
118482,"BANDHAN Nifty 50 Index Fund-Direct Plan-Growth",2016-02-15,14.3883
118482,"BANDHAN Nifty 50 Index Fund-Direct Plan-Growth",2016-02-16,14.1607
118482,"BANDHAN Nifty 50 Index Fund-Direct Plan-Growth",2016-02-17,14.2812
118482,"BANDHAN Nifty 50 Index Fund-Direct Plan-Growth",2016-02-18,14.4464
118482,"BANDHAN Nifty 50 Index Fund-Direct Plan-Growth",2016-02-19,14.4844
118482,"BANDHAN Nifty 50 Index Fund-Direct Plan-Growth",2016-02-22,14.5326
118482,"BANDHAN Nifty 50 Index Fund-Direct Plan-Growth",2016-02-23,14.283
118482,"BANDHAN Nifty 50 Index Fund-Direct Plan-Growth",2016-02-24,14.1017
118482,"BANDHAN Nifty 50 Index Fund-Direct Plan-Growth",2016-02-25,14.0062
118482,"BANDHAN Nifty 50 Index Fund-Direct Plan-Growth",2016-02-26,14.1242
118482,"BANDHAN Nifty 50 Index Fund-Direct Plan-Growth",2016-02-29,14.0392
118482,"BANDHAN Nifty 50 Index Fund-Direct Plan-Growth",2016-03-01,14.5079
118482,"BANDHAN Nifty 50 Index Fund-Direct Plan-Growth",2016-03-02,14.7994
118482,"BANDHAN Nifty 50 Index Fund-Direct Plan-Growth",2016-03-03,15.0118
118482,"BANDHAN Nifty 50 Index Fund-Direct Plan-Growth",2016-03-04,15.0316
118482,"BANDHAN Nifty 50 Index Fund-Direct Plan-Growth",2016-03-08,15.031
118482,"BANDHAN Nifty 50 Index Fund-Direct Plan-Growth",2016-03-09,15.1263
118482,"BANDHAN Nifty 50 Index Fund-Direct Plan-Growth",2016-03-10,15.0346
118482,"BANDHAN Nifty 50 Index Fund-Direct Plan-Growth",2016-03-11,15.083
118482,"BANDHAN Nifty 50 Index Fund-Direct Plan-Growth",2016-03-14,15.1591
118482,"BANDHAN Nifty 50 Index Fund-Direct Plan-Growth",2016-03-15,15.0039
118482,"BANDHAN Nifty 50 Index Fund-Direct Plan-Growth",2016-03-16,15.085
118482,"BANDHAN Nifty 50 Index Fund-Direct Plan-Growth",2016-03-17,15.1197
118482,"BANDHAN Nifty 50 Index Fund-Direct Plan-Growth",2016-03-18,15.3028
118482,"BANDHAN Nifty 50 Index Fund-Direct Plan-Growth",2016-03-21,15.5067
118482,"BANDHAN Nifty 50 Index Fund-Direct Plan-Growth",2016-03-22,15.5283
118482,"BANDHAN Nifty 50 Index Fund-Direct Plan-Growth",2016-03-23,15.5316
118482,"BANDHAN Nifty 50 Index Fund-Direct Plan-Growth",2016-03-28,15.327
118482,"BANDHAN Nifty 50 Index Fund-Direct Plan-Growth",2016-03-29,15.2911
118482,"BANDHAN Nifty 50 Index Fund-Direct Plan-Growth",2016-03-30,15.5684
118482,"BANDHAN Nifty 50 Index Fund-Direct Plan-Growth",2016-03-31,15.5748
118482,"BANDHAN Nifty 50 Index Fund-Direct Plan-Growth",2016-04-01,15.5235
118482,"BANDHAN Nifty 50 Index Fund-Direct Plan-Growth",2016-04-04,15.615
118482,"BANDHAN Nifty 50 Index Fund-Direct Plan-Growth",2016-04-05,15.302
118482,"BANDHAN Nifty 50 Index Fund-Direct Plan-Growth",2016-04-06,15.3243
118482,"BANDHAN Nifty 50 Index Fund-Direct Plan-Growth",2016-04-07,15.1889
118482,"BANDHAN Nifty 50 Index Fund-Direct Plan-Growth",2016-04-08,15.2066
118482,"BANDHAN Nifty 50 Index Fund-Direct Plan-Growth",2016-04-11,15.439
118482,"BANDHAN Nifty 50 Index Fund-Direct Plan-Growth",2016-04-12,15.5135
118482,"BANDHAN Nifty 50 Index Fund-Direct Plan-Growth",2016-04-13,15.7952
118482,"BANDHAN Nifty 50 Index Fund-Direct Plan-Growth",2016-04-18,15.9228
118482,"BANDHAN Nifty 50 Index Fund-Direct Plan-Growth",2016-04-20,15.9237
118482,"BANDHAN Nifty 50 Index Fund-Direct Plan-Growth",2016-04-21,15.9174
118482,"BANDHAN Nifty 50 Index Fund-Direct Plan-Growth",2016-04-22,15.893
118482,"BANDHAN Nifty 50 Index Fund-Direct Plan-Growth",2016-04-25,15.8044
118482,"BANDHAN Nifty 50 Index Fund-Direct Plan-Growth",2016-04-26,16.02
118482,"BANDHAN Nifty 50 Index Fund-Direct Plan-Growth",2016-04-27,16.0537
118482,"BANDHAN Nifty 50 Index Fund-Direct Plan-Growth",2016-04-28,15.7884
118482,"BANDHAN Nifty 50 Index Fund-Direct Plan-Growth",2016-04-29,15.7933
118482,"BANDHAN Nifty 50 Index Fund-Direct Plan-Growth",2016-05-02,15.7061
118482,"BANDHAN Nifty 50 Index Fund-Direct Plan-Growth",2016-05-03,15.5884
118482,"BANDHAN Nifty 50 Index Fund-Direct Plan-Growth",2016-05-04,15.5067
118482,"BANDHAN Nifty 50 Index Fund-Direct Plan-Growth",2016-05-05,15.567
118482,"BANDHAN Nifty 50 Index Fund-Direct Plan-Growth",2016-05-06,15.5623
118482,"BANDHAN Nifty 50 Index Fund-Direct Plan-Growth",2016-05-09,15.828
118482,"BANDHAN Nifty 50 Index Fund-Direct Plan-Growth",2016-05-10,15.8711
118482,"BANDHAN Nifty 50 Index Fund-Direct Plan-Growth",2016-05-11,15.7925
118482,"BANDHAN Nifty 50 Index Fund-Direct Plan-Growth",2016-05-12,15.8957
118482,"BANDHAN Nifty 50 Index Fund-Direct Plan-Growth",2016-05-13,15.7255
118482,"BANDHAN Nifty 50 Index Fund-Direct Plan-Growth",2016-05-16,15.8178
118482,"BANDHAN Nifty 50 Index Fund-Direct Plan-Growth",2016-05-17,15.8771
118482,"BANDHAN Nifty 50 Index Fund-Direct Plan-Growth",2016-05-18,15.8355
118482,"BANDHAN Nifty 50 Index Fund-Direct Plan-Growth",2016-05-19,15.6617
118482,"BANDHAN Nifty 50 Index Fund-Direct Plan-Growth",2016-05-20,15.5952
118482,"BANDHAN Nifty 50 Index Fund-Direct Plan-Growth",2016-05-23,15.5578
118482,"BANDHAN Nifty 50 Index Fund-Direct Plan-Growth",2016-05-24,15.5935
118482,"BANDHAN Nifty 50 Index Fund-Direct Plan-Growth",2016-05-25,15.9671
118482,"BANDHAN Nifty 50 Index Fund-Direct Plan-Growth",2016-05-26,16.2357
118482,"BANDHAN Nifty 50 Index Fund-Direct Plan-Growth",2016-05-27,16.4111
118482,"BANDHAN Nifty 50 Index Fund-Direct Plan-Growth",2016-05-30,16.4833
118482,"BANDHAN Nifty 50 Index Fund-Direct Plan-Growth",2016-05-31,16.4475
118482,"BANDHAN Nifty 50 Index Fund-Direct Plan-Growth",2016-06-01,16.4862
118482,"BANDHAN Nifty 50 Index Fund-Direct Plan-Growth",2016-06-02,16.5655
118482,"BANDHAN Nifty 50 Index Fund-Direct Plan-Growth",2016-06-03,16.5725
118482,"BANDHAN Nifty 50 Index Fund-Direct Plan-Growth",2016-06-06,16.5431
118482,"BANDHAN Nifty 50 Index Fund-Direct Plan-Growth",2016-06-07,16.6735
118482,"BANDHAN Nifty 50 Index Fund-Direct Plan-Growth",2016-06-08,16.6868
118482,"BANDHAN Nifty 50 Index Fund-Direct Plan-Growth",2016-06-09,16.5643
118482,"BANDHAN Nifty 50 Index Fund-Direct Plan-Growth",2016-06-10,16.4965
118482,"BANDHAN Nifty 50 Index Fund-Direct Plan-Growth",2016-06-13,16.377
118482,"BANDHAN Nifty 50 Index Fund-Direct Plan-Growth",2016-06-14,16.3732
118482,"BANDHAN Nifty 50 Index Fund-Direct Plan-Growth",2016-06-15,16.5696
118482,"BANDHAN Nifty 50 Index Fund-Direct Plan-Growth",2016-06-16,16.4544
118482,"BANDHAN Nifty 50 Index Fund-Direct Plan-Growth",2016-06-17,16.5122
118482,"BANDHAN Nifty 50 Index Fund-Direct Plan-Growth",2016-06-20,16.6501
118482,"BANDHAN Nifty 50 Index Fund-Direct Plan-Growth",2016-06-21,16.6124
118482,"BANDHAN Nifty 50 Index Fund-Direct Plan-Growth",2016-06-22,16.5831
118482,"BANDHAN Nifty 50 Index Fund-Direct Plan-Growth",2016-06-23,16.7188
118482,"BANDHAN Nifty 50 Index Fund-Direct Plan-Growth",2016-06-24,16.3544
118482,"BANDHAN Nifty 50 Index Fund-Direct Plan-Growth",2016-06-27,16.3679
118482,"BANDHAN Nifty 50 Index Fund-Direct Plan-Growth",2016-06-28,16.4331
118482,"BANDHAN Nifty 50 Index Fund-Direct Plan-Growth",2016-06-29,16.5956
118482,"BANDHAN Nifty 50 Index Fund-Direct Plan-Growth",2016-06-30,16.7638
118482,"BANDHAN Nifty 50 Index Fund-Direct Plan-Growth",2016-07-01,16.8451
118482,"BANDHAN Nifty 50 Index Fund-Direct Plan-Growth",2016-07-04,16.9303
118482,"BANDHAN Nifty 50 Index Fund-Direct Plan-Growth",2016-07-05,16.8604
118482,"BANDHAN Nifty 50 Index Fund-Direct Plan-Growth",2016-07-07,16.8689
118482,"BANDHAN Nifty 50 Index Fund-Direct Plan-Growth",2016-07-08,16.8389
118482,"BANDHAN Nifty 50 Index Fund-Direct Plan-Growth",2016-07-11,17.131
118482,"BANDHAN Nifty 50 Index Fund-Direct Plan-Growth",2016-07-12,17.2372
118482,"BANDHAN Nifty 50 Index Fund-Direct Plan-Growth",2016-07-13,17.2337
118482,"BANDHAN Nifty 50 Index Fund-Direct Plan-Growth",2016-07-14,17.327
118482,"BANDHAN Nifty 50 Index Fund-Direct Plan-Growth",2016-07-15,17.2917
118482,"BANDHAN Nifty 50 Index Fund-Direct Plan-Growth",2016-07-18,17.2268
118482,"BANDHAN Nifty 50 Index Fund-Direct Plan-Growth",2016-07-19,17.2669
118482,"BANDHAN Nifty 50 Index Fund-Direct Plan-Growth",2016-07-20,17.3421
118482,"BANDHAN Nifty 50 Index Fund-Direct Plan-Growth",2016-07-21,17.2329
118482,"BANDHAN Nifty 50 Index Fund-Direct Plan-Growth",2016-07-22,17.2958
118482,"BANDHAN Nifty 50 Index Fund-Direct Plan-Growth",2016-07-25,17.4886
118482,"BANDHAN Nifty 50 Index Fund-Direct Plan-Growth",2016-07-26,17.3979
118482,"BANDHAN Nifty 50 Index Fund-Direct Plan-Growth",2016-07-27,17.4484
118482,"BANDHAN Nifty 50 Index Fund-Direct Plan-Growth",2016-07-28,17.5566
118482,"BANDHAN Nifty 50 Index Fund-Direct Plan-Growth",2016-07-29,17.5008
118482,"BANDHAN Nifty 50 Index Fund-Direct Plan-Growth",2016-08-01,17.4967
118482,"BANDHAN Nifty 50 Index Fund-Direct Plan-Growth",2016-08-02,17.4701
118482,"BANDHAN Nifty 50 Index Fund-Direct Plan-Growth",2016-08-03,17.3118
118482,"BANDHAN Nifty 50 Index Fund-Direct Plan-Growth",2016-08-04,17.3248
118482,"BANDHAN Nifty 50 Index Fund-Direct Plan-Growth",2016-08-05,17.5907
118482,"BANDHAN Nifty 50 Index Fund-Direct Plan-Growth",2016-08-08,17.6477
118482,"BANDHAN Nifty 50 Index Fund-Direct Plan-Growth",2016-08-09,17.5817
118482,"BANDHAN Nifty 50 Index Fund-Direct Plan-Growth",2016-08-10,17.376
118482,"BANDHAN Nifty 50 Index Fund-Direct Plan-Growth",2016-08-11,17.4108
118482,"BANDHAN Nifty 50 Index Fund-Direct Plan-Growth",2016-08-12,17.5711
118482,"BANDHAN Nifty 50 Index Fund-Direct Plan-Growth",2016-08-16,17.5119
118482,"BANDHAN Nifty 50 Index Fund-Direct Plan-Growth",2016-08-17,17.4742
118482,"BANDHAN Nifty 50 Index Fund-Direct Plan-Growth",2016-08-18,17.5814
118482,"BANDHAN Nifty 50 Index Fund-Direct Plan-Growth",2016-08-19,17.5686
118482,"BANDHAN Nifty 50 Index Fund-Direct Plan-Growth",2016-08-22,17.4923
118482,"BANDHAN Nifty 50 Index Fund-Direct Plan-Growth",2016-08-23,17.4993
118482,"BANDHAN Nifty 50 Index Fund-Direct Plan-Growth",2016-08-24,17.5342
118482,"BANDHAN Nifty 50 Index Fund-Direct Plan-Growth",2016-08-25,17.4169
118482,"BANDHAN Nifty 50 Index Fund-Direct Plan-Growth",2016-08-26,17.3771
118482,"BANDHAN Nifty 50 Index Fund-Direct Plan-Growth",2016-08-29,17.4472
118482,"BANDHAN Nifty 50 Index Fund-Direct Plan-Growth",2016-08-30,17.7239
118482,"BANDHAN Nifty 50 Index Fund-Direct Plan-Growth",2016-08-31,17.8133
118482,"BANDHAN Nifty 50 Index Fund-Direct Plan-Growth",2016-09-01,17.7896
118482,"BANDHAN Nifty 50 Index Fund-Direct Plan-Growth",2016-09-02,17.86
118482,"BANDHAN Nifty 50 Index Fund-Direct Plan-Growth",2016-09-06,18.1295
118482,"BANDHAN Nifty 50 Index Fund-Direct Plan-Growth",2016-09-07,18.0825
118482,"BANDHAN Nifty 50 Index Fund-Direct Plan-Growth",2016-09-08,18.1563
118482,"BANDHAN Nifty 50 Index Fund-Direct Plan-Growth",2016-09-09,17.9559
118482,"BANDHAN Nifty 50 Index Fund-Direct Plan-Growth",2016-09-12,17.6452
118482,"BANDHAN Nifty 50 Index Fund-Direct Plan-Growth",2016-09-14,17.6683
118482,"BANDHAN Nifty 50 Index Fund-Direct Plan-Growth",2016-09-15,17.7021
118482,"BANDHAN Nifty 50 Index Fund-Direct Plan-Growth",2016-09-16,17.7764
118482,"BANDHAN Nifty 50 Index Fund-Direct Plan-Growth",2016-09-19,17.8339
118482,"BANDHAN Nifty 50 Index Fund-Direct Plan-Growth",2016-09-20,17.7688
118482,"BANDHAN Nifty 50 Index Fund-Direct Plan-Growth",2016-09-21,17.7709
118482,"BANDHAN Nifty 50 Index Fund-Direct Plan-Growth",2016-09-22,17.9529
118482,"BANDHAN Nifty 50 Index Fund-Direct Plan-Growth",2016-09-23,17.8799
118482,"BANDHAN Nifty 50 Index Fund-Direct Plan-Growth",2016-09-26,17.6605
118482,"BANDHAN Nifty 50 Index Fund-Direct Plan-Growth",2016-09-27,17.6268
118482,"BANDHAN Nifty 50 Index Fund-Direct Plan-Growth",2016-09-28,17.7044
118482,"BANDHAN Nifty 50 Index Fund-Direct Plan-Growth",2016-09-29,17.3941
118482,"BANDHAN Nifty 50 Index Fund-Direct Plan-Growth",2016-09-30,17.433
118482,"BANDHAN Nifty 50 Index Fund-Direct Plan-Growth",2016-10-03,17.6888
118482,"BANDHAN Nifty 50 Index Fund-Direct Plan-Growth",2016-10-04,17.7504
118482,"BANDHAN Nifty 50 Index Fund-Direct Plan-Growth",2016-10-05,17.6997
118482,"BANDHAN Nifty 50 Index Fund-Direct Plan-Growth",2016-10-06,17.6306
118482,"BANDHAN Nifty 50 Index Fund-Direct Plan-Growth",2016-10-07,17.6062
118482,"BANDHAN Nifty 50 Index Fund-Direct Plan-Growth",2016-10-10,17.6286
118482,"BANDHAN Nifty 50 Index Fund-Direct Plan-Growth",2016-10-13,17.3566
118482,"BANDHAN Nifty 50 Index Fund-Direct Plan-Growth",2016-10-14,17.3767
118482,"BANDHAN Nifty 50 Index Fund-Direct Plan-Growth",2016-10-17,17.2498
118482,"BANDHAN Nifty 50 Index Fund-Direct Plan-Growth",2016-10-18,17.5666
118482,"BANDHAN Nifty 50 Index Fund-Direct Plan-Growth",2016-10-19,17.5291
118482,"BANDHAN Nifty 50 Index Fund-Direct Plan-Growth",2016-10-20,17.6084
118482,"BANDHAN Nifty 50 Index Fund-Direct Plan-Growth",2016-10-21,17.6085
118482,"BANDHAN Nifty 50 Index Fund-Direct Plan-Growth",2016-10-24,17.6423
118482,"BANDHAN Nifty 50 Index Fund-Direct Plan-Growth",2016-10-25,17.6065
118482,"BANDHAN Nifty 50 Index Fund-Direct Plan-Growth",2016-10-26,17.4539
118482,"BANDHAN Nifty 50 Index Fund-Direct Plan-Growth",2016-10-27,17.4559
118482,"BANDHAN Nifty 50 Index Fund-Direct Plan-Growth",2016-10-28,17.5012
118482,"BANDHAN Nifty 50 Index Fund-Direct Plan-Growth",2016-11-01,17.4807
118482,"BANDHAN Nifty 50 Index Fund-Direct Plan-Growth",2016-11-02,17.2548
118482,"BANDHAN Nifty 50 Index Fund-Direct Plan-Growth",2016-11-03,17.2009
118482,"BANDHAN Nifty 50 Index Fund-Direct Plan-Growth",2016-11-04,17.0983
118482,"BANDHAN Nifty 50 Index Fund-Direct Plan-Growth",2016-11-07,17.2235
118482,"BANDHAN Nifty 50 Index Fund-Direct Plan-Growth",2016-11-08,17.3169
118482,"BANDHAN Nifty 50 Index Fund-Direct Plan-Growth",2016-11-09,17.0924
118482,"BANDHAN Nifty 50 Index Fund-Direct Plan-Growth",2016-11-10,17.2803
118482,"BANDHAN Nifty 50 Index Fund-Direct Plan-Growth",2016-11-11,16.8205
118482,"BANDHAN Nifty 50 Index Fund-Direct Plan-Growth",2016-11-15,16.445
118482,"BANDHAN Nifty 50 Index Fund-Direct Plan-Growth",2016-11-16,16.4501
118482,"BANDHAN Nifty 50 Index Fund-Direct Plan-Growth",2016-11-17,16.3861
118482,"BANDHAN Nifty 50 Index Fund-Direct Plan-Growth",2016-11-18,16.3738
118482,"BANDHAN Nifty 50 Index Fund-Direct Plan-Growth",2016-11-21,16.082
118482,"BANDHAN Nifty 50 Index Fund-Direct Plan-Growth",2016-11-22,16.2284
118482,"BANDHAN Nifty 50 Index Fund-Direct Plan-Growth",2016-11-23,16.29
118482,"BANDHAN Nifty 50 Index Fund-Direct Plan-Growth",2016-11-24,16.1536
118482,"BANDHAN Nifty 50 Index Fund-Direct Plan-Growth",2016-11-25,16.4459
118482,"BANDHAN Nifty 50 Index Fund-Direct Plan-Growth",2016-11-28,16.4726
118482,"BANDHAN Nifty 50 Index Fund-Direct Plan-Growth",2016-11-29,16.5038
118482,"BANDHAN Nifty 50 Index Fund-Direct Plan-Growth",2016-11-30,16.6693
118482,"BANDHAN Nifty 50 Index Fund-Direct Plan-Growth",2016-12-01,16.6057
118482,"BANDHAN Nifty 50 Index Fund-Direct Plan-Growth",2016-12-02,16.3931
118482,"BANDHAN Nifty 50 Index Fund-Direct Plan-Growth",2016-12-05,16.4772
118482,"BANDHAN Nifty 50 Index Fund-Direct Plan-Growth",2016-12-06,16.5063
118482,"BANDHAN Nifty 50 Index Fund-Direct Plan-Growth",2016-12-07,16.4236
118482,"BANDHAN Nifty 50 Index Fund-Direct Plan-Growth",2016-12-08,16.715
118482,"BANDHAN Nifty 50 Index Fund-Direct Plan-Growth",2016-12-09,16.7439
118482,"BANDHAN Nifty 50 Index Fund-Direct Plan-Growth",2016-12-12,16.5665
118482,"BANDHAN Nifty 50 Index Fund-Direct Plan-Growth",2016-12-13,16.668
118482,"BANDHAN Nifty 50 Index Fund-Direct Plan-Growth",2016-12-14,16.5886
118482,"BANDHAN Nifty 50 Index Fund-Direct Plan-Growth",2016-12-15,16.5306
118482,"BANDHAN Nifty 50 Index Fund-Direct Plan-Growth",2016-12-16,16.5022
118482,"BANDHAN Nifty 50 Index Fund-Direct Plan-Growth",2016-12-19,16.4315
118482,"BANDHAN Nifty 50 Index Fund-Direct Plan-Growth",2016-12-20,16.3872
118482,"BANDHAN Nifty 50 Index Fund-Direct Plan-Growth",2016-12-21,16.3446
118482,"BANDHAN Nifty 50 Index Fund-Direct Plan-Growth",2016-12-22,16.1792
118482,"BANDHAN Nifty 50 Index Fund-Direct Plan-Growth",2016-12-23,16.1924
118482,"BANDHAN Nifty 50 Index Fund-Direct Plan-Growth",2016-12-26,16.0364
118482,"BANDHAN Nifty 50 Index Fund-Direct Plan-Growth",2016-12-27,16.2854
118482,"BANDHAN Nifty 50 Index Fund-Direct Plan-Growth",2016-12-28,16.2893
118482,"BANDHAN Nifty 50 Index Fund-Direct Plan-Growth",2016-12-29,16.4249
118482,"BANDHAN Nifty 50 Index Fund-Direct Plan-Growth",2016-12-30,16.587
118482,"BANDHAN Nifty 50 Index Fund-Direct Plan-Growth",2017-01-02,16.5755
118482,"BANDHAN Nifty 50 Index Fund-Direct Plan-Growth",2017-01-03,16.6008
118482,"BANDHAN Nifty 50 Index Fund-Direct Plan-Growth",2017-01-04,16.5979
118482,"BANDHAN Nifty 50 Index Fund-Direct Plan-Growth",2017-01-05,16.7666
118482,"BANDHAN Nifty 50 Index Fund-Direct Plan-Growth",2017-01-06,16.7057
118482,"BANDHAN Nifty 50 Index Fund-Direct Plan-Growth",2017-01-09,16.6892
118482,"BANDHAN Nifty 50 Index Fund-Direct Plan-Growth",2017-01-10,16.7953
118482,"BANDHAN Nifty 50 Index Fund-Direct Plan-Growth",2017-01-11,16.9798
118482,"BANDHAN Nifty 50 Index Fund-Direct Plan-Growth",2017-01-12,17.0329
118482,"BANDHAN Nifty 50 Index Fund-Direct Plan-Growth",2017-01-13,17.0188
118482,"BANDHAN Nifty 50 Index Fund-Direct Plan-Growth",2017-01-16,17.0436
118482,"BANDHAN Nifty 50 Index Fund-Direct Plan-Growth",2017-01-17,17.0136
118482,"BANDHAN Nifty 50 Index Fund-Direct Plan-Growth",2017-01-18,17.0519
118482,"BANDHAN Nifty 50 Index Fund-Direct Plan-Growth",2017-01-19,17.0885
118482,"BANDHAN Nifty 50 Index Fund-Direct Plan-Growth",2017-01-20,16.916
118482,"BANDHAN Nifty 50 Index Fund-Direct Plan-Growth",2017-01-23,17.0028
118482,"BANDHAN Nifty 50 Index Fund-Direct Plan-Growth",2017-01-24,17.1723
118482,"BANDHAN Nifty 50 Index Fund-Direct Plan-Growth",2017-01-25,17.4275
118482,"BANDHAN Nifty 50 Index Fund-Direct Plan-Growth",2017-01-27,17.5049
118482,"BANDHAN Nifty 50 Index Fund-Direct Plan-Growth",2017-01-30,17.4873
118482,"BANDHAN Nifty 50 Index Fund-Direct Plan-Growth",2017-01-31,17.3394
118482,"BANDHAN Nifty 50 Index Fund-Direct Plan-Growth",2017-02-01,17.6547
118482,"BANDHAN Nifty 50 Index Fund-Direct Plan-Growth",2017-02-02,17.6933
118482,"BANDHAN Nifty 50 Index Fund-Direct Plan-Growth",2017-02-03,17.7066
118482,"BANDHAN Nifty 50 Index Fund-Direct Plan-Growth",2017-02-06,17.828
118482,"BANDHAN Nifty 50 Index Fund-Direct Plan-Growth",2017-02-07,17.7652
118482,"BANDHAN Nifty 50 Index Fund-Direct Plan-Growth",2017-02-08,17.7666
118482,"BANDHAN Nifty 50 Index Fund-Direct Plan-Growth",2017-02-09,17.7854
118482,"BANDHAN Nifty 50 Index Fund-Direct Plan-Growth",2017-02-10,17.8159
118482,"BANDHAN Nifty 50 Index Fund-Direct Plan-Growth",2017-02-13,17.839
118482,"BANDHAN Nifty 50 Index Fund-Direct Plan-Growth",2017-02-14,17.8137
118482,"BANDHAN Nifty 50 Index Fund-Direct Plan-Growth",2017-02-15,17.6815
118482,"BANDHAN Nifty 50 Index Fund-Direct Plan-Growth",2017-02-16,17.7897
118482,"BANDHAN Nifty 50 Index Fund-Direct Plan-Growth",2017-02-17,17.8769
118482,"BANDHAN Nifty 50 Index Fund-Direct Plan-Growth",2017-02-20,17.9922
118482,"BANDHAN Nifty 50 Index Fund-Direct Plan-Growth",2017-02-21,18.0498
118482,"BANDHAN Nifty 50 Index Fund-Direct Plan-Growth",2017-02-22,18.0869
118482,"BANDHAN Nifty 50 Index Fund-Direct Plan-Growth",2017-02-23,18.1122
118482,"BANDHAN Nifty 50 Index Fund-Direct Plan-Growth",2017-02-27,18.0248
118482,"BANDHAN Nifty 50 Index Fund-Direct Plan-Growth",2017-02-28,17.9961
118482,"BANDHAN Nifty 50 Index Fund-Direct Plan-Growth",2017-03-01,18.1297
118482,"BANDHAN Nifty 50 Index Fund-Direct Plan-Growth",2017-03-02,18.0367
118482,"BANDHAN Nifty 50 Index Fund-Direct Plan-Growth",2017-03-03,18.0323
118482,"BANDHAN Nifty 50 Index Fund-Direct Plan-Growth",2017-03-06,18.1654
118482,"BANDHAN Nifty 50 Index Fund-Direct Plan-Growth",2017-03-07,18.1319
118482,"BANDHAN Nifty 50 Index Fund-Direct Plan-Growth",2017-03-08,18.0857
118482,"BANDHAN Nifty 50 Index Fund-Direct Plan-Growth",2017-03-09,18.0937
118482,"BANDHAN Nifty 50 Index Fund-Direct Plan-Growth",2017-03-10,18.1088
118482,"BANDHAN Nifty 50 Index Fund-Direct Plan-Growth",2017-03-14,18.4291
118482,"BANDHAN Nifty 50 Index Fund-Direct Plan-Growth",2017-03-15,18.4248
118482,"BANDHAN Nifty 50 Index Fund-Direct Plan-Growth",2017-03-16,18.5688
118482,"BANDHAN Nifty 50 Index Fund-Direct Plan-Growth",2017-03-17,18.5812
118482,"BANDHAN Nifty 50 Index Fund-Direct Plan-Growth",2017-03-20,18.5142
118482,"BANDHAN Nifty 50 Index Fund-Direct Plan-Growth",2017-03-21,18.5032
118482,"BANDHAN Nifty 50 Index Fund-Direct Plan-Growth",2017-03-22,18.319
118482,"BANDHAN Nifty 50 Index Fund-Direct Plan-Growth",2017-03-23,18.4319
118482,"BANDHAN Nifty 50 Index Fund-Direct Plan-Growth",2017-03-24,18.4789
118482,"BANDHAN Nifty 50 Index Fund-Direct Plan-Growth",2017-03-27,18.3527
118482,"BANDHAN Nifty 50 Index Fund-Direct Plan-Growth",2017-03-28,18.4648
118482,"BANDHAN Nifty 50 Index Fund-Direct Plan-Growth",2017-03-29,18.5516
118482,"BANDHAN Nifty 50 Index Fund-Direct Plan-Growth",2017-03-30,18.6115
118482,"BANDHAN Nifty 50 Index Fund-Direct Plan-Growth",2017-03-31,18.6077
118482,"BANDHAN Nifty 50 Index Fund-Direct Plan-Growth",2017-04-03,18.7366
118482,"BANDHAN Nifty 50 Index Fund-Direct Plan-Growth",2017-04-05,18.7912
118482,"BANDHAN Nifty 50 Index Fund-Direct Plan-Growth",2017-04-06,18.7846
118482,"BANDHAN Nifty 50 Index Fund-Direct Plan-Growth",2017-04-07,18.6568
118482,"BANDHAN Nifty 50 Index Fund-Direct Plan-Growth",2017-04-10,18.6229
118482,"BANDHAN Nifty 50 Index Fund-Direct Plan-Growth",2017-04-11,18.7341
118482,"BANDHAN Nifty 50 Index Fund-Direct Plan-Growth",2017-04-12,18.6672
118482,"BANDHAN Nifty 50 Index Fund-Direct Plan-Growth",2017-04-13,18.561
118482,"BANDHAN Nifty 50 Index Fund-Direct Plan-Growth",2017-04-17,18.5375
118482,"BANDHAN Nifty 50 Index Fund-Direct Plan-Growth",2017-04-18,18.4682
118482,"BANDHAN Nifty 50 Index Fund-Direct Plan-Growth",2017-04-19,18.4652
118482,"BANDHAN Nifty 50 Index Fund-Direct Plan-Growth",2017-04-20,18.5314
118482,"BANDHAN Nifty 50 Index Fund-Direct Plan-Growth",2017-04-21,18.4965
118482,"BANDHAN Nifty 50 Index Fund-Direct Plan-Growth",2017-04-24,18.6953
118482,"BANDHAN Nifty 50 Index Fund-Direct Plan-Growth",2017-04-25,18.8732
118482,"BANDHAN Nifty 50 Index Fund-Direct Plan-Growth",2017-04-26,18.9633
118482,"BANDHAN Nifty 50 Index Fund-Direct Plan-Growth",2017-04-27,18.9429
118482,"BANDHAN Nifty 50 Index Fund-Direct Plan-Growth",2017-04-28,18.8662
118482,"BANDHAN Nifty 50 Index Fund-Direct Plan-Growth",2017-05-02,18.8855
118482,"BANDHAN Nifty 50 Index Fund-Direct Plan-Growth",2017-05-03,18.8821
118482,"BANDHAN Nifty 50 Index Fund-Direct Plan-Growth",2017-05-04,18.9805
118482,"BANDHAN Nifty 50 Index Fund-Direct Plan-Growth",2017-05-05,18.8315
118482,"BANDHAN Nifty 50 Index Fund-Direct Plan-Growth",2017-05-08,18.8892
118482,"BANDHAN Nifty 50 Index Fund-Direct Plan-Growth",2017-05-09,18.8948
118482,"BANDHAN Nifty 50 Index Fund-Direct Plan-Growth",2017-05-10,19.0757
118482,"BANDHAN Nifty 50 Index Fund-Direct Plan-Growth",2017-05-11,19.1058
118482,"BANDHAN Nifty 50 Index Fund-Direct Plan-Growth",2017-05-12,19.064
118482,"BANDHAN Nifty 50 Index Fund-Direct Plan-Growth",2017-05-15,19.1534
118482,"BANDHAN Nifty 50 Index Fund-Direct Plan-Growth",2017-05-16,19.2869
118482,"BANDHAN Nifty 50 Index Fund-Direct Plan-Growth",2017-05-17,19.3139
118482,"BANDHAN Nifty 50 Index Fund-Direct Plan-Growth",2017-05-18,19.1215
118482,"BANDHAN Nifty 50 Index Fund-Direct Plan-Growth",2017-05-19,19.1184
118482,"BANDHAN Nifty 50 Index Fund-Direct Plan-Growth",2017-05-22,19.139
118482,"BANDHAN Nifty 50 Index Fund-Direct Plan-Growth",2017-05-23,19.0348
118482,"BANDHAN Nifty 50 Index Fund-Direct Plan-Growth",2017-05-24,18.9854
118482,"BANDHAN Nifty 50 Index Fund-Direct Plan-Growth",2017-05-25,19.2832
118482,"BANDHAN Nifty 50 Index Fund-Direct Plan-Growth",2017-05-26,19.4493
118482,"BANDHAN Nifty 50 Index Fund-Direct Plan-Growth",2017-05-29,19.4699
118482,"BANDHAN Nifty 50 Index Fund-Direct Plan-Growth",2017-05-30,19.5093
118482,"BANDHAN Nifty 50 Index Fund-Direct Plan-Growth",2017-05-31,19.5029
118482,"BANDHAN Nifty 50 Index Fund-Direct Plan-Growth",2017-06-01,19.5084
118482,"BANDHAN Nifty 50 Index Fund-Direct Plan-Growth",2017-06-02,19.5834
118482,"BANDHAN Nifty 50 Index Fund-Direct Plan-Growth",2017-06-05,19.649
118482,"BANDHAN Nifty 50 Index Fund-Direct Plan-Growth",2017-06-06,19.5726
118482,"BANDHAN Nifty 50 Index Fund-Direct Plan-Growth",2017-06-07,19.6264
118482,"BANDHAN Nifty 50 Index Fund-Direct Plan-Growth",2017-06-08,19.5937
118482,"BANDHAN Nifty 50 Index Fund-Direct Plan-Growth",2017-06-09,19.6359
118482,"BANDHAN Nifty 50 Index Fund-Direct Plan-Growth",2017-06-12,19.5303
118482,"BANDHAN Nifty 50 Index Fund-Direct Plan-Growth",2017-06-13,19.5189
118482,"BANDHAN Nifty 50 Index Fund-Direct Plan-Growth",2017-06-14,19.542
118482,"BANDHAN Nifty 50 Index Fund-Direct Plan-Growth",2017-06-15,19.4629
118482,"BANDHAN Nifty 50 Index Fund-Direct Plan-Growth",2017-06-16,19.4825
118482,"BANDHAN Nifty 50 Index Fund-Direct Plan-Growth",2017-06-19,19.6226
118482,"BANDHAN Nifty 50 Index Fund-Direct Plan-Growth",2017-06-20,19.622
118482,"BANDHAN Nifty 50 Index Fund-Direct Plan-Growth",2017-06-21,19.5818
118482,"BANDHAN Nifty 50 Index Fund-Direct Plan-Growth",2017-06-22,19.5783
118482,"BANDHAN Nifty 50 Index Fund-Direct Plan-Growth",2017-06-23,19.469
118482,"BANDHAN Nifty 50 Index Fund-Direct Plan-Growth",2017-06-27,19.3424
118482,"BANDHAN Nifty 50 Index Fund-Direct Plan-Growth",2017-06-28,19.3027
118482,"BANDHAN Nifty 50 Index Fund-Direct Plan-Growth",2017-06-29,19.3411
118482,"BANDHAN Nifty 50 Index Fund-Direct Plan-Growth",2017-06-30,19.3766
118482,"BANDHAN Nifty 50 Index Fund-Direct Plan-Growth",2017-07-03,19.5681
118482,"BANDHAN Nifty 50 Index Fund-Direct Plan-Growth",2017-07-04,19.5648
118482,"BANDHAN Nifty 50 Index Fund-Direct Plan-Growth",2017-07-05,19.6146
118482,"BANDHAN Nifty 50 Index Fund-Direct Plan-Growth",2017-07-06,19.6977
118482,"BANDHAN Nifty 50 Index Fund-Direct Plan-Growth",2017-07-07,19.6799
118482,"BANDHAN Nifty 50 Index Fund-Direct Plan-Growth",2017-07-10,19.8943
118482,"BANDHAN Nifty 50 Index Fund-Direct Plan-Growth",2017-07-11,19.9245
118482,"BANDHAN Nifty 50 Index Fund-Direct Plan-Growth",2017-07-12,19.9859
118482,"BANDHAN Nifty 50 Index Fund-Direct Plan-Growth",2017-07-13,20.1523
118482,"BANDHAN Nifty 50 Index Fund-Direct Plan-Growth",2017-07-14,20.1545
118482,"BANDHAN Nifty 50 Index Fund-Direct Plan-Growth",2017-07-17,20.2155
118482,"BANDHAN Nifty 50 Index Fund-Direct Plan-Growth",2017-07-18,20.038
118482,"BANDHAN Nifty 50 Index Fund-Direct Plan-Growth",2017-07-19,20.1841
118482,"BANDHAN Nifty 50 Index Fund-Direct Plan-Growth",2017-07-20,20.1358
118482,"BANDHAN Nifty 50 Index Fund-Direct Plan-Growth",2017-07-21,20.2197
118482,"BANDHAN Nifty 50 Index Fund-Direct Plan-Growth",2017-07-24,20.3255
118482,"BANDHAN Nifty 50 Index Fund-Direct Plan-Growth",2017-07-25,20.3225
118482,"BANDHAN Nifty 50 Index Fund-Direct Plan-Growth",2017-07-26,20.4375
118482,"BANDHAN Nifty 50 Index Fund-Direct Plan-Growth",2017-07-27,20.4403
118482,"BANDHAN Nifty 50 Index Fund-Direct Plan-Growth",2017-07-28,20.4275
118482,"BANDHAN Nifty 50 Index Fund-Direct Plan-Growth",2017-07-31,20.5559
118482,"BANDHAN Nifty 50 Index Fund-Direct Plan-Growth",2017-08-01,20.6334
118482,"BANDHAN Nifty 50 Index Fund-Direct Plan-Growth",2017-08-02,20.5673
118482,"BANDHAN Nifty 50 Index Fund-Direct Plan-Growth",2017-08-03,20.4289
118482,"BANDHAN Nifty 50 Index Fund-Direct Plan-Growth",2017-08-04,20.5374
118482,"BANDHAN Nifty 50 Index Fund-Direct Plan-Growth",2017-08-07,20.5184
118482,"BANDHAN Nifty 50 Index Fund-Direct Plan-Growth",2017-08-08,20.3559
118482,"BANDHAN Nifty 50 Index Fund-Direct Plan-Growth",2017-08-09,20.2109
118482,"BANDHAN Nifty 50 Index Fund-Direct Plan-Growth",2017-08-10,20.0321
118482,"BANDHAN Nifty 50 Index Fund-Direct Plan-Growth",2017-08-11,19.8171
118482,"BANDHAN Nifty 50 Index Fund-Direct Plan-Growth",2017-08-14,19.987
118482,"BANDHAN Nifty 50 Index Fund-Direct Plan-Growth",2017-08-16,20.1972
118482,"BANDHAN Nifty 50 Index Fund-Direct Plan-Growth",2017-08-17,20.211
118482,"BANDHAN Nifty 50 Index Fund-Direct Plan-Growth",2017-08-18,20.0761
118482,"BANDHAN Nifty 50 Index Fund-Direct Plan-Growth",2017-08-21,19.9103
118482,"BANDHAN Nifty 50 Index Fund-Direct Plan-Growth",2017-08-22,19.9329
118482,"BANDHAN Nifty 50 Index Fund-Direct Plan-Growth",2017-08-23,20.1059
118482,"BANDHAN Nifty 50 Index Fund-Direct Plan-Growth",2017-08-24,20.1204
118482,"BANDHAN Nifty 50 Index Fund-Direct Plan-Growth",2017-08-28,20.2312
118482,"BANDHAN Nifty 50 Index Fund-Direct Plan-Growth",2017-08-29,19.9961
118482,"BANDHAN Nifty 50 Index Fund-Direct Plan-Growth",2017-08-30,20.1751
118482,"BANDHAN Nifty 50 Index Fund-Direct Plan-Growth",2017-08-31,20.2437
118482,"BANDHAN Nifty 50 Index Fund-Direct Plan-Growth",2017-09-01,20.3588
118482,"BANDHAN Nifty 50 Index Fund-Direct Plan-Growth",2017-09-04,20.2332
118482,"BANDHAN Nifty 50 Index Fund-Direct Plan-Growth",2017-09-05,20.314
118482,"BANDHAN Nifty 50 Index Fund-Direct Plan-Growth",2017-09-06,20.2409
118482,"BANDHAN Nifty 50 Index Fund-Direct Plan-Growth",2017-09-07,20.2715
118482,"BANDHAN Nifty 50 Index Fund-Direct Plan-Growth",2017-09-08,20.2812
118482,"BANDHAN Nifty 50 Index Fund-Direct Plan-Growth",2017-09-11,20.4294
118482,"BANDHAN Nifty 50 Index Fund-Direct Plan-Growth",2017-09-12,20.6054
118482,"BANDHAN Nifty 50 Index Fund-Direct Plan-Growth",2017-09-13,20.5767
118482,"BANDHAN Nifty 50 Index Fund-Direct Plan-Growth",2017-09-14,20.592
118482,"BANDHAN Nifty 50 Index Fund-Direct Plan-Growth",2017-09-15,20.5892
118482,"BANDHAN Nifty 50 Index Fund-Direct Plan-Growth",2017-09-18,20.7291
118482,"BANDHAN Nifty 50 Index Fund-Direct Plan-Growth",2017-09-19,20.7177
118482,"BANDHAN Nifty 50 Index Fund-Direct Plan-Growth",2017-09-20,20.7047
118482,"BANDHAN Nifty 50 Index Fund-Direct Plan-Growth",2017-09-21,20.6664
118482,"BANDHAN Nifty 50 Index Fund-Direct Plan-Growth",2017-09-22,20.3458
118482,"BANDHAN Nifty 50 Index Fund-Direct Plan-Growth",2017-09-25,20.1583
118482,"BANDHAN Nifty 50 Index Fund-Direct Plan-Growth",2017-09-26,20.1561
118482,"BANDHAN Nifty 50 Index Fund-Direct Plan-Growth",2017-09-27,19.8864
118482,"BANDHAN Nifty 50 Index Fund-Direct Plan-Growth",2017-09-28,19.9527
118482,"BANDHAN Nifty 50 Index Fund-Direct Plan-Growth",2017-09-29,19.9869
118482,"BANDHAN Nifty 50 Index Fund-Direct Plan-Growth",2017-10-03,20.1286
118482,"BANDHAN Nifty 50 Index Fund-Direct Plan-Growth",2017-10-04,20.2394
118482,"BANDHAN Nifty 50 Index Fund-Direct Plan-Growth",2017-10-05,20.1869
118482,"BANDHAN Nifty 50 Index Fund-Direct Plan-Growth",2017-10-06,20.3684
118482,"BANDHAN Nifty 50 Index Fund-Direct Plan-Growth",2017-10-09,20.3864
118482,"BANDHAN Nifty 50 Index Fund-Direct Plan-Growth",2017-10-10,20.4427
118482,"BANDHAN Nifty 50 Index Fund-Direct Plan-Growth",2017-10-11,20.3785
118482,"BANDHAN Nifty 50 Index Fund-Direct Plan-Growth",2017-10-12,20.6013
118482,"BANDHAN Nifty 50 Index Fund-Direct Plan-Growth",2017-10-13,20.7437
118482,"BANDHAN Nifty 50 Index Fund-Direct Plan-Growth",2017-10-16,20.872
118482,"BANDHAN Nifty 50 Index Fund-Direct Plan-Growth",2017-10-17,20.8791
118482,"BANDHAN Nifty 50 Index Fund-Direct Plan-Growth",2017-10-18,20.8314
118482,"BANDHAN Nifty 50 Index Fund-Direct Plan-Growth",2017-10-23,20.7782
118482,"BANDHAN Nifty 50 Index Fund-Direct Plan-Growth",2017-10-24,20.8243
118482,"BANDHAN Nifty 50 Index Fund-Direct Plan-Growth",2017-10-25,21.0031
118482,"BANDHAN Nifty 50 Index Fund-Direct Plan-Growth",2017-10-26,21.1012
118482,"BANDHAN Nifty 50 Index Fund-Direct Plan-Growth",2017-10-27,21.0592
118482,"BANDHAN Nifty 50 Index Fund-Direct Plan-Growth",2017-10-30,21.1413
118482,"BANDHAN Nifty 50 Index Fund-Direct Plan-Growth",2017-10-31,21.0979
118482,"BANDHAN Nifty 50 Index Fund-Direct Plan-Growth",2017-11-01,21.3171
118482,"BANDHAN Nifty 50 Index Fund-Direct Plan-Growth",2017-11-02,21.283
118482,"BANDHAN Nifty 50 Index Fund-Direct Plan-Growth",2017-11-03,21.3459
118482,"BANDHAN Nifty 50 Index Fund-Direct Plan-Growth",2017-11-06,21.3443
118482,"BANDHAN Nifty 50 Index Fund-Direct Plan-Growth",2017-11-07,21.1376
118482,"BANDHAN Nifty 50 Index Fund-Direct Plan-Growth",2017-11-08,21.0417
118482,"BANDHAN Nifty 50 Index Fund-Direct Plan-Growth",2017-11-09,21.0535
118482,"BANDHAN Nifty 50 Index Fund-Direct Plan-Growth",2017-11-10,21.0786
118482,"BANDHAN Nifty 50 Index Fund-Direct Plan-Growth",2017-11-13,20.8835
118482,"BANDHAN Nifty 50 Index Fund-Direct Plan-Growth",2017-11-14,20.806
118482,"BANDHAN Nifty 50 Index Fund-Direct Plan-Growth",2017-11-15,20.668
118482,"BANDHAN Nifty 50 Index Fund-Direct Plan-Growth",2017-11-16,20.8609
118482,"BANDHAN Nifty 50 Index Fund-Direct Plan-Growth",2017-11-17,20.9977
118482,"BANDHAN Nifty 50 Index Fund-Direct Plan-Growth",2017-11-20,21.028
118482,"BANDHAN Nifty 50 Index Fund-Direct Plan-Growth",2017-11-21,21.084
118482,"BANDHAN Nifty 50 Index Fund-Direct Plan-Growth",2017-11-22,21.1134
118482,"BANDHAN Nifty 50 Index Fund-Direct Plan-Growth",2017-11-23,21.1264
118482,"BANDHAN Nifty 50 Index Fund-Direct Plan-Growth",2017-11-24,21.2096
118482,"BANDHAN Nifty 50 Index Fund-Direct Plan-Growth",2017-11-27,21.2295
118482,"BANDHAN Nifty 50 Index Fund-Direct Plan-Growth",2017-11-28,21.1698
118482,"BANDHAN Nifty 50 Index Fund-Direct Plan-Growth",2017-11-29,21.1515
118482,"BANDHAN Nifty 50 Index Fund-Direct Plan-Growth",2017-11-30,20.8795
118482,"BANDHAN Nifty 50 Index Fund-Direct Plan-Growth",2017-12-01,20.6673
118482,"BANDHAN Nifty 50 Index Fund-Direct Plan-Growth",2017-12-04,20.6792
118482,"BANDHAN Nifty 50 Index Fund-Direct Plan-Growth",2017-12-05,20.6599
118482,"BANDHAN Nifty 50 Index Fund-Direct Plan-Growth",2017-12-06,20.5104
118482,"BANDHAN Nifty 50 Index Fund-Direct Plan-Growth",2017-12-07,20.7582
118482,"BANDHAN Nifty 50 Index Fund-Direct Plan-Growth",2017-12-08,20.9576
118482,"BANDHAN Nifty 50 Index Fund-Direct Plan-Growth",2017-12-11,21.0716
118482,"BANDHAN Nifty 50 Index Fund-Direct Plan-Growth",2017-12-12,20.9063
118482,"BANDHAN Nifty 50 Index Fund-Direct Plan-Growth",2017-12-13,20.8116
118482,"BANDHAN Nifty 50 Index Fund-Direct Plan-Growth",2017-12-14,20.9302
118482,"BANDHAN Nifty 50 Index Fund-Direct Plan-Growth",2017-12-15,21.0917
118482,"BANDHAN Nifty 50 Index Fund-Direct Plan-Growth",2017-12-18,21.2041
118482,"BANDHAN Nifty 50 Index Fund-Direct Plan-Growth",2017-12-19,21.3565
118482,"BANDHAN Nifty 50 Index Fund-Direct Plan-Growth",2017-12-20,21.3181
118482,"BANDHAN Nifty 50 Index Fund-Direct Plan-Growth",2017-12-21,21.3155
118482,"BANDHAN Nifty 50 Index Fund-Direct Plan-Growth",2017-12-22,21.422
118482,"BANDHAN Nifty 50 Index Fund-Direct Plan-Growth",2017-12-26,21.5002
118482,"BANDHAN Nifty 50 Index Fund-Direct Plan-Growth",2017-12-27,21.4177
118482,"BANDHAN Nifty 50 Index Fund-Direct Plan-Growth",2017-12-28,21.3914
118482,"BANDHAN Nifty 50 Index Fund-Direct Plan-Growth",2017-12-29,21.4981
118482,"BANDHAN Nifty 50 Index Fund-Direct Plan-Growth",2018-01-01,21.3048
118482,"BANDHAN Nifty 50 Index Fund-Direct Plan-Growth",2018-01-02,21.3176
118482,"BANDHAN Nifty 50 Index Fund-Direct Plan-Growth",2018-01-03,21.3195
118482,"BANDHAN Nifty 50 Index Fund-Direct Plan-Growth",2018-01-04,21.4449
118482,"BANDHAN Nifty 50 Index Fund-Direct Plan-Growth",2018-01-05,21.5548
118482,"BANDHAN Nifty 50 Index Fund-Direct Plan-Growth",2018-01-08,21.6862
118482,"BANDHAN Nifty 50 Index Fund-Direct Plan-Growth",2018-01-09,21.7136
118482,"BANDHAN Nifty 50 Index Fund-Direct Plan-Growth",2018-01-10,21.7037
118482,"BANDHAN Nifty 50 Index Fund-Direct Plan-Growth",2018-01-11,21.7418
118482,"BANDHAN Nifty 50 Index Fund-Direct Plan-Growth",2018-01-12,21.8023
118482,"BANDHAN Nifty 50 Index Fund-Direct Plan-Growth",2018-01-15,21.9231
118482,"BANDHAN Nifty 50 Index Fund-Direct Plan-Growth",2018-01-16,21.8423
118482,"BANDHAN Nifty 50 Index Fund-Direct Plan-Growth",2018-01-17,22.0179
118482,"BANDHAN Nifty 50 Index Fund-Direct Plan-Growth",2018-01-18,22.0738
118482,"BANDHAN Nifty 50 Index Fund-Direct Plan-Growth",2018-01-19,22.2299
118482,"BANDHAN Nifty 50 Index Fund-Direct Plan-Growth",2018-01-22,22.3774
118482,"BANDHAN Nifty 50 Index Fund-Direct Plan-Growth",2018-01-23,22.6169
118482,"BANDHAN Nifty 50 Index Fund-Direct Plan-Growth",2018-01-24,22.6214
118482,"BANDHAN Nifty 50 Index Fund-Direct Plan-Growth",2018-01-25,22.588
118482,"BANDHAN Nifty 50 Index Fund-Direct Plan-Growth",2018-01-29,22.7117
118482,"BANDHAN Nifty 50 Index Fund-Direct Plan-Growth",2018-01-30,22.5503
118482,"BANDHAN Nifty 50 Index Fund-Direct Plan-Growth",2018-01-31,22.5077
118482,"BANDHAN Nifty 50 Index Fund-Direct Plan-Growth",2018-02-01,22.4882
118482,"BANDHAN Nifty 50 Index Fund-Direct Plan-Growth",2018-02-02,21.9836
118482,"BANDHAN Nifty 50 Index Fund-Direct Plan-Growth",2018-02-05,21.8029
118482,"BANDHAN Nifty 50 Index Fund-Direct Plan-Growth",2018-02-06,21.472
118482,"BANDHAN Nifty 50 Index Fund-Direct Plan-Growth",2018-02-07,21.4318
118482,"BANDHAN Nifty 50 Index Fund-Direct Plan-Growth",2018-02-08,21.6486
118482,"BANDHAN Nifty 50 Index Fund-Direct Plan-Growth",2018-02-09,21.4038
118482,"BANDHAN Nifty 50 Index Fund-Direct Plan-Growth",2018-02-12,21.5769
118482,"BANDHAN Nifty 50 Index Fund-Direct Plan-Growth",2018-02-14,21.4978
118482,"BANDHAN Nifty 50 Index Fund-Direct Plan-Growth",2018-02-15,21.5909
118482,"BANDHAN Nifty 50 Index Fund-Direct Plan-Growth",2018-02-16,21.3999
118482,"BANDHAN Nifty 50 Index Fund-Direct Plan-Growth",2018-02-19,21.2466
118482,"BANDHAN Nifty 50 Index Fund-Direct Plan-Growth",2018-02-20,21.2096
118482,"BANDHAN Nifty 50 Index Fund-Direct Plan-Growth",2018-02-21,21.285
118482,"BANDHAN Nifty 50 Index Fund-Direct Plan-Growth",2018-02-22,21.2607
118482,"BANDHAN Nifty 50 Index Fund-Direct Plan-Growth",2018-02-23,21.473
118482,"BANDHAN Nifty 50 Index Fund-Direct Plan-Growth",2018-02-26,21.6526
118482,"BANDHAN Nifty 50 Index Fund-Direct Plan-Growth",2018-02-27,21.5945
118482,"BANDHAN Nifty 50 Index Fund-Direct Plan-Growth",2018-02-28,21.4755
118482,"BANDHAN Nifty 50 Index Fund-Direct Plan-Growth",2018-03-01,21.4048
118482,"BANDHAN Nifty 50 Index Fund-Direct Plan-Growth",2018-03-05,21.2022
118482,"BANDHAN Nifty 50 Index Fund-Direct Plan-Growth",2018-03-06,20.98
118482,"BANDHAN Nifty 50 Index Fund-Direct Plan-Growth",2018-03-07,20.7877
118482,"BANDHAN Nifty 50 Index Fund-Direct Plan-Growth",2018-03-08,20.9666
118482,"BANDHAN Nifty 50 Index Fund-Direct Plan-Growth",2018-03-09,20.9343
118482,"BANDHAN Nifty 50 Index Fund-Direct Plan-Growth",2018-03-12,21.3279
118482,"BANDHAN Nifty 50 Index Fund-Direct Plan-Growth",2018-03-13,21.342
118482,"BANDHAN Nifty 50 Index Fund-Direct Plan-Growth",2018-03-14,21.3101
118482,"BANDHAN Nifty 50 Index Fund-Direct Plan-Growth",2018-03-15,21.2077
118482,"BANDHAN Nifty 50 Index Fund-Direct Plan-Growth",2018-03-16,20.8869
118482,"BANDHAN Nifty 50 Index Fund-Direct Plan-Growth",2018-03-19,20.6837
118482,"BANDHAN Nifty 50 Index Fund-Direct Plan-Growth",2018-03-20,20.7641
118482,"BANDHAN Nifty 50 Index Fund-Direct Plan-Growth",2018-03-21,20.8263
118482,"BANDHAN Nifty 50 Index Fund-Direct Plan-Growth",2018-03-22,20.7479
118482,"BANDHAN Nifty 50 Index Fund-Direct Plan-Growth",2018-03-23,20.5158
118482,"BANDHAN Nifty 50 Index Fund-Direct Plan-Growth",2018-03-26,20.7814
118482,"BANDHAN Nifty 50 Index Fund-Direct Plan-Growth",2018-03-27,20.8888
118482,"BANDHAN Nifty 50 Index Fund-Direct Plan-Growth",2018-03-28,20.7472
118482,"BANDHAN Nifty 50 Index Fund-Direct Plan-Growth",2018-04-02,20.9428
118482,"BANDHAN Nifty 50 Index Fund-Direct Plan-Growth",2018-04-03,21.0102
118482,"BANDHAN Nifty 50 Index Fund-Direct Plan-Growth",2018-04-04,20.7715
118482,"BANDHAN Nifty 50 Index Fund-Direct Plan-Growth",2018-04-05,21.1734
118482,"BANDHAN Nifty 50 Index Fund-Direct Plan-Growth",2018-04-06,21.1864
118482,"BANDHAN Nifty 50 Index Fund-Direct Plan-Growth",2018-04-09,21.2823
118482,"BANDHAN Nifty 50 Index Fund-Direct Plan-Growth",2018-04-10,21.3283
118482,"BANDHAN Nifty 50 Index Fund-Direct Plan-Growth",2018-04-11,21.3587
118482,"BANDHAN Nifty 50 Index Fund-Direct Plan-Growth",2018-04-12,21.4429
118482,"BANDHAN Nifty 50 Index Fund-Direct Plan-Growth",2018-04-13,21.4874
118482,"BANDHAN Nifty 50 Index Fund-Direct Plan-Growth",2018-04-16,21.584
118482,"BANDHAN Nifty 50 Index Fund-Direct Plan-Growth",2018-04-17,21.6249
118482,"BANDHAN Nifty 50 Index Fund-Direct Plan-Growth",2018-04-18,21.5795
118482,"BANDHAN Nifty 50 Index Fund-Direct Plan-Growth",2018-04-19,21.6585
118482,"BANDHAN Nifty 50 Index Fund-Direct Plan-Growth",2018-04-20,21.6561
118482,"BANDHAN Nifty 50 Index Fund-Direct Plan-Growth",2018-04-23,21.6975
118482,"BANDHAN Nifty 50 Index Fund-Direct Plan-Growth",2018-04-24,21.7579
118482,"BANDHAN Nifty 50 Index Fund-Direct Plan-Growth",2018-04-25,21.6685
118482,"BANDHAN Nifty 50 Index Fund-Direct Plan-Growth",2018-04-26,21.7657
118482,"BANDHAN Nifty 50 Index Fund-Direct Plan-Growth",2018-04-27,21.9189
118482,"BANDHAN Nifty 50 Index Fund-Direct Plan-Growth",2018-04-30,22.0154
118482,"BANDHAN Nifty 50 Index Fund-Direct Plan-Growth",2018-05-02,21.973
118482,"BANDHAN Nifty 50 Index Fund-Direct Plan-Growth",2018-05-03,21.8948
118482,"BANDHAN Nifty 50 Index Fund-Direct Plan-Growth",2018-05-04,21.7694
118482,"BANDHAN Nifty 50 Index Fund-Direct Plan-Growth",2018-05-07,21.9676
118482,"BANDHAN Nifty 50 Index Fund-Direct Plan-Growth",2018-05-08,21.9722
118482,"BANDHAN Nifty 50 Index Fund-Direct Plan-Growth",2018-05-09,22.0218
118482,"BANDHAN Nifty 50 Index Fund-Direct Plan-Growth",2018-05-10,21.9697
118482,"BANDHAN Nifty 50 Index Fund-Direct Plan-Growth",2018-05-11,22.1541
118482,"BANDHAN Nifty 50 Index Fund-Direct Plan-Growth",2018-05-14,22.1539
118482,"BANDHAN Nifty 50 Index Fund-Direct Plan-Growth",2018-05-15,22.1442
118482,"BANDHAN Nifty 50 Index Fund-Direct Plan-Growth",2018-05-16,22.0199
118482,"BANDHAN Nifty 50 Index Fund-Direct Plan-Growth",2018-05-17,21.9003
118482,"BANDHAN Nifty 50 Index Fund-Direct Plan-Growth",2018-05-18,21.7225
118482,"BANDHAN Nifty 50 Index Fund-Direct Plan-Growth",2018-05-21,21.5587
118482,"BANDHAN Nifty 50 Index Fund-Direct Plan-Growth",2018-05-22,21.5992
118482,"BANDHAN Nifty 50 Index Fund-Direct Plan-Growth",2018-05-23,21.3825
118482,"BANDHAN Nifty 50 Index Fund-Direct Plan-Growth",2018-05-24,21.5522
118482,"BANDHAN Nifty 50 Index Fund-Direct Plan-Growth",2018-05-25,21.7604
118482,"BANDHAN Nifty 50 Index Fund-Direct Plan-Growth",2018-05-28,21.9278
118482,"BANDHAN Nifty 50 Index Fund-Direct Plan-Growth",2018-05-29,21.8167
118482,"BANDHAN Nifty 50 Index Fund-Direct Plan-Growth",2018-05-30,21.7754
118482,"BANDHAN Nifty 50 Index Fund-Direct Plan-Growth",2018-05-31,22.0333
118482,"BANDHAN Nifty 50 Index Fund-Direct Plan-Growth",2018-06-01,21.9601
118482,"BANDHAN Nifty 50 Index Fund-Direct Plan-Growth",2018-06-04,21.8287
118482,"BANDHAN Nifty 50 Index Fund-Direct Plan-Growth",2018-06-05,21.7542
118482,"BANDHAN Nifty 50 Index Fund-Direct Plan-Growth",2018-06-06,21.9461
118482,"BANDHAN Nifty 50 Index Fund-Direct Plan-Growth",2018-06-07,22.12
118482,"BANDHAN Nifty 50 Index Fund-Direct Plan-Growth",2018-06-08,22.1219
118482,"BANDHAN Nifty 50 Index Fund-Direct Plan-Growth",2018-06-11,22.1609
118482,"BANDHAN Nifty 50 Index Fund-Direct Plan-Growth",2018-06-12,22.2754
118482,"BANDHAN Nifty 50 Index Fund-Direct Plan-Growth",2018-06-13,22.3045
118482,"BANDHAN Nifty 50 Index Fund-Direct Plan-Growth",2018-06-14,22.2373
118482,"BANDHAN Nifty 50 Index Fund-Direct Plan-Growth",2018-06-15,22.2584
118482,"BANDHAN Nifty 50 Index Fund-Direct Plan-Growth",2018-06-18,22.2223
118482,"BANDHAN Nifty 50 Index Fund-Direct Plan-Growth",2018-06-19,22.0362
118482,"BANDHAN Nifty 50 Index Fund-Direct Plan-Growth",2018-06-20,22.1625
118482,"BANDHAN Nifty 50 Index Fund-Direct Plan-Growth",2018-06-21,22.104
118482,"BANDHAN Nifty 50 Index Fund-Direct Plan-Growth",2018-06-22,22.2659
118482,"BANDHAN Nifty 50 Index Fund-Direct Plan-Growth",2018-06-25,22.1394
118482,"BANDHAN Nifty 50 Index Fund-Direct Plan-Growth",2018-06-26,22.1506
118482,"BANDHAN Nifty 50 Index Fund-Direct Plan-Growth",2018-06-27,21.9587
118482,"BANDHAN Nifty 50 Index Fund-Direct Plan-Growth",2018-06-28,21.787
118482,"BANDHAN Nifty 50 Index Fund-Direct Plan-Growth",2018-06-29,22.0477
118482,"BANDHAN Nifty 50 Index Fund-Direct Plan-Growth",2018-07-02,21.9296
118482,"BANDHAN Nifty 50 Index Fund-Direct Plan-Growth",2018-07-03,22.0157
118482,"BANDHAN Nifty 50 Index Fund-Direct Plan-Growth",2018-07-04,22.1578
118482,"BANDHAN Nifty 50 Index Fund-Direct Plan-Growth",2018-07-05,22.1234
118482,"BANDHAN Nifty 50 Index Fund-Direct Plan-Growth",2018-07-06,22.1711
118482,"BANDHAN Nifty 50 Index Fund-Direct Plan-Growth",2018-07-09,22.3381
118482,"BANDHAN Nifty 50 Index Fund-Direct Plan-Growth",2018-07-10,22.533
118482,"BANDHAN Nifty 50 Index Fund-Direct Plan-Growth",2018-07-11,22.5292
118482,"BANDHAN Nifty 50 Index Fund-Direct Plan-Growth",2018-07-12,22.6899
118482,"BANDHAN Nifty 50 Index Fund-Direct Plan-Growth",2018-07-13,22.6767
118482,"BANDHAN Nifty 50 Index Fund-Direct Plan-Growth",2018-07-16,22.5123
118482,"BANDHAN Nifty 50 Index Fund-Direct Plan-Growth",2018-07-17,22.6582
118482,"BANDHAN Nifty 50 Index Fund-Direct Plan-Growth",2018-07-18,22.6041
118482,"BANDHAN Nifty 50 Index Fund-Direct Plan-Growth",2018-07-19,22.5768
118482,"BANDHAN Nifty 50 Index Fund-Direct Plan-Growth",2018-07-20,22.6838
118482,"BANDHAN Nifty 50 Index Fund-Direct Plan-Growth",2018-07-23,22.8355
118482,"BANDHAN Nifty 50 Index Fund-Direct Plan-Growth",2018-07-24,22.9372
118482,"BANDHAN Nifty 50 Index Fund-Direct Plan-Growth",2018-07-25,22.9324
118482,"BANDHAN Nifty 50 Index Fund-Direct Plan-Growth",2018-07-26,23.01
118482,"BANDHAN Nifty 50 Index Fund-Direct Plan-Growth",2018-07-27,23.2371
118482,"BANDHAN Nifty 50 Index Fund-Direct Plan-Growth",2018-07-30,23.3226
118482,"BANDHAN Nifty 50 Index Fund-Direct Plan-Growth",2018-07-31,23.3991
118482,"BANDHAN Nifty 50 Index Fund-Direct Plan-Growth",2018-08-01,23.3781
118482,"BANDHAN Nifty 50 Index Fund-Direct Plan-Growth",2018-08-02,23.1728
118482,"BANDHAN Nifty 50 Index Fund-Direct Plan-Growth",2018-08-03,23.4111
118482,"BANDHAN Nifty 50 Index Fund-Direct Plan-Growth",2018-08-06,23.4648
118482,"BANDHAN Nifty 50 Index Fund-Direct Plan-Growth",2018-08-07,23.4697
118482,"BANDHAN Nifty 50 Index Fund-Direct Plan-Growth",2018-08-08,23.5931
118482,"BANDHAN Nifty 50 Index Fund-Direct Plan-Growth",2018-08-09,23.6369
118482,"BANDHAN Nifty 50 Index Fund-Direct Plan-Growth",2018-08-10,23.5523
118482,"BANDHAN Nifty 50 Index Fund-Direct Plan-Growth",2018-08-13,23.4047
118482,"BANDHAN Nifty 50 Index Fund-Direct Plan-Growth",2018-08-14,23.5816
118482,"BANDHAN Nifty 50 Index Fund-Direct Plan-Growth",2018-08-16,23.4801
118482,"BANDHAN Nifty 50 Index Fund-Direct Plan-Growth",2018-08-17,23.6534
118482,"BANDHAN Nifty 50 Index Fund-Direct Plan-Growth",2018-08-20,23.8201
118482,"BANDHAN Nifty 50 Index Fund-Direct Plan-Growth",2018-08-21,23.8587
118482,"BANDHAN Nifty 50 Index Fund-Direct Plan-Growth",2018-08-23,23.8821
118482,"BANDHAN Nifty 50 Index Fund-Direct Plan-Growth",2018-08-24,23.835
118482,"BANDHAN Nifty 50 Index Fund-Direct Plan-Growth",2018-08-27,24.1093
118482,"BANDHAN Nifty 50 Index Fund-Direct Plan-Growth",2018-08-28,24.2041
118482,"BANDHAN Nifty 50 Index Fund-Direct Plan-Growth",2018-08-29,24.1072
118482,"BANDHAN Nifty 50 Index Fund-Direct Plan-Growth",2018-08-30,24.0768
118482,"BANDHAN Nifty 50 Index Fund-Direct Plan-Growth",2018-08-31,24.0885
118482,"BANDHAN Nifty 50 Index Fund-Direct Plan-Growth",2018-09-03,23.8856
118482,"BANDHAN Nifty 50 Index Fund-Direct Plan-Growth",2018-09-04,23.7574
118482,"BANDHAN Nifty 50 Index Fund-Direct Plan-Growth",2018-09-05,23.6677
118482,"BANDHAN Nifty 50 Index Fund-Direct Plan-Growth",2018-09-06,23.7945
118482,"BANDHAN Nifty 50 Index Fund-Direct Plan-Growth",2018-09-07,23.9021
118482,"BANDHAN Nifty 50 Index Fund-Direct Plan-Growth",2018-09-10,23.5957
118482,"BANDHAN Nifty 50 Index Fund-Direct Plan-Growth",2018-09-11,23.2876
118482,"BANDHAN Nifty 50 Index Fund-Direct Plan-Growth",2018-09-12,23.4561
118482,"BANDHAN Nifty 50 Index Fund-Direct Plan-Growth",2018-09-14,23.7512
118482,"BANDHAN Nifty 50 Index Fund-Direct Plan-Growth",2018-09-17,23.4729
118482,"BANDHAN Nifty 50 Index Fund-Direct Plan-Growth",2018-09-18,23.2705
118482,"BANDHAN Nifty 50 Index Fund-Direct Plan-Growth",2018-09-19,23.1816
118482,"BANDHAN Nifty 50 Index Fund-Direct Plan-Growth",2018-09-21,22.9952
118482,"BANDHAN Nifty 50 Index Fund-Direct Plan-Growth",2018-09-24,22.6399
118482,"BANDHAN Nifty 50 Index Fund-Direct Plan-Growth",2018-09-25,22.8388
118482,"BANDHAN Nifty 50 Index Fund-Direct Plan-Growth",2018-09-26,22.8105
118482,"BANDHAN Nifty 50 Index Fund-Direct Plan-Growth",2018-09-27,22.6591
118482,"BANDHAN Nifty 50 Index Fund-Direct Plan-Growth",2018-09-28,22.5719
118482,"BANDHAN Nifty 50 Index Fund-Direct Plan-Growth",2018-10-01,22.7307
118482,"BANDHAN Nifty 50 Index Fund-Direct Plan-Growth",2018-10-03,22.4267
118482,"BANDHAN Nifty 50 Index Fund-Direct Plan-Growth",2018-10-04,21.903
118482,"BANDHAN Nifty 50 Index Fund-Direct Plan-Growth",2018-10-05,21.3331
118482,"BANDHAN Nifty 50 Index Fund-Direct Plan-Growth",2018-10-08,21.3963
118482,"BANDHAN Nifty 50 Index Fund-Direct Plan-Growth",2018-10-09,21.3027
118482,"BANDHAN Nifty 50 Index Fund-Direct Plan-Growth",2018-10-10,21.6176
118482,"BANDHAN Nifty 50 Index Fund-Direct Plan-Growth",2018-10-11,21.1724
118482,"BANDHAN Nifty 50 Index Fund-Direct Plan-Growth",2018-10-12,21.6359
118482,"BANDHAN Nifty 50 Index Fund-Direct Plan-Growth",2018-10-15,21.714
118482,"BANDHAN Nifty 50 Index Fund-Direct Plan-Growth",2018-10-16,21.8521
118482,"BANDHAN Nifty 50 Index Fund-Direct Plan-Growth",2018-10-17,21.5892
118482,"BANDHAN Nifty 50 Index Fund-Direct Plan-Growth",2018-10-19,21.294
118482,"BANDHAN Nifty 50 Index Fund-Direct Plan-Growth",2018-10-22,21.179
118482,"BANDHAN Nifty 50 Index Fund-Direct Plan-Growth",2018-10-23,20.9877
118482,"BANDHAN Nifty 50 Index Fund-Direct Plan-Growth",2018-10-24,21.1428
118482,"BANDHAN Nifty 50 Index Fund-Direct Plan-Growth",2018-10-25,20.9573
118482,"BANDHAN Nifty 50 Index Fund-Direct Plan-Growth",2018-10-26,20.7633
118482,"BANDHAN Nifty 50 Index Fund-Direct Plan-Growth",2018-10-29,21.2138
118482,"BANDHAN Nifty 50 Index Fund-Direct Plan-Growth",2018-10-30,21.1076
118482,"BANDHAN Nifty 50 Index Fund-Direct Plan-Growth",2018-10-31,21.4933
118482,"BANDHAN Nifty 50 Index Fund-Direct Plan-Growth",2018-11-01,21.4844
118482,"BANDHAN Nifty 50 Index Fund-Direct Plan-Growth",2018-11-02,21.8389
118482,"BANDHAN Nifty 50 Index Fund-Direct Plan-Growth",2018-11-05,21.781
118482,"BANDHAN Nifty 50 Index Fund-Direct Plan-Growth",2018-11-06,21.7932
118482,"BANDHAN Nifty 50 Index Fund-Direct Plan-Growth",2018-11-09,21.9064
118482,"BANDHAN Nifty 50 Index Fund-Direct Plan-Growth",2018-11-12,21.6955
118482,"BANDHAN Nifty 50 Index Fund-Direct Plan-Growth",2018-11-13,21.9001
118482,"BANDHAN Nifty 50 Index Fund-Direct Plan-Growth",2018-11-14,21.8874
118482,"BANDHAN Nifty 50 Index Fund-Direct Plan-Growth",2018-11-15,21.9693
118482,"BANDHAN Nifty 50 Index Fund-Direct Plan-Growth",2018-11-16,22.1025
118482,"BANDHAN Nifty 50 Index Fund-Direct Plan-Growth",2018-11-19,22.2676
118482,"BANDHAN Nifty 50 Index Fund-Direct Plan-Growth",2018-11-20,22.0501
118482,"BANDHAN Nifty 50 Index Fund-Direct Plan-Growth",2018-11-21,21.9362
118482,"BANDHAN Nifty 50 Index Fund-Direct Plan-Growth",2018-11-22,21.787
118482,"BANDHAN Nifty 50 Index Fund-Direct Plan-Growth",2018-11-26,21.9932
118482,"BANDHAN Nifty 50 Index Fund-Direct Plan-Growth",2018-11-27,22.1088
118482,"BANDHAN Nifty 50 Index Fund-Direct Plan-Growth",2018-11-28,22.1966
118482,"BANDHAN Nifty 50 Index Fund-Direct Plan-Growth",2018-11-29,22.4607
118482,"BANDHAN Nifty 50 Index Fund-Direct Plan-Growth",2018-11-30,22.4973
118482,"BANDHAN Nifty 50 Index Fund-Direct Plan-Growth",2018-12-03,22.512
118482,"BANDHAN Nifty 50 Index Fund-Direct Plan-Growth",2018-12-04,22.4824
118482,"BANDHAN Nifty 50 Index Fund-Direct Plan-Growth",2018-12-05,22.3036
118482,"BANDHAN Nifty 50 Index Fund-Direct Plan-Growth",2018-12-06,21.9279
118482,"BANDHAN Nifty 50 Index Fund-Direct Plan-Growth",2018-12-07,22.1185
118482,"BANDHAN Nifty 50 Index Fund-Direct Plan-Growth",2018-12-10,21.6956
118482,"BANDHAN Nifty 50 Index Fund-Direct Plan-Growth",2018-12-11,21.8203
118482,"BANDHAN Nifty 50 Index Fund-Direct Plan-Growth",2018-12-12,22.2061
118482,"BANDHAN Nifty 50 Index Fund-Direct Plan-Growth",2018-12-13,22.3159
118482,"BANDHAN Nifty 50 Index Fund-Direct Plan-Growth",2018-12-14,22.3439
118482,"BANDHAN Nifty 50 Index Fund-Direct Plan-Growth",2018-12-17,22.5138
118482,"BANDHAN Nifty 50 Index Fund-Direct Plan-Growth",2018-12-18,22.5556
118482,"BANDHAN Nifty 50 Index Fund-Direct Plan-Growth",2018-12-19,22.6753
118482,"BANDHAN Nifty 50 Index Fund-Direct Plan-Growth",2018-12-20,22.6438
118482,"BANDHAN Nifty 50 Index Fund-Direct Plan-Growth",2018-12-21,22.2489
118482,"BANDHAN Nifty 50 Index Fund-Direct Plan-Growth",2018-12-24,22.0651
118482,"BANDHAN Nifty 50 Index Fund-Direct Plan-Growth",2018-12-26,22.1994
118482,"BANDHAN Nifty 50 Index Fund-Direct Plan-Growth",2018-12-27,22.2988
118482,"BANDHAN Nifty 50 Index Fund-Direct Plan-Growth",2018-12-28,22.4682
118482,"BANDHAN Nifty 50 Index Fund-Direct Plan-Growth",2018-12-31,22.4744
118482,"BANDHAN Nifty 50 Index Fund-Direct Plan-Growth",2019-01-01,22.571
118482,"BANDHAN Nifty 50 Index Fund-Direct Plan-Growth",2019-01-02,22.3324
118482,"BANDHAN Nifty 50 Index Fund-Direct Plan-Growth",2019-01-03,22.0897
118482,"BANDHAN Nifty 50 Index Fund-Direct Plan-Growth",2019-01-04,22.2006
118482,"BANDHAN Nifty 50 Index Fund-Direct Plan-Growth",2019-01-07,22.2903
118482,"BANDHAN Nifty 50 Index Fund-Direct Plan-Growth",2019-01-08,22.3531
118482,"BANDHAN Nifty 50 Index Fund-Direct Plan-Growth",2019-01-09,22.4606
118482,"BANDHAN Nifty 50 Index Fund-Direct Plan-Growth",2019-01-10,22.3932
118482,"BANDHAN Nifty 50 Index Fund-Direct Plan-Growth",2019-01-11,22.3384
118482,"BANDHAN Nifty 50 Index Fund-Direct Plan-Growth",2019-01-14,22.2227
118482,"BANDHAN Nifty 50 Index Fund-Direct Plan-Growth",2019-01-15,22.5235
118482,"BANDHAN Nifty 50 Index Fund-Direct Plan-Growth",2019-01-16,22.5304
118482,"BANDHAN Nifty 50 Index Fund-Direct Plan-Growth",2019-01-17,22.5627
118482,"BANDHAN Nifty 50 Index Fund-Direct Plan-Growth",2019-01-18,22.5662
118482,"BANDHAN Nifty 50 Index Fund-Direct Plan-Growth",2019-01-21,22.6801
118482,"BANDHAN Nifty 50 Index Fund-Direct Plan-Growth",2019-01-22,22.6008
118482,"BANDHAN Nifty 50 Index Fund-Direct Plan-Growth",2019-01-23,22.4155
118482,"BANDHAN Nifty 50 Index Fund-Direct Plan-Growth",2019-01-24,22.4602
118482,"BANDHAN Nifty 50 Index Fund-Direct Plan-Growth",2019-01-25,22.3198
118482,"BANDHAN Nifty 50 Index Fund-Direct Plan-Growth",2019-01-28,22.077
118482,"BANDHAN Nifty 50 Index Fund-Direct Plan-Growth",2019-01-29,22.0586
118482,"BANDHAN Nifty 50 Index Fund-Direct Plan-Growth",2019-01-30,22.0568
118482,"BANDHAN Nifty 50 Index Fund-Direct Plan-Growth",2019-01-31,22.423
118482,"BANDHAN Nifty 50 Index Fund-Direct Plan-Growth",2019-02-01,22.551
118482,"BANDHAN Nifty 50 Index Fund-Direct Plan-Growth",2019-02-04,22.5889
118482,"BANDHAN Nifty 50 Index Fund-Direct Plan-Growth",2019-02-05,22.6343
118482,"BANDHAN Nifty 50 Index Fund-Direct Plan-Growth",2019-02-06,22.902
118482,"BANDHAN Nifty 50 Index Fund-Direct Plan-Growth",2019-02-07,22.9162
118482,"BANDHAN Nifty 50 Index Fund-Direct Plan-Growth",2019-02-08,22.6561
118482,"BANDHAN Nifty 50 Index Fund-Direct Plan-Growth",2019-02-11,22.5483
118482,"BANDHAN Nifty 50 Index Fund-Direct Plan-Growth",2019-02-12,22.4329
118482,"BANDHAN Nifty 50 Index Fund-Direct Plan-Growth",2019-02-13,22.355
118482,"BANDHAN Nifty 50 Index Fund-Direct Plan-Growth",2019-02-14,22.2595
118482,"BANDHAN Nifty 50 Index Fund-Direct Plan-Growth",2019-02-15,22.2146
118482,"BANDHAN Nifty 50 Index Fund-Direct Plan-Growth",2019-02-18,22.0434
118482,"BANDHAN Nifty 50 Index Fund-Direct Plan-Growth",2019-02-19,21.9683
118482,"BANDHAN Nifty 50 Index Fund-Direct Plan-Growth",2019-02-20,22.2361
118482,"BANDHAN Nifty 50 Index Fund-Direct Plan-Growth",2019-02-21,22.3515
118482,"BANDHAN Nifty 50 Index Fund-Direct Plan-Growth",2019-02-22,22.3553
118482,"BANDHAN Nifty 50 Index Fund-Direct Plan-Growth",2019-02-25,22.5346
118482,"BANDHAN Nifty 50 Index Fund-Direct Plan-Growth",2019-02-26,22.4439
118482,"BANDHAN Nifty 50 Index Fund-Direct Plan-Growth",2019-02-27,22.3856
118482,"BANDHAN Nifty 50 Index Fund-Direct Plan-Growth",2019-02-28,22.3652
118482,"BANDHAN Nifty 50 Index Fund-Direct Plan-Growth",2019-03-01,22.5099
118482,"BANDHAN Nifty 50 Index Fund-Direct Plan-Growth",2019-03-05,22.7621
118482,"BANDHAN Nifty 50 Index Fund-Direct Plan-Growth",2019-03-06,22.895
118482,"BANDHAN Nifty 50 Index Fund-Direct Plan-Growth",2019-03-07,22.9057
118482,"BANDHAN Nifty 50 Index Fund-Direct Plan-Growth",2019-03-08,22.8594
118482,"BANDHAN Nifty 50 Index Fund-Direct Plan-Growth",2019-03-11,23.1286
118482,"BANDHAN Nifty 50 Index Fund-Direct Plan-Growth",2019-03-12,23.3986
118482,"BANDHAN Nifty 50 Index Fund-Direct Plan-Growth",2019-03-13,23.4824
118482,"BANDHAN Nifty 50 Index Fund-Direct Plan-Growth",2019-03-14,23.4912
118482,"BANDHAN Nifty 50 Index Fund-Direct Plan-Growth",2019-03-15,23.6669
118482,"BANDHAN Nifty 50 Index Fund-Direct Plan-Growth",2019-03-18,23.7395
118482,"BANDHAN Nifty 50 Index Fund-Direct Plan-Growth",2019-03-19,23.8847
118482,"BANDHAN Nifty 50 Index Fund-Direct Plan-Growth",2019-03-20,23.861
118482,"BANDHAN Nifty 50 Index Fund-Direct Plan-Growth",2019-03-22,23.732
118482,"BANDHAN Nifty 50 Index Fund-Direct Plan-Growth",2019-03-25,23.5183
118482,"BANDHAN Nifty 50 Index Fund-Direct Plan-Growth",2019-03-26,23.7812
118482,"BANDHAN Nifty 50 Index Fund-Direct Plan-Growth",2019-03-27,23.7056
118482,"BANDHAN Nifty 50 Index Fund-Direct Plan-Growth",2019-03-28,23.9606
118482,"BANDHAN Nifty 50 Index Fund-Direct Plan-Growth",2019-03-29,24.0746
118482,"BANDHAN Nifty 50 Index Fund-Direct Plan-Growth",2019-04-01,24.1685
118482,"BANDHAN Nifty 50 Index Fund-Direct Plan-Growth",2019-04-02,24.2582
118482,"BANDHAN Nifty 50 Index Fund-Direct Plan-Growth",2019-04-03,24.1161
118482,"BANDHAN Nifty 50 Index Fund-Direct Plan-Growth",2019-04-04,24.022
118482,"BANDHAN Nifty 50 Index Fund-Direct Plan-Growth",2019-04-05,24.1609
118482,"BANDHAN Nifty 50 Index Fund-Direct Plan-Growth",2019-04-08,24.035
118482,"BANDHAN Nifty 50 Index Fund-Direct Plan-Growth",2019-04-09,24.1743
118482,"BANDHAN Nifty 50 Index Fund-Direct Plan-Growth",2019-04-10,23.9937
118482,"BANDHAN Nifty 50 Index Fund-Direct Plan-Growth",2019-04-11,24.0191
118482,"BANDHAN Nifty 50 Index Fund-Direct Plan-Growth",2019-04-12,24.1149
118482,"BANDHAN Nifty 50 Index Fund-Direct Plan-Growth",2019-04-15,24.2107
118482,"BANDHAN Nifty 50 Index Fund-Direct Plan-Growth",2019-04-16,24.409
118482,"BANDHAN Nifty 50 Index Fund-Direct Plan-Growth",2019-04-18,24.3383
118482,"BANDHAN Nifty 50 Index Fund-Direct Plan-Growth",2019-04-22,24.0137
118482,"BANDHAN Nifty 50 Index Fund-Direct Plan-Growth",2019-04-23,23.9753
118482,"BANDHAN Nifty 50 Index Fund-Direct Plan-Growth",2019-04-24,24.2843
118482,"BANDHAN Nifty 50 Index Fund-Direct Plan-Growth",2019-04-25,24.1115
118482,"BANDHAN Nifty 50 Index Fund-Direct Plan-Growth",2019-04-26,24.3416
118482,"BANDHAN Nifty 50 Index Fund-Direct Plan-Growth",2019-04-30,24.3289
118482,"BANDHAN Nifty 50 Index Fund-Direct Plan-Growth",2019-05-02,24.2813
118482,"BANDHAN Nifty 50 Index Fund-Direct Plan-Growth",2019-05-03,24.2556
118482,"BANDHAN Nifty 50 Index Fund-Direct Plan-Growth",2019-05-06,24.0208
118482,"BANDHAN Nifty 50 Index Fund-Direct Plan-Growth",2019-05-07,23.818
118482,"BANDHAN Nifty 50 Index Fund-Direct Plan-Growth",2019-05-08,23.5347
118482,"BANDHAN Nifty 50 Index Fund-Direct Plan-Growth",2019-05-09,23.4141
118482,"BANDHAN Nifty 50 Index Fund-Direct Plan-Growth",2019-05-10,23.3676
118482,"BANDHAN Nifty 50 Index Fund-Direct Plan-Growth",2019-05-13,23.0974
118482,"BANDHAN Nifty 50 Index Fund-Direct Plan-Growth",2019-05-14,23.2515
118482,"BANDHAN Nifty 50 Index Fund-Direct Plan-Growth",2019-05-15,23.1147
118482,"BANDHAN Nifty 50 Index Fund-Direct Plan-Growth",2019-05-16,23.3193
118482,"BANDHAN Nifty 50 Index Fund-Direct Plan-Growth",2019-05-17,23.6245
118482,"BANDHAN Nifty 50 Index Fund-Direct Plan-Growth",2019-05-20,24.4846
118482,"BANDHAN Nifty 50 Index Fund-Direct Plan-Growth",2019-05-21,24.2341
118482,"BANDHAN Nifty 50 Index Fund-Direct Plan-Growth",2019-05-22,24.3196
118482,"BANDHAN Nifty 50 Index Fund-Direct Plan-Growth",2019-05-23,24.157
118482,"BANDHAN Nifty 50 Index Fund-Direct Plan-Growth",2019-05-24,24.5423
118482,"BANDHAN Nifty 50 Index Fund-Direct Plan-Growth",2019-05-27,24.7093
118482,"BANDHAN Nifty 50 Index Fund-Direct Plan-Growth",2019-05-28,24.7187
118482,"BANDHAN Nifty 50 Index Fund-Direct Plan-Growth",2019-05-29,24.5781
118482,"BANDHAN Nifty 50 Index Fund-Direct Plan-Growth",2019-05-30,24.7534
118482,"BANDHAN Nifty 50 Index Fund-Direct Plan-Growth",2019-05-31,24.7046
118482,"BANDHAN Nifty 50 Index Fund-Direct Plan-Growth",2019-06-03,25.0493
118482,"BANDHAN Nifty 50 Index Fund-Direct Plan-Growth",2019-06-04,24.9213
118482,"BANDHAN Nifty 50 Index Fund-Direct Plan-Growth",2019-06-06,24.5544
118482,"BANDHAN Nifty 50 Index Fund-Direct Plan-Growth",2019-06-07,24.6096
118482,"BANDHAN Nifty 50 Index Fund-Direct Plan-Growth",2019-06-10,24.7158
118482,"BANDHAN Nifty 50 Index Fund-Direct Plan-Growth",2019-06-11,24.8038
118482,"BANDHAN Nifty 50 Index Fund-Direct Plan-Growth",2019-06-12,24.6819
118482,"BANDHAN Nifty 50 Index Fund-Direct Plan-Growth",2019-06-13,24.7194
118482,"BANDHAN Nifty 50 Index Fund-Direct Plan-Growth",2019-06-14,24.5312
118482,"BANDHAN Nifty 50 Index Fund-Direct Plan-Growth",2019-06-17,24.2199
118482,"BANDHAN Nifty 50 Index Fund-Direct Plan-Growth",2019-06-18,24.2562
118482,"BANDHAN Nifty 50 Index Fund-Direct Plan-Growth",2019-06-19,24.2564
118482,"BANDHAN Nifty 50 Index Fund-Direct Plan-Growth",2019-06-20,24.5668
118482,"BANDHAN Nifty 50 Index Fund-Direct Plan-Growth",2019-06-21,24.3453
118482,"BANDHAN Nifty 50 Index Fund-Direct Plan-Growth",2019-06-24,24.2944
118482,"BANDHAN Nifty 50 Index Fund-Direct Plan-Growth",2019-06-25,24.4934
118482,"BANDHAN Nifty 50 Index Fund-Direct Plan-Growth",2019-06-26,24.5984
118482,"BANDHAN Nifty 50 Index Fund-Direct Plan-Growth",2019-06-27,24.586
118482,"BANDHAN Nifty 50 Index Fund-Direct Plan-Growth",2019-06-28,24.4755
118482,"BANDHAN Nifty 50 Index Fund-Direct Plan-Growth",2019-07-01,24.6332
118482,"BANDHAN Nifty 50 Index Fund-Direct Plan-Growth",2019-07-02,24.7251
118482,"BANDHAN Nifty 50 Index Fund-Direct Plan-Growth",2019-07-03,24.7384
118482,"BANDHAN Nifty 50 Index Fund-Direct Plan-Growth",2019-07-04,24.8062
118482,"BANDHAN Nifty 50 Index Fund-Direct Plan-Growth",2019-07-05,24.5265
118482,"BANDHAN Nifty 50 Index Fund-Direct Plan-Growth",2019-07-08,24.0091
118482,"BANDHAN Nifty 50 Index Fund-Direct Plan-Growth",2019-07-09,24.0031
118482,"BANDHAN Nifty 50 Index Fund-Direct Plan-Growth",2019-07-10,23.8871
118482,"BANDHAN Nifty 50 Index Fund-Direct Plan-Growth",2019-07-11,24.0632
118482,"BANDHAN Nifty 50 Index Fund-Direct Plan-Growth",2019-07-12,24.0015
118482,"BANDHAN Nifty 50 Index Fund-Direct Plan-Growth",2019-07-15,24.0768
118482,"BANDHAN Nifty 50 Index Fund-Direct Plan-Growth",2019-07-16,24.2326
118482,"BANDHAN Nifty 50 Index Fund-Direct Plan-Growth",2019-07-17,24.2829
118482,"BANDHAN Nifty 50 Index Fund-Direct Plan-Growth",2019-07-18,24.1035
118482,"BANDHAN Nifty 50 Index Fund-Direct Plan-Growth",2019-07-19,23.7579
118482,"BANDHAN Nifty 50 Index Fund-Direct Plan-Growth",2019-07-22,23.6135
118482,"BANDHAN Nifty 50 Index Fund-Direct Plan-Growth",2019-07-23,23.5816
118482,"BANDHAN Nifty 50 Index Fund-Direct Plan-Growth",2019-07-24,23.4706
118482,"BANDHAN Nifty 50 Index Fund-Direct Plan-Growth",2019-07-25,23.4351
118482,"BANDHAN Nifty 50 Index Fund-Direct Plan-Growth",2019-07-26,23.5011
118482,"BANDHAN Nifty 50 Index Fund-Direct Plan-Growth",2019-07-29,23.3057
118482,"BANDHAN Nifty 50 Index Fund-Direct Plan-Growth",2019-07-30,23.0927
118482,"BANDHAN Nifty 50 Index Fund-Direct Plan-Growth",2019-07-31,23.1602
118482,"BANDHAN Nifty 50 Index Fund-Direct Plan-Growth",2019-08-01,22.8815
118482,"BANDHAN Nifty 50 Index Fund-Direct Plan-Growth",2019-08-02,22.9285
118482,"BANDHAN Nifty 50 Index Fund-Direct Plan-Growth",2019-08-05,22.6508
118482,"BANDHAN Nifty 50 Index Fund-Direct Plan-Growth",2019-08-06,22.8266
118482,"BANDHAN Nifty 50 Index Fund-Direct Plan-Growth",2019-08-07,22.6353
118482,"BANDHAN Nifty 50 Index Fund-Direct Plan-Growth",2019-08-08,23.0024
118482,"BANDHAN Nifty 50 Index Fund-Direct Plan-Growth",2019-08-09,23.1615
118482,"BANDHAN Nifty 50 Index Fund-Direct Plan-Growth",2019-08-13,22.7879
118482,"BANDHAN Nifty 50 Index Fund-Direct Plan-Growth",2019-08-14,23.0072
118482,"BANDHAN Nifty 50 Index Fund-Direct Plan-Growth",2019-08-16,23.045
118482,"BANDHAN Nifty 50 Index Fund-Direct Plan-Growth",2019-08-19,23.0614
118482,"BANDHAN Nifty 50 Index Fund-Direct Plan-Growth",2019-08-20,22.988
118482,"BANDHAN Nifty 50 Index Fund-Direct Plan-Growth",2019-08-21,22.7913
118482,"BANDHAN Nifty 50 Index Fund-Direct Plan-Growth",2019-08-22,22.4273
118482,"BANDHAN Nifty 50 Index Fund-Direct Plan-Growth",2019-08-23,22.6108
118482,"BANDHAN Nifty 50 Index Fund-Direct Plan-Growth",2019-08-26,23.0829
118482,"BANDHAN Nifty 50 Index Fund-Direct Plan-Growth",2019-08-27,23.181
118482,"BANDHAN Nifty 50 Index Fund-Direct Plan-Growth",2019-08-28,23.0584
118482,"BANDHAN Nifty 50 Index Fund-Direct Plan-Growth",2019-08-29,22.8561
118482,"BANDHAN Nifty 50 Index Fund-Direct Plan-Growth",2019-08-30,23.0105
118482,"BANDHAN Nifty 50 Index Fund-Direct Plan-Growth",2019-09-03,22.5432
118482,"BANDHAN Nifty 50 Index Fund-Direct Plan-Growth",2019-09-04,22.6405
118482,"BANDHAN Nifty 50 Index Fund-Direct Plan-Growth",2019-09-05,22.6468
118482,"BANDHAN Nifty 50 Index Fund-Direct Plan-Growth",2019-09-06,22.8492
118482,"BANDHAN Nifty 50 Index Fund-Direct Plan-Growth",2019-09-09,22.9668
118482,"BANDHAN Nifty 50 Index Fund-Direct Plan-Growth",2019-09-11,23.0343
147625,"Motilal Oswal Nifty 500 Index Fund - Direct Plan",2019-09-11,10.0936
118482,"BANDHAN Nifty 50 Index Fund-Direct Plan-Growth",2019-09-12,22.9251
147625,"Motilal Oswal Nifty 500 Index Fund - Direct Plan",2019-09-12,10.0574
118482,"BANDHAN Nifty 50 Index Fund-Direct Plan-Growth",2019-09-13,23.1167
147625,"Motilal Oswal Nifty 500 Index Fund - Direct Plan",2019-09-13,10.1356
118482,"BANDHAN Nifty 50 Index Fund-Direct Plan-Growth",2019-09-16,22.9663
147625,"Motilal Oswal Nifty 500 Index Fund - Direct Plan",2019-09-16,10.0894
118482,"BANDHAN Nifty 50 Index Fund-Direct Plan-Growth",2019-09-17,22.5811
147625,"Motilal Oswal Nifty 500 Index Fund - Direct Plan",2019-09-17,9.917
118482,"BANDHAN Nifty 50 Index Fund-Direct Plan-Growth",2019-09-18,22.6292
147625,"Motilal Oswal Nifty 500 Index Fund - Direct Plan",2019-09-18,9.9437
118482,"BANDHAN Nifty 50 Index Fund-Direct Plan-Growth",2019-09-19,22.3457
147625,"Motilal Oswal Nifty 500 Index Fund - Direct Plan",2019-09-19,9.8204
118482,"BANDHAN Nifty 50 Index Fund-Direct Plan-Growth",2019-09-20,23.5278
147625,"Motilal Oswal Nifty 500 Index Fund - Direct Plan",2019-09-20,10.3354
118482,"BANDHAN Nifty 50 Index Fund-Direct Plan-Growth",2019-09-23,24.2036
147625,"Motilal Oswal Nifty 500 Index Fund - Direct Plan",2019-09-23,10.6215
118482,"BANDHAN Nifty 50 Index Fund-Direct Plan-Growth",2019-09-24,24.1788
147625,"Motilal Oswal Nifty 500 Index Fund - Direct Plan",2019-09-24,10.61
118482,"BANDHAN Nifty 50 Index Fund-Direct Plan-Growth",2019-09-25,23.868
147625,"Motilal Oswal Nifty 500 Index Fund - Direct Plan",2019-09-25,10.4705
118482,"BANDHAN Nifty 50 Index Fund-Direct Plan-Growth",2019-09-26,24.1404
147625,"Motilal Oswal Nifty 500 Index Fund - Direct Plan",2019-09-26,10.5794
118482,"BANDHAN Nifty 50 Index Fund-Direct Plan-Growth",2019-09-27,24.0197
147625,"Motilal Oswal Nifty 500 Index Fund - Direct Plan",2019-09-27,10.5261
118482,"BANDHAN Nifty 50 Index Fund-Direct Plan-Growth",2019-09-30,23.9411
147625,"Motilal Oswal Nifty 500 Index Fund - Direct Plan",2019-09-30,10.4654
118482,"BANDHAN Nifty 50 Index Fund-Direct Plan-Growth",2019-10-01,23.7027
147625,"Motilal Oswal Nifty 500 Index Fund - Direct Plan",2019-10-01,10.3505
118482,"BANDHAN Nifty 50 Index Fund-Direct Plan-Growth",2019-10-03,23.6069
147625,"Motilal Oswal Nifty 500 Index Fund - Direct Plan",2019-10-03,10.309
118482,"BANDHAN Nifty 50 Index Fund-Direct Plan-Growth",2019-10-04,23.3156
147625,"Motilal Oswal Nifty 500 Index Fund - Direct Plan",2019-10-04,10.1925
118482,"BANDHAN Nifty 50 Index Fund-Direct Plan-Growth",2019-10-07,23.2155
147625,"Motilal Oswal Nifty 500 Index Fund - Direct Plan",2019-10-07,10.1367
118482,"BANDHAN Nifty 50 Index Fund-Direct Plan-Growth",2019-10-09,23.5994
147625,"Motilal Oswal Nifty 500 Index Fund - Direct Plan",2019-10-09,10.286
118482,"BANDHAN Nifty 50 Index Fund-Direct Plan-Growth",2019-10-10,23.4381
147625,"Motilal Oswal Nifty 500 Index Fund - Direct Plan",2019-10-10,10.2145
118482,"BANDHAN Nifty 50 Index Fund-Direct Plan-Growth",2019-10-11,23.5839
147625,"Motilal Oswal Nifty 500 Index Fund - Direct Plan",2019-10-11,10.269
118482,"BANDHAN Nifty 50 Index Fund-Direct Plan-Growth",2019-10-14,23.6582
147625,"Motilal Oswal Nifty 500 Index Fund - Direct Plan",2019-10-14,10.3051
118482,"BANDHAN Nifty 50 Index Fund-Direct Plan-Growth",2019-10-15,23.839
147625,"Motilal Oswal Nifty 500 Index Fund - Direct Plan",2019-10-15,10.3724
118482,"BANDHAN Nifty 50 Index Fund-Direct Plan-Growth",2019-10-16,23.9127
147625,"Motilal Oswal Nifty 500 Index Fund - Direct Plan",2019-10-16,10.4032
118482,"BANDHAN Nifty 50 Index Fund-Direct Plan-Growth",2019-10-17,24.1877
147625,"Motilal Oswal Nifty 500 Index Fund - Direct Plan",2019-10-17,10.5304
118482,"BANDHAN Nifty 50 Index Fund-Direct Plan-Growth",2019-10-18,24.343
147625,"Motilal Oswal Nifty 500 Index Fund - Direct Plan",2019-10-18,10.6278
118482,"BANDHAN Nifty 50 Index Fund-Direct Plan-Growth",2019-10-22,24.1923
147625,"Motilal Oswal Nifty 500 Index Fund - Direct Plan",2019-10-22,10.5906
118482,"BANDHAN Nifty 50 Index Fund-Direct Plan-Growth",2019-10-23,24.2427
147625,"Motilal Oswal Nifty 500 Index Fund - Direct Plan",2019-10-23,10.6084
118482,"BANDHAN Nifty 50 Index Fund-Direct Plan-Growth",2019-10-24,24.1986
147625,"Motilal Oswal Nifty 500 Index Fund - Direct Plan",2019-10-24,10.5857
118482,"BANDHAN Nifty 50 Index Fund-Direct Plan-Growth",2019-10-25,24.2011
147625,"Motilal Oswal Nifty 500 Index Fund - Direct Plan",2019-10-25,10.5787
118482,"BANDHAN Nifty 50 Index Fund-Direct Plan-Growth",2019-10-29,24.6172
147625,"Motilal Oswal Nifty 500 Index Fund - Direct Plan",2019-10-29,10.7618
118482,"BANDHAN Nifty 50 Index Fund-Direct Plan-Growth",2019-10-30,24.7351
147625,"Motilal Oswal Nifty 500 Index Fund - Direct Plan",2019-10-30,10.8161
118482,"BANDHAN Nifty 50 Index Fund-Direct Plan-Growth",2019-10-31,24.8033
147625,"Motilal Oswal Nifty 500 Index Fund - Direct Plan",2019-10-31,10.8625
118482,"BANDHAN Nifty 50 Index Fund-Direct Plan-Growth",2019-11-01,24.8307
147625,"Motilal Oswal Nifty 500 Index Fund - Direct Plan",2019-11-01,10.8785
118482,"BANDHAN Nifty 50 Index Fund-Direct Plan-Growth",2019-11-04,24.9364
147625,"Motilal Oswal Nifty 500 Index Fund - Direct Plan",2019-11-04,10.9099
118482,"BANDHAN Nifty 50 Index Fund-Direct Plan-Growth",2019-11-05,24.8862
147625,"Motilal Oswal Nifty 500 Index Fund - Direct Plan",2019-11-05,10.8683
118482,"BANDHAN Nifty 50 Index Fund-Direct Plan-Growth",2019-11-06,24.9866
147625,"Motilal Oswal Nifty 500 Index Fund - Direct Plan",2019-11-06,10.8984
118482,"BANDHAN Nifty 50 Index Fund-Direct Plan-Growth",2019-11-07,25.0814
147625,"Motilal Oswal Nifty 500 Index Fund - Direct Plan",2019-11-07,10.946
118482,"BANDHAN Nifty 50 Index Fund-Direct Plan-Growth",2019-11-08,24.8671
147625,"Motilal Oswal Nifty 500 Index Fund - Direct Plan",2019-11-08,10.8568
118482,"BANDHAN Nifty 50 Index Fund-Direct Plan-Growth",2019-11-11,24.8777
147625,"Motilal Oswal Nifty 500 Index Fund - Direct Plan",2019-11-11,10.8708
118482,"BANDHAN Nifty 50 Index Fund-Direct Plan-Growth",2019-11-13,24.7274
147625,"Motilal Oswal Nifty 500 Index Fund - Direct Plan",2019-11-13,10.8023
118482,"BANDHAN Nifty 50 Index Fund-Direct Plan-Growth",2019-11-14,24.793
147625,"Motilal Oswal Nifty 500 Index Fund - Direct Plan",2019-11-14,10.8199
118482,"BANDHAN Nifty 50 Index Fund-Direct Plan-Growth",2019-11-15,24.8418
147625,"Motilal Oswal Nifty 500 Index Fund - Direct Plan",2019-11-15,10.8386
118482,"BANDHAN Nifty 50 Index Fund-Direct Plan-Growth",2019-11-18,24.8187
147625,"Motilal Oswal Nifty 500 Index Fund - Direct Plan",2019-11-18,10.8404
118482,"BANDHAN Nifty 50 Index Fund-Direct Plan-Growth",2019-11-19,24.9335
147625,"Motilal Oswal Nifty 500 Index Fund - Direct Plan",2019-11-19,10.8776
118482,"BANDHAN Nifty 50 Index Fund-Direct Plan-Growth",2019-11-20,25.0552
147625,"Motilal Oswal Nifty 500 Index Fund - Direct Plan",2019-11-20,10.9252
118482,"BANDHAN Nifty 50 Index Fund-Direct Plan-Growth",2019-11-21,24.9916
147625,"Motilal Oswal Nifty 500 Index Fund - Direct Plan",2019-11-21,10.8896
118482,"BANDHAN Nifty 50 Index Fund-Direct Plan-Growth",2019-11-22,24.88
147625,"Motilal Oswal Nifty 500 Index Fund - Direct Plan",2019-11-22,10.853
118482,"BANDHAN Nifty 50 Index Fund-Direct Plan-Growth",2019-11-25,25.2116
147625,"Motilal Oswal Nifty 500 Index Fund - Direct Plan",2019-11-25,10.9888
118482,"BANDHAN Nifty 50 Index Fund-Direct Plan-Growth",2019-11-26,25.1371
147625,"Motilal Oswal Nifty 500 Index Fund - Direct Plan",2019-11-26,10.9453
118482,"BANDHAN Nifty 50 Index Fund-Direct Plan-Growth",2019-11-27,25.267
147625,"Motilal Oswal Nifty 500 Index Fund - Direct Plan",2019-11-27,11.0041
118482,"BANDHAN Nifty 50 Index Fund-Direct Plan-Growth",2019-11-28,25.3712
147625,"Motilal Oswal Nifty 500 Index Fund - Direct Plan",2019-11-28,11.0642
118482,"BANDHAN Nifty 50 Index Fund-Direct Plan-Growth",2019-11-29,25.1737
147625,"Motilal Oswal Nifty 500 Index Fund - Direct Plan",2019-11-29,11.0021
118482,"BANDHAN Nifty 50 Index Fund-Direct Plan-Growth",2019-12-02,25.157
147625,"Motilal Oswal Nifty 500 Index Fund - Direct Plan",2019-12-02,10.9846
118482,"BANDHAN Nifty 50 Index Fund-Direct Plan-Growth",2019-12-03,25.0447
147625,"Motilal Oswal Nifty 500 Index Fund - Direct Plan",2019-12-03,10.9242
118482,"BANDHAN Nifty 50 Index Fund-Direct Plan-Growth",2019-12-04,25.1464
147625,"Motilal Oswal Nifty 500 Index Fund - Direct Plan",2019-12-04,10.9669
118482,"BANDHAN Nifty 50 Index Fund-Direct Plan-Growth",2019-12-05,25.0953
147625,"Motilal Oswal Nifty 500 Index Fund - Direct Plan",2019-12-05,10.9397
118482,"BANDHAN Nifty 50 Index Fund-Direct Plan-Growth",2019-12-06,24.892
147625,"Motilal Oswal Nifty 500 Index Fund - Direct Plan",2019-12-06,10.8419
118482,"BANDHAN Nifty 50 Index Fund-Direct Plan-Growth",2019-12-09,24.9249
147625,"Motilal Oswal Nifty 500 Index Fund - Direct Plan",2019-12-09,10.8438
118482,"BANDHAN Nifty 50 Index Fund-Direct Plan-Growth",2019-12-10,24.7583
147625,"Motilal Oswal Nifty 500 Index Fund - Direct Plan",2019-12-10,10.7601
118482,"BANDHAN Nifty 50 Index Fund-Direct Plan-Growth",2019-12-11,24.8687
147625,"Motilal Oswal Nifty 500 Index Fund - Direct Plan",2019-12-11,10.805
118482,"BANDHAN Nifty 50 Index Fund-Direct Plan-Growth",2019-12-12,24.9965
147625,"Motilal Oswal Nifty 500 Index Fund - Direct Plan",2019-12-12,10.8651
118482,"BANDHAN Nifty 50 Index Fund-Direct Plan-Growth",2019-12-13,25.2346
147625,"Motilal Oswal Nifty 500 Index Fund - Direct Plan",2019-12-13,10.9676
118482,"BANDHAN Nifty 50 Index Fund-Direct Plan-Growth",2019-12-16,25.1665
147625,"Motilal Oswal Nifty 500 Index Fund - Direct Plan",2019-12-16,10.9333
118482,"BANDHAN Nifty 50 Index Fund-Direct Plan-Growth",2019-12-17,25.396
147625,"Motilal Oswal Nifty 500 Index Fund - Direct Plan",2019-12-17,11.0204
118482,"BANDHAN Nifty 50 Index Fund-Direct Plan-Growth",2019-12-18,25.513
147625,"Motilal Oswal Nifty 500 Index Fund - Direct Plan",2019-12-18,11.0578
118482,"BANDHAN Nifty 50 Index Fund-Direct Plan-Growth",2019-12-19,25.5927
147625,"Motilal Oswal Nifty 500 Index Fund - Direct Plan",2019-12-19,11.0893
118482,"BANDHAN Nifty 50 Index Fund-Direct Plan-Growth",2019-12-20,25.6178
147625,"Motilal Oswal Nifty 500 Index Fund - Direct Plan",2019-12-20,11.1039
118482,"BANDHAN Nifty 50 Index Fund-Direct Plan-Growth",2019-12-23,25.5986
147625,"Motilal Oswal Nifty 500 Index Fund - Direct Plan",2019-12-23,11.0952
118482,"BANDHAN Nifty 50 Index Fund-Direct Plan-Growth",2019-12-24,25.4988
147625,"Motilal Oswal Nifty 500 Index Fund - Direct Plan",2019-12-24,11.0622
118482,"BANDHAN Nifty 50 Index Fund-Direct Plan-Growth",2019-12-26,25.3164
147625,"Motilal Oswal Nifty 500 Index Fund - Direct Plan",2019-12-26,11.0074
118482,"BANDHAN Nifty 50 Index Fund-Direct Plan-Growth",2019-12-27,25.5639
147625,"Motilal Oswal Nifty 500 Index Fund - Direct Plan",2019-12-27,11.1086
118482,"BANDHAN Nifty 50 Index Fund-Direct Plan-Growth",2019-12-30,25.5844
147625,"Motilal Oswal Nifty 500 Index Fund - Direct Plan",2019-12-30,11.1261
118482,"BANDHAN Nifty 50 Index Fund-Direct Plan-Growth",2019-12-31,25.4012
147625,"Motilal Oswal Nifty 500 Index Fund - Direct Plan",2019-12-31,11.0685
118482,"BANDHAN Nifty 50 Index Fund-Direct Plan-Growth",2020-01-01,25.4304
147625,"Motilal Oswal Nifty 500 Index Fund - Direct Plan",2020-01-01,11.0859
118482,"BANDHAN Nifty 50 Index Fund-Direct Plan-Growth",2020-01-02,25.6368
147625,"Motilal Oswal Nifty 500 Index Fund - Direct Plan",2020-01-02,11.1864
118482,"BANDHAN Nifty 50 Index Fund-Direct Plan-Growth",2020-01-03,25.5217
147625,"Motilal Oswal Nifty 500 Index Fund - Direct Plan",2020-01-03,11.1441
118482,"BANDHAN Nifty 50 Index Fund-Direct Plan-Growth",2020-01-06,25.0377
147625,"Motilal Oswal Nifty 500 Index Fund - Direct Plan",2020-01-06,10.9305
118482,"BANDHAN Nifty 50 Index Fund-Direct Plan-Growth",2020-01-07,25.1614
147625,"Motilal Oswal Nifty 500 Index Fund - Direct Plan",2020-01-07,10.9919
118482,"BANDHAN Nifty 50 Index Fund-Direct Plan-Growth",2020-01-08,25.1047
147625,"Motilal Oswal Nifty 500 Index Fund - Direct Plan",2020-01-08,10.9772
118482,"BANDHAN Nifty 50 Index Fund-Direct Plan-Growth",2020-01-09,25.5008
147625,"Motilal Oswal Nifty 500 Index Fund - Direct Plan",2020-01-09,11.1415
118482,"BANDHAN Nifty 50 Index Fund-Direct Plan-Growth",2020-01-10,25.5855
147625,"Motilal Oswal Nifty 500 Index Fund - Direct Plan",2020-01-10,11.1783
118482,"BANDHAN Nifty 50 Index Fund-Direct Plan-Growth",2020-01-13,25.7364
147625,"Motilal Oswal Nifty 500 Index Fund - Direct Plan",2020-01-13,11.2483
118482,"BANDHAN Nifty 50 Index Fund-Direct Plan-Growth",2020-01-14,25.8044
147625,"Motilal Oswal Nifty 500 Index Fund - Direct Plan",2020-01-14,11.2843
118482,"BANDHAN Nifty 50 Index Fund-Direct Plan-Growth",2020-01-15,25.7647
147625,"Motilal Oswal Nifty 500 Index Fund - Direct Plan",2020-01-15,11.296
118482,"BANDHAN Nifty 50 Index Fund-Direct Plan-Growth",2020-01-16,25.7897
147625,"Motilal Oswal Nifty 500 Index Fund - Direct Plan",2020-01-16,11.3195
118482,"BANDHAN Nifty 50 Index Fund-Direct Plan-Growth",2020-01-17,25.7834
147625,"Motilal Oswal Nifty 500 Index Fund - Direct Plan",2020-01-17,11.3288
118482,"BANDHAN Nifty 50 Index Fund-Direct Plan-Growth",2020-01-20,25.5169
147625,"Motilal Oswal Nifty 500 Index Fund - Direct Plan",2020-01-20,11.2263
118482,"BANDHAN Nifty 50 Index Fund-Direct Plan-Growth",2020-01-21,25.403
147625,"Motilal Oswal Nifty 500 Index Fund - Direct Plan",2020-01-21,11.1847
118482,"BANDHAN Nifty 50 Index Fund-Direct Plan-Growth",2020-01-22,25.2721
147625,"Motilal Oswal Nifty 500 Index Fund - Direct Plan",2020-01-22,11.1407
118482,"BANDHAN Nifty 50 Index Fund-Direct Plan-Growth",2020-01-23,25.4268
147625,"Motilal Oswal Nifty 500 Index Fund - Direct Plan",2020-01-23,11.2208
118482,"BANDHAN Nifty 50 Index Fund-Direct Plan-Growth",2020-01-24,25.5693
147625,"Motilal Oswal Nifty 500 Index Fund - Direct Plan",2020-01-24,11.2894
118482,"BANDHAN Nifty 50 Index Fund-Direct Plan-Growth",2020-01-27,25.3015
147625,"Motilal Oswal Nifty 500 Index Fund - Direct Plan",2020-01-27,11.1976
118482,"BANDHAN Nifty 50 Index Fund-Direct Plan-Growth",2020-01-28,25.1738
147625,"Motilal Oswal Nifty 500 Index Fund - Direct Plan",2020-01-28,11.1525
118482,"BANDHAN Nifty 50 Index Fund-Direct Plan-Growth",2020-01-29,25.3262
147625,"Motilal Oswal Nifty 500 Index Fund - Direct Plan",2020-01-29,11.2088
118482,"BANDHAN Nifty 50 Index Fund-Direct Plan-Growth",2020-01-30,25.1319
147625,"Motilal Oswal Nifty 500 Index Fund - Direct Plan",2020-01-30,11.1096
118482,"BANDHAN Nifty 50 Index Fund-Direct Plan-Growth",2020-01-31,24.979
147625,"Motilal Oswal Nifty 500 Index Fund - Direct Plan",2020-01-31,11.0462
118482,"BANDHAN Nifty 50 Index Fund-Direct Plan-Growth",2020-02-03,24.4522
147625,"Motilal Oswal Nifty 500 Index Fund - Direct Plan",2020-02-03,10.8153
118482,"BANDHAN Nifty 50 Index Fund-Direct Plan-Growth",2020-02-04,25.0129
147625,"Motilal Oswal Nifty 500 Index Fund - Direct Plan",2020-02-04,11.0367
118482,"BANDHAN Nifty 50 Index Fund-Direct Plan-Growth",2020-02-05,25.2396
147625,"Motilal Oswal Nifty 500 Index Fund - Direct Plan",2020-02-05,11.1445
118482,"BANDHAN Nifty 50 Index Fund-Direct Plan-Growth",2020-02-06,25.3405
147625,"Motilal Oswal Nifty 500 Index Fund - Direct Plan",2020-02-06,11.203
118482,"BANDHAN Nifty 50 Index Fund-Direct Plan-Growth",2020-02-07,25.2584
147625,"Motilal Oswal Nifty 500 Index Fund - Direct Plan",2020-02-07,11.1993
118482,"BANDHAN Nifty 50 Index Fund-Direct Plan-Growth",2020-02-10,25.1196
147625,"Motilal Oswal Nifty 500 Index Fund - Direct Plan",2020-02-10,11.1384
118482,"BANDHAN Nifty 50 Index Fund-Direct Plan-Growth",2020-02-11,25.2776
147625,"Motilal Oswal Nifty 500 Index Fund - Direct Plan",2020-02-11,11.1836
118482,"BANDHAN Nifty 50 Index Fund-Direct Plan-Growth",2020-02-12,25.4707
147625,"Motilal Oswal Nifty 500 Index Fund - Direct Plan",2020-02-12,11.2388
118482,"BANDHAN Nifty 50 Index Fund-Direct Plan-Growth",2020-02-13,25.4153
147625,"Motilal Oswal Nifty 500 Index Fund - Direct Plan",2020-02-13,11.2178
118482,"BANDHAN Nifty 50 Index Fund-Direct Plan-Growth",2020-02-14,25.2876
147625,"Motilal Oswal Nifty 500 Index Fund - Direct Plan",2020-02-14,11.1553
118482,"BANDHAN Nifty 50 Index Fund-Direct Plan-Growth",2020-02-17,25.1538
147625,"Motilal Oswal Nifty 500 Index Fund - Direct Plan",2020-02-17,11.0803
118482,"BANDHAN Nifty 50 Index Fund-Direct Plan-Growth",2020-02-18,25.0439
147625,"Motilal Oswal Nifty 500 Index Fund - Direct Plan",2020-02-18,11.0327
118482,"BANDHAN Nifty 50 Index Fund-Direct Plan-Growth",2020-02-19,25.3177
147625,"Motilal Oswal Nifty 500 Index Fund - Direct Plan",2020-02-19,11.1681
118482,"BANDHAN Nifty 50 Index Fund-Direct Plan-Growth",2020-02-20,25.2247
147625,"Motilal Oswal Nifty 500 Index Fund - Direct Plan",2020-02-20,11.1547
118482,"BANDHAN Nifty 50 Index Fund-Direct Plan-Growth",2020-02-24,24.7088
147625,"Motilal Oswal Nifty 500 Index Fund - Direct Plan",2020-02-24,10.935
118482,"BANDHAN Nifty 50 Index Fund-Direct Plan-Growth",2020-02-25,24.6446
147625,"Motilal Oswal Nifty 500 Index Fund - Direct Plan",2020-02-25,10.8997
118482,"BANDHAN Nifty 50 Index Fund-Direct Plan-Growth",2020-02-26,24.398
147625,"Motilal Oswal Nifty 500 Index Fund - Direct Plan",2020-02-26,10.789
118482,"BANDHAN Nifty 50 Index Fund-Direct Plan-Growth",2020-02-27,24.3035
147625,"Motilal Oswal Nifty 500 Index Fund - Direct Plan",2020-02-27,10.7422
118482,"BANDHAN Nifty 50 Index Fund-Direct Plan-Growth",2020-02-28,23.4056
147625,"Motilal Oswal Nifty 500 Index Fund - Direct Plan",2020-02-28,10.3595
118482,"BANDHAN Nifty 50 Index Fund-Direct Plan-Growth",2020-03-02,23.2666
147625,"Motilal Oswal Nifty 500 Index Fund - Direct Plan",2020-03-02,10.2973
118482,"BANDHAN Nifty 50 Index Fund-Direct Plan-Growth",2020-03-03,23.6025
147625,"Motilal Oswal Nifty 500 Index Fund - Direct Plan",2020-03-03,10.448
118482,"BANDHAN Nifty 50 Index Fund-Direct Plan-Growth",2020-03-04,23.5029
147625,"Motilal Oswal Nifty 500 Index Fund - Direct Plan",2020-03-04,10.3763
118482,"BANDHAN Nifty 50 Index Fund-Direct Plan-Growth",2020-03-05,23.5352
147625,"Motilal Oswal Nifty 500 Index Fund - Direct Plan",2020-03-05,10.401
118482,"BANDHAN Nifty 50 Index Fund-Direct Plan-Growth",2020-03-06,22.9606
147625,"Motilal Oswal Nifty 500 Index Fund - Direct Plan",2020-03-06,10.1596
118482,"BANDHAN Nifty 50 Index Fund-Direct Plan-Growth",2020-03-09,21.8705
147625,"Motilal Oswal Nifty 500 Index Fund - Direct Plan",2020-03-09,9.6914
118482,"BANDHAN Nifty 50 Index Fund-Direct Plan-Growth",2020-03-11,21.8838
147625,"Motilal Oswal Nifty 500 Index Fund - Direct Plan",2020-03-11,9.6768
118482,"BANDHAN Nifty 50 Index Fund-Direct Plan-Growth",2020-03-12,20.1502
147625,"Motilal Oswal Nifty 500 Index Fund - Direct Plan",2020-03-12,8.8932
118482,"BANDHAN Nifty 50 Index Fund-Direct Plan-Growth",2020-03-13,20.85
147625,"Motilal Oswal Nifty 500 Index Fund - Direct Plan",2020-03-13,9.1764
118482,"BANDHAN Nifty 50 Index Fund-Direct Plan-Growth",2020-03-16,19.3244
147625,"Motilal Oswal Nifty 500 Index Fund - Direct Plan",2020-03-16,8.5548
118482,"BANDHAN Nifty 50 Index Fund-Direct Plan-Growth",2020-03-17,18.8554
147625,"Motilal Oswal Nifty 500 Index Fund - Direct Plan",2020-03-17,8.3654
118482,"BANDHAN Nifty 50 Index Fund-Direct Plan-Growth",2020-03-18,17.8756
147625,"Motilal Oswal Nifty 500 Index Fund - Direct Plan",2020-03-18,7.9355
118482,"BANDHAN Nifty 50 Index Fund-Direct Plan-Growth",2020-03-19,17.4544
147625,"Motilal Oswal Nifty 500 Index Fund - Direct Plan",2020-03-19,7.716
118482,"BANDHAN Nifty 50 Index Fund-Direct Plan-Growth",2020-03-20,18.409
147625,"Motilal Oswal Nifty 500 Index Fund - Direct Plan",2020-03-20,8.0983
118482,"BANDHAN Nifty 50 Index Fund-Direct Plan-Growth",2020-03-23,16.108
147625,"Motilal Oswal Nifty 500 Index Fund - Direct Plan",2020-03-23,7.1018
118482,"BANDHAN Nifty 50 Index Fund-Direct Plan-Growth",2020-03-24,16.4829
147625,"Motilal Oswal Nifty 500 Index Fund - Direct Plan",2020-03-24,7.2353
118482,"BANDHAN Nifty 50 Index Fund-Direct Plan-Growth",2020-03-25,17.5845
147625,"Motilal Oswal Nifty 500 Index Fund - Direct Plan",2020-03-25,7.6243
118482,"BANDHAN Nifty 50 Index Fund-Direct Plan-Growth",2020-03-26,18.2993
147625,"Motilal Oswal Nifty 500 Index Fund - Direct Plan",2020-03-26,7.9187
118482,"BANDHAN Nifty 50 Index Fund-Direct Plan-Growth",2020-03-27,18.3314
147625,"Motilal Oswal Nifty 500 Index Fund - Direct Plan",2020-03-27,7.9279
118482,"BANDHAN Nifty 50 Index Fund-Direct Plan-Growth",2020-03-30,17.5152
147625,"Motilal Oswal Nifty 500 Index Fund - Direct Plan",2020-03-30,7.6454
118482,"BANDHAN Nifty 50 Index Fund-Direct Plan-Growth",2020-03-31,18.1513
147625,"Motilal Oswal Nifty 500 Index Fund - Direct Plan",2020-03-31,7.9184
118482,"BANDHAN Nifty 50 Index Fund-Direct Plan-Growth",2020-04-01,17.4303
147625,"Motilal Oswal Nifty 500 Index Fund - Direct Plan",2020-04-01,7.655
118482,"BANDHAN Nifty 50 Index Fund-Direct Plan-Growth",2020-04-03,17.0647
147625,"Motilal Oswal Nifty 500 Index Fund - Direct Plan",2020-04-03,7.5177
118482,"BANDHAN Nifty 50 Index Fund-Direct Plan-Growth",2020-04-07,18.5356
147625,"Motilal Oswal Nifty 500 Index Fund - Direct Plan",2020-04-07,8.079
118482,"BANDHAN Nifty 50 Index Fund-Direct Plan-Growth",2020-04-08,18.4445
147625,"Motilal Oswal Nifty 500 Index Fund - Direct Plan",2020-04-08,8.0927
118482,"BANDHAN Nifty 50 Index Fund-Direct Plan-Growth",2020-04-09,19.1983
147625,"Motilal Oswal Nifty 500 Index Fund - Direct Plan",2020-04-09,8.4001
118482,"BANDHAN Nifty 50 Index Fund-Direct Plan-Growth",2020-04-13,18.9579
147625,"Motilal Oswal Nifty 500 Index Fund - Direct Plan",2020-04-13,8.31
118482,"BANDHAN Nifty 50 Index Fund-Direct Plan-Growth",2020-04-15,18.8127
147625,"Motilal Oswal Nifty 500 Index Fund - Direct Plan",2020-04-15,8.2919
118482,"BANDHAN Nifty 50 Index Fund-Direct Plan-Growth",2020-04-16,18.9455
147625,"Motilal Oswal Nifty 500 Index Fund - Direct Plan",2020-04-16,8.3666
118482,"BANDHAN Nifty 50 Index Fund-Direct Plan-Growth",2020-04-17,19.5264
147625,"Motilal Oswal Nifty 500 Index Fund - Direct Plan",2020-04-17,8.5887
118482,"BANDHAN Nifty 50 Index Fund-Direct Plan-Growth",2020-04-20,19.5319
147625,"Motilal Oswal Nifty 500 Index Fund - Direct Plan",2020-04-20,8.5894
118482,"BANDHAN Nifty 50 Index Fund-Direct Plan-Growth",2020-04-21,18.9433
147625,"Motilal Oswal Nifty 500 Index Fund - Direct Plan",2020-04-21,8.346
118482,"BANDHAN Nifty 50 Index Fund-Direct Plan-Growth",2020-04-22,19.3676
147625,"Motilal Oswal Nifty 500 Index Fund - Direct Plan",2020-04-22,8.4993
118482,"BANDHAN Nifty 50 Index Fund-Direct Plan-Growth",2020-04-23,19.65
147625,"Motilal Oswal Nifty 500 Index Fund - Direct Plan",2020-04-23,8.6011
118482,"BANDHAN Nifty 50 Index Fund-Direct Plan-Growth",2020-04-24,19.3075
147625,"Motilal Oswal Nifty 500 Index Fund - Direct Plan",2020-04-24,8.4547
118482,"BANDHAN Nifty 50 Index Fund-Direct Plan-Growth",2020-04-27,19.5807
147625,"Motilal Oswal Nifty 500 Index Fund - Direct Plan",2020-04-27,8.5756
118482,"BANDHAN Nifty 50 Index Fund-Direct Plan-Growth",2020-04-28,19.7896
147625,"Motilal Oswal Nifty 500 Index Fund - Direct Plan",2020-04-28,8.6519
118482,"BANDHAN Nifty 50 Index Fund-Direct Plan-Growth",2020-04-29,20.1665
147625,"Motilal Oswal Nifty 500 Index Fund - Direct Plan",2020-04-29,8.7906
118482,"BANDHAN Nifty 50 Index Fund-Direct Plan-Growth",2020-04-30,20.818
147625,"Motilal Oswal Nifty 500 Index Fund - Direct Plan",2020-04-30,9.0307
118482,"BANDHAN Nifty 50 Index Fund-Direct Plan-Growth",2020-05-04,19.6039
147625,"Motilal Oswal Nifty 500 Index Fund - Direct Plan",2020-05-04,8.5676
118482,"BANDHAN Nifty 50 Index Fund-Direct Plan-Growth",2020-05-05,19.4094
147625,"Motilal Oswal Nifty 500 Index Fund - Direct Plan",2020-05-05,8.4866
118482,"BANDHAN Nifty 50 Index Fund-Direct Plan-Growth",2020-05-06,19.5452
147625,"Motilal Oswal Nifty 500 Index Fund - Direct Plan",2020-05-06,8.5444
118482,"BANDHAN Nifty 50 Index Fund-Direct Plan-Growth",2020-05-07,19.3751
147625,"Motilal Oswal Nifty 500 Index Fund - Direct Plan",2020-05-07,8.4833
118482,"BANDHAN Nifty 50 Index Fund-Direct Plan-Growth",2020-05-08,19.4687
147625,"Motilal Oswal Nifty 500 Index Fund - Direct Plan",2020-05-08,8.518
118482,"BANDHAN Nifty 50 Index Fund-Direct Plan-Growth",2020-05-11,19.4373
147625,"Motilal Oswal Nifty 500 Index Fund - Direct Plan",2020-05-11,8.5224
118482,"BANDHAN Nifty 50 Index Fund-Direct Plan-Growth",2020-05-12,19.3791
147625,"Motilal Oswal Nifty 500 Index Fund - Direct Plan",2020-05-12,8.4826
118482,"BANDHAN Nifty 50 Index Fund-Direct Plan-Growth",2020-05-13,19.7667
147625,"Motilal Oswal Nifty 500 Index Fund - Direct Plan",2020-05-13,8.6439
118482,"BANDHAN Nifty 50 Index Fund-Direct Plan-Growth",2020-05-14,19.2619
147625,"Motilal Oswal Nifty 500 Index Fund - Direct Plan",2020-05-14,8.4744
118482,"BANDHAN Nifty 50 Index Fund-Direct Plan-Growth",2020-05-15,19.2451
147625,"Motilal Oswal Nifty 500 Index Fund - Direct Plan",2020-05-15,8.4637
118482,"BANDHAN Nifty 50 Index Fund-Direct Plan-Growth",2020-05-18,18.5834
147625,"Motilal Oswal Nifty 500 Index Fund - Direct Plan",2020-05-18,8.1823
118482,"BANDHAN Nifty 50 Index Fund-Direct Plan-Growth",2020-05-19,18.697
147625,"Motilal Oswal Nifty 500 Index Fund - Direct Plan",2020-05-19,8.2229
118482,"BANDHAN Nifty 50 Index Fund-Direct Plan-Growth",2020-05-20,19.0931
147625,"Motilal Oswal Nifty 500 Index Fund - Direct Plan",2020-05-20,8.3819
118482,"BANDHAN Nifty 50 Index Fund-Direct Plan-Growth",2020-05-21,19.1783
147625,"Motilal Oswal Nifty 500 Index Fund - Direct Plan",2020-05-21,8.4302
118482,"BANDHAN Nifty 50 Index Fund-Direct Plan-Growth",2020-05-22,19.0375
147625,"Motilal Oswal Nifty 500 Index Fund - Direct Plan",2020-05-22,8.3696
118482,"BANDHAN Nifty 50 Index Fund-Direct Plan-Growth",2020-05-26,19.014
147625,"Motilal Oswal Nifty 500 Index Fund - Direct Plan",2020-05-26,8.3784
118482,"BANDHAN Nifty 50 Index Fund-Direct Plan-Growth",2020-05-27,19.6071
147625,"Motilal Oswal Nifty 500 Index Fund - Direct Plan",2020-05-27,8.5692
118482,"BANDHAN Nifty 50 Index Fund-Direct Plan-Growth",2020-05-28,19.9713
147625,"Motilal Oswal Nifty 500 Index Fund - Direct Plan",2020-05-28,8.7216
118482,"BANDHAN Nifty 50 Index Fund-Direct Plan-Growth",2020-05-29,20.1775
147625,"Motilal Oswal Nifty 500 Index Fund - Direct Plan",2020-05-29,8.8274
118482,"BANDHAN Nifty 50 Index Fund-Direct Plan-Growth",2020-06-01,20.7006
147625,"Motilal Oswal Nifty 500 Index Fund - Direct Plan",2020-06-01,9.0483
118482,"BANDHAN Nifty 50 Index Fund-Direct Plan-Growth",2020-06-02,21.0203
147625,"Motilal Oswal Nifty 500 Index Fund - Direct Plan",2020-06-02,9.179
118482,"BANDHAN Nifty 50 Index Fund-Direct Plan-Growth",2020-06-03,21.1951
147625,"Motilal Oswal Nifty 500 Index Fund - Direct Plan",2020-06-03,9.253
118482,"BANDHAN Nifty 50 Index Fund-Direct Plan-Growth",2020-06-04,21.1265
147625,"Motilal Oswal Nifty 500 Index Fund - Direct Plan",2020-06-04,9.234
118482,"BANDHAN Nifty 50 Index Fund-Direct Plan-Growth",2020-06-05,21.3661
147625,"Motilal Oswal Nifty 500 Index Fund - Direct Plan",2020-06-05,9.3595
118482,"BANDHAN Nifty 50 Index Fund-Direct Plan-Growth",2020-06-08,21.4188
147625,"Motilal Oswal Nifty 500 Index Fund - Direct Plan",2020-06-08,9.3864
118482,"BANDHAN Nifty 50 Index Fund-Direct Plan-Growth",2020-06-09,21.1648
147625,"Motilal Oswal Nifty 500 Index Fund - Direct Plan",2020-06-09,9.2886
118482,"BANDHAN Nifty 50 Index Fund-Direct Plan-Growth",2020-06-10,21.3114
147625,"Motilal Oswal Nifty 500 Index Fund - Direct Plan",2020-06-10,9.3502
118482,"BANDHAN Nifty 50 Index Fund-Direct Plan-Growth",2020-06-11,20.8627
147625,"Motilal Oswal Nifty 500 Index Fund - Direct Plan",2020-06-11,9.1762
118482,"BANDHAN Nifty 50 Index Fund-Direct Plan-Growth",2020-06-12,21.011
147625,"Motilal Oswal Nifty 500 Index Fund - Direct Plan",2020-06-12,9.2422
118482,"BANDHAN Nifty 50 Index Fund-Direct Plan-Growth",2020-06-15,20.679
147625,"Motilal Oswal Nifty 500 Index Fund - Direct Plan",2020-06-15,9.1203
118482,"BANDHAN Nifty 50 Index Fund-Direct Plan-Growth",2020-06-16,20.8878
147625,"Motilal Oswal Nifty 500 Index Fund - Direct Plan",2020-06-16,9.1931
118482,"BANDHAN Nifty 50 Index Fund-Direct Plan-Growth",2020-06-17,20.8191
147625,"Motilal Oswal Nifty 500 Index Fund - Direct Plan",2020-06-17,9.1777
118482,"BANDHAN Nifty 50 Index Fund-Direct Plan-Growth",2020-06-18,21.2575
147625,"Motilal Oswal Nifty 500 Index Fund - Direct Plan",2020-06-18,9.3365
118482,"BANDHAN Nifty 50 Index Fund-Direct Plan-Growth",2020-06-19,21.5801
147625,"Motilal Oswal Nifty 500 Index Fund - Direct Plan",2020-06-19,9.4724
118482,"BANDHAN Nifty 50 Index Fund-Direct Plan-Growth",2020-06-22,21.7196
147625,"Motilal Oswal Nifty 500 Index Fund - Direct Plan",2020-06-22,9.5652
118482,"BANDHAN Nifty 50 Index Fund-Direct Plan-Growth",2020-06-23,22.0515
147625,"Motilal Oswal Nifty 500 Index Fund - Direct Plan",2020-06-23,9.717
118482,"BANDHAN Nifty 50 Index Fund-Direct Plan-Growth",2020-06-24,21.7038
147625,"Motilal Oswal Nifty 500 Index Fund - Direct Plan",2020-06-24,9.577
118482,"BANDHAN Nifty 50 Index Fund-Direct Plan-Growth",2020-06-25,21.6687
147625,"Motilal Oswal Nifty 500 Index Fund - Direct Plan",2020-06-25,9.5817
118482,"BANDHAN Nifty 50 Index Fund-Direct Plan-Growth",2020-06-26,21.8725
147625,"Motilal Oswal Nifty 500 Index Fund - Direct Plan",2020-06-26,9.6485
118482,"BANDHAN Nifty 50 Index Fund-Direct Plan-Growth",2020-06-29,21.7179
147625,"Motilal Oswal Nifty 500 Index Fund - Direct Plan",2020-06-29,9.5698
118482,"BANDHAN Nifty 50 Index Fund-Direct Plan-Growth",2020-06-30,21.695
147625,"Motilal Oswal Nifty 500 Index Fund - Direct Plan",2020-06-30,9.5549
118482,"BANDHAN Nifty 50 Index Fund-Direct Plan-Growth",2020-07-01,21.9642
147625,"Motilal Oswal Nifty 500 Index Fund - Direct Plan",2020-07-01,9.6441
118482,"BANDHAN Nifty 50 Index Fund-Direct Plan-Growth",2020-07-02,22.2294
147625,"Motilal Oswal Nifty 500 Index Fund - Direct Plan",2020-07-02,9.7518
118482,"BANDHAN Nifty 50 Index Fund-Direct Plan-Growth",2020-07-03,22.3459
147625,"Motilal Oswal Nifty 500 Index Fund - Direct Plan",2020-07-03,9.8058
118482,"BANDHAN Nifty 50 Index Fund-Direct Plan-Growth",2020-07-06,22.6775
147625,"Motilal Oswal Nifty 500 Index Fund - Direct Plan",2020-07-06,9.9389
118482,"BANDHAN Nifty 50 Index Fund-Direct Plan-Growth",2020-07-07,22.7525
147625,"Motilal Oswal Nifty 500 Index Fund - Direct Plan",2020-07-07,9.9775
118482,"BANDHAN Nifty 50 Index Fund-Direct Plan-Growth",2020-07-08,22.5551
147625,"Motilal Oswal Nifty 500 Index Fund - Direct Plan",2020-07-08,9.905
118482,"BANDHAN Nifty 50 Index Fund-Direct Plan-Growth",2020-07-09,22.8009
147625,"Motilal Oswal Nifty 500 Index Fund - Direct Plan",2020-07-09,9.9846
118482,"BANDHAN Nifty 50 Index Fund-Direct Plan-Growth",2020-07-10,22.7054
147625,"Motilal Oswal Nifty 500 Index Fund - Direct Plan",2020-07-10,9.9428
118482,"BANDHAN Nifty 50 Index Fund-Direct Plan-Growth",2020-07-13,22.7801
147625,"Motilal Oswal Nifty 500 Index Fund - Direct Plan",2020-07-13,9.9655
118482,"BANDHAN Nifty 50 Index Fund-Direct Plan-Growth",2020-07-14,22.3694
147625,"Motilal Oswal Nifty 500 Index Fund - Direct Plan",2020-07-14,9.8083
118482,"BANDHAN Nifty 50 Index Fund-Direct Plan-Growth",2020-07-15,22.3908
147625,"Motilal Oswal Nifty 500 Index Fund - Direct Plan",2020-07-15,9.8048
118482,"BANDHAN Nifty 50 Index Fund-Direct Plan-Growth",2020-07-16,22.6481
147625,"Motilal Oswal Nifty 500 Index Fund - Direct Plan",2020-07-16,9.8923
118482,"BANDHAN Nifty 50 Index Fund-Direct Plan-Growth",2020-07-17,22.9887
147625,"Motilal Oswal Nifty 500 Index Fund - Direct Plan",2020-07-17,10.0364
118482,"BANDHAN Nifty 50 Index Fund-Direct Plan-Growth",2020-07-20,23.24
147625,"Motilal Oswal Nifty 500 Index Fund - Direct Plan",2020-07-20,10.1368
118482,"BANDHAN Nifty 50 Index Fund-Direct Plan-Growth",2020-07-21,23.5341
147625,"Motilal Oswal Nifty 500 Index Fund - Direct Plan",2020-07-21,10.2323
118482,"BANDHAN Nifty 50 Index Fund-Direct Plan-Growth",2020-07-22,23.4721
147625,"Motilal Oswal Nifty 500 Index Fund - Direct Plan",2020-07-22,10.2056
118482,"BANDHAN Nifty 50 Index Fund-Direct Plan-Growth",2020-07-23,23.6492
147625,"Motilal Oswal Nifty 500 Index Fund - Direct Plan",2020-07-23,10.2812
118482,"BANDHAN Nifty 50 Index Fund-Direct Plan-Growth",2020-07-24,23.605
147625,"Motilal Oswal Nifty 500 Index Fund - Direct Plan",2020-07-24,10.2496
118482,"BANDHAN Nifty 50 Index Fund-Direct Plan-Growth",2020-07-27,23.4747
147625,"Motilal Oswal Nifty 500 Index Fund - Direct Plan",2020-07-27,10.181
118482,"BANDHAN Nifty 50 Index Fund-Direct Plan-Growth",2020-07-28,23.8281
147625,"Motilal Oswal Nifty 500 Index Fund - Direct Plan",2020-07-28,10.3108
118482,"BANDHAN Nifty 50 Index Fund-Direct Plan-Growth",2020-07-29,23.6234
147625,"Motilal Oswal Nifty 500 Index Fund - Direct Plan",2020-07-29,10.2599
118482,"BANDHAN Nifty 50 Index Fund-Direct Plan-Growth",2020-07-30,23.4166
147625,"Motilal Oswal Nifty 500 Index Fund - Direct Plan",2020-07-30,10.189
118482,"BANDHAN Nifty 50 Index Fund-Direct Plan-Growth",2020-07-31,23.3577
147625,"Motilal Oswal Nifty 500 Index Fund - Direct Plan",2020-07-31,10.1935
118482,"BANDHAN Nifty 50 Index Fund-Direct Plan-Growth",2020-08-03,22.9759
147625,"Motilal Oswal Nifty 500 Index Fund - Direct Plan",2020-08-03,10.0779
118482,"BANDHAN Nifty 50 Index Fund-Direct Plan-Growth",2020-08-04,23.4028
147625,"Motilal Oswal Nifty 500 Index Fund - Direct Plan",2020-08-04,10.2356
118482,"BANDHAN Nifty 50 Index Fund-Direct Plan-Growth",2020-08-05,23.4222
147625,"Motilal Oswal Nifty 500 Index Fund - Direct Plan",2020-08-05,10.2529
118482,"BANDHAN Nifty 50 Index Fund-Direct Plan-Growth",2020-08-06,23.6347
147625,"Motilal Oswal Nifty 500 Index Fund - Direct Plan",2020-08-06,10.3437
118482,"BANDHAN Nifty 50 Index Fund-Direct Plan-Growth",2020-08-07,23.6642
147625,"Motilal Oswal Nifty 500 Index Fund - Direct Plan",2020-08-07,10.3767
118482,"BANDHAN Nifty 50 Index Fund-Direct Plan-Growth",2020-08-10,23.7822
147625,"Motilal Oswal Nifty 500 Index Fund - Direct Plan",2020-08-10,10.4551
118482,"BANDHAN Nifty 50 Index Fund-Direct Plan-Growth",2020-08-11,23.8921
147625,"Motilal Oswal Nifty 500 Index Fund - Direct Plan",2020-08-11,10.4801
118482,"BANDHAN Nifty 50 Index Fund-Direct Plan-Growth",2020-08-12,23.8622
147625,"Motilal Oswal Nifty 500 Index Fund - Direct Plan",2020-08-12,10.4731
118482,"BANDHAN Nifty 50 Index Fund-Direct Plan-Growth",2020-08-13,23.8558
147625,"Motilal Oswal Nifty 500 Index Fund - Direct Plan",2020-08-13,10.5021
118482,"BANDHAN Nifty 50 Index Fund-Direct Plan-Growth",2020-08-14,23.5995
147625,"Motilal Oswal Nifty 500 Index Fund - Direct Plan",2020-08-14,10.3977
118482,"BANDHAN Nifty 50 Index Fund-Direct Plan-Growth",2020-08-17,23.7437
147625,"Motilal Oswal Nifty 500 Index Fund - Direct Plan",2020-08-17,10.4573
118482,"BANDHAN Nifty 50 Index Fund-Direct Plan-Growth",2020-08-18,24.0336
147625,"Motilal Oswal Nifty 500 Index Fund - Direct Plan",2020-08-18,10.584
118482,"BANDHAN Nifty 50 Index Fund-Direct Plan-Growth",2020-08-19,24.084
147625,"Motilal Oswal Nifty 500 Index Fund - Direct Plan",2020-08-19,10.6186
118482,"BANDHAN Nifty 50 Index Fund-Direct Plan-Growth",2020-08-20,23.8816
147625,"Motilal Oswal Nifty 500 Index Fund - Direct Plan",2020-08-20,10.5702
118482,"BANDHAN Nifty 50 Index Fund-Direct Plan-Growth",2020-08-21,24.0064
147625,"Motilal Oswal Nifty 500 Index Fund - Direct Plan",2020-08-21,10.631
118482,"BANDHAN Nifty 50 Index Fund-Direct Plan-Growth",2020-08-24,24.2047
147625,"Motilal Oswal Nifty 500 Index Fund - Direct Plan",2020-08-24,10.7123
118482,"BANDHAN Nifty 50 Index Fund-Direct Plan-Growth",2020-08-25,24.216
147625,"Motilal Oswal Nifty 500 Index Fund - Direct Plan",2020-08-25,10.7252
118482,"BANDHAN Nifty 50 Index Fund-Direct Plan-Growth",2020-08-26,24.3821
147625,"Motilal Oswal Nifty 500 Index Fund - Direct Plan",2020-08-26,10.7918
118482,"BANDHAN Nifty 50 Index Fund-Direct Plan-Growth",2020-08-27,24.4022
147625,"Motilal Oswal Nifty 500 Index Fund - Direct Plan",2020-08-27,10.8066
118482,"BANDHAN Nifty 50 Index Fund-Direct Plan-Growth",2020-08-28,24.5882
147625,"Motilal Oswal Nifty 500 Index Fund - Direct Plan",2020-08-28,10.8724
118482,"BANDHAN Nifty 50 Index Fund-Direct Plan-Growth",2020-08-31,24.041
147625,"Motilal Oswal Nifty 500 Index Fund - Direct Plan",2020-08-31,10.5557
118482,"BANDHAN Nifty 50 Index Fund-Direct Plan-Growth",2020-09-01,24.2208
147625,"Motilal Oswal Nifty 500 Index Fund - Direct Plan",2020-09-01,10.6343
118482,"BANDHAN Nifty 50 Index Fund-Direct Plan-Growth",2020-09-02,24.3629
147625,"Motilal Oswal Nifty 500 Index Fund - Direct Plan",2020-09-02,10.7207
118482,"BANDHAN Nifty 50 Index Fund-Direct Plan-Growth",2020-09-03,24.3524
147625,"Motilal Oswal Nifty 500 Index Fund - Direct Plan",2020-09-03,10.7389
118482,"BANDHAN Nifty 50 Index Fund-Direct Plan-Growth",2020-09-04,23.9482
147625,"Motilal Oswal Nifty 500 Index Fund - Direct Plan",2020-09-04,10.565
118482,"BANDHAN Nifty 50 Index Fund-Direct Plan-Growth",2020-09-07,23.9922
147625,"Motilal Oswal Nifty 500 Index Fund - Direct Plan",2020-09-07,10.5664
118482,"BANDHAN Nifty 50 Index Fund-Direct Plan-Growth",2020-09-08,23.9135
147625,"Motilal Oswal Nifty 500 Index Fund - Direct Plan",2020-09-08,10.5114
118482,"BANDHAN Nifty 50 Index Fund-Direct Plan-Growth",2020-09-09,23.8372
147625,"Motilal Oswal Nifty 500 Index Fund - Direct Plan",2020-09-09,10.4676
118482,"BANDHAN Nifty 50 Index Fund-Direct Plan-Growth",2020-09-10,24.1995
147625,"Motilal Oswal Nifty 500 Index Fund - Direct Plan",2020-09-10,10.6117
118482,"BANDHAN Nifty 50 Index Fund-Direct Plan-Growth",2020-09-11,24.2325
147625,"Motilal Oswal Nifty 500 Index Fund - Direct Plan",2020-09-11,10.6406
118482,"BANDHAN Nifty 50 Index Fund-Direct Plan-Growth",2020-09-14,24.1855
147625,"Motilal Oswal Nifty 500 Index Fund - Direct Plan",2020-09-14,10.6933
118482,"BANDHAN Nifty 50 Index Fund-Direct Plan-Growth",2020-09-15,24.3534
147625,"Motilal Oswal Nifty 500 Index Fund - Direct Plan",2020-09-15,10.7826
118482,"BANDHAN Nifty 50 Index Fund-Direct Plan-Growth",2020-09-16,24.5285
147625,"Motilal Oswal Nifty 500 Index Fund - Direct Plan",2020-09-16,10.8484
118482,"BANDHAN Nifty 50 Index Fund-Direct Plan-Growth",2020-09-17,24.3431
147625,"Motilal Oswal Nifty 500 Index Fund - Direct Plan",2020-09-17,10.7763
118482,"BANDHAN Nifty 50 Index Fund-Direct Plan-Growth",2020-09-18,24.321
147625,"Motilal Oswal Nifty 500 Index Fund - Direct Plan",2020-09-18,10.7682
118482,"BANDHAN Nifty 50 Index Fund-Direct Plan-Growth",2020-09-21,23.7892
147625,"Motilal Oswal Nifty 500 Index Fund - Direct Plan",2020-09-21,10.4927
118482,"BANDHAN Nifty 50 Index Fund-Direct Plan-Growth",2020-09-22,23.5837
147625,"Motilal Oswal Nifty 500 Index Fund - Direct Plan",2020-09-22,10.3827
118482,"BANDHAN Nifty 50 Index Fund-Direct Plan-Growth",2020-09-23,23.5391
147625,"Motilal Oswal Nifty 500 Index Fund - Direct Plan",2020-09-23,10.3609
118482,"BANDHAN Nifty 50 Index Fund-Direct Plan-Growth",2020-09-24,22.8551
147625,"Motilal Oswal Nifty 500 Index Fund - Direct Plan",2020-09-24,10.0838
118482,"BANDHAN Nifty 50 Index Fund-Direct Plan-Growth",2020-09-25,23.3728
147625,"Motilal Oswal Nifty 500 Index Fund - Direct Plan",2020-09-25,10.3208
118482,"BANDHAN Nifty 50 Index Fund-Direct Plan-Growth",2020-09-28,23.7489
147625,"Motilal Oswal Nifty 500 Index Fund - Direct Plan",2020-09-28,10.5153
118482,"BANDHAN Nifty 50 Index Fund-Direct Plan-Growth",2020-09-29,23.7381
147625,"Motilal Oswal Nifty 500 Index Fund - Direct Plan",2020-09-29,10.5033
118482,"BANDHAN Nifty 50 Index Fund-Direct Plan-Growth",2020-09-30,23.7893
147625,"Motilal Oswal Nifty 500 Index Fund - Direct Plan",2020-09-30,10.5271
118482,"BANDHAN Nifty 50 Index Fund-Direct Plan-Growth",2020-10-01,24.1459
147625,"Motilal Oswal Nifty 500 Index Fund - Direct Plan",2020-10-01,10.662
118482,"BANDHAN Nifty 50 Index Fund-Direct Plan-Growth",2020-10-05,24.3277
147625,"Motilal Oswal Nifty 500 Index Fund - Direct Plan",2020-10-05,10.7226
118482,"BANDHAN Nifty 50 Index Fund-Direct Plan-Growth",2020-10-06,24.662
147625,"Motilal Oswal Nifty 500 Index Fund - Direct Plan",2020-10-06,10.8396
118482,"BANDHAN Nifty 50 Index Fund-Direct Plan-Growth",2020-10-07,24.8234
147625,"Motilal Oswal Nifty 500 Index Fund - Direct Plan",2020-10-07,10.8753
118482,"BANDHAN Nifty 50 Index Fund-Direct Plan-Growth",2020-10-08,25.0251
147625,"Motilal Oswal Nifty 500 Index Fund - Direct Plan",2020-10-08,10.9391
118482,"BANDHAN Nifty 50 Index Fund-Direct Plan-Growth",2020-10-09,25.1935
147625,"Motilal Oswal Nifty 500 Index Fund - Direct Plan",2020-10-09,10.982
118482,"BANDHAN Nifty 50 Index Fund-Direct Plan-Growth",2020-10-12,25.2286
147625,"Motilal Oswal Nifty 500 Index Fund - Direct Plan",2020-10-12,10.9763
118482,"BANDHAN Nifty 50 Index Fund-Direct Plan-Growth",2020-10-13,25.2361
147625,"Motilal Oswal Nifty 500 Index Fund - Direct Plan",2020-10-13,10.9665
118482,"BANDHAN Nifty 50 Index Fund-Direct Plan-Growth",2020-10-14,25.3193
147625,"Motilal Oswal Nifty 500 Index Fund - Direct Plan",2020-10-14,10.998
118482,"BANDHAN Nifty 50 Index Fund-Direct Plan-Growth",2020-10-15,24.7044
147625,"Motilal Oswal Nifty 500 Index Fund - Direct Plan",2020-10-15,10.7632
118482,"BANDHAN Nifty 50 Index Fund-Direct Plan-Growth",2020-10-16,24.8799
147625,"Motilal Oswal Nifty 500 Index Fund - Direct Plan",2020-10-16,10.8463
118482,"BANDHAN Nifty 50 Index Fund-Direct Plan-Growth",2020-10-19,25.1141
147625,"Motilal Oswal Nifty 500 Index Fund - Direct Plan",2020-10-19,10.9386
118482,"BANDHAN Nifty 50 Index Fund-Direct Plan-Growth",2020-10-20,25.164
147625,"Motilal Oswal Nifty 500 Index Fund - Direct Plan",2020-10-20,10.9637
118482,"BANDHAN Nifty 50 Index Fund-Direct Plan-Growth",2020-10-21,25.2502
147625,"Motilal Oswal Nifty 500 Index Fund - Direct Plan",2020-10-21,10.9939
118482,"BANDHAN Nifty 50 Index Fund-Direct Plan-Growth",2020-10-22,25.165
147625,"Motilal Oswal Nifty 500 Index Fund - Direct Plan",2020-10-22,10.9815
118482,"BANDHAN Nifty 50 Index Fund-Direct Plan-Growth",2020-10-23,25.2584
147625,"Motilal Oswal Nifty 500 Index Fund - Direct Plan",2020-10-23,11.0275
118482,"BANDHAN Nifty 50 Index Fund-Direct Plan-Growth",2020-10-26,24.9133
147625,"Motilal Oswal Nifty 500 Index Fund - Direct Plan",2020-10-26,10.8796
118482,"BANDHAN Nifty 50 Index Fund-Direct Plan-Growth",2020-10-27,25.1706
147625,"Motilal Oswal Nifty 500 Index Fund - Direct Plan",2020-10-27,10.9913
118482,"BANDHAN Nifty 50 Index Fund-Direct Plan-Growth",2020-10-28,24.838
147625,"Motilal Oswal Nifty 500 Index Fund - Direct Plan",2020-10-28,10.8634
118482,"BANDHAN Nifty 50 Index Fund-Direct Plan-Growth",2020-10-29,24.7198
147625,"Motilal Oswal Nifty 500 Index Fund - Direct Plan",2020-10-29,10.8222
118482,"BANDHAN Nifty 50 Index Fund-Direct Plan-Growth",2020-10-30,24.66
147625,"Motilal Oswal Nifty 500 Index Fund - Direct Plan",2020-10-30,10.8091
118482,"BANDHAN Nifty 50 Index Fund-Direct Plan-Growth",2020-11-02,24.7161
147625,"Motilal Oswal Nifty 500 Index Fund - Direct Plan",2020-11-02,10.8249
118482,"BANDHAN Nifty 50 Index Fund-Direct Plan-Growth",2020-11-03,25.0201
147625,"Motilal Oswal Nifty 500 Index Fund - Direct Plan",2020-11-03,10.9369
118482,"BANDHAN Nifty 50 Index Fund-Direct Plan-Growth",2020-11-04,25.2308
147625,"Motilal Oswal Nifty 500 Index Fund - Direct Plan",2020-11-04,11.0162
118482,"BANDHAN Nifty 50 Index Fund-Direct Plan-Growth",2020-11-05,25.6768
147625,"Motilal Oswal Nifty 500 Index Fund - Direct Plan",2020-11-05,11.2079
118482,"BANDHAN Nifty 50 Index Fund-Direct Plan-Growth",2020-11-06,25.9789
147625,"Motilal Oswal Nifty 500 Index Fund - Direct Plan",2020-11-06,11.3175
118482,"BANDHAN Nifty 50 Index Fund-Direct Plan-Growth",2020-11-09,26.3957
147625,"Motilal Oswal Nifty 500 Index Fund - Direct Plan",2020-11-09,11.4765
118482,"BANDHAN Nifty 50 Index Fund-Direct Plan-Growth",2020-11-10,26.7514
147625,"Motilal Oswal Nifty 500 Index Fund - Direct Plan",2020-11-10,11.5799
118482,"BANDHAN Nifty 50 Index Fund-Direct Plan-Growth",2020-11-11,26.999
147625,"Motilal Oswal Nifty 500 Index Fund - Direct Plan",2020-11-11,11.677
118482,"BANDHAN Nifty 50 Index Fund-Direct Plan-Growth",2020-11-12,26.8764
147625,"Motilal Oswal Nifty 500 Index Fund - Direct Plan",2020-11-12,11.6618
118482,"BANDHAN Nifty 50 Index Fund-Direct Plan-Growth",2020-11-13,26.9374
147625,"Motilal Oswal Nifty 500 Index Fund - Direct Plan",2020-11-13,11.7113
118482,"BANDHAN Nifty 50 Index Fund-Direct Plan-Growth",2020-11-17,27.2605
147625,"Motilal Oswal Nifty 500 Index Fund - Direct Plan",2020-11-17,11.8626
118482,"BANDHAN Nifty 50 Index Fund-Direct Plan-Growth",2020-11-18,27.3904
147625,"Motilal Oswal Nifty 500 Index Fund - Direct Plan",2020-11-18,11.935
118482,"BANDHAN Nifty 50 Index Fund-Direct Plan-Growth",2020-11-19,27.0414
147625,"Motilal Oswal Nifty 500 Index Fund - Direct Plan",2020-11-19,11.8114
118482,"BANDHAN Nifty 50 Index Fund-Direct Plan-Growth",2020-11-20,27.2247
147625,"Motilal Oswal Nifty 500 Index Fund - Direct Plan",2020-11-20,11.9037
118482,"BANDHAN Nifty 50 Index Fund-Direct Plan-Growth",2020-11-23,27.3665
147625,"Motilal Oswal Nifty 500 Index Fund - Direct Plan",2020-11-23,11.9882
118482,"BANDHAN Nifty 50 Index Fund-Direct Plan-Growth",2020-11-24,27.6376
147625,"Motilal Oswal Nifty 500 Index Fund - Direct Plan",2020-11-24,12.0976
118482,"BANDHAN Nifty 50 Index Fund-Direct Plan-Growth",2020-11-25,27.2226
147625,"Motilal Oswal Nifty 500 Index Fund - Direct Plan",2020-11-25,11.9201
118482,"BANDHAN Nifty 50 Index Fund-Direct Plan-Growth",2020-11-26,27.494
147625,"Motilal Oswal Nifty 500 Index Fund - Direct Plan",2020-11-26,12.0319
118482,"BANDHAN Nifty 50 Index Fund-Direct Plan-Growth",2020-11-27,27.4557
147625,"Motilal Oswal Nifty 500 Index Fund - Direct Plan",2020-11-27,12.0824
118482,"BANDHAN Nifty 50 Index Fund-Direct Plan-Growth",2020-12-01,27.7502
147625,"Motilal Oswal Nifty 500 Index Fund - Direct Plan",2020-12-01,12.2127
118482,"BANDHAN Nifty 50 Index Fund-Direct Plan-Growth",2020-12-02,27.7601
147625,"Motilal Oswal Nifty 500 Index Fund - Direct Plan",2020-12-02,12.2383
118482,"BANDHAN Nifty 50 Index Fund-Direct Plan-Growth",2020-12-03,27.8026
147625,"Motilal Oswal Nifty 500 Index Fund - Direct Plan",2020-12-03,12.2778
118482,"BANDHAN Nifty 50 Index Fund-Direct Plan-Growth",2020-12-04,28.0648
147625,"Motilal Oswal Nifty 500 Index Fund - Direct Plan",2020-12-04,12.3727
118482,"BANDHAN Nifty 50 Index Fund-Direct Plan-Growth",2020-12-07,28.2687
147625,"Motilal Oswal Nifty 500 Index Fund - Direct Plan",2020-12-07,12.4736
118482,"BANDHAN Nifty 50 Index Fund-Direct Plan-Growth",2020-12-08,28.3467
147625,"Motilal Oswal Nifty 500 Index Fund - Direct Plan",2020-12-08,12.4942
118482,"BANDHAN Nifty 50 Index Fund-Direct Plan-Growth",2020-12-09,28.6322
147625,"Motilal Oswal Nifty 500 Index Fund - Direct Plan",2020-12-09,12.5972
118482,"BANDHAN Nifty 50 Index Fund-Direct Plan-Growth",2020-12-10,28.5259
147625,"Motilal Oswal Nifty 500 Index Fund - Direct Plan",2020-12-10,12.5524
118482,"BANDHAN Nifty 50 Index Fund-Direct Plan-Growth",2020-12-11,28.6002
147625,"Motilal Oswal Nifty 500 Index Fund - Direct Plan",2020-12-11,12.5859
118482,"BANDHAN Nifty 50 Index Fund-Direct Plan-Growth",2020-12-14,28.6935
147625,"Motilal Oswal Nifty 500 Index Fund - Direct Plan",2020-12-14,12.6348
118482,"BANDHAN Nifty 50 Index Fund-Direct Plan-Growth",2020-12-15,28.7139
147625,"Motilal Oswal Nifty 500 Index Fund - Direct Plan",2020-12-15,12.6444
118482,"BANDHAN Nifty 50 Index Fund-Direct Plan-Growth",2020-12-16,28.955
147625,"Motilal Oswal Nifty 500 Index Fund - Direct Plan",2020-12-16,12.7524
118482,"BANDHAN Nifty 50 Index Fund-Direct Plan-Growth",2020-12-17,29.0829
147625,"Motilal Oswal Nifty 500 Index Fund - Direct Plan",2020-12-17,12.784
118482,"BANDHAN Nifty 50 Index Fund-Direct Plan-Growth",2020-12-18,29.1246
147625,"Motilal Oswal Nifty 500 Index Fund - Direct Plan",2020-12-18,12.7935
118482,"BANDHAN Nifty 50 Index Fund-Direct Plan-Growth",2020-12-21,28.2153
147625,"Motilal Oswal Nifty 500 Index Fund - Direct Plan",2020-12-21,12.3585
118482,"BANDHAN Nifty 50 Index Fund-Direct Plan-Growth",2020-12-22,28.5055
147625,"Motilal Oswal Nifty 500 Index Fund - Direct Plan",2020-12-22,12.4844
118482,"BANDHAN Nifty 50 Index Fund-Direct Plan-Growth",2020-12-23,28.7888
147625,"Motilal Oswal Nifty 500 Index Fund - Direct Plan",2020-12-23,12.6523
118482,"BANDHAN Nifty 50 Index Fund-Direct Plan-Growth",2020-12-24,29.1005
147625,"Motilal Oswal Nifty 500 Index Fund - Direct Plan",2020-12-24,12.7635
118482,"BANDHAN Nifty 50 Index Fund-Direct Plan-Growth",2020-12-28,29.3612
147625,"Motilal Oswal Nifty 500 Index Fund - Direct Plan",2020-12-28,12.8853
118482,"BANDHAN Nifty 50 Index Fund-Direct Plan-Growth",2020-12-29,29.4842
147625,"Motilal Oswal Nifty 500 Index Fund - Direct Plan",2020-12-29,12.9213
118482,"BANDHAN Nifty 50 Index Fund-Direct Plan-Growth",2020-12-30,29.5875
147625,"Motilal Oswal Nifty 500 Index Fund - Direct Plan",2020-12-30,12.9686
118482,"BANDHAN Nifty 50 Index Fund-Direct Plan-Growth",2020-12-31,29.5859
147625,"Motilal Oswal Nifty 500 Index Fund - Direct Plan",2020-12-31,12.9768
118482,"BANDHAN Nifty 50 Index Fund-Direct Plan-Growth",2021-01-01,29.6638
147625,"Motilal Oswal Nifty 500 Index Fund - Direct Plan",2021-01-01,13.0408
118482,"BANDHAN Nifty 50 Index Fund-Direct Plan-Growth",2021-01-04,29.9049
147625,"Motilal Oswal Nifty 500 Index Fund - Direct Plan",2021-01-04,13.1716
118482,"BANDHAN Nifty 50 Index Fund-Direct Plan-Growth",2021-01-05,30.044
147625,"Motilal Oswal Nifty 500 Index Fund - Direct Plan",2021-01-05,13.2559
118482,"BANDHAN Nifty 50 Index Fund-Direct Plan-Growth",2021-01-06,29.9323
147625,"Motilal Oswal Nifty 500 Index Fund - Direct Plan",2021-01-06,13.2232
118482,"BANDHAN Nifty 50 Index Fund-Direct Plan-Growth",2021-01-07,29.914
147625,"Motilal Oswal Nifty 500 Index Fund - Direct Plan",2021-01-07,13.2549
118482,"BANDHAN Nifty 50 Index Fund-Direct Plan-Growth",2021-01-08,30.3549
147625,"Motilal Oswal Nifty 500 Index Fund - Direct Plan",2021-01-08,13.433
118482,"BANDHAN Nifty 50 Index Fund-Direct Plan-Growth",2021-01-11,30.6405
147625,"Motilal Oswal Nifty 500 Index Fund - Direct Plan",2021-01-11,13.5227
118482,"BANDHAN Nifty 50 Index Fund-Direct Plan-Growth",2021-01-12,30.8064
147625,"Motilal Oswal Nifty 500 Index Fund - Direct Plan",2021-01-12,13.5804
118482,"BANDHAN Nifty 50 Index Fund-Direct Plan-Growth",2021-01-13,30.8098
147625,"Motilal Oswal Nifty 500 Index Fund - Direct Plan",2021-01-13,13.5613
118482,"BANDHAN Nifty 50 Index Fund-Direct Plan-Growth",2021-01-14,30.8774
147625,"Motilal Oswal Nifty 500 Index Fund - Direct Plan",2021-01-14,13.5929
118482,"BANDHAN Nifty 50 Index Fund-Direct Plan-Growth",2021-01-15,30.5395
147625,"Motilal Oswal Nifty 500 Index Fund - Direct Plan",2021-01-15,13.4377
118482,"BANDHAN Nifty 50 Index Fund-Direct Plan-Growth",2021-01-18,30.2212
147625,"Motilal Oswal Nifty 500 Index Fund - Direct Plan",2021-01-18,13.2639
118482,"BANDHAN Nifty 50 Index Fund-Direct Plan-Growth",2021-01-19,30.7218
147625,"Motilal Oswal Nifty 500 Index Fund - Direct Plan",2021-01-19,13.4932
118482,"BANDHAN Nifty 50 Index Fund-Direct Plan-Growth",2021-01-20,30.9784
147625,"Motilal Oswal Nifty 500 Index Fund - Direct Plan",2021-01-20,13.6008
118482,"BANDHAN Nifty 50 Index Fund-Direct Plan-Growth",2021-01-21,30.8671
147625,"Motilal Oswal Nifty 500 Index Fund - Direct Plan",2021-01-21,13.5305
118482,"BANDHAN Nifty 50 Index Fund-Direct Plan-Growth",2021-01-22,30.4066
147625,"Motilal Oswal Nifty 500 Index Fund - Direct Plan",2021-01-22,13.3491
118482,"BANDHAN Nifty 50 Index Fund-Direct Plan-Growth",2021-01-25,30.1252
147625,"Motilal Oswal Nifty 500 Index Fund - Direct Plan",2021-01-25,13.2242
118482,"BANDHAN Nifty 50 Index Fund-Direct Plan-Growth",2021-01-27,29.5536
147625,"Motilal Oswal Nifty 500 Index Fund - Direct Plan",2021-01-27,13.0032
118482,"BANDHAN Nifty 50 Index Fund-Direct Plan-Growth",2021-01-28,29.2366
147625,"Motilal Oswal Nifty 500 Index Fund - Direct Plan",2021-01-28,12.8871
118482,"BANDHAN Nifty 50 Index Fund-Direct Plan-Growth",2021-01-29,28.8479
147625,"Motilal Oswal Nifty 500 Index Fund - Direct Plan",2021-01-29,12.7306
118482,"BANDHAN Nifty 50 Index Fund-Direct Plan-Growth",2021-02-01,30.214
147625,"Motilal Oswal Nifty 500 Index Fund - Direct Plan",2021-02-01,13.2514
118482,"BANDHAN Nifty 50 Index Fund-Direct Plan-Growth",2021-02-02,30.9899
147625,"Motilal Oswal Nifty 500 Index Fund - Direct Plan",2021-02-02,13.5694
118482,"BANDHAN Nifty 50 Index Fund-Direct Plan-Growth",2021-02-03,31.2913
147625,"Motilal Oswal Nifty 500 Index Fund - Direct Plan",2021-02-03,13.7041
118482,"BANDHAN Nifty 50 Index Fund-Direct Plan-Growth",2021-02-04,31.5154
147625,"Motilal Oswal Nifty 500 Index Fund - Direct Plan",2021-02-04,13.8297
118482,"BANDHAN Nifty 50 Index Fund-Direct Plan-Growth",2021-02-05,31.5764
147625,"Motilal Oswal Nifty 500 Index Fund - Direct Plan",2021-02-05,13.8227
118482,"BANDHAN Nifty 50 Index Fund-Direct Plan-Growth",2021-02-08,31.9827
147625,"Motilal Oswal Nifty 500 Index Fund - Direct Plan",2021-02-08,14.0035
118482,"BANDHAN Nifty 50 Index Fund-Direct Plan-Growth",2021-02-09,31.9715
147625,"Motilal Oswal Nifty 500 Index Fund - Direct Plan",2021-02-09,13.9961
118482,"BANDHAN Nifty 50 Index Fund-Direct Plan-Growth",2021-02-10,31.9657
147625,"Motilal Oswal Nifty 500 Index Fund - Direct Plan",2021-02-10,14.017
118482,"BANDHAN Nifty 50 Index Fund-Direct Plan-Growth",2021-02-11,32.1145
147625,"Motilal Oswal Nifty 500 Index Fund - Direct Plan",2021-02-11,14.0887
118482,"BANDHAN Nifty 50 Index Fund-Direct Plan-Growth",2021-02-12,32.0929
147625,"Motilal Oswal Nifty 500 Index Fund - Direct Plan",2021-02-12,14.0825
118482,"BANDHAN Nifty 50 Index Fund-Direct Plan-Growth",2021-02-15,32.4179
147625,"Motilal Oswal Nifty 500 Index Fund - Direct Plan",2021-02-15,14.2221
118482,"BANDHAN Nifty 50 Index Fund-Direct Plan-Growth",2021-02-16,32.4152
147625,"Motilal Oswal Nifty 500 Index Fund - Direct Plan",2021-02-16,14.2382
118482,"BANDHAN Nifty 50 Index Fund-Direct Plan-Growth",2021-02-17,32.2023
147625,"Motilal Oswal Nifty 500 Index Fund - Direct Plan",2021-02-17,14.1866
118482,"BANDHAN Nifty 50 Index Fund-Direct Plan-Growth",2021-02-18,32.0115
147625,"Motilal Oswal Nifty 500 Index Fund - Direct Plan",2021-02-18,14.1505
118482,"BANDHAN Nifty 50 Index Fund-Direct Plan-Growth",2021-02-19,31.7206
147625,"Motilal Oswal Nifty 500 Index Fund - Direct Plan",2021-02-19,14.0078
118482,"BANDHAN Nifty 50 Index Fund-Direct Plan-Growth",2021-02-22,31.0925
147625,"Motilal Oswal Nifty 500 Index Fund - Direct Plan",2021-02-22,13.7601
118482,"BANDHAN Nifty 50 Index Fund-Direct Plan-Growth",2021-02-23,31.1604
147625,"Motilal Oswal Nifty 500 Index Fund - Direct Plan",2021-02-23,13.8169
118482,"BANDHAN Nifty 50 Index Fund-Direct Plan-Growth",2021-02-24,31.7376
147625,"Motilal Oswal Nifty 500 Index Fund - Direct Plan",2021-02-24,14.0317
118482,"BANDHAN Nifty 50 Index Fund-Direct Plan-Growth",2021-02-25,31.9805
147625,"Motilal Oswal Nifty 500 Index Fund - Direct Plan",2021-02-25,14.158
118482,"BANDHAN Nifty 50 Index Fund-Direct Plan-Growth",2021-02-26,30.786
147625,"Motilal Oswal Nifty 500 Index Fund - Direct Plan",2021-02-26,13.7255
118482,"BANDHAN Nifty 50 Index Fund-Direct Plan-Growth",2021-03-01,31.2756
147625,"Motilal Oswal Nifty 500 Index Fund - Direct Plan",2021-03-01,13.9337
118482,"BANDHAN Nifty 50 Index Fund-Direct Plan-Growth",2021-03-02,31.607
147625,"Motilal Oswal Nifty 500 Index Fund - Direct Plan",2021-03-02,14.1034
118482,"BANDHAN Nifty 50 Index Fund-Direct Plan-Growth",2021-03-03,32.2932
147625,"Motilal Oswal Nifty 500 Index Fund - Direct Plan",2021-03-03,14.3781
118482,"BANDHAN Nifty 50 Index Fund-Direct Plan-Growth",2021-03-04,31.9458
147625,"Motilal Oswal Nifty 500 Index Fund - Direct Plan",2021-03-04,14.2932
118482,"BANDHAN Nifty 50 Index Fund-Direct Plan-Growth",2021-03-05,31.6456
147625,"Motilal Oswal Nifty 500 Index Fund - Direct Plan",2021-03-05,14.1264
118482,"BANDHAN Nifty 50 Index Fund-Direct Plan-Growth",2021-03-08,31.6883
147625,"Motilal Oswal Nifty 500 Index Fund - Direct Plan",2021-03-08,14.1497
118482,"BANDHAN Nifty 50 Index Fund-Direct Plan-Growth",2021-03-09,31.987
147625,"Motilal Oswal Nifty 500 Index Fund - Direct Plan",2021-03-09,14.2143
118482,"BANDHAN Nifty 50 Index Fund-Direct Plan-Growth",2021-03-10,32.147
147625,"Motilal Oswal Nifty 500 Index Fund - Direct Plan",2021-03-10,14.2967
118482,"BANDHAN Nifty 50 Index Fund-Direct Plan-Growth",2021-03-12,31.845
147625,"Motilal Oswal Nifty 500 Index Fund - Direct Plan",2021-03-12,14.1832
118482,"BANDHAN Nifty 50 Index Fund-Direct Plan-Growth",2021-03-15,31.6358
147625,"Motilal Oswal Nifty 500 Index Fund - Direct Plan",2021-03-15,14.0913
118482,"BANDHAN Nifty 50 Index Fund-Direct Plan-Growth",2021-03-16,31.5956
147625,"Motilal Oswal Nifty 500 Index Fund - Direct Plan",2021-03-16,14.094
118482,"BANDHAN Nifty 50 Index Fund-Direct Plan-Growth",2021-03-17,31.1964
147625,"Motilal Oswal Nifty 500 Index Fund - Direct Plan",2021-03-17,13.8796
118482,"BANDHAN Nifty 50 Index Fund-Direct Plan-Growth",2021-03-18,30.8512
147625,"Motilal Oswal Nifty 500 Index Fund - Direct Plan",2021-03-18,13.7191
118482,"BANDHAN Nifty 50 Index Fund-Direct Plan-Growth",2021-03-19,31.2417
147625,"Motilal Oswal Nifty 500 Index Fund - Direct Plan",2021-03-19,13.8743
118482,"BANDHAN Nifty 50 Index Fund-Direct Plan-Growth",2021-03-22,31.2277
147625,"Motilal Oswal Nifty 500 Index Fund - Direct Plan",2021-03-22,13.9015
118482,"BANDHAN Nifty 50 Index Fund-Direct Plan-Growth",2021-03-23,31.3956
147625,"Motilal Oswal Nifty 500 Index Fund - Direct Plan",2021-03-23,13.9874
118482,"BANDHAN Nifty 50 Index Fund-Direct Plan-Growth",2021-03-24,30.8376
147625,"Motilal Oswal Nifty 500 Index Fund - Direct Plan",2021-03-24,13.7406
118482,"BANDHAN Nifty 50 Index Fund-Direct Plan-Growth",2021-03-25,30.3661
147625,"Motilal Oswal Nifty 500 Index Fund - Direct Plan",2021-03-25,13.5127
118482,"BANDHAN Nifty 50 Index Fund-Direct Plan-Growth",2021-03-26,30.7504
147625,"Motilal Oswal Nifty 500 Index Fund - Direct Plan",2021-03-26,13.6867
118482,"BANDHAN Nifty 50 Index Fund-Direct Plan-Growth",2021-03-30,31.4588
147625,"Motilal Oswal Nifty 500 Index Fund - Direct Plan",2021-03-30,13.9519
118482,"BANDHAN Nifty 50 Index Fund-Direct Plan-Growth",2021-03-31,31.1315
147625,"Motilal Oswal Nifty 500 Index Fund - Direct Plan",2021-03-31,13.8667
118482,"BANDHAN Nifty 50 Index Fund-Direct Plan-Growth",2021-04-01,31.5061
147625,"Motilal Oswal Nifty 500 Index Fund - Direct Plan",2021-04-01,14.0514
118482,"BANDHAN Nifty 50 Index Fund-Direct Plan-Growth",2021-04-05,31.0221
147625,"Motilal Oswal Nifty 500 Index Fund - Direct Plan",2021-04-05,13.8497
118482,"BANDHAN Nifty 50 Index Fund-Direct Plan-Growth",2021-04-06,31.119
147625,"Motilal Oswal Nifty 500 Index Fund - Direct Plan",2021-04-06,13.9156
118482,"BANDHAN Nifty 50 Index Fund-Direct Plan-Growth",2021-04-07,31.4047
147625,"Motilal Oswal Nifty 500 Index Fund - Direct Plan",2021-04-07,14.0523
118482,"BANDHAN Nifty 50 Index Fund-Direct Plan-Growth",2021-04-08,31.5237
147625,"Motilal Oswal Nifty 500 Index Fund - Direct Plan",2021-04-08,14.121
118482,"BANDHAN Nifty 50 Index Fund-Direct Plan-Growth",2021-04-09,31.4417
147625,"Motilal Oswal Nifty 500 Index Fund - Direct Plan",2021-04-09,14.105
118482,"BANDHAN Nifty 50 Index Fund-Direct Plan-Growth",2021-04-12,30.3387
147625,"Motilal Oswal Nifty 500 Index Fund - Direct Plan",2021-04-12,13.5409
118482,"BANDHAN Nifty 50 Index Fund-Direct Plan-Growth",2021-04-13,30.7454
147625,"Motilal Oswal Nifty 500 Index Fund - Direct Plan",2021-04-13,13.7224
118482,"BANDHAN Nifty 50 Index Fund-Direct Plan-Growth",2021-04-15,30.905
147625,"Motilal Oswal Nifty 500 Index Fund - Direct Plan",2021-04-15,13.779
118482,"BANDHAN Nifty 50 Index Fund-Direct Plan-Growth",2021-04-16,30.9814
147625,"Motilal Oswal Nifty 500 Index Fund - Direct Plan",2021-04-16,13.8466
118482,"BANDHAN Nifty 50 Index Fund-Direct Plan-Growth",2021-04-19,30.4343
147625,"Motilal Oswal Nifty 500 Index Fund - Direct Plan",2021-04-19,13.6001
118482,"BANDHAN Nifty 50 Index Fund-Direct Plan-Growth",2021-04-20,30.3008
147625,"Motilal Oswal Nifty 500 Index Fund - Direct Plan",2021-04-20,13.5767
118482,"BANDHAN Nifty 50 Index Fund-Direct Plan-Growth",2021-04-22,30.5321
147625,"Motilal Oswal Nifty 500 Index Fund - Direct Plan",2021-04-22,13.6619
118482,"BANDHAN Nifty 50 Index Fund-Direct Plan-Growth",2021-04-23,30.3954
147625,"Motilal Oswal Nifty 500 Index Fund - Direct Plan",2021-04-23,13.632
118482,"BANDHAN Nifty 50 Index Fund-Direct Plan-Growth",2021-04-26,30.697
147625,"Motilal Oswal Nifty 500 Index Fund - Direct Plan",2021-04-26,13.7561
118482,"BANDHAN Nifty 50 Index Fund-Direct Plan-Growth",2021-04-27,31.0495
147625,"Motilal Oswal Nifty 500 Index Fund - Direct Plan",2021-04-27,13.9186
118482,"BANDHAN Nifty 50 Index Fund-Direct Plan-Growth",2021-04-28,31.4936
147625,"Motilal Oswal Nifty 500 Index Fund - Direct Plan",2021-04-28,14.0919
118482,"BANDHAN Nifty 50 Index Fund-Direct Plan-Growth",2021-04-29,31.5664
147625,"Motilal Oswal Nifty 500 Index Fund - Direct Plan",2021-04-29,14.111
118482,"BANDHAN Nifty 50 Index Fund-Direct Plan-Growth",2021-04-30,31.0122
147625,"Motilal Oswal Nifty 500 Index Fund - Direct Plan",2021-04-30,13.9215
118482,"BANDHAN Nifty 50 Index Fund-Direct Plan-Growth",2021-05-03,31.0182
147625,"Motilal Oswal Nifty 500 Index Fund - Direct Plan",2021-05-03,13.9558
118482,"BANDHAN Nifty 50 Index Fund-Direct Plan-Growth",2021-05-04,30.7275
147625,"Motilal Oswal Nifty 500 Index Fund - Direct Plan",2021-05-04,13.8493
118482,"BANDHAN Nifty 50 Index Fund-Direct Plan-Growth",2021-05-05,30.9833
147625,"Motilal Oswal Nifty 500 Index Fund - Direct Plan",2021-05-05,13.9756
118482,"BANDHAN Nifty 50 Index Fund-Direct Plan-Growth",2021-05-06,31.2085
147625,"Motilal Oswal Nifty 500 Index Fund - Direct Plan",2021-05-06,14.0755
118482,"BANDHAN Nifty 50 Index Fund-Direct Plan-Growth",2021-05-07,31.4154
147625,"Motilal Oswal Nifty 500 Index Fund - Direct Plan",2021-05-07,14.1438
118482,"BANDHAN Nifty 50 Index Fund-Direct Plan-Growth",2021-05-10,31.666
147625,"Motilal Oswal Nifty 500 Index Fund - Direct Plan",2021-05-10,14.2636
118482,"BANDHAN Nifty 50 Index Fund-Direct Plan-Growth",2021-05-11,31.4728
147625,"Motilal Oswal Nifty 500 Index Fund - Direct Plan",2021-05-11,14.2323
118482,"BANDHAN Nifty 50 Index Fund-Direct Plan-Growth",2021-05-12,31.1479
147625,"Motilal Oswal Nifty 500 Index Fund - Direct Plan",2021-05-12,14.115
118482,"BANDHAN Nifty 50 Index Fund-Direct Plan-Growth",2021-05-14,31.1087
147625,"Motilal Oswal Nifty 500 Index Fund - Direct Plan",2021-05-14,14.0409
118482,"BANDHAN Nifty 50 Index Fund-Direct Plan-Growth",2021-05-17,31.6238
147625,"Motilal Oswal Nifty 500 Index Fund - Direct Plan",2021-05-17,14.2632
118482,"BANDHAN Nifty 50 Index Fund-Direct Plan-Growth",2021-05-18,32.0121
147625,"Motilal Oswal Nifty 500 Index Fund - Direct Plan",2021-05-18,14.4504
118482,"BANDHAN Nifty 50 Index Fund-Direct Plan-Growth",2021-05-19,31.8482
147625,"Motilal Oswal Nifty 500 Index Fund - Direct Plan",2021-05-19,14.4165
118482,"BANDHAN Nifty 50 Index Fund-Direct Plan-Growth",2021-05-20,31.587
147625,"Motilal Oswal Nifty 500 Index Fund - Direct Plan",2021-05-20,14.3348
118482,"BANDHAN Nifty 50 Index Fund-Direct Plan-Growth",2021-05-21,32.1552
147625,"Motilal Oswal Nifty 500 Index Fund - Direct Plan",2021-05-21,14.5355
118482,"BANDHAN Nifty 50 Index Fund-Direct Plan-Growth",2021-05-24,32.2017
147625,"Motilal Oswal Nifty 500 Index Fund - Direct Plan",2021-05-24,14.5849
118482,"BANDHAN Nifty 50 Index Fund-Direct Plan-Growth",2021-05-25,32.2341
147625,"Motilal Oswal Nifty 500 Index Fund - Direct Plan",2021-05-25,14.5885
118482,"BANDHAN Nifty 50 Index Fund-Direct Plan-Growth",2021-05-26,32.4296
147625,"Motilal Oswal Nifty 500 Index Fund - Direct Plan",2021-05-26,14.6541
148945,"SBI Nifty Next 50 Index Fund - Direct Plan - Growth",2021-05-26,10.0547
118482,"BANDHAN Nifty 50 Index Fund-Direct Plan-Growth",2021-05-27,32.5064
147625,"Motilal Oswal Nifty 500 Index Fund - Direct Plan",2021-05-27,14.7027
148945,"SBI Nifty Next 50 Index Fund - Direct Plan - Growth",2021-05-27,10.1015
118482,"BANDHAN Nifty 50 Index Fund-Direct Plan-Growth",2021-05-28,32.712
147625,"Motilal Oswal Nifty 500 Index Fund - Direct Plan",2021-05-28,14.7593
148945,"SBI Nifty Next 50 Index Fund - Direct Plan - Growth",2021-05-28,10.1086
118482,"BANDHAN Nifty 50 Index Fund-Direct Plan-Growth",2021-05-31,33.0679
147625,"Motilal Oswal Nifty 500 Index Fund - Direct Plan",2021-05-31,14.8963
148945,"SBI Nifty Next 50 Index Fund - Direct Plan - Growth",2021-05-31,10.1983
118482,"BANDHAN Nifty 50 Index Fund-Direct Plan-Growth",2021-06-01,33.0516
147625,"Motilal Oswal Nifty 500 Index Fund - Direct Plan",2021-06-01,14.8781
148945,"SBI Nifty Next 50 Index Fund - Direct Plan - Growth",2021-06-01,10.1874
118482,"BANDHAN Nifty 50 Index Fund-Direct Plan-Growth",2021-06-02,33.0544
147625,"Motilal Oswal Nifty 500 Index Fund - Direct Plan",2021-06-02,14.9492
148945,"SBI Nifty Next 50 Index Fund - Direct Plan - Growth",2021-06-02,10.374
118482,"BANDHAN Nifty 50 Index Fund-Direct Plan-Growth",2021-06-03,33.3028
147625,"Motilal Oswal Nifty 500 Index Fund - Direct Plan",2021-06-03,15.0709
148945,"SBI Nifty Next 50 Index Fund - Direct Plan - Growth",2021-06-03,10.4699
118482,"BANDHAN Nifty 50 Index Fund-Direct Plan-Growth",2021-06-04,33.2604
147625,"Motilal Oswal Nifty 500 Index Fund - Direct Plan",2021-06-04,15.0861
148945,"SBI Nifty Next 50 Index Fund - Direct Plan - Growth",2021-06-04,10.5178
118482,"BANDHAN Nifty 50 Index Fund-Direct Plan-Growth",2021-06-07,33.4321
147625,"Motilal Oswal Nifty 500 Index Fund - Direct Plan",2021-06-07,15.1821
148945,"SBI Nifty Next 50 Index Fund - Direct Plan - Growth",2021-06-07,10.5264
118482,"BANDHAN Nifty 50 Index Fund-Direct Plan-Growth",2021-06-08,33.4074
147625,"Motilal Oswal Nifty 500 Index Fund - Direct Plan",2021-06-08,15.2008
148945,"SBI Nifty Next 50 Index Fund - Direct Plan - Growth",2021-06-08,10.5664
118482,"BANDHAN Nifty 50 Index Fund-Direct Plan-Growth",2021-06-09,33.1868
147625,"Motilal Oswal Nifty 500 Index Fund - Direct Plan",2021-06-09,15.0887
148945,"SBI Nifty Next 50 Index Fund - Direct Plan - Growth",2021-06-09,10.4683
118482,"BANDHAN Nifty 50 Index Fund-Direct Plan-Growth",2021-06-10,33.4293
147625,"Motilal Oswal Nifty 500 Index Fund - Direct Plan",2021-06-10,15.2317
148945,"SBI Nifty Next 50 Index Fund - Direct Plan - Growth",2021-06-10,10.5955
118482,"BANDHAN Nifty 50 Index Fund-Direct Plan-Growth",2021-06-11,33.5691
147625,"Motilal Oswal Nifty 500 Index Fund - Direct Plan",2021-06-11,15.2875
148945,"SBI Nifty Next 50 Index Fund - Direct Plan - Growth",2021-06-11,10.6189
118482,"BANDHAN Nifty 50 Index Fund-Direct Plan-Growth",2021-06-14,33.6018
147625,"Motilal Oswal Nifty 500 Index Fund - Direct Plan",2021-06-14,15.2785
148945,"SBI Nifty Next 50 Index Fund - Direct Plan - Growth",2021-06-14,10.5727
118482,"BANDHAN Nifty 50 Index Fund-Direct Plan-Growth",2021-06-15,33.723
147625,"Motilal Oswal Nifty 500 Index Fund - Direct Plan",2021-06-15,15.338
148945,"SBI Nifty Next 50 Index Fund - Direct Plan - Growth",2021-06-15,10.6067
118482,"BANDHAN Nifty 50 Index Fund-Direct Plan-Growth",2021-06-16,33.5078
147625,"Motilal Oswal Nifty 500 Index Fund - Direct Plan",2021-06-16,15.229
148945,"SBI Nifty Next 50 Index Fund - Direct Plan - Growth",2021-06-16,10.5087
118482,"BANDHAN Nifty 50 Index Fund-Direct Plan-Growth",2021-06-17,33.3558
147625,"Motilal Oswal Nifty 500 Index Fund - Direct Plan",2021-06-17,15.1374
148945,"SBI Nifty Next 50 Index Fund - Direct Plan - Growth",2021-06-17,10.412
118482,"BANDHAN Nifty 50 Index Fund-Direct Plan-Growth",2021-06-18,33.3388
147625,"Motilal Oswal Nifty 500 Index Fund - Direct Plan",2021-06-18,15.0941
148945,"SBI Nifty Next 50 Index Fund - Direct Plan - Growth",2021-06-18,10.3569
118482,"BANDHAN Nifty 50 Index Fund-Direct Plan-Growth",2021-06-21,33.4711
147625,"Motilal Oswal Nifty 500 Index Fund - Direct Plan",2021-06-21,15.1708
148945,"SBI Nifty Next 50 Index Fund - Direct Plan - Growth",2021-06-21,10.4477
118482,"BANDHAN Nifty 50 Index Fund-Direct Plan-Growth",2021-06-22,33.5261
147625,"Motilal Oswal Nifty 500 Index Fund - Direct Plan",2021-06-22,15.2092
148945,"SBI Nifty Next 50 Index Fund - Direct Plan - Growth",2021-06-22,10.4988
118482,"BANDHAN Nifty 50 Index Fund-Direct Plan-Growth",2021-06-23,33.3463
147625,"Motilal Oswal Nifty 500 Index Fund - Direct Plan",2021-06-23,15.133
148945,"SBI Nifty Next 50 Index Fund - Direct Plan - Growth",2021-06-23,10.4139
118482,"BANDHAN Nifty 50 Index Fund-Direct Plan-Growth",2021-06-24,33.5648
147625,"Motilal Oswal Nifty 500 Index Fund - Direct Plan",2021-06-24,15.1842
148945,"SBI Nifty Next 50 Index Fund - Direct Plan - Growth",2021-06-24,10.3641
118482,"BANDHAN Nifty 50 Index Fund-Direct Plan-Growth",2021-06-25,33.71
147625,"Motilal Oswal Nifty 500 Index Fund - Direct Plan",2021-06-25,15.2641
148945,"SBI Nifty Next 50 Index Fund - Direct Plan - Growth",2021-06-25,10.4348
118482,"BANDHAN Nifty 50 Index Fund-Direct Plan-Growth",2021-06-28,33.6139
147625,"Motilal Oswal Nifty 500 Index Fund - Direct Plan",2021-06-28,15.2572
148945,"SBI Nifty Next 50 Index Fund - Direct Plan - Growth",2021-06-28,10.4753
118482,"BANDHAN Nifty 50 Index Fund-Direct Plan-Growth",2021-06-29,33.4872
147625,"Motilal Oswal Nifty 500 Index Fund - Direct Plan",2021-06-29,15.2058
148945,"SBI Nifty Next 50 Index Fund - Direct Plan - Growth",2021-06-29,10.4554
118482,"BANDHAN Nifty 50 Index Fund-Direct Plan-Growth",2021-06-30,33.4308
147625,"Motilal Oswal Nifty 500 Index Fund - Direct Plan",2021-06-30,15.1961
148945,"SBI Nifty Next 50 Index Fund - Direct Plan - Growth",2021-06-30,10.4108
118482,"BANDHAN Nifty 50 Index Fund-Direct Plan-Growth",2021-07-01,33.3405
147625,"Motilal Oswal Nifty 500 Index Fund - Direct Plan",2021-07-01,15.1752
148945,"SBI Nifty Next 50 Index Fund - Direct Plan - Growth",2021-07-01,10.4495
118482,"BANDHAN Nifty 50 Index Fund-Direct Plan-Growth",2021-07-02,33.4298
147625,"Motilal Oswal Nifty 500 Index Fund - Direct Plan",2021-07-02,15.2202
148945,"SBI Nifty Next 50 Index Fund - Direct Plan - Growth",2021-07-02,10.4202
118482,"BANDHAN Nifty 50 Index Fund-Direct Plan-Growth",2021-07-05,33.67
147625,"Motilal Oswal Nifty 500 Index Fund - Direct Plan",2021-07-05,15.3234
148945,"SBI Nifty Next 50 Index Fund - Direct Plan - Growth",2021-07-05,10.4852
118482,"BANDHAN Nifty 50 Index Fund-Direct Plan-Growth",2021-07-06,33.6356
147625,"Motilal Oswal Nifty 500 Index Fund - Direct Plan",2021-07-06,15.3101
148945,"SBI Nifty Next 50 Index Fund - Direct Plan - Growth",2021-07-06,10.4878
118482,"BANDHAN Nifty 50 Index Fund-Direct Plan-Growth",2021-07-07,33.7655
147625,"Motilal Oswal Nifty 500 Index Fund - Direct Plan",2021-07-07,15.3738
148945,"SBI Nifty Next 50 Index Fund - Direct Plan - Growth",2021-07-07,10.532
118482,"BANDHAN Nifty 50 Index Fund-Direct Plan-Growth",2021-07-08,33.4545
147625,"Motilal Oswal Nifty 500 Index Fund - Direct Plan",2021-07-08,15.2673
148945,"SBI Nifty Next 50 Index Fund - Direct Plan - Growth",2021-07-08,10.5115
118482,"BANDHAN Nifty 50 Index Fund-Direct Plan-Growth",2021-07-09,33.3752
147625,"Motilal Oswal Nifty 500 Index Fund - Direct Plan",2021-07-09,15.2624
148945,"SBI Nifty Next 50 Index Fund - Direct Plan - Growth",2021-07-09,10.5288
118482,"BANDHAN Nifty 50 Index Fund-Direct Plan-Growth",2021-07-12,33.3807
147625,"Motilal Oswal Nifty 500 Index Fund - Direct Plan",2021-07-12,15.2853
148945,"SBI Nifty Next 50 Index Fund - Direct Plan - Growth",2021-07-12,10.5374
118482,"BANDHAN Nifty 50 Index Fund-Direct Plan-Growth",2021-07-13,33.6334
147625,"Motilal Oswal Nifty 500 Index Fund - Direct Plan",2021-07-13,15.3749
148945,"SBI Nifty Next 50 Index Fund - Direct Plan - Growth",2021-07-13,10.5169
118482,"BANDHAN Nifty 50 Index Fund-Direct Plan-Growth",2021-07-14,33.7237
147625,"Motilal Oswal Nifty 500 Index Fund - Direct Plan",2021-07-14,15.4116
148945,"SBI Nifty Next 50 Index Fund - Direct Plan - Growth",2021-07-14,10.517
118482,"BANDHAN Nifty 50 Index Fund-Direct Plan-Growth",2021-07-15,33.8793
147625,"Motilal Oswal Nifty 500 Index Fund - Direct Plan",2021-07-15,15.4804
148945,"SBI Nifty Next 50 Index Fund - Direct Plan - Growth",2021-07-15,10.5515
118482,"BANDHAN Nifty 50 Index Fund-Direct Plan-Growth",2021-07-16,33.8775
147625,"Motilal Oswal Nifty 500 Index Fund - Direct Plan",2021-07-16,15.5051
148945,"SBI Nifty Next 50 Index Fund - Direct Plan - Growth",2021-07-16,10.6015
118482,"BANDHAN Nifty 50 Index Fund-Direct Plan-Growth",2021-07-19,33.5164
147625,"Motilal Oswal Nifty 500 Index Fund - Direct Plan",2021-07-19,15.3684
148945,"SBI Nifty Next 50 Index Fund - Direct Plan - Growth",2021-07-19,10.5338
118482,"BANDHAN Nifty 50 Index Fund-Direct Plan-Growth",2021-07-20,33.264
147625,"Motilal Oswal Nifty 500 Index Fund - Direct Plan",2021-07-20,15.2299
148945,"SBI Nifty Next 50 Index Fund - Direct Plan - Growth",2021-07-20,10.464
118482,"BANDHAN Nifty 50 Index Fund-Direct Plan-Growth",2021-07-22,33.669
147625,"Motilal Oswal Nifty 500 Index Fund - Direct Plan",2021-07-22,15.4259
148945,"SBI Nifty Next 50 Index Fund - Direct Plan - Growth",2021-07-22,10.6475
118482,"BANDHAN Nifty 50 Index Fund-Direct Plan-Growth",2021-07-23,33.7447
147625,"Motilal Oswal Nifty 500 Index Fund - Direct Plan",2021-07-23,15.4475
148945,"SBI Nifty Next 50 Index Fund - Direct Plan - Growth",2021-07-23,10.6346
118482,"BANDHAN Nifty 50 Index Fund-Direct Plan-Growth",2021-07-26,33.6784
147625,"Motilal Oswal Nifty 500 Index Fund - Direct Plan",2021-07-26,15.4339
148945,"SBI Nifty Next 50 Index Fund - Direct Plan - Growth",2021-07-26,10.6449
118482,"BANDHAN Nifty 50 Index Fund-Direct Plan-Growth",2021-07-27,33.5179
147625,"Motilal Oswal Nifty 500 Index Fund - Direct Plan",2021-07-27,15.363
148945,"SBI Nifty Next 50 Index Fund - Direct Plan - Growth",2021-07-27,10.5812
118482,"BANDHAN Nifty 50 Index Fund-Direct Plan-Growth",2021-07-28,33.4505
147625,"Motilal Oswal Nifty 500 Index Fund - Direct Plan",2021-07-28,15.3315
148945,"SBI Nifty Next 50 Index Fund - Direct Plan - Growth",2021-07-28,10.6007
118482,"BANDHAN Nifty 50 Index Fund-Direct Plan-Growth",2021-07-29,33.6038
147625,"Motilal Oswal Nifty 500 Index Fund - Direct Plan",2021-07-29,15.4054
148945,"SBI Nifty Next 50 Index Fund - Direct Plan - Growth",2021-07-29,10.6087
118482,"BANDHAN Nifty 50 Index Fund-Direct Plan-Growth",2021-07-30,33.5709
147625,"Motilal Oswal Nifty 500 Index Fund - Direct Plan",2021-07-30,15.4288
148945,"SBI Nifty Next 50 Index Fund - Direct Plan - Growth",2021-07-30,10.6541
118482,"BANDHAN Nifty 50 Index Fund-Direct Plan-Growth",2021-08-02,33.8318
147625,"Motilal Oswal Nifty 500 Index Fund - Direct Plan",2021-08-02,15.5629
148945,"SBI Nifty Next 50 Index Fund - Direct Plan - Growth",2021-08-02,10.7509
118482,"BANDHAN Nifty 50 Index Fund-Direct Plan-Growth",2021-08-03,34.353
147625,"Motilal Oswal Nifty 500 Index Fund - Direct Plan",2021-08-03,15.738
148945,"SBI Nifty Next 50 Index Fund - Direct Plan - Growth",2021-08-03,10.8406
118482,"BANDHAN Nifty 50 Index Fund-Direct Plan-Growth",2021-08-04,34.6246
147625,"Motilal Oswal Nifty 500 Index Fund - Direct Plan",2021-08-04,15.7723
148945,"SBI Nifty Next 50 Index Fund - Direct Plan - Growth",2021-08-04,10.7631
118482,"BANDHAN Nifty 50 Index Fund-Direct Plan-Growth",2021-08-05,34.7052
147625,"Motilal Oswal Nifty 500 Index Fund - Direct Plan",2021-08-05,15.7878
148945,"SBI Nifty Next 50 Index Fund - Direct Plan - Growth",2021-08-05,10.7395
118482,"BANDHAN Nifty 50 Index Fund-Direct Plan-Growth",2021-08-06,34.5856
147625,"Motilal Oswal Nifty 500 Index Fund - Direct Plan",2021-08-06,15.7576
148945,"SBI Nifty Next 50 Index Fund - Direct Plan - Growth",2021-08-06,10.7627
118482,"BANDHAN Nifty 50 Index Fund-Direct Plan-Growth",2021-08-09,34.63
147625,"Motilal Oswal Nifty 500 Index Fund - Direct Plan",2021-08-09,15.7362
148945,"SBI Nifty Next 50 Index Fund - Direct Plan - Growth",2021-08-09,10.7131
118482,"BANDHAN Nifty 50 Index Fund-Direct Plan-Growth",2021-08-10,34.6761
147625,"Motilal Oswal Nifty 500 Index Fund - Direct Plan",2021-08-10,15.6891
148945,"SBI Nifty Next 50 Index Fund - Direct Plan - Growth",2021-08-10,10.6698
118482,"BANDHAN Nifty 50 Index Fund-Direct Plan-Growth",2021-08-11,34.6812
147625,"Motilal Oswal Nifty 500 Index Fund - Direct Plan",2021-08-11,15.6715
148945,"SBI Nifty Next 50 Index Fund - Direct Plan - Growth",2021-08-11,10.6464
118482,"BANDHAN Nifty 50 Index Fund-Direct Plan-Growth",2021-08-12,34.8589
147625,"Motilal Oswal Nifty 500 Index Fund - Direct Plan",2021-08-12,15.7791
148945,"SBI Nifty Next 50 Index Fund - Direct Plan - Growth",2021-08-12,10.6789
118482,"BANDHAN Nifty 50 Index Fund-Direct Plan-Growth",2021-08-13,35.2077
147625,"Motilal Oswal Nifty 500 Index Fund - Direct Plan",2021-08-13,15.8838
148945,"SBI Nifty Next 50 Index Fund - Direct Plan - Growth",2021-08-13,10.6921
118482,"BANDHAN Nifty 50 Index Fund-Direct Plan-Growth",2021-08-16,35.2792
147625,"Motilal Oswal Nifty 500 Index Fund - Direct Plan",2021-08-16,15.8894
148945,"SBI Nifty Next 50 Index Fund - Direct Plan - Growth",2021-08-16,10.7047
118482,"BANDHAN Nifty 50 Index Fund-Direct Plan-Growth",2021-08-17,35.3911
147625,"Motilal Oswal Nifty 500 Index Fund - Direct Plan",2021-08-17,15.9377
148945,"SBI Nifty Next 50 Index Fund - Direct Plan - Growth",2021-08-17,10.7606
118482,"BANDHAN Nifty 50 Index Fund-Direct Plan-Growth",2021-08-18,35.2941
147625,"Motilal Oswal Nifty 500 Index Fund - Direct Plan",2021-08-18,15.9183
148945,"SBI Nifty Next 50 Index Fund - Direct Plan - Growth",2021-08-18,10.8204
118482,"BANDHAN Nifty 50 Index Fund-Direct Plan-Growth",2021-08-20,35.0432
147625,"Motilal Oswal Nifty 500 Index Fund - Direct Plan",2021-08-20,15.7482
148945,"SBI Nifty Next 50 Index Fund - Direct Plan - Growth",2021-08-20,10.6605
118482,"BANDHAN Nifty 50 Index Fund-Direct Plan-Growth",2021-08-23,35.1411
147625,"Motilal Oswal Nifty 500 Index Fund - Direct Plan",2021-08-23,15.7332
148945,"SBI Nifty Next 50 Index Fund - Direct Plan - Growth",2021-08-23,10.6178
118482,"BANDHAN Nifty 50 Index Fund-Direct Plan-Growth",2021-08-24,35.4115
147625,"Motilal Oswal Nifty 500 Index Fund - Direct Plan",2021-08-24,15.8812
148945,"SBI Nifty Next 50 Index Fund - Direct Plan - Growth",2021-08-24,10.7211
118482,"BANDHAN Nifty 50 Index Fund-Direct Plan-Growth",2021-08-25,35.4325
147625,"Motilal Oswal Nifty 500 Index Fund - Direct Plan",2021-08-25,15.9153
148945,"SBI Nifty Next 50 Index Fund - Direct Plan - Growth",2021-08-25,10.7706
118482,"BANDHAN Nifty 50 Index Fund-Direct Plan-Growth",2021-08-26,35.4371
147625,"Motilal Oswal Nifty 500 Index Fund - Direct Plan",2021-08-26,15.9304
148945,"SBI Nifty Next 50 Index Fund - Direct Plan - Growth",2021-08-26,10.8028
118482,"BANDHAN Nifty 50 Index Fund-Direct Plan-Growth",2021-08-27,35.5807
147625,"Motilal Oswal Nifty 500 Index Fund - Direct Plan",2021-08-27,16.0266
148945,"SBI Nifty Next 50 Index Fund - Direct Plan - Growth",2021-08-27,10.938
118482,"BANDHAN Nifty 50 Index Fund-Direct Plan-Growth",2021-08-30,36.0551
147625,"Motilal Oswal Nifty 500 Index Fund - Direct Plan",2021-08-30,16.2571
148945,"SBI Nifty Next 50 Index Fund - Direct Plan - Growth",2021-08-30,11.1064
118482,"BANDHAN Nifty 50 Index Fund-Direct Plan-Growth",2021-08-31,36.4778
147625,"Motilal Oswal Nifty 500 Index Fund - Direct Plan",2021-08-31,16.4337
148945,"SBI Nifty Next 50 Index Fund - Direct Plan - Growth",2021-08-31,11.2569
118482,"BANDHAN Nifty 50 Index Fund-Direct Plan-Growth",2021-09-01,36.3594
147625,"Motilal Oswal Nifty 500 Index Fund - Direct Plan",2021-09-01,16.4286
148945,"SBI Nifty Next 50 Index Fund - Direct Plan - Growth",2021-09-01,11.3385
118482,"BANDHAN Nifty 50 Index Fund-Direct Plan-Growth",2021-09-02,36.6973
147625,"Motilal Oswal Nifty 500 Index Fund - Direct Plan",2021-09-02,16.5797
148945,"SBI Nifty Next 50 Index Fund - Direct Plan - Growth",2021-09-02,11.4541
118482,"BANDHAN Nifty 50 Index Fund-Direct Plan-Growth",2021-09-03,36.8863
147625,"Motilal Oswal Nifty 500 Index Fund - Direct Plan",2021-09-03,16.6639
148945,"SBI Nifty Next 50 Index Fund - Direct Plan - Growth",2021-09-03,11.5199
118482,"BANDHAN Nifty 50 Index Fund-Direct Plan-Growth",2021-09-06,37.0003
147625,"Motilal Oswal Nifty 500 Index Fund - Direct Plan",2021-09-06,16.7159
148945,"SBI Nifty Next 50 Index Fund - Direct Plan - Growth",2021-09-06,11.5046
118482,"BANDHAN Nifty 50 Index Fund-Direct Plan-Growth",2021-09-07,36.967
147625,"Motilal Oswal Nifty 500 Index Fund - Direct Plan",2021-09-07,16.6912
148945,"SBI Nifty Next 50 Index Fund - Direct Plan - Growth",2021-09-07,11.4652
118482,"BANDHAN Nifty 50 Index Fund-Direct Plan-Growth",2021-09-08,36.9643
147625,"Motilal Oswal Nifty 500 Index Fund - Direct Plan",2021-09-08,16.7181
148945,"SBI Nifty Next 50 Index Fund - Direct Plan - Growth",2021-09-08,11.5275
118482,"BANDHAN Nifty 50 Index Fund-Direct Plan-Growth",2021-09-09,36.9974
147625,"Motilal Oswal Nifty 500 Index Fund - Direct Plan",2021-09-09,16.7548
148945,"SBI Nifty Next 50 Index Fund - Direct Plan - Growth",2021-09-09,11.5776
118482,"BANDHAN Nifty 50 Index Fund-Direct Plan-Growth",2021-09-13,36.9676
147625,"Motilal Oswal Nifty 500 Index Fund - Direct Plan",2021-09-13,16.7727
148945,"SBI Nifty Next 50 Index Fund - Direct Plan - Growth",2021-09-13,11.6131
118482,"BANDHAN Nifty 50 Index Fund-Direct Plan-Growth",2021-09-14,37.0187
147625,"Motilal Oswal Nifty 500 Index Fund - Direct Plan",2021-09-14,16.8315
148945,"SBI Nifty Next 50 Index Fund - Direct Plan - Growth",2021-09-14,11.6492
118482,"BANDHAN Nifty 50 Index Fund-Direct Plan-Growth",2021-09-15,37.3136
147625,"Motilal Oswal Nifty 500 Index Fund - Direct Plan",2021-09-15,16.9628
148945,"SBI Nifty Next 50 Index Fund - Direct Plan - Growth",2021-09-15,11.6951
118482,"BANDHAN Nifty 50 Index Fund-Direct Plan-Growth",2021-09-16,37.5463
147625,"Motilal Oswal Nifty 500 Index Fund - Direct Plan",2021-09-16,17.0595
148945,"SBI Nifty Next 50 Index Fund - Direct Plan - Growth",2021-09-16,11.7775
118482,"BANDHAN Nifty 50 Index Fund-Direct Plan-Growth",2021-09-17,37.4524
147625,"Motilal Oswal Nifty 500 Index Fund - Direct Plan",2021-09-17,16.9713
148945,"SBI Nifty Next 50 Index Fund - Direct Plan - Growth",2021-09-17,11.6809
118482,"BANDHAN Nifty 50 Index Fund-Direct Plan-Growth",2021-09-20,37.0543
147625,"Motilal Oswal Nifty 500 Index Fund - Direct Plan",2021-09-20,16.744
148945,"SBI Nifty Next 50 Index Fund - Direct Plan - Growth",2021-09-20,11.4636
118482,"BANDHAN Nifty 50 Index Fund-Direct Plan-Growth",2021-09-21,37.405
147625,"Motilal Oswal Nifty 500 Index Fund - Direct Plan",2021-09-21,16.8779
148945,"SBI Nifty Next 50 Index Fund - Direct Plan - Growth",2021-09-21,11.5637
118482,"BANDHAN Nifty 50 Index Fund-Direct Plan-Growth",2021-09-22,37.3722
147625,"Motilal Oswal Nifty 500 Index Fund - Direct Plan",2021-09-22,16.927
148945,"SBI Nifty Next 50 Index Fund - Direct Plan - Growth",2021-09-22,11.6264
118482,"BANDHAN Nifty 50 Index Fund-Direct Plan-Growth",2021-09-23,37.9632
147625,"Motilal Oswal Nifty 500 Index Fund - Direct Plan",2021-09-23,17.1686
148945,"SBI Nifty Next 50 Index Fund - Direct Plan - Growth",2021-09-23,11.7562
118482,"BANDHAN Nifty 50 Index Fund-Direct Plan-Growth",2021-09-24,38.0275
147625,"Motilal Oswal Nifty 500 Index Fund - Direct Plan",2021-09-24,17.1524
148945,"SBI Nifty Next 50 Index Fund - Direct Plan - Growth",2021-09-24,11.6571
118482,"BANDHAN Nifty 50 Index Fund-Direct Plan-Growth",2021-09-27,38.0308
147625,"Motilal Oswal Nifty 500 Index Fund - Direct Plan",2021-09-27,17.1496
148945,"SBI Nifty Next 50 Index Fund - Direct Plan - Growth",2021-09-27,11.6239
118482,"BANDHAN Nifty 50 Index Fund-Direct Plan-Growth",2021-09-28,37.8022
147625,"Motilal Oswal Nifty 500 Index Fund - Direct Plan",2021-09-28,17.0454
148945,"SBI Nifty Next 50 Index Fund - Direct Plan - Growth",2021-09-28,11.5435
118482,"BANDHAN Nifty 50 Index Fund-Direct Plan-Growth",2021-09-29,37.7226
147625,"Motilal Oswal Nifty 500 Index Fund - Direct Plan",2021-09-29,17.0356
148945,"SBI Nifty Next 50 Index Fund - Direct Plan - Growth",2021-09-29,11.4794
118482,"BANDHAN Nifty 50 Index Fund-Direct Plan-Growth",2021-09-30,37.5248
147625,"Motilal Oswal Nifty 500 Index Fund - Direct Plan",2021-09-30,16.9961
148945,"SBI Nifty Next 50 Index Fund - Direct Plan - Growth",2021-09-30,11.472
118482,"BANDHAN Nifty 50 Index Fund-Direct Plan-Growth",2021-10-01,37.3411
147625,"Motilal Oswal Nifty 500 Index Fund - Direct Plan",2021-10-01,16.9517
148945,"SBI Nifty Next 50 Index Fund - Direct Plan - Growth",2021-10-01,11.507
118482,"BANDHAN Nifty 50 Index Fund-Direct Plan-Growth",2021-10-04,37.6781
147625,"Motilal Oswal Nifty 500 Index Fund - Direct Plan",2021-10-04,17.1395
148945,"SBI Nifty Next 50 Index Fund - Direct Plan - Growth",2021-10-04,11.6811
118482,"BANDHAN Nifty 50 Index Fund-Direct Plan-Growth",2021-10-05,37.9598
147625,"Motilal Oswal Nifty 500 Index Fund - Direct Plan",2021-10-05,17.2522
148945,"SBI Nifty Next 50 Index Fund - Direct Plan - Growth",2021-10-05,11.7276
118482,"BANDHAN Nifty 50 Index Fund-Direct Plan-Growth",2021-10-06,37.5872
147625,"Motilal Oswal Nifty 500 Index Fund - Direct Plan",2021-10-06,17.0886
148945,"SBI Nifty Next 50 Index Fund - Direct Plan - Growth",2021-10-06,11.616
118482,"BANDHAN Nifty 50 Index Fund-Direct Plan-Growth",2021-10-07,37.8922
147625,"Motilal Oswal Nifty 500 Index Fund - Direct Plan",2021-10-07,17.2635
148945,"SBI Nifty Next 50 Index Fund - Direct Plan - Growth",2021-10-07,11.738
118482,"BANDHAN Nifty 50 Index Fund-Direct Plan-Growth",2021-10-08,38.1126
147625,"Motilal Oswal Nifty 500 Index Fund - Direct Plan",2021-10-08,17.3477
148945,"SBI Nifty Next 50 Index Fund - Direct Plan - Growth",2021-10-08,11.7108
118482,"BANDHAN Nifty 50 Index Fund-Direct Plan-Growth",2021-10-11,38.2184
147625,"Motilal Oswal Nifty 500 Index Fund - Direct Plan",2021-10-11,17.4178
148945,"SBI Nifty Next 50 Index Fund - Direct Plan - Growth",2021-10-11,11.7631
118482,"BANDHAN Nifty 50 Index Fund-Direct Plan-Growth",2021-10-12,38.3145
147625,"Motilal Oswal Nifty 500 Index Fund - Direct Plan",2021-10-12,17.4784
148945,"SBI Nifty Next 50 Index Fund - Direct Plan - Growth",2021-10-12,11.8516
118482,"BANDHAN Nifty 50 Index Fund-Direct Plan-Growth",2021-10-13,38.6742
147625,"Motilal Oswal Nifty 500 Index Fund - Direct Plan",2021-10-13,17.6465
148945,"SBI Nifty Next 50 Index Fund - Direct Plan - Growth",2021-10-13,11.9664
118482,"BANDHAN Nifty 50 Index Fund-Direct Plan-Growth",2021-10-14,39.0512
147625,"Motilal Oswal Nifty 500 Index Fund - Direct Plan",2021-10-14,17.8027
148945,"SBI Nifty Next 50 Index Fund - Direct Plan - Growth",2021-10-14,12.0681
118482,"BANDHAN Nifty 50 Index Fund-Direct Plan-Growth",2021-10-18,39.3435
147625,"Motilal Oswal Nifty 500 Index Fund - Direct Plan",2021-10-18,17.9335
148945,"SBI Nifty Next 50 Index Fund - Direct Plan - Growth",2021-10-18,12.1028
118482,"BANDHAN Nifty 50 Index Fund-Direct Plan-Growth",2021-10-19,39.2202
147625,"Motilal Oswal Nifty 500 Index Fund - Direct Plan",2021-10-19,17.7888
148945,"SBI Nifty Next 50 Index Fund - Direct Plan - Growth",2021-10-19,11.9345
118482,"BANDHAN Nifty 50 Index Fund-Direct Plan-Growth",2021-10-20,38.8985
147625,"Motilal Oswal Nifty 500 Index Fund - Direct Plan",2021-10-20,17.5755
148945,"SBI Nifty Next 50 Index Fund - Direct Plan - Growth",2021-10-20,11.7282
118482,"BANDHAN Nifty 50 Index Fund-Direct Plan-Growth",2021-10-21,38.717
147625,"Motilal Oswal Nifty 500 Index Fund - Direct Plan",2021-10-21,17.4857
148945,"SBI Nifty Next 50 Index Fund - Direct Plan - Growth",2021-10-21,11.6415
118482,"BANDHAN Nifty 50 Index Fund-Direct Plan-Growth",2021-10-22,38.5837
147625,"Motilal Oswal Nifty 500 Index Fund - Direct Plan",2021-10-22,17.3864
148945,"SBI Nifty Next 50 Index Fund - Direct Plan - Growth",2021-10-22,11.4795
118482,"BANDHAN Nifty 50 Index Fund-Direct Plan-Growth",2021-10-25,38.6054
147625,"Motilal Oswal Nifty 500 Index Fund - Direct Plan",2021-10-25,17.3124
148945,"SBI Nifty Next 50 Index Fund - Direct Plan - Growth",2021-10-25,11.3802
118482,"BANDHAN Nifty 50 Index Fund-Direct Plan-Growth",2021-10-26,38.9404
147625,"Motilal Oswal Nifty 500 Index Fund - Direct Plan",2021-10-26,17.5094
148945,"SBI Nifty Next 50 Index Fund - Direct Plan - Growth",2021-10-26,11.5145
118482,"BANDHAN Nifty 50 Index Fund-Direct Plan-Growth",2021-10-27,38.8198
147625,"Motilal Oswal Nifty 500 Index Fund - Direct Plan",2021-10-27,17.4922
148945,"SBI Nifty Next 50 Index Fund - Direct Plan - Growth",2021-10-27,11.5751
118482,"BANDHAN Nifty 50 Index Fund-Direct Plan-Growth",2021-10-28,38.0284
147625,"Motilal Oswal Nifty 500 Index Fund - Direct Plan",2021-10-28,17.1616
148945,"SBI Nifty Next 50 Index Fund - Direct Plan - Growth",2021-10-28,11.3306
118482,"BANDHAN Nifty 50 Index Fund-Direct Plan-Growth",2021-10-29,37.6341
147625,"Motilal Oswal Nifty 500 Index Fund - Direct Plan",2021-10-29,17.0451
148945,"SBI Nifty Next 50 Index Fund - Direct Plan - Growth",2021-10-29,11.3974
118482,"BANDHAN Nifty 50 Index Fund-Direct Plan-Growth",2021-11-01,38.1809
147625,"Motilal Oswal Nifty 500 Index Fund - Direct Plan",2021-11-01,17.2883
148945,"SBI Nifty Next 50 Index Fund - Direct Plan - Growth",2021-11-01,11.5412
118482,"BANDHAN Nifty 50 Index Fund-Direct Plan-Growth",2021-11-02,38.099
147625,"Motilal Oswal Nifty 500 Index Fund - Direct Plan",2021-11-02,17.3036
148945,"SBI Nifty Next 50 Index Fund - Direct Plan - Growth",2021-11-02,11.5459
118482,"BANDHAN Nifty 50 Index Fund-Direct Plan-Growth",2021-11-03,37.9723
147625,"Motilal Oswal Nifty 500 Index Fund - Direct Plan",2021-11-03,17.2676
148945,"SBI Nifty Next 50 Index Fund - Direct Plan - Growth",2021-11-03,11.6114
118482,"BANDHAN Nifty 50 Index Fund-Direct Plan-Growth",2021-11-08,38.4783
147625,"Motilal Oswal Nifty 500 Index Fund - Direct Plan",2021-11-08,17.5347
148945,"SBI Nifty Next 50 Index Fund - Direct Plan - Growth",2021-11-08,11.8256
118482,"BANDHAN Nifty 50 Index Fund-Direct Plan-Growth",2021-11-09,38.4269
147625,"Motilal Oswal Nifty 500 Index Fund - Direct Plan",2021-11-09,17.5603
148945,"SBI Nifty Next 50 Index Fund - Direct Plan - Growth",2021-11-09,11.875
118482,"BANDHAN Nifty 50 Index Fund-Direct Plan-Growth",2021-11-10,38.3689
147625,"Motilal Oswal Nifty 500 Index Fund - Direct Plan",2021-11-10,17.5368
148945,"SBI Nifty Next 50 Index Fund - Direct Plan - Growth",2021-11-10,11.8956
118482,"BANDHAN Nifty 50 Index Fund-Direct Plan-Growth",2021-11-11,38.0725
147625,"Motilal Oswal Nifty 500 Index Fund - Direct Plan",2021-11-11,17.4164
148945,"SBI Nifty Next 50 Index Fund - Direct Plan - Growth",2021-11-11,11.8459
118482,"BANDHAN Nifty 50 Index Fund-Direct Plan-Growth",2021-11-12,38.5565
147625,"Motilal Oswal Nifty 500 Index Fund - Direct Plan",2021-11-12,17.6054
148945,"SBI Nifty Next 50 Index Fund - Direct Plan - Growth",2021-11-12,11.99
118482,"BANDHAN Nifty 50 Index Fund-Direct Plan-Growth",2021-11-15,38.5702
147625,"Motilal Oswal Nifty 500 Index Fund - Direct Plan",2021-11-15,17.6202
148945,"SBI Nifty Next 50 Index Fund - Direct Plan - Growth",2021-11-15,12.0221
118482,"BANDHAN Nifty 50 Index Fund-Direct Plan-Growth",2021-11-16,38.3374
147625,"Motilal Oswal Nifty 500 Index Fund - Direct Plan",2021-11-16,17.5442
148945,"SBI Nifty Next 50 Index Fund - Direct Plan - Growth",2021-11-16,12.0026
118482,"BANDHAN Nifty 50 Index Fund-Direct Plan-Growth",2021-11-17,38.1252
147625,"Motilal Oswal Nifty 500 Index Fund - Direct Plan",2021-11-17,17.4657
148945,"SBI Nifty Next 50 Index Fund - Direct Plan - Growth",2021-11-17,11.9896
118482,"BANDHAN Nifty 50 Index Fund-Direct Plan-Growth",2021-11-18,37.8434
147625,"Motilal Oswal Nifty 500 Index Fund - Direct Plan",2021-11-18,17.2936
148945,"SBI Nifty Next 50 Index Fund - Direct Plan - Growth",2021-11-18,11.8201
118482,"BANDHAN Nifty 50 Index Fund-Direct Plan-Growth",2021-11-22,37.1192
147625,"Motilal Oswal Nifty 500 Index Fund - Direct Plan",2021-11-22,16.9286
148945,"SBI Nifty Next 50 Index Fund - Direct Plan - Growth",2021-11-22,11.6002
118482,"BANDHAN Nifty 50 Index Fund-Direct Plan-Growth",2021-11-23,37.3029
147625,"Motilal Oswal Nifty 500 Index Fund - Direct Plan",2021-11-23,17.0763
148945,"SBI Nifty Next 50 Index Fund - Direct Plan - Growth",2021-11-23,11.7742
118482,"BANDHAN Nifty 50 Index Fund-Direct Plan-Growth",2021-11-24,37.1166
147625,"Motilal Oswal Nifty 500 Index Fund - Direct Plan",2021-11-24,17.0079
148945,"SBI Nifty Next 50 Index Fund - Direct Plan - Growth",2021-11-24,11.7113
118482,"BANDHAN Nifty 50 Index Fund-Direct Plan-Growth",2021-11-25,37.372
147625,"Motilal Oswal Nifty 500 Index Fund - Direct Plan",2021-11-25,17.1253
148945,"SBI Nifty Next 50 Index Fund - Direct Plan - Growth",2021-11-25,11.8122
118482,"BANDHAN Nifty 50 Index Fund-Direct Plan-Growth",2021-11-26,36.2954
147625,"Motilal Oswal Nifty 500 Index Fund - Direct Plan",2021-11-26,16.6247
148945,"SBI Nifty Next 50 Index Fund - Direct Plan - Growth",2021-11-26,11.4555
118482,"BANDHAN Nifty 50 Index Fund-Direct Plan-Growth",2021-11-29,36.3531
147625,"Motilal Oswal Nifty 500 Index Fund - Direct Plan",2021-11-29,16.5673
148945,"SBI Nifty Next 50 Index Fund - Direct Plan - Growth",2021-11-29,11.3505
118482,"BANDHAN Nifty 50 Index Fund-Direct Plan-Growth",2021-11-30,36.2021
147625,"Motilal Oswal Nifty 500 Index Fund - Direct Plan",2021-11-30,16.5579
148945,"SBI Nifty Next 50 Index Fund - Direct Plan - Growth",2021-11-30,11.3229
118482,"BANDHAN Nifty 50 Index Fund-Direct Plan-Growth",2021-12-01,36.5905
147625,"Motilal Oswal Nifty 500 Index Fund - Direct Plan",2021-12-01,16.7117
148945,"SBI Nifty Next 50 Index Fund - Direct Plan - Growth",2021-12-01,11.388
118482,"BANDHAN Nifty 50 Index Fund-Direct Plan-Growth",2021-12-02,37.0862
147625,"Motilal Oswal Nifty 500 Index Fund - Direct Plan",2021-12-02,16.9247
148945,"SBI Nifty Next 50 Index Fund - Direct Plan - Growth",2021-12-02,11.5005
118482,"BANDHAN Nifty 50 Index Fund-Direct Plan-Growth",2021-12-03,36.6539
147625,"Motilal Oswal Nifty 500 Index Fund - Direct Plan",2021-12-03,16.7917
148945,"SBI Nifty Next 50 Index Fund - Direct Plan - Growth",2021-12-03,11.4774
118482,"BANDHAN Nifty 50 Index Fund-Direct Plan-Growth",2021-12-06,36.0535
147625,"Motilal Oswal Nifty 500 Index Fund - Direct Plan",2021-12-06,16.5228
148945,"SBI Nifty Next 50 Index Fund - Direct Plan - Growth",2021-12-06,11.2553
118482,"BANDHAN Nifty 50 Index Fund-Direct Plan-Growth",2021-12-07,36.6105
147625,"Motilal Oswal Nifty 500 Index Fund - Direct Plan",2021-12-07,16.7667
148945,"SBI Nifty Next 50 Index Fund - Direct Plan - Growth",2021-12-07,11.4255
118482,"BANDHAN Nifty 50 Index Fund-Direct Plan-Growth",2021-12-08,37.227
147625,"Motilal Oswal Nifty 500 Index Fund - Direct Plan",2021-12-08,17.0358
148945,"SBI Nifty Next 50 Index Fund - Direct Plan - Growth",2021-12-08,11.5732
118482,"BANDHAN Nifty 50 Index Fund-Direct Plan-Growth",2021-12-09,37.326
147625,"Motilal Oswal Nifty 500 Index Fund - Direct Plan",2021-12-09,17.0958
148945,"SBI Nifty Next 50 Index Fund - Direct Plan - Growth",2021-12-09,11.5975
118482,"BANDHAN Nifty 50 Index Fund-Direct Plan-Growth",2021-12-10,37.3148
147625,"Motilal Oswal Nifty 500 Index Fund - Direct Plan",2021-12-10,17.1277
148945,"SBI Nifty Next 50 Index Fund - Direct Plan - Growth",2021-12-10,11.6425
118482,"BANDHAN Nifty 50 Index Fund-Direct Plan-Growth",2021-12-13,37.012
147625,"Motilal Oswal Nifty 500 Index Fund - Direct Plan",2021-12-13,17.0248
148945,"SBI Nifty Next 50 Index Fund - Direct Plan - Growth",2021-12-13,11.5859
118482,"BANDHAN Nifty 50 Index Fund-Direct Plan-Growth",2021-12-14,36.9205
147625,"Motilal Oswal Nifty 500 Index Fund - Direct Plan",2021-12-14,17.0009
148945,"SBI Nifty Next 50 Index Fund - Direct Plan - Growth",2021-12-14,11.6236
118482,"BANDHAN Nifty 50 Index Fund-Direct Plan-Growth",2021-12-15,36.7022
147625,"Motilal Oswal Nifty 500 Index Fund - Direct Plan",2021-12-15,16.8989
148945,"SBI Nifty Next 50 Index Fund - Direct Plan - Growth",2021-12-15,11.5276
118482,"BANDHAN Nifty 50 Index Fund-Direct Plan-Growth",2021-12-16,36.7589
147625,"Motilal Oswal Nifty 500 Index Fund - Direct Plan",2021-12-16,16.8799
148945,"SBI Nifty Next 50 Index Fund - Direct Plan - Growth",2021-12-16,11.4877
118482,"BANDHAN Nifty 50 Index Fund-Direct Plan-Growth",2021-12-17,36.2056
147625,"Motilal Oswal Nifty 500 Index Fund - Direct Plan",2021-12-17,16.5852
148945,"SBI Nifty Next 50 Index Fund - Direct Plan - Growth",2021-12-17,11.221
118482,"BANDHAN Nifty 50 Index Fund-Direct Plan-Growth",2021-12-20,35.4265
147625,"Motilal Oswal Nifty 500 Index Fund - Direct Plan",2021-12-20,16.165
148945,"SBI Nifty Next 50 Index Fund - Direct Plan - Growth",2021-12-20,10.9044
118482,"BANDHAN Nifty 50 Index Fund-Direct Plan-Growth",2021-12-21,35.7545
147625,"Motilal Oswal Nifty 500 Index Fund - Direct Plan",2021-12-21,16.345
148945,"SBI Nifty Next 50 Index Fund - Direct Plan - Growth",2021-12-21,11.1094
118482,"BANDHAN Nifty 50 Index Fund-Direct Plan-Growth",2021-12-22,36.1517
147625,"Motilal Oswal Nifty 500 Index Fund - Direct Plan",2021-12-22,16.5495
148945,"SBI Nifty Next 50 Index Fund - Direct Plan - Growth",2021-12-22,11.2614
118482,"BANDHAN Nifty 50 Index Fund-Direct Plan-Growth",2021-12-23,36.3938
147625,"Motilal Oswal Nifty 500 Index Fund - Direct Plan",2021-12-23,16.6754
148945,"SBI Nifty Next 50 Index Fund - Direct Plan - Growth",2021-12-23,11.3813
118482,"BANDHAN Nifty 50 Index Fund-Direct Plan-Growth",2021-12-24,36.2485
147625,"Motilal Oswal Nifty 500 Index Fund - Direct Plan",2021-12-24,16.5774
148945,"SBI Nifty Next 50 Index Fund - Direct Plan - Growth",2021-12-24,11.2626
118482,"BANDHAN Nifty 50 Index Fund-Direct Plan-Growth",2021-12-27,36.4214
147625,"Motilal Oswal Nifty 500 Index Fund - Direct Plan",2021-12-27,16.6479
148945,"SBI Nifty Next 50 Index Fund - Direct Plan - Growth",2021-12-27,11.292
118482,"BANDHAN Nifty 50 Index Fund-Direct Plan-Growth",2021-12-28,36.7297
147625,"Motilal Oswal Nifty 500 Index Fund - Direct Plan",2021-12-28,16.806
148945,"SBI Nifty Next 50 Index Fund - Direct Plan - Growth",2021-12-28,11.3934
118482,"BANDHAN Nifty 50 Index Fund-Direct Plan-Growth",2021-12-29,36.6884
147625,"Motilal Oswal Nifty 500 Index Fund - Direct Plan",2021-12-29,16.8008
148945,"SBI Nifty Next 50 Index Fund - Direct Plan - Growth",2021-12-29,11.3675
118482,"BANDHAN Nifty 50 Index Fund-Direct Plan-Growth",2021-12-30,36.668
147625,"Motilal Oswal Nifty 500 Index Fund - Direct Plan",2021-12-30,16.7774
148945,"SBI Nifty Next 50 Index Fund - Direct Plan - Growth",2021-12-30,11.287
118482,"BANDHAN Nifty 50 Index Fund-Direct Plan-Growth",2021-12-31,36.9823
147625,"Motilal Oswal Nifty 500 Index Fund - Direct Plan",2021-12-31,16.9512
148945,"SBI Nifty Next 50 Index Fund - Direct Plan - Growth",2021-12-31,11.4602
118482,"BANDHAN Nifty 50 Index Fund-Direct Plan-Growth",2022-01-03,37.5571
147625,"Motilal Oswal Nifty 500 Index Fund - Direct Plan",2022-01-03,17.1859
148945,"SBI Nifty Next 50 Index Fund - Direct Plan - Growth",2022-01-03,11.5497
118482,"BANDHAN Nifty 50 Index Fund-Direct Plan-Growth",2022-01-04,37.9373
147625,"Motilal Oswal Nifty 500 Index Fund - Direct Plan",2022-01-04,17.3145
148945,"SBI Nifty Next 50 Index Fund - Direct Plan - Growth",2022-01-04,11.5514
118482,"BANDHAN Nifty 50 Index Fund-Direct Plan-Growth",2022-01-05,38.1911
147625,"Motilal Oswal Nifty 500 Index Fund - Direct Plan",2022-01-05,17.402
148945,"SBI Nifty Next 50 Index Fund - Direct Plan - Growth",2022-01-05,11.6067
118482,"BANDHAN Nifty 50 Index Fund-Direct Plan-Growth",2022-01-06,37.8116
147625,"Motilal Oswal Nifty 500 Index Fund - Direct Plan",2022-01-06,17.2819
148945,"SBI Nifty Next 50 Index Fund - Direct Plan - Growth",2022-01-06,11.5766
118482,"BANDHAN Nifty 50 Index Fund-Direct Plan-Growth",2022-01-07,37.9527
147625,"Motilal Oswal Nifty 500 Index Fund - Direct Plan",2022-01-07,17.3478
148945,"SBI Nifty Next 50 Index Fund - Direct Plan - Growth",2022-01-07,11.6244
118482,"BANDHAN Nifty 50 Index Fund-Direct Plan-Growth",2022-01-10,38.3552
147625,"Motilal Oswal Nifty 500 Index Fund - Direct Plan",2022-01-10,17.5129
148945,"SBI Nifty Next 50 Index Fund - Direct Plan - Growth",2022-01-10,11.6697
118482,"BANDHAN Nifty 50 Index Fund-Direct Plan-Growth",2022-01-11,38.4656
147625,"Motilal Oswal Nifty 500 Index Fund - Direct Plan",2022-01-11,17.5521
148945,"SBI Nifty Next 50 Index Fund - Direct Plan - Growth",2022-01-11,11.6645
118482,"BANDHAN Nifty 50 Index Fund-Direct Plan-Growth",2022-01-12,38.7936
147625,"Motilal Oswal Nifty 500 Index Fund - Direct Plan",2022-01-12,17.7067
148945,"SBI Nifty Next 50 Index Fund - Direct Plan - Growth",2022-01-12,11.7513
118482,"BANDHAN Nifty 50 Index Fund-Direct Plan-Growth",2022-01-13,38.8887
147625,"Motilal Oswal Nifty 500 Index Fund - Direct Plan",2022-01-13,17.7665
148945,"SBI Nifty Next 50 Index Fund - Direct Plan - Growth",2022-01-13,11.8036
118482,"BANDHAN Nifty 50 Index Fund-Direct Plan-Growth",2022-01-14,38.8845
147625,"Motilal Oswal Nifty 500 Index Fund - Direct Plan",2022-01-14,17.7769
148945,"SBI Nifty Next 50 Index Fund - Direct Plan - Growth",2022-01-14,11.8206
118482,"BANDHAN Nifty 50 Index Fund-Direct Plan-Growth",2022-01-17,38.994
147625,"Motilal Oswal Nifty 500 Index Fund - Direct Plan",2022-01-17,17.834
148945,"SBI Nifty Next 50 Index Fund - Direct Plan - Growth",2022-01-17,11.8647
118482,"BANDHAN Nifty 50 Index Fund-Direct Plan-Growth",2022-01-18,38.5851
147625,"Motilal Oswal Nifty 500 Index Fund - Direct Plan",2022-01-18,17.599
148945,"SBI Nifty Next 50 Index Fund - Direct Plan - Growth",2022-01-18,11.66
118482,"BANDHAN Nifty 50 Index Fund-Direct Plan-Growth",2022-01-19,38.2228
147625,"Motilal Oswal Nifty 500 Index Fund - Direct Plan",2022-01-19,17.4861
148945,"SBI Nifty Next 50 Index Fund - Direct Plan - Growth",2022-01-19,11.6517
118482,"BANDHAN Nifty 50 Index Fund-Direct Plan-Growth",2022-01-20,37.8488
147625,"Motilal Oswal Nifty 500 Index Fund - Direct Plan",2022-01-20,17.3617
148945,"SBI Nifty Next 50 Index Fund - Direct Plan - Growth",2022-01-20,11.6435
118482,"BANDHAN Nifty 50 Index Fund-Direct Plan-Growth",2022-01-21,37.5535
147625,"Motilal Oswal Nifty 500 Index Fund - Direct Plan",2022-01-21,17.1583
148945,"SBI Nifty Next 50 Index Fund - Direct Plan - Growth",2022-01-21,11.4498
118482,"BANDHAN Nifty 50 Index Fund-Direct Plan-Growth",2022-01-24,36.5656
147625,"Motilal Oswal Nifty 500 Index Fund - Direct Plan",2022-01-24,16.629
148945,"SBI Nifty Next 50 Index Fund - Direct Plan - Growth",2022-01-24,11.0251
118482,"BANDHAN Nifty 50 Index Fund-Direct Plan-Growth",2022-01-25,36.8367
147625,"Motilal Oswal Nifty 500 Index Fund - Direct Plan",2022-01-25,16.7643
148945,"SBI Nifty Next 50 Index Fund - Direct Plan - Growth",2022-01-25,11.1287
118482,"BANDHAN Nifty 50 Index Fund-Direct Plan-Growth",2022-01-27,36.4859
147625,"Motilal Oswal Nifty 500 Index Fund - Direct Plan",2022-01-27,16.5921
148945,"SBI Nifty Next 50 Index Fund - Direct Plan - Growth",2022-01-27,10.939
118482,"BANDHAN Nifty 50 Index Fund-Direct Plan-Growth",2022-01-28,36.4656
147625,"Motilal Oswal Nifty 500 Index Fund - Direct Plan",2022-01-28,16.6408
148945,"SBI Nifty Next 50 Index Fund - Direct Plan - Growth",2022-01-28,11.0288
118482,"BANDHAN Nifty 50 Index Fund-Direct Plan-Growth",2022-01-31,36.968
147625,"Motilal Oswal Nifty 500 Index Fund - Direct Plan",2022-01-31,16.864
148945,"SBI Nifty Next 50 Index Fund - Direct Plan - Growth",2022-01-31,11.1541
118482,"BANDHAN Nifty 50 Index Fund-Direct Plan-Growth",2022-02-01,37.4679
147625,"Motilal Oswal Nifty 500 Index Fund - Direct Plan",2022-02-01,17.084
148945,"SBI Nifty Next 50 Index Fund - Direct Plan - Growth",2022-02-01,11.3475
118482,"BANDHAN Nifty 50 Index Fund-Direct Plan-Growth",2022-02-02,37.8966
147625,"Motilal Oswal Nifty 500 Index Fund - Direct Plan",2022-02-02,17.2842
148945,"SBI Nifty Next 50 Index Fund - Direct Plan - Growth",2022-02-02,11.4675
118482,"BANDHAN Nifty 50 Index Fund-Direct Plan-Growth",2022-02-03,37.4422
147625,"Motilal Oswal Nifty 500 Index Fund - Direct Plan",2022-02-03,17.1094
148945,"SBI Nifty Next 50 Index Fund - Direct Plan - Growth",2022-02-03,11.4079
118482,"BANDHAN Nifty 50 Index Fund-Direct Plan-Growth",2022-02-04,37.3496
147625,"Motilal Oswal Nifty 500 Index Fund - Direct Plan",2022-02-04,17.0527
148945,"SBI Nifty Next 50 Index Fund - Direct Plan - Growth",2022-02-04,11.4021
118482,"BANDHAN Nifty 50 Index Fund-Direct Plan-Growth",2022-02-07,36.7118
147625,"Motilal Oswal Nifty 500 Index Fund - Direct Plan",2022-02-07,16.8099
148945,"SBI Nifty Next 50 Index Fund - Direct Plan - Growth",2022-02-07,11.3255
118482,"BANDHAN Nifty 50 Index Fund-Direct Plan-Growth",2022-02-08,36.8249
147625,"Motilal Oswal Nifty 500 Index Fund - Direct Plan",2022-02-08,16.7943
148945,"SBI Nifty Next 50 Index Fund - Direct Plan - Growth",2022-02-08,11.2733
118482,"BANDHAN Nifty 50 Index Fund-Direct Plan-Growth",2022-02-09,37.2516
147625,"Motilal Oswal Nifty 500 Index Fund - Direct Plan",2022-02-09,16.977
148945,"SBI Nifty Next 50 Index Fund - Direct Plan - Growth",2022-02-09,11.4004
118482,"BANDHAN Nifty 50 Index Fund-Direct Plan-Growth",2022-02-10,37.5551
147625,"Motilal Oswal Nifty 500 Index Fund - Direct Plan",2022-02-10,17.0876
148945,"SBI Nifty Next 50 Index Fund - Direct Plan - Growth",2022-02-10,11.4478
118482,"BANDHAN Nifty 50 Index Fund-Direct Plan-Growth",2022-02-11,37.0672
147625,"Motilal Oswal Nifty 500 Index Fund - Direct Plan",2022-02-11,16.8373
148945,"SBI Nifty Next 50 Index Fund - Direct Plan - Growth",2022-02-11,11.2817
118482,"BANDHAN Nifty 50 Index Fund-Direct Plan-Growth",2022-02-14,35.9669
147625,"Motilal Oswal Nifty 500 Index Fund - Direct Plan",2022-02-14,16.2891
148945,"SBI Nifty Next 50 Index Fund - Direct Plan - Growth",2022-02-14,10.9048
118482,"BANDHAN Nifty 50 Index Fund-Direct Plan-Growth",2022-02-15,37.0408
147625,"Motilal Oswal Nifty 500 Index Fund - Direct Plan",2022-02-15,16.7473
148945,"SBI Nifty Next 50 Index Fund - Direct Plan - Growth",2022-02-15,11.1689
118482,"BANDHAN Nifty 50 Index Fund-Direct Plan-Growth",2022-02-16,36.9863
147625,"Motilal Oswal Nifty 500 Index Fund - Direct Plan",2022-02-16,16.732
148945,"SBI Nifty Next 50 Index Fund - Direct Plan - Growth",2022-02-16,11.147
118482,"BANDHAN Nifty 50 Index Fund-Direct Plan-Growth",2022-02-17,36.9492
147625,"Motilal Oswal Nifty 500 Index Fund - Direct Plan",2022-02-17,16.714
148945,"SBI Nifty Next 50 Index Fund - Direct Plan - Growth",2022-02-17,11.1767
118482,"BANDHAN Nifty 50 Index Fund-Direct Plan-Growth",2022-02-18,36.8899
147625,"Motilal Oswal Nifty 500 Index Fund - Direct Plan",2022-02-18,16.6446
148945,"SBI Nifty Next 50 Index Fund - Direct Plan - Growth",2022-02-18,11.0585
118482,"BANDHAN Nifty 50 Index Fund-Direct Plan-Growth",2022-02-21,36.7549
147625,"Motilal Oswal Nifty 500 Index Fund - Direct Plan",2022-02-21,16.52
148945,"SBI Nifty Next 50 Index Fund - Direct Plan - Growth",2022-02-21,10.9138
118482,"BANDHAN Nifty 50 Index Fund-Direct Plan-Growth",2022-02-22,36.5128
147625,"Motilal Oswal Nifty 500 Index Fund - Direct Plan",2022-02-22,16.3987
148945,"SBI Nifty Next 50 Index Fund - Direct Plan - Growth",2022-02-22,10.8919
118482,"BANDHAN Nifty 50 Index Fund-Direct Plan-Growth",2022-02-23,36.4512
147625,"Motilal Oswal Nifty 500 Index Fund - Direct Plan",2022-02-23,16.4188
148945,"SBI Nifty Next 50 Index Fund - Direct Plan - Growth",2022-02-23,10.9834
118482,"BANDHAN Nifty 50 Index Fund-Direct Plan-Growth",2022-02-24,34.7168
147625,"Motilal Oswal Nifty 500 Index Fund - Direct Plan",2022-02-24,15.5949
148945,"SBI Nifty Next 50 Index Fund - Direct Plan - Growth",2022-02-24,10.3673
118482,"BANDHAN Nifty 50 Index Fund-Direct Plan-Growth",2022-02-25,35.5899
147625,"Motilal Oswal Nifty 500 Index Fund - Direct Plan",2022-02-25,16.0604
148945,"SBI Nifty Next 50 Index Fund - Direct Plan - Growth",2022-02-25,10.7578
118482,"BANDHAN Nifty 50 Index Fund-Direct Plan-Growth",2022-02-28,35.8772
147625,"Motilal Oswal Nifty 500 Index Fund - Direct Plan",2022-02-28,16.1962
148945,"SBI Nifty Next 50 Index Fund - Direct Plan - Growth",2022-02-28,10.878
118482,"BANDHAN Nifty 50 Index Fund-Direct Plan-Growth",2022-03-02,35.4804
147625,"Motilal Oswal Nifty 500 Index Fund - Direct Plan",2022-03-02,16.0737
148945,"SBI Nifty Next 50 Index Fund - Direct Plan - Growth",2022-03-02,10.8812
118482,"BANDHAN Nifty 50 Index Fund-Direct Plan-Growth",2022-03-03,35.2537
147625,"Motilal Oswal Nifty 500 Index Fund - Direct Plan",2022-03-03,16.0015
148945,"SBI Nifty Next 50 Index Fund - Direct Plan - Growth",2022-03-03,10.8667
118482,"BANDHAN Nifty 50 Index Fund-Direct Plan-Growth",2022-03-04,34.7231
147625,"Motilal Oswal Nifty 500 Index Fund - Direct Plan",2022-03-04,15.7267
148945,"SBI Nifty Next 50 Index Fund - Direct Plan - Growth",2022-03-04,10.6039
118482,"BANDHAN Nifty 50 Index Fund-Direct Plan-Growth",2022-03-07,33.9153
147625,"Motilal Oswal Nifty 500 Index Fund - Direct Plan",2022-03-07,15.3546
148945,"SBI Nifty Next 50 Index Fund - Direct Plan - Growth",2022-03-07,10.3251
118482,"BANDHAN Nifty 50 Index Fund-Direct Plan-Growth",2022-03-08,34.2318
147625,"Motilal Oswal Nifty 500 Index Fund - Direct Plan",2022-03-08,15.5149
148945,"SBI Nifty Next 50 Index Fund - Direct Plan - Growth",2022-03-08,10.4806
118482,"BANDHAN Nifty 50 Index Fund-Direct Plan-Growth",2022-03-09,34.9363
147625,"Motilal Oswal Nifty 500 Index Fund - Direct Plan",2022-03-09,15.8256
148945,"SBI Nifty Next 50 Index Fund - Direct Plan - Growth",2022-03-09,10.6439
118482,"BANDHAN Nifty 50 Index Fund-Direct Plan-Growth",2022-03-10,35.4711
147625,"Motilal Oswal Nifty 500 Index Fund - Direct Plan",2022-03-10,16.0625
148945,"SBI Nifty Next 50 Index Fund - Direct Plan - Growth",2022-03-10,10.8491
118482,"BANDHAN Nifty 50 Index Fund-Direct Plan-Growth",2022-03-11,35.5468
147625,"Motilal Oswal Nifty 500 Index Fund - Direct Plan",2022-03-11,16.1171
148945,"SBI Nifty Next 50 Index Fund - Direct Plan - Growth",2022-03-11,10.9023
118482,"BANDHAN Nifty 50 Index Fund-Direct Plan-Growth",2022-03-14,36.059
147625,"Motilal Oswal Nifty 500 Index Fund - Direct Plan",2022-03-14,16.2719
148945,"SBI Nifty Next 50 Index Fund - Direct Plan - Growth",2022-03-14,10.8622
118482,"BANDHAN Nifty 50 Index Fund-Direct Plan-Growth",2022-03-15,35.6135
147625,"Motilal Oswal Nifty 500 Index Fund - Direct Plan",2022-03-15,16.0921
148945,"SBI Nifty Next 50 Index Fund - Direct Plan - Growth",2022-03-15,10.7609
118482,"BANDHAN Nifty 50 Index Fund-Direct Plan-Growth",2022-03-16,36.2799
147625,"Motilal Oswal Nifty 500 Index Fund - Direct Plan",2022-03-16,16.3929
148945,"SBI Nifty Next 50 Index Fund - Direct Plan - Growth",2022-03-16,11.004
118482,"BANDHAN Nifty 50 Index Fund-Direct Plan-Growth",2022-03-17,36.9444
147625,"Motilal Oswal Nifty 500 Index Fund - Direct Plan",2022-03-17,16.6643
148945,"SBI Nifty Next 50 Index Fund - Direct Plan - Growth",2022-03-17,11.1661
118482,"BANDHAN Nifty 50 Index Fund-Direct Plan-Growth",2022-03-21,36.582
147625,"Motilal Oswal Nifty 500 Index Fund - Direct Plan",2022-03-21,16.5299
148945,"SBI Nifty Next 50 Index Fund - Direct Plan - Growth",2022-03-21,11.0233
118482,"BANDHAN Nifty 50 Index Fund-Direct Plan-Growth",2022-03-22,37.0036
147625,"Motilal Oswal Nifty 500 Index Fund - Direct Plan",2022-03-22,16.6674
148945,"SBI Nifty Next 50 Index Fund - Direct Plan - Growth",2022-03-22,11.0419
118482,"BANDHAN Nifty 50 Index Fund-Direct Plan-Growth",2022-03-23,36.8547
147625,"Motilal Oswal Nifty 500 Index Fund - Direct Plan",2022-03-23,16.6345
148945,"SBI Nifty Next 50 Index Fund - Direct Plan - Growth",2022-03-23,11.0658
118482,"BANDHAN Nifty 50 Index Fund-Direct Plan-Growth",2022-03-24,36.8061
147625,"Motilal Oswal Nifty 500 Index Fund - Direct Plan",2022-03-24,16.6396
148945,"SBI Nifty Next 50 Index Fund - Direct Plan - Growth",2022-03-24,11.0867
118482,"BANDHAN Nifty 50 Index Fund-Direct Plan-Growth",2022-03-25,36.6577
147625,"Motilal Oswal Nifty 500 Index Fund - Direct Plan",2022-03-25,16.5867
148945,"SBI Nifty Next 50 Index Fund - Direct Plan - Growth",2022-03-25,11.0911
118482,"BANDHAN Nifty 50 Index Fund-Direct Plan-Growth",2022-03-28,36.8045
147625,"Motilal Oswal Nifty 500 Index Fund - Direct Plan",2022-03-28,16.6139
148945,"SBI Nifty Next 50 Index Fund - Direct Plan - Growth",2022-03-28,11.0562
118482,"BANDHAN Nifty 50 Index Fund-Direct Plan-Growth",2022-03-29,37.0243
147625,"Motilal Oswal Nifty 500 Index Fund - Direct Plan",2022-03-29,16.7115
148945,"SBI Nifty Next 50 Index Fund - Direct Plan - Growth",2022-03-29,11.1099
118482,"BANDHAN Nifty 50 Index Fund-Direct Plan-Growth",2022-03-30,37.3906
147625,"Motilal Oswal Nifty 500 Index Fund - Direct Plan",2022-03-30,16.8645
148945,"SBI Nifty Next 50 Index Fund - Direct Plan - Growth",2022-03-30,11.1777
118482,"BANDHAN Nifty 50 Index Fund-Direct Plan-Growth",2022-03-31,37.3186
147625,"Motilal Oswal Nifty 500 Index Fund - Direct Plan",2022-03-31,16.8608
148945,"SBI Nifty Next 50 Index Fund - Direct Plan - Growth",2022-03-31,11.1924
149936,"Axis Nifty Midcap 50 Index Fund - Direct Plan - Growth Option",2022-03-31,10.0076
118482,"BANDHAN Nifty 50 Index Fund-Direct Plan-Growth",2022-04-01,37.755
147625,"Motilal Oswal Nifty 500 Index Fund - Direct Plan",2022-04-01,17.0789
148945,"SBI Nifty Next 50 Index Fund - Direct Plan - Growth",2022-04-01,11.366
149936,"Axis Nifty Midcap 50 Index Fund - Direct Plan - Growth Option",2022-04-01,10.0297
118482,"BANDHAN Nifty 50 Index Fund-Direct Plan-Growth",2022-04-04,38.5692
147625,"Motilal Oswal Nifty 500 Index Fund - Direct Plan",2022-04-04,17.4158
148945,"SBI Nifty Next 50 Index Fund - Direct Plan - Growth",2022-04-04,11.5472
149936,"Axis Nifty Midcap 50 Index Fund - Direct Plan - Growth Option",2022-04-04,10.1655
118482,"BANDHAN Nifty 50 Index Fund-Direct Plan-Growth",2022-04-05,38.3679
147625,"Motilal Oswal Nifty 500 Index Fund - Direct Plan",2022-04-05,17.4237
148945,"SBI Nifty Next 50 Index Fund - Direct Plan - Growth",2022-04-05,11.6422
149936,"Axis Nifty Midcap 50 Index Fund - Direct Plan - Growth Option",2022-04-05,10.2717
118482,"BANDHAN Nifty 50 Index Fund-Direct Plan-Growth",2022-04-06,38.0487
147625,"Motilal Oswal Nifty 500 Index Fund - Direct Plan",2022-04-06,17.3526
148945,"SBI Nifty Next 50 Index Fund - Direct Plan - Growth",2022-04-06,11.6849
149936,"Axis Nifty Midcap 50 Index Fund - Direct Plan - Growth Option",2022-04-06,10.3269
118482,"BANDHAN Nifty 50 Index Fund-Direct Plan-Growth",2022-04-07,37.6905
147625,"Motilal Oswal Nifty 500 Index Fund - Direct Plan",2022-04-07,17.2091
148945,"SBI Nifty Next 50 Index Fund - Direct Plan - Growth",2022-04-07,11.6505
149936,"Axis Nifty Midcap 50 Index Fund - Direct Plan - Growth Option",2022-04-07,10.2648
118482,"BANDHAN Nifty 50 Index Fund-Direct Plan-Growth",2022-04-08,37.9991
147625,"Motilal Oswal Nifty 500 Index Fund - Direct Plan",2022-04-08,17.3688
148945,"SBI Nifty Next 50 Index Fund - Direct Plan - Growth",2022-04-08,11.8305
149936,"Axis Nifty Midcap 50 Index Fund - Direct Plan - Growth Option",2022-04-08,10.3525
118482,"BANDHAN Nifty 50 Index Fund-Direct Plan-Growth",2022-04-11,37.7664
147625,"Motilal Oswal Nifty 500 Index Fund - Direct Plan",2022-04-11,17.3495
148945,"SBI Nifty Next 50 Index Fund - Direct Plan - Growth",2022-04-11,11.9478
149936,"Axis Nifty Midcap 50 Index Fund - Direct Plan - Growth Option",2022-04-11,10.3862
118482,"BANDHAN Nifty 50 Index Fund-Direct Plan-Growth",2022-04-12,37.4579
147625,"Motilal Oswal Nifty 500 Index Fund - Direct Plan",2022-04-12,17.1674
148945,"SBI Nifty Next 50 Index Fund - Direct Plan - Growth",2022-04-12,11.8127
149936,"Axis Nifty Midcap 50 Index Fund - Direct Plan - Growth Option",2022-04-12,10.2098
118482,"BANDHAN Nifty 50 Index Fund-Direct Plan-Growth",2022-04-13,37.3416
147625,"Motilal Oswal Nifty 500 Index Fund - Direct Plan",2022-04-13,17.1375
148945,"SBI Nifty Next 50 Index Fund - Direct Plan - Growth",2022-04-13,11.8297
149936,"Axis Nifty Midcap 50 Index Fund - Direct Plan - Growth Option",2022-04-13,10.1958
118482,"BANDHAN Nifty 50 Index Fund-Direct Plan-Growth",2022-04-18,36.6972
147625,"Motilal Oswal Nifty 500 Index Fund - Direct Plan",2022-04-18,16.8962
148945,"SBI Nifty Next 50 Index Fund - Direct Plan - Growth",2022-04-18,11.7873
149936,"Axis Nifty Midcap 50 Index Fund - Direct Plan - Growth Option",2022-04-18,10.0774
118482,"BANDHAN Nifty 50 Index Fund-Direct Plan-Growth",2022-04-19,36.2405
147625,"Motilal Oswal Nifty 500 Index Fund - Direct Plan",2022-04-19,16.6715
148945,"SBI Nifty Next 50 Index Fund - Direct Plan - Growth",2022-04-19,11.5723
149936,"Axis Nifty Midcap 50 Index Fund - Direct Plan - Growth Option",2022-04-19,9.9636
118482,"BANDHAN Nifty 50 Index Fund-Direct Plan-Growth",2022-04-20,36.6201
147625,"Motilal Oswal Nifty 500 Index Fund - Direct Plan",2022-04-20,16.8114
148945,"SBI Nifty Next 50 Index Fund - Direct Plan - Growth",2022-04-20,11.6299
149936,"Axis Nifty Midcap 50 Index Fund - Direct Plan - Growth Option",2022-04-20,10.0111
118482,"BANDHAN Nifty 50 Index Fund-Direct Plan-Growth",2022-04-21,37.1667
147625,"Motilal Oswal Nifty 500 Index Fund - Direct Plan",2022-04-21,17.0416
148945,"SBI Nifty Next 50 Index Fund - Direct Plan - Growth",2022-04-21,11.7776
149936,"Axis Nifty Midcap 50 Index Fund - Direct Plan - Growth Option",2022-04-21,10.1216
118482,"BANDHAN Nifty 50 Index Fund-Direct Plan-Growth",2022-04-22,36.697
147625,"Motilal Oswal Nifty 500 Index Fund - Direct Plan",2022-04-22,16.8612
148945,"SBI Nifty Next 50 Index Fund - Direct Plan - Growth",2022-04-22,11.69
149936,"Axis Nifty Midcap 50 Index Fund - Direct Plan - Growth Option",2022-04-22,10.0181
118482,"BANDHAN Nifty 50 Index Fund-Direct Plan-Growth",2022-04-25,36.2319
147625,"Motilal Oswal Nifty 500 Index Fund - Direct Plan",2022-04-25,16.6109
148945,"SBI Nifty Next 50 Index Fund - Direct Plan - Growth",2022-04-25,11.4605
149936,"Axis Nifty Midcap 50 Index Fund - Direct Plan - Growth Option",2022-04-25,9.8075
118482,"BANDHAN Nifty 50 Index Fund-Direct Plan-Growth",2022-04-26,36.7567
147625,"Motilal Oswal Nifty 500 Index Fund - Direct Plan",2022-04-26,16.8658
148945,"SBI Nifty Next 50 Index Fund - Direct Plan - Growth",2022-04-26,11.729
149936,"Axis Nifty Midcap 50 Index Fund - Direct Plan - Growth Option",2022-04-26,9.9869
118482,"BANDHAN Nifty 50 Index Fund-Direct Plan-Growth",2022-04-27,36.4118
147625,"Motilal Oswal Nifty 500 Index Fund - Direct Plan",2022-04-27,16.7044
148945,"SBI Nifty Next 50 Index Fund - Direct Plan - Growth",2022-04-27,11.5746
149936,"Axis Nifty Midcap 50 Index Fund - Direct Plan - Growth Option",2022-04-27,9.8951
118482,"BANDHAN Nifty 50 Index Fund-Direct Plan-Growth",2022-04-28,36.862
147625,"Motilal Oswal Nifty 500 Index Fund - Direct Plan",2022-04-28,16.886
148945,"SBI Nifty Next 50 Index Fund - Direct Plan - Growth",2022-04-28,11.7326
149936,"Axis Nifty Midcap 50 Index Fund - Direct Plan - Growth Option",2022-04-28,9.9553
118482,"BANDHAN Nifty 50 Index Fund-Direct Plan-Growth",2022-04-29,36.558
147625,"Motilal Oswal Nifty 500 Index Fund - Direct Plan",2022-04-29,16.7373
148945,"SBI Nifty Next 50 Index Fund - Direct Plan - Growth",2022-04-29,11.5823
149936,"Axis Nifty Midcap 50 Index Fund - Direct Plan - Growth Option",2022-04-29,9.8636
118482,"BANDHAN Nifty 50 Index Fund-Direct Plan-Growth",2022-05-02,36.4863
147625,"Motilal Oswal Nifty 500 Index Fund - Direct Plan",2022-05-02,16.6835
148945,"SBI Nifty Next 50 Index Fund - Direct Plan - Growth",2022-05-02,11.5404
149936,"Axis Nifty Midcap 50 Index Fund - Direct Plan - Growth Option",2022-05-02,9.8077
118482,"BANDHAN Nifty 50 Index Fund-Direct Plan-Growth",2022-05-04,35.6515
147625,"Motilal Oswal Nifty 500 Index Fund - Direct Plan",2022-05-04,16.2951
148945,"SBI Nifty Next 50 Index Fund - Direct Plan - Growth",2022-05-04,11.2087
149936,"Axis Nifty Midcap 50 Index Fund - Direct Plan - Growth Option",2022-05-04,9.5938
118482,"BANDHAN Nifty 50 Index Fund-Direct Plan-Growth",2022-05-05,35.6619
147625,"Motilal Oswal Nifty 500 Index Fund - Direct Plan",2022-05-05,16.2977
148945,"SBI Nifty Next 50 Index Fund - Direct Plan - Growth",2022-05-05,11.2286
149936,"Axis Nifty Midcap 50 Index Fund - Direct Plan - Growth Option",2022-05-05,9.633
118482,"BANDHAN Nifty 50 Index Fund-Direct Plan-Growth",2022-05-06,35.0838
147625,"Motilal Oswal Nifty 500 Index Fund - Direct Plan",2022-05-06,16.0152
148945,"SBI Nifty Next 50 Index Fund - Direct Plan - Growth",2022-05-06,10.9923
149936,"Axis Nifty Midcap 50 Index Fund - Direct Plan - Growth Option",2022-05-06,9.4545
118482,"BANDHAN Nifty 50 Index Fund-Direct Plan-Growth",2022-05-09,34.8514
147625,"Motilal Oswal Nifty 500 Index Fund - Direct Plan",2022-05-09,15.8399
148945,"SBI Nifty Next 50 Index Fund - Direct Plan - Growth",2022-05-09,10.7805
149936,"Axis Nifty Midcap 50 Index Fund - Direct Plan - Growth Option",2022-05-09,9.273
118482,"BANDHAN Nifty 50 Index Fund-Direct Plan-Growth",2022-05-10,34.7197
147625,"Motilal Oswal Nifty 500 Index Fund - Direct Plan",2022-05-10,15.6856
148945,"SBI Nifty Next 50 Index Fund - Direct Plan - Growth",2022-05-10,10.5405
149936,"Axis Nifty Midcap 50 Index Fund - Direct Plan - Growth Option",2022-05-10,9.1136
118482,"BANDHAN Nifty 50 Index Fund-Direct Plan-Growth",2022-05-11,34.5642
147625,"Motilal Oswal Nifty 500 Index Fund - Direct Plan",2022-05-11,15.5899
148945,"SBI Nifty Next 50 Index Fund - Direct Plan - Growth",2022-05-11,10.5285
149936,"Axis Nifty Midcap 50 Index Fund - Direct Plan - Growth Option",2022-05-11,9.0726
118482,"BANDHAN Nifty 50 Index Fund-Direct Plan-Growth",2022-05-12,33.8332
147625,"Motilal Oswal Nifty 500 Index Fund - Direct Plan",2022-05-12,15.2524
148945,"SBI Nifty Next 50 Index Fund - Direct Plan - Growth",2022-05-12,10.2653
149936,"Axis Nifty Midcap 50 Index Fund - Direct Plan - Growth Option",2022-05-12,8.8545
118482,"BANDHAN Nifty 50 Index Fund-Direct Plan-Growth",2022-05-13,33.7782
147625,"Motilal Oswal Nifty 500 Index Fund - Direct Plan",2022-05-13,15.259
148945,"SBI Nifty Next 50 Index Fund - Direct Plan - Growth",2022-05-13,10.2196
149936,"Axis Nifty Midcap 50 Index Fund - Direct Plan - Growth Option",2022-05-13,8.896
118482,"BANDHAN Nifty 50 Index Fund-Direct Plan-Growth",2022-05-16,33.9055
147625,"Motilal Oswal Nifty 500 Index Fund - Direct Plan",2022-05-16,15.3717
148945,"SBI Nifty Next 50 Index Fund - Direct Plan - Growth",2022-05-16,10.3729
149936,"Axis Nifty Midcap 50 Index Fund - Direct Plan - Growth Option",2022-05-16,9.0354
118482,"BANDHAN Nifty 50 Index Fund-Direct Plan-Growth",2022-05-17,34.795
147625,"Motilal Oswal Nifty 500 Index Fund - Direct Plan",2022-05-17,15.7748
148945,"SBI Nifty Next 50 Index Fund - Direct Plan - Growth",2022-05-17,10.6363
149936,"Axis Nifty Midcap 50 Index Fund - Direct Plan - Growth Option",2022-05-17,9.2653
118482,"BANDHAN Nifty 50 Index Fund-Direct Plan-Growth",2022-05-18,34.7543
147625,"Motilal Oswal Nifty 500 Index Fund - Direct Plan",2022-05-18,15.7657
148945,"SBI Nifty Next 50 Index Fund - Direct Plan - Growth",2022-05-18,10.642
149936,"Axis Nifty Midcap 50 Index Fund - Direct Plan - Growth Option",2022-05-18,9.2478
118482,"BANDHAN Nifty 50 Index Fund-Direct Plan-Growth",2022-05-19,33.8367
147625,"Motilal Oswal Nifty 500 Index Fund - Direct Plan",2022-05-19,15.3499
148945,"SBI Nifty Next 50 Index Fund - Direct Plan - Growth",2022-05-19,10.3522
149936,"Axis Nifty Midcap 50 Index Fund - Direct Plan - Growth Option",2022-05-19,8.9798
118482,"BANDHAN Nifty 50 Index Fund-Direct Plan-Growth",2022-05-20,34.811
147625,"Motilal Oswal Nifty 500 Index Fund - Direct Plan",2022-05-20,15.7392
148945,"SBI Nifty Next 50 Index Fund - Direct Plan - Growth",2022-05-20,10.5064
149936,"Axis Nifty Midcap 50 Index Fund - Direct Plan - Growth Option",2022-05-20,9.1946
118482,"BANDHAN Nifty 50 Index Fund-Direct Plan-Growth",2022-05-23,34.701
147625,"Motilal Oswal Nifty 500 Index Fund - Direct Plan",2022-05-23,15.672
148945,"SBI Nifty Next 50 Index Fund - Direct Plan - Growth",2022-05-23,10.4149
149936,"Axis Nifty Midcap 50 Index Fund - Direct Plan - Growth Option",2022-05-23,9.1679
118482,"BANDHAN Nifty 50 Index Fund-Direct Plan-Growth",2022-05-24,34.5096
147625,"Motilal Oswal Nifty 500 Index Fund - Direct Plan",2022-05-24,15.5716
148945,"SBI Nifty Next 50 Index Fund - Direct Plan - Growth",2022-05-24,10.3273
149936,"Axis Nifty Midcap 50 Index Fund - Direct Plan - Growth Option",2022-05-24,9.1253
118482,"BANDHAN Nifty 50 Index Fund-Direct Plan-Growth",2022-05-25,34.3219
147625,"Motilal Oswal Nifty 500 Index Fund - Direct Plan",2022-05-25,15.398
148945,"SBI Nifty Next 50 Index Fund - Direct Plan - Growth",2022-05-25,10.1519
149936,"Axis Nifty Midcap 50 Index Fund - Direct Plan - Growth Option",2022-05-25,8.9692
118482,"BANDHAN Nifty 50 Index Fund-Direct Plan-Growth",2022-05-26,34.6567
147625,"Motilal Oswal Nifty 500 Index Fund - Direct Plan",2022-05-26,15.5585
148945,"SBI Nifty Next 50 Index Fund - Direct Plan - Growth",2022-05-26,10.2923
149936,"Axis Nifty Midcap 50 Index Fund - Direct Plan - Growth Option",2022-05-26,9.0745
118482,"BANDHAN Nifty 50 Index Fund-Direct Plan-Growth",2022-05-27,35.0448
147625,"Motilal Oswal Nifty 500 Index Fund - Direct Plan",2022-05-27,15.7292
148945,"SBI Nifty Next 50 Index Fund - Direct Plan - Growth",2022-05-27,10.3617
149936,"Axis Nifty Midcap 50 Index Fund - Direct Plan - Growth Option",2022-05-27,9.1932
118482,"BANDHAN Nifty 50 Index Fund-Direct Plan-Growth",2022-05-30,35.7053
147625,"Motilal Oswal Nifty 500 Index Fund - Direct Plan",2022-05-30,16.0447
148945,"SBI Nifty Next 50 Index Fund - Direct Plan - Growth",2022-05-30,10.608
149936,"Axis Nifty Midcap 50 Index Fund - Direct Plan - Growth Option",2022-05-30,9.388
118482,"BANDHAN Nifty 50 Index Fund-Direct Plan-Growth",2022-05-31,35.5968
147625,"Motilal Oswal Nifty 500 Index Fund - Direct Plan",2022-05-31,16.0215
148945,"SBI Nifty Next 50 Index Fund - Direct Plan - Growth",2022-05-31,10.6177
149936,"Axis Nifty Midcap 50 Index Fund - Direct Plan - Growth Option",2022-05-31,9.4193
118482,"BANDHAN Nifty 50 Index Fund-Direct Plan-Growth",2022-06-01,35.4647
147625,"Motilal Oswal Nifty 500 Index Fund - Direct Plan",2022-06-01,15.98
148945,"SBI Nifty Next 50 Index Fund - Direct Plan - Growth",2022-06-01,10.518
149936,"Axis Nifty Midcap 50 Index Fund - Direct Plan - Growth Option",2022-06-01,9.4364
118482,"BANDHAN Nifty 50 Index Fund-Direct Plan-Growth",2022-06-02,35.6894
147625,"Motilal Oswal Nifty 500 Index Fund - Direct Plan",2022-06-02,16.077
148945,"SBI Nifty Next 50 Index Fund - Direct Plan - Growth",2022-06-02,10.5731
149936,"Axis Nifty Midcap 50 Index Fund - Direct Plan - Growth Option",2022-06-02,9.4846
118482,"BANDHAN Nifty 50 Index Fund-Direct Plan-Growth",2022-06-03,35.5958
147625,"Motilal Oswal Nifty 500 Index Fund - Direct Plan",2022-06-03,15.9751
148945,"SBI Nifty Next 50 Index Fund - Direct Plan - Growth",2022-06-03,10.4215
149936,"Axis Nifty Midcap 50 Index Fund - Direct Plan - Growth Option",2022-06-03,9.3342
118482,"BANDHAN Nifty 50 Index Fund-Direct Plan-Growth",2022-06-06,35.5641
147625,"Motilal Oswal Nifty 500 Index Fund - Direct Plan",2022-06-06,15.948
148945,"SBI Nifty Next 50 Index Fund - Direct Plan - Growth",2022-06-06,10.391
149936,"Axis Nifty Midcap 50 Index Fund - Direct Plan - Growth Option",2022-06-06,9.2923
118482,"BANDHAN Nifty 50 Index Fund-Direct Plan-Growth",2022-06-07,35.2367
147625,"Motilal Oswal Nifty 500 Index Fund - Direct Plan",2022-06-07,15.8139
148945,"SBI Nifty Next 50 Index Fund - Direct Plan - Growth",2022-06-07,10.3045
149936,"Axis Nifty Midcap 50 Index Fund - Direct Plan - Growth Option",2022-06-07,9.2257
118482,"BANDHAN Nifty 50 Index Fund-Direct Plan-Growth",2022-06-08,35.1082
147625,"Motilal Oswal Nifty 500 Index Fund - Direct Plan",2022-06-08,15.7587
148945,"SBI Nifty Next 50 Index Fund - Direct Plan - Growth",2022-06-08,10.2723
149936,"Axis Nifty Midcap 50 Index Fund - Direct Plan - Growth Option",2022-06-08,9.2066
118482,"BANDHAN Nifty 50 Index Fund-Direct Plan-Growth",2022-06-09,35.3738
147625,"Motilal Oswal Nifty 500 Index Fund - Direct Plan",2022-06-09,15.8631
148945,"SBI Nifty Next 50 Index Fund - Direct Plan - Growth",2022-06-09,10.3552
149936,"Axis Nifty Midcap 50 Index Fund - Direct Plan - Growth Option",2022-06-09,9.2516
118482,"BANDHAN Nifty 50 Index Fund-Direct Plan-Growth",2022-06-10,34.7832
147625,"Motilal Oswal Nifty 500 Index Fund - Direct Plan",2022-06-10,15.6422
148945,"SBI Nifty Next 50 Index Fund - Direct Plan - Growth",2022-06-10,10.2609
149936,"Axis Nifty Midcap 50 Index Fund - Direct Plan - Growth Option",2022-06-10,9.1899
118482,"BANDHAN Nifty 50 Index Fund-Direct Plan-Growth",2022-06-13,33.8711
147625,"Motilal Oswal Nifty 500 Index Fund - Direct Plan",2022-06-13,15.2285
148945,"SBI Nifty Next 50 Index Fund - Direct Plan - Growth",2022-06-13,10.0389
149936,"Axis Nifty Midcap 50 Index Fund - Direct Plan - Growth Option",2022-06-13,8.9139
118482,"BANDHAN Nifty 50 Index Fund-Direct Plan-Growth",2022-06-14,33.7806
147625,"Motilal Oswal Nifty 500 Index Fund - Direct Plan",2022-06-14,15.1963
148945,"SBI Nifty Next 50 Index Fund - Direct Plan - Growth",2022-06-14,10.0708
149936,"Axis Nifty Midcap 50 Index Fund - Direct Plan - Growth Option",2022-06-14,8.9014
118482,"BANDHAN Nifty 50 Index Fund-Direct Plan-Growth",2022-06-15,33.7237
147625,"Motilal Oswal Nifty 500 Index Fund - Direct Plan",2022-06-15,15.1979
148945,"SBI Nifty Next 50 Index Fund - Direct Plan - Growth",2022-06-15,10.0927
149936,"Axis Nifty Midcap 50 Index Fund - Direct Plan - Growth Option",2022-06-15,8.948
118482,"BANDHAN Nifty 50 Index Fund-Direct Plan-Growth",2022-06-16,33.0183
147625,"Motilal Oswal Nifty 500 Index Fund - Direct Plan",2022-06-16,14.8678
148945,"SBI Nifty Next 50 Index Fund - Direct Plan - Growth",2022-06-16,9.8836
149936,"Axis Nifty Midcap 50 Index Fund - Direct Plan - Growth Option",2022-06-16,8.7316
118482,"BANDHAN Nifty 50 Index Fund-Direct Plan-Growth",2022-06-17,32.8751
147625,"Motilal Oswal Nifty 500 Index Fund - Direct Plan",2022-06-17,14.7613
148945,"SBI Nifty Next 50 Index Fund - Direct Plan - Growth",2022-06-17,9.7252
149936,"Axis Nifty Midcap 50 Index Fund - Direct Plan - Growth Option",2022-06-17,8.6866
118482,"BANDHAN Nifty 50 Index Fund-Direct Plan-Growth",2022-06-20,32.9989
147625,"Motilal Oswal Nifty 500 Index Fund - Direct Plan",2022-06-20,14.7121
148945,"SBI Nifty Next 50 Index Fund - Direct Plan - Growth",2022-06-20,9.6534
149936,"Axis Nifty Midcap 50 Index Fund - Direct Plan - Growth Option",2022-06-20,8.5366
118482,"BANDHAN Nifty 50 Index Fund-Direct Plan-Growth",2022-06-21,33.6128
147625,"Motilal Oswal Nifty 500 Index Fund - Direct Plan",2022-06-21,15.0419
148945,"SBI Nifty Next 50 Index Fund - Direct Plan - Growth",2022-06-21,9.9191
149936,"Axis Nifty Midcap 50 Index Fund - Direct Plan - Growth Option",2022-06-21,8.7772
118482,"BANDHAN Nifty 50 Index Fund-Direct Plan-Growth",2022-06-22,33.1313
147625,"Motilal Oswal Nifty 500 Index Fund - Direct Plan",2022-06-22,14.8223
148945,"SBI Nifty Next 50 Index Fund - Direct Plan - Growth",2022-06-22,9.7399
149936,"Axis Nifty Midcap 50 Index Fund - Direct Plan - Growth Option",2022-06-22,8.6425
118482,"BANDHAN Nifty 50 Index Fund-Direct Plan-Growth",2022-06-23,33.4381
147625,"Motilal Oswal Nifty 500 Index Fund - Direct Plan",2022-06-23,14.971
148945,"SBI Nifty Next 50 Index Fund - Direct Plan - Growth",2022-06-23,9.8555
149936,"Axis Nifty Midcap 50 Index Fund - Direct Plan - Growth Option",2022-06-23,8.7545
118482,"BANDHAN Nifty 50 Index Fund-Direct Plan-Growth",2022-06-24,33.7425
147625,"Motilal Oswal Nifty 500 Index Fund - Direct Plan",2022-06-24,15.1336
148945,"SBI Nifty Next 50 Index Fund - Direct Plan - Growth",2022-06-24,9.9848
149936,"Axis Nifty Midcap 50 Index Fund - Direct Plan - Growth Option",2022-06-24,8.8772
118482,"BANDHAN Nifty 50 Index Fund-Direct Plan-Growth",2022-06-27,34.0264
147625,"Motilal Oswal Nifty 500 Index Fund - Direct Plan",2022-06-27,15.2714
148945,"SBI Nifty Next 50 Index Fund - Direct Plan - Growth",2022-06-27,10.057
149936,"Axis Nifty Midcap 50 Index Fund - Direct Plan - Growth Option",2022-06-27,8.9693
118482,"BANDHAN Nifty 50 Index Fund-Direct Plan-Growth",2022-06-28,34.0649
147625,"Motilal Oswal Nifty 500 Index Fund - Direct Plan",2022-06-28,15.2937
148945,"SBI Nifty Next 50 Index Fund - Direct Plan - Growth",2022-06-28,10.0719
149936,"Axis Nifty Midcap 50 Index Fund - Direct Plan - Growth Option",2022-06-28,8.9795
118482,"BANDHAN Nifty 50 Index Fund-Direct Plan-Growth",2022-06-29,33.9556
147625,"Motilal Oswal Nifty 500 Index Fund - Direct Plan",2022-06-29,15.2409
148945,"SBI Nifty Next 50 Index Fund - Direct Plan - Growth",2022-06-29,10.0014
149936,"Axis Nifty Midcap 50 Index Fund - Direct Plan - Growth Option",2022-06-29,8.9318
118482,"BANDHAN Nifty 50 Index Fund-Direct Plan-Growth",2022-06-30,33.9277
147625,"Motilal Oswal Nifty 500 Index Fund - Direct Plan",2022-06-30,15.2106
148945,"SBI Nifty Next 50 Index Fund - Direct Plan - Growth",2022-06-30,9.9562
149936,"Axis Nifty Midcap 50 Index Fund - Direct Plan - Growth Option",2022-06-30,8.8579
118482,"BANDHAN Nifty 50 Index Fund-Direct Plan-Growth",2022-07-01,33.8845
147625,"Motilal Oswal Nifty 500 Index Fund - Direct Plan",2022-07-01,15.2183
148945,"SBI Nifty Next 50 Index Fund - Direct Plan - Growth",2022-07-01,10.0641
149936,"Axis Nifty Midcap 50 Index Fund - Direct Plan - Growth Option",2022-07-01,8.9283
118482,"BANDHAN Nifty 50 Index Fund-Direct Plan-Growth",2022-07-04,34.0737
147625,"Motilal Oswal Nifty 500 Index Fund - Direct Plan",2022-07-04,15.3096
148945,"SBI Nifty Next 50 Index Fund - Direct Plan - Growth",2022-07-04,10.166
149936,"Axis Nifty Midcap 50 Index Fund - Direct Plan - Growth Option",2022-07-04,9.0123
118482,"BANDHAN Nifty 50 Index Fund-Direct Plan-Growth",2022-07-05,34.0211
147625,"Motilal Oswal Nifty 500 Index Fund - Direct Plan",2022-07-05,15.2979
148945,"SBI Nifty Next 50 Index Fund - Direct Plan - Growth",2022-07-05,10.1764
149936,"Axis Nifty Midcap 50 Index Fund - Direct Plan - Growth Option",2022-07-05,8.9906
118482,"BANDHAN Nifty 50 Index Fund-Direct Plan-Growth",2022-07-06,34.4049
147625,"Motilal Oswal Nifty 500 Index Fund - Direct Plan",2022-07-06,15.4899
148945,"SBI Nifty Next 50 Index Fund - Direct Plan - Growth",2022-07-06,10.3483
149936,"Axis Nifty Midcap 50 Index Fund - Direct Plan - Growth Option",2022-07-06,9.1848
118482,"BANDHAN Nifty 50 Index Fund-Direct Plan-Growth",2022-07-07,34.7129
147625,"Motilal Oswal Nifty 500 Index Fund - Direct Plan",2022-07-07,15.6431
148945,"SBI Nifty Next 50 Index Fund - Direct Plan - Growth",2022-07-07,10.4372
149936,"Axis Nifty Midcap 50 Index Fund - Direct Plan - Growth Option",2022-07-07,9.2932
118482,"BANDHAN Nifty 50 Index Fund-Direct Plan-Growth",2022-07-08,34.9021
147625,"Motilal Oswal Nifty 500 Index Fund - Direct Plan",2022-07-08,15.7144
148945,"SBI Nifty Next 50 Index Fund - Direct Plan - Growth",2022-07-08,10.4673
149936,"Axis Nifty Midcap 50 Index Fund - Direct Plan - Growth Option",2022-07-08,9.3126
118482,"BANDHAN Nifty 50 Index Fund-Direct Plan-Growth",2022-07-11,34.8937
147625,"Motilal Oswal Nifty 500 Index Fund - Direct Plan",2022-07-11,15.7808
148945,"SBI Nifty Next 50 Index Fund - Direct Plan - Growth",2022-07-11,10.6319
149936,"Axis Nifty Midcap 50 Index Fund - Direct Plan - Growth Option",2022-07-11,9.3415
118482,"BANDHAN Nifty 50 Index Fund-Direct Plan-Growth",2022-07-12,34.5553
147625,"Motilal Oswal Nifty 500 Index Fund - Direct Plan",2022-07-12,15.6584
148945,"SBI Nifty Next 50 Index Fund - Direct Plan - Growth",2022-07-12,10.5963
149936,"Axis Nifty Midcap 50 Index Fund - Direct Plan - Growth Option",2022-07-12,9.267
118482,"BANDHAN Nifty 50 Index Fund-Direct Plan-Growth",2022-07-13,34.3588
147625,"Motilal Oswal Nifty 500 Index Fund - Direct Plan",2022-07-13,15.5991
148945,"SBI Nifty Next 50 Index Fund - Direct Plan - Growth",2022-07-13,10.5925
149936,"Axis Nifty Midcap 50 Index Fund - Direct Plan - Growth Option",2022-07-13,9.3095
118482,"BANDHAN Nifty 50 Index Fund-Direct Plan-Growth",2022-07-14,34.3099
147625,"Motilal Oswal Nifty 500 Index Fund - Direct Plan",2022-07-14,15.5774
148945,"SBI Nifty Next 50 Index Fund - Direct Plan - Growth",2022-07-14,10.5876
149936,"Axis Nifty Midcap 50 Index Fund - Direct Plan - Growth Option",2022-07-14,9.2998
118482,"BANDHAN Nifty 50 Index Fund-Direct Plan-Growth",2022-07-15,34.5466
147625,"Motilal Oswal Nifty 500 Index Fund - Direct Plan",2022-07-15,15.6771
148945,"SBI Nifty Next 50 Index Fund - Direct Plan - Growth",2022-07-15,10.6292
149936,"Axis Nifty Midcap 50 Index Fund - Direct Plan - Growth Option",2022-07-15,9.3804
118482,"BANDHAN Nifty 50 Index Fund-Direct Plan-Growth",2022-07-18,35.0383
147625,"Motilal Oswal Nifty 500 Index Fund - Direct Plan",2022-07-18,15.897
148945,"SBI Nifty Next 50 Index Fund - Direct Plan - Growth",2022-07-18,10.7712
149936,"Axis Nifty Midcap 50 Index Fund - Direct Plan - Growth Option",2022-07-18,9.5309
118482,"BANDHAN Nifty 50 Index Fund-Direct Plan-Growth",2022-07-19,35.1769
147625,"Motilal Oswal Nifty 500 Index Fund - Direct Plan",2022-07-19,15.9754
148945,"SBI Nifty Next 50 Index Fund - Direct Plan - Growth",2022-07-19,10.8232
149936,"Axis Nifty Midcap 50 Index Fund - Direct Plan - Growth Option",2022-07-19,9.5924
118482,"BANDHAN Nifty 50 Index Fund-Direct Plan-Growth",2022-07-20,35.5641
147625,"Motilal Oswal Nifty 500 Index Fund - Direct Plan",2022-07-20,16.1036
148945,"SBI Nifty Next 50 Index Fund - Direct Plan - Growth",2022-07-20,10.8429
149936,"Axis Nifty Midcap 50 Index Fund - Direct Plan - Growth Option",2022-07-20,9.6125
118482,"BANDHAN Nifty 50 Index Fund-Direct Plan-Growth",2022-07-21,35.7677
147625,"Motilal Oswal Nifty 500 Index Fund - Direct Plan",2022-07-21,16.2325
148945,"SBI Nifty Next 50 Index Fund - Direct Plan - Growth",2022-07-21,11.0039
149936,"Axis Nifty Midcap 50 Index Fund - Direct Plan - Growth Option",2022-07-21,9.7544
118482,"BANDHAN Nifty 50 Index Fund-Direct Plan-Growth",2022-07-22,36.0128
147625,"Motilal Oswal Nifty 500 Index Fund - Direct Plan",2022-07-22,16.3057
148945,"SBI Nifty Next 50 Index Fund - Direct Plan - Growth",2022-07-22,10.963
149936,"Axis Nifty Midcap 50 Index Fund - Direct Plan - Growth Option",2022-07-22,9.77
118482,"BANDHAN Nifty 50 Index Fund-Direct Plan-Growth",2022-07-25,35.8221
147625,"Motilal Oswal Nifty 500 Index Fund - Direct Plan",2022-07-25,16.2406
148945,"SBI Nifty Next 50 Index Fund - Direct Plan - Growth",2022-07-25,10.9512
149936,"Axis Nifty Midcap 50 Index Fund - Direct Plan - Growth Option",2022-07-25,9.7709
118482,"BANDHAN Nifty 50 Index Fund-Direct Plan-Growth",2022-07-26,35.5057
147625,"Motilal Oswal Nifty 500 Index Fund - Direct Plan",2022-07-26,16.084
148945,"SBI Nifty Next 50 Index Fund - Direct Plan - Growth",2022-07-26,10.814
149936,"Axis Nifty Midcap 50 Index Fund - Direct Plan - Growth Option",2022-07-26,9.6512
118482,"BANDHAN Nifty 50 Index Fund-Direct Plan-Growth",2022-07-27,35.8502
147625,"Motilal Oswal Nifty 500 Index Fund - Direct Plan",2022-07-27,16.2232
148945,"SBI Nifty Next 50 Index Fund - Direct Plan - Growth",2022-07-27,10.9025
149936,"Axis Nifty Midcap 50 Index Fund - Direct Plan - Growth Option",2022-07-27,9.7283
118482,"BANDHAN Nifty 50 Index Fund-Direct Plan-Growth",2022-07-28,36.4687
147625,"Motilal Oswal Nifty 500 Index Fund - Direct Plan",2022-07-28,16.4587
148945,"SBI Nifty Next 50 Index Fund - Direct Plan - Growth",2022-07-28,11.0327
149936,"Axis Nifty Midcap 50 Index Fund - Direct Plan - Growth Option",2022-07-28,9.8059
118482,"BANDHAN Nifty 50 Index Fund-Direct Plan-Growth",2022-07-29,36.9604
147625,"Motilal Oswal Nifty 500 Index Fund - Direct Plan",2022-07-29,16.6819
148945,"SBI Nifty Next 50 Index Fund - Direct Plan - Growth",2022-07-29,11.1711
149936,"Axis Nifty Midcap 50 Index Fund - Direct Plan - Growth Option",2022-07-29,9.9287
118482,"BANDHAN Nifty 50 Index Fund-Direct Plan-Growth",2022-08-01,37.3548
147625,"Motilal Oswal Nifty 500 Index Fund - Direct Plan",2022-08-01,16.8888
148945,"SBI Nifty Next 50 Index Fund - Direct Plan - Growth",2022-08-01,11.3342
149936,"Axis Nifty Midcap 50 Index Fund - Direct Plan - Growth Option",2022-08-01,10.0854
118482,"BANDHAN Nifty 50 Index Fund-Direct Plan-Growth",2022-08-02,37.3685
147625,"Motilal Oswal Nifty 500 Index Fund - Direct Plan",2022-08-02,16.924
148945,"SBI Nifty Next 50 Index Fund - Direct Plan - Growth",2022-08-02,11.3833
149936,"Axis Nifty Midcap 50 Index Fund - Direct Plan - Growth Option",2022-08-02,10.1129
118482,"BANDHAN Nifty 50 Index Fund-Direct Plan-Growth",2022-08-03,37.4636
147625,"Motilal Oswal Nifty 500 Index Fund - Direct Plan",2022-08-03,16.9267
148945,"SBI Nifty Next 50 Index Fund - Direct Plan - Growth",2022-08-03,11.3397
149936,"Axis Nifty Midcap 50 Index Fund - Direct Plan - Growth Option",2022-08-03,9.9933
118482,"BANDHAN Nifty 50 Index Fund-Direct Plan-Growth",2022-08-04,37.4501
147625,"Motilal Oswal Nifty 500 Index Fund - Direct Plan",2022-08-04,16.9436
148945,"SBI Nifty Next 50 Index Fund - Direct Plan - Growth",2022-08-04,11.397
149936,"Axis Nifty Midcap 50 Index Fund - Direct Plan - Growth Option",2022-08-04,9.9966
118482,"BANDHAN Nifty 50 Index Fund-Direct Plan-Growth",2022-08-05,37.4835
147625,"Motilal Oswal Nifty 500 Index Fund - Direct Plan",2022-08-05,16.9523
148945,"SBI Nifty Next 50 Index Fund - Direct Plan - Growth",2022-08-05,11.3848
149936,"Axis Nifty Midcap 50 Index Fund - Direct Plan - Growth Option",2022-08-05,9.9995
118482,"BANDHAN Nifty 50 Index Fund-Direct Plan-Growth",2022-08-08,37.7756
147625,"Motilal Oswal Nifty 500 Index Fund - Direct Plan",2022-08-08,17.0628
148945,"SBI Nifty Next 50 Index Fund - Direct Plan - Growth",2022-08-08,11.4417
149936,"Axis Nifty Midcap 50 Index Fund - Direct Plan - Growth Option",2022-08-08,10.04
118482,"BANDHAN Nifty 50 Index Fund-Direct Plan-Growth",2022-08-10,37.803
147625,"Motilal Oswal Nifty 500 Index Fund - Direct Plan",2022-08-10,17.0564
148945,"SBI Nifty Next 50 Index Fund - Direct Plan - Growth",2022-08-10,11.4019
149936,"Axis Nifty Midcap 50 Index Fund - Direct Plan - Growth Option",2022-08-10,10.025
118482,"BANDHAN Nifty 50 Index Fund-Direct Plan-Growth",2022-08-11,38.0829
147625,"Motilal Oswal Nifty 500 Index Fund - Direct Plan",2022-08-11,17.1865
148945,"SBI Nifty Next 50 Index Fund - Direct Plan - Growth",2022-08-11,11.5053
149936,"Axis Nifty Midcap 50 Index Fund - Direct Plan - Growth Option",2022-08-11,10.1147
118482,"BANDHAN Nifty 50 Index Fund-Direct Plan-Growth",2022-08-12,38.1684
147625,"Motilal Oswal Nifty 500 Index Fund - Direct Plan",2022-08-12,17.2385
148945,"SBI Nifty Next 50 Index Fund - Direct Plan - Growth",2022-08-12,11.5369
149936,"Axis Nifty Midcap 50 Index Fund - Direct Plan - Growth Option",2022-08-12,10.1579
118482,"BANDHAN Nifty 50 Index Fund-Direct Plan-Growth",2022-08-16,38.4413
147625,"Motilal Oswal Nifty 500 Index Fund - Direct Plan",2022-08-16,17.3969
148945,"SBI Nifty Next 50 Index Fund - Direct Plan - Growth",2022-08-16,11.7184
149936,"Axis Nifty Midcap 50 Index Fund - Direct Plan - Growth Option",2022-08-16,10.2745
118482,"BANDHAN Nifty 50 Index Fund-Direct Plan-Growth",2022-08-17,38.6972
147625,"Motilal Oswal Nifty 500 Index Fund - Direct Plan",2022-08-17,17.5091
148945,"SBI Nifty Next 50 Index Fund - Direct Plan - Growth",2022-08-17,11.8371
149936,"Axis Nifty Midcap 50 Index Fund - Direct Plan - Growth Option",2022-08-17,10.3355
118482,"BANDHAN Nifty 50 Index Fund-Direct Plan-Growth",2022-08-18,38.7437
147625,"Motilal Oswal Nifty 500 Index Fund - Direct Plan",2022-08-18,17.5448
148945,"SBI Nifty Next 50 Index Fund - Direct Plan - Growth",2022-08-18,11.9099
149936,"Axis Nifty Midcap 50 Index Fund - Direct Plan - Growth Option",2022-08-18,10.3672
118482,"BANDHAN Nifty 50 Index Fund-Direct Plan-Growth",2022-08-19,38.3263
147625,"Motilal Oswal Nifty 500 Index Fund - Direct Plan",2022-08-19,17.3563
148945,"SBI Nifty Next 50 Index Fund - Direct Plan - Growth",2022-08-19,11.7888
149936,"Axis Nifty Midcap 50 Index Fund - Direct Plan - Growth Option",2022-08-19,10.2458
118482,"BANDHAN Nifty 50 Index Fund-Direct Plan-Growth",2022-08-22,37.7493
147625,"Motilal Oswal Nifty 500 Index Fund - Direct Plan",2022-08-22,17.0887
148945,"SBI Nifty Next 50 Index Fund - Direct Plan - Growth",2022-08-22,11.5712
149936,"Axis Nifty Midcap 50 Index Fund - Direct Plan - Growth Option",2022-08-22,10.0421
118482,"BANDHAN Nifty 50 Index Fund-Direct Plan-Growth",2022-08-23,37.9362
147625,"Motilal Oswal Nifty 500 Index Fund - Direct Plan",2022-08-23,17.1897
148945,"SBI Nifty Next 50 Index Fund - Direct Plan - Growth",2022-08-23,11.6273
149936,"Axis Nifty Midcap 50 Index Fund - Direct Plan - Growth Option",2022-08-23,10.1613
118482,"BANDHAN Nifty 50 Index Fund-Direct Plan-Growth",2022-08-24,37.9951
147625,"Motilal Oswal Nifty 500 Index Fund - Direct Plan",2022-08-24,17.2464
148945,"SBI Nifty Next 50 Index Fund - Direct Plan - Growth",2022-08-24,11.6965
149936,"Axis Nifty Midcap 50 Index Fund - Direct Plan - Growth Option",2022-08-24,10.2356
118482,"BANDHAN Nifty 50 Index Fund-Direct Plan-Growth",2022-08-25,37.8173
147625,"Motilal Oswal Nifty 500 Index Fund - Direct Plan",2022-08-25,17.2011
148945,"SBI Nifty Next 50 Index Fund - Direct Plan - Growth",2022-08-25,11.6998
149936,"Axis Nifty Midcap 50 Index Fund - Direct Plan - Growth Option",2022-08-25,10.2488
118482,"BANDHAN Nifty 50 Index Fund-Direct Plan-Growth",2022-08-26,37.8958
147625,"Motilal Oswal Nifty 500 Index Fund - Direct Plan",2022-08-26,17.2543
148945,"SBI Nifty Next 50 Index Fund - Direct Plan - Growth",2022-08-26,11.7603
149936,"Axis Nifty Midcap 50 Index Fund - Direct Plan - Growth Option",2022-08-26,10.3051
118482,"BANDHAN Nifty 50 Index Fund-Direct Plan-Growth",2022-08-29,37.3656
147625,"Motilal Oswal Nifty 500 Index Fund - Direct Plan",2022-08-29,17.0549
148945,"SBI Nifty Next 50 Index Fund - Direct Plan - Growth",2022-08-29,11.6899
149936,"Axis Nifty Midcap 50 Index Fund - Direct Plan - Growth Option",2022-08-29,10.2047
118482,"BANDHAN Nifty 50 Index Fund-Direct Plan-Growth",2022-08-30,38.3261
147625,"Motilal Oswal Nifty 500 Index Fund - Direct Plan",2022-08-30,17.4555
148945,"SBI Nifty Next 50 Index Fund - Direct Plan - Growth",2022-08-30,11.945
149936,"Axis Nifty Midcap 50 Index Fund - Direct Plan - Growth Option",2022-08-30,10.3987
118482,"BANDHAN Nifty 50 Index Fund-Direct Plan-Growth",2022-09-01,37.8606
147625,"Motilal Oswal Nifty 500 Index Fund - Direct Plan",2022-09-01,17.3263
148945,"SBI Nifty Next 50 Index Fund - Direct Plan - Growth",2022-09-01,11.9461
149936,"Axis Nifty Midcap 50 Index Fund - Direct Plan - Growth Option",2022-09-01,10.4533
118482,"BANDHAN Nifty 50 Index Fund-Direct Plan-Growth",2022-09-02,37.8533
147625,"Motilal Oswal Nifty 500 Index Fund - Direct Plan",2022-09-02,17.3154
148945,"SBI Nifty Next 50 Index Fund - Direct Plan - Growth",2022-09-02,11.9241
149936,"Axis Nifty Midcap 50 Index Fund - Direct Plan - Growth Option",2022-09-02,10.4395
118482,"BANDHAN Nifty 50 Index Fund-Direct Plan-Growth",2022-09-05,38.1245
147625,"Motilal Oswal Nifty 500 Index Fund - Direct Plan",2022-09-05,17.4204
148945,"SBI Nifty Next 50 Index Fund - Direct Plan - Growth",2022-09-05,11.9099
149936,"Axis Nifty Midcap 50 Index Fund - Direct Plan - Growth Option",2022-09-05,10.491
118482,"BANDHAN Nifty 50 Index Fund-Direct Plan-Growth",2022-09-06,38.1024
147625,"Motilal Oswal Nifty 500 Index Fund - Direct Plan",2022-09-06,17.4415
148945,"SBI Nifty Next 50 Index Fund - Direct Plan - Growth",2022-09-06,11.9871
149936,"Axis Nifty Midcap 50 Index Fund - Direct Plan - Growth Option",2022-09-06,10.5163
118482,"BANDHAN Nifty 50 Index Fund-Direct Plan-Growth",2022-09-07,38.0351
147625,"Motilal Oswal Nifty 500 Index Fund - Direct Plan",2022-09-07,17.4487
148945,"SBI Nifty Next 50 Index Fund - Direct Plan - Growth",2022-09-07,12.029
149936,"Axis Nifty Midcap 50 Index Fund - Direct Plan - Growth Option",2022-09-07,10.5739
118482,"BANDHAN Nifty 50 Index Fund-Direct Plan-Growth",2022-09-08,38.4102
147625,"Motilal Oswal Nifty 500 Index Fund - Direct Plan",2022-09-08,17.5868
148945,"SBI Nifty Next 50 Index Fund - Direct Plan - Growth",2022-09-08,12.0611
149936,"Axis Nifty Midcap 50 Index Fund - Direct Plan - Growth Option",2022-09-08,10.5903
118482,"BANDHAN Nifty 50 Index Fund-Direct Plan-Growth",2022-09-09,38.4846
147625,"Motilal Oswal Nifty 500 Index Fund - Direct Plan",2022-09-09,17.6172
148945,"SBI Nifty Next 50 Index Fund - Direct Plan - Growth",2022-09-09,12.0535
149936,"Axis Nifty Midcap 50 Index Fund - Direct Plan - Growth Option",2022-09-09,10.6162
118482,"BANDHAN Nifty 50 Index Fund-Direct Plan-Growth",2022-09-12,38.7068
147625,"Motilal Oswal Nifty 500 Index Fund - Direct Plan",2022-09-12,17.7419
148945,"SBI Nifty Next 50 Index Fund - Direct Plan - Growth",2022-09-12,12.1968
149936,"Axis Nifty Midcap 50 Index Fund - Direct Plan - Growth Option",2022-09-12,10.7192
118482,"BANDHAN Nifty 50 Index Fund-Direct Plan-Growth",2022-09-13,38.9949
147625,"Motilal Oswal Nifty 500 Index Fund - Direct Plan",2022-09-13,17.8471
148945,"SBI Nifty Next 50 Index Fund - Direct Plan - Growth",2022-09-13,12.2767
149936,"Axis Nifty Midcap 50 Index Fund - Direct Plan - Growth Option",2022-09-13,10.729
118482,"BANDHAN Nifty 50 Index Fund-Direct Plan-Growth",2022-09-14,38.8526
147625,"Motilal Oswal Nifty 500 Index Fund - Direct Plan",2022-09-14,17.8023
148945,"SBI Nifty Next 50 Index Fund - Direct Plan - Growth",2022-09-14,12.3325
149936,"Axis Nifty Midcap 50 Index Fund - Direct Plan - Growth Option",2022-09-14,10.689
118482,"BANDHAN Nifty 50 Index Fund-Direct Plan-Growth",2022-09-15,38.5812
147625,"Motilal Oswal Nifty 500 Index Fund - Direct Plan",2022-09-15,17.7463
148945,"SBI Nifty Next 50 Index Fund - Direct Plan - Growth",2022-09-15,12.4089
149936,"Axis Nifty Midcap 50 Index Fund - Direct Plan - Growth Option",2022-09-15,10.7381
118482,"BANDHAN Nifty 50 Index Fund-Direct Plan-Growth",2022-09-16,37.8354
147625,"Motilal Oswal Nifty 500 Index Fund - Direct Plan",2022-09-16,17.3608
148945,"SBI Nifty Next 50 Index Fund - Direct Plan - Growth",2022-09-16,12.0482
149936,"Axis Nifty Midcap 50 Index Fund - Direct Plan - Growth Option",2022-09-16,10.4228
118482,"BANDHAN Nifty 50 Index Fund-Direct Plan-Growth",2022-09-19,38.0314
147625,"Motilal Oswal Nifty 500 Index Fund - Direct Plan",2022-09-19,17.4175
148945,"SBI Nifty Next 50 Index Fund - Direct Plan - Growth",2022-09-19,12.0875
149936,"Axis Nifty Midcap 50 Index Fund - Direct Plan - Growth Option",2022-09-19,10.4252
118482,"BANDHAN Nifty 50 Index Fund-Direct Plan-Growth",2022-09-20,38.4493
147625,"Motilal Oswal Nifty 500 Index Fund - Direct Plan",2022-09-20,17.6189
148945,"SBI Nifty Next 50 Index Fund - Direct Plan - Growth",2022-09-20,12.2233
149936,"Axis Nifty Midcap 50 Index Fund - Direct Plan - Growth Option",2022-09-20,10.5484
118482,"BANDHAN Nifty 50 Index Fund-Direct Plan-Growth",2022-09-21,38.2387
147625,"Motilal Oswal Nifty 500 Index Fund - Direct Plan",2022-09-21,17.495
148945,"SBI Nifty Next 50 Index Fund - Direct Plan - Growth",2022-09-21,12.0279
149936,"Axis Nifty Midcap 50 Index Fund - Direct Plan - Growth Option",2022-09-21,10.4853
118482,"BANDHAN Nifty 50 Index Fund-Direct Plan-Growth",2022-09-22,38.048
147625,"Motilal Oswal Nifty 500 Index Fund - Direct Plan",2022-09-22,17.4663
148945,"SBI Nifty Next 50 Index Fund - Direct Plan - Growth",2022-09-22,12.0814
149936,"Axis Nifty Midcap 50 Index Fund - Direct Plan - Growth Option",2022-09-22,10.525
118482,"BANDHAN Nifty 50 Index Fund-Direct Plan-Growth",2022-09-23,37.3965
147625,"Motilal Oswal Nifty 500 Index Fund - Direct Plan",2022-09-23,17.1498
148945,"SBI Nifty Next 50 Index Fund - Direct Plan - Growth",2022-09-23,11.865
149936,"Axis Nifty Midcap 50 Index Fund - Direct Plan - Growth Option",2022-09-23,10.2466
118482,"BANDHAN Nifty 50 Index Fund-Direct Plan-Growth",2022-09-26,36.7268
147625,"Motilal Oswal Nifty 500 Index Fund - Direct Plan",2022-09-26,16.7712
148945,"SBI Nifty Next 50 Index Fund - Direct Plan - Growth",2022-09-26,11.5425
149936,"Axis Nifty Midcap 50 Index Fund - Direct Plan - Growth Option",2022-09-26,9.9408
118482,"BANDHAN Nifty 50 Index Fund-Direct Plan-Growth",2022-09-27,36.7075
147625,"Motilal Oswal Nifty 500 Index Fund - Direct Plan",2022-09-27,16.7728
148945,"SBI Nifty Next 50 Index Fund - Direct Plan - Growth",2022-09-27,11.5729
149936,"Axis Nifty Midcap 50 Index Fund - Direct Plan - Growth Option",2022-09-27,9.9498
118482,"BANDHAN Nifty 50 Index Fund-Direct Plan-Growth",2022-09-28,36.3874
147625,"Motilal Oswal Nifty 500 Index Fund - Direct Plan",2022-09-28,16.6511
148945,"SBI Nifty Next 50 Index Fund - Direct Plan - Growth",2022-09-28,11.5007
149936,"Axis Nifty Midcap 50 Index Fund - Direct Plan - Growth Option",2022-09-28,9.9003
118482,"BANDHAN Nifty 50 Index Fund-Direct Plan-Growth",2022-09-29,36.2999
147625,"Motilal Oswal Nifty 500 Index Fund - Direct Plan",2022-09-29,16.629
148945,"SBI Nifty Next 50 Index Fund - Direct Plan - Growth",2022-09-29,11.4574
149936,"Axis Nifty Midcap 50 Index Fund - Direct Plan - Growth Option",2022-09-29,9.936
118482,"BANDHAN Nifty 50 Index Fund-Direct Plan-Growth",2022-09-30,36.893
147625,"Motilal Oswal Nifty 500 Index Fund - Direct Plan",2022-09-30,16.8867
148945,"SBI Nifty Next 50 Index Fund - Direct Plan - Growth",2022-09-30,11.5764
149936,"Axis Nifty Midcap 50 Index Fund - Direct Plan - Growth Option",2022-09-30,10.1053
118482,"BANDHAN Nifty 50 Index Fund-Direct Plan-Growth",2022-10-03,36.4476
147625,"Motilal Oswal Nifty 500 Index Fund - Direct Plan",2022-10-03,16.6693
148945,"SBI Nifty Next 50 Index Fund - Direct Plan - Growth",2022-10-03,11.3104
149936,"Axis Nifty Midcap 50 Index Fund - Direct Plan - Growth Option",2022-10-03,9.9769
118482,"BANDHAN Nifty 50 Index Fund-Direct Plan-Growth",2022-10-04,37.2802
147625,"Motilal Oswal Nifty 500 Index Fund - Direct Plan",2022-10-04,17.042
148945,"SBI Nifty Next 50 Index Fund - Direct Plan - Growth",2022-10-04,11.5749
149936,"Axis Nifty Midcap 50 Index Fund - Direct Plan - Growth Option",2022-10-04,10.2834
118482,"BANDHAN Nifty 50 Index Fund-Direct Plan-Growth",2022-10-06,37.4034
147625,"Motilal Oswal Nifty 500 Index Fund - Direct Plan",2022-10-06,17.1405
148945,"SBI Nifty Next 50 Index Fund - Direct Plan - Growth",2022-10-06,11.6664
149936,"Axis Nifty Midcap 50 Index Fund - Direct Plan - Growth Option",2022-10-06,10.4
118482,"BANDHAN Nifty 50 Index Fund-Direct Plan-Growth",2022-10-07,37.3664
147625,"Motilal Oswal Nifty 500 Index Fund - Direct Plan",2022-10-07,17.1217
148945,"SBI Nifty Next 50 Index Fund - Direct Plan - Growth",2022-10-07,11.6469
149936,"Axis Nifty Midcap 50 Index Fund - Direct Plan - Growth Option",2022-10-07,10.3751
118482,"BANDHAN Nifty 50 Index Fund-Direct Plan-Growth",2022-10-10,37.2075
147625,"Motilal Oswal Nifty 500 Index Fund - Direct Plan",2022-10-10,17.0243
148945,"SBI Nifty Next 50 Index Fund - Direct Plan - Growth",2022-10-10,11.55
149936,"Axis Nifty Midcap 50 Index Fund - Direct Plan - Growth Option",2022-10-10,10.2839
118482,"BANDHAN Nifty 50 Index Fund-Direct Plan-Growth",2022-10-11,36.6533
147625,"Motilal Oswal Nifty 500 Index Fund - Direct Plan",2022-10-11,16.7621
148945,"SBI Nifty Next 50 Index Fund - Direct Plan - Growth",2022-10-11,11.3376
149936,"Axis Nifty Midcap 50 Index Fund - Direct Plan - Growth Option",2022-10-11,10.1119
118482,"BANDHAN Nifty 50 Index Fund-Direct Plan-Growth",2022-10-12,36.954
147625,"Motilal Oswal Nifty 500 Index Fund - Direct Plan",2022-10-12,16.8848
148945,"SBI Nifty Next 50 Index Fund - Direct Plan - Growth",2022-10-12,11.4284
149936,"Axis Nifty Midcap 50 Index Fund - Direct Plan - Growth Option",2022-10-12,10.1905
118482,"BANDHAN Nifty 50 Index Fund-Direct Plan-Growth",2022-10-13,36.7188
147625,"Motilal Oswal Nifty 500 Index Fund - Direct Plan",2022-10-13,16.7711
148945,"SBI Nifty Next 50 Index Fund - Direct Plan - Growth",2022-10-13,11.3165
149936,"Axis Nifty Midcap 50 Index Fund - Direct Plan - Growth Option",2022-10-13,10.0966
118482,"BANDHAN Nifty 50 Index Fund-Direct Plan-Growth",2022-10-14,37.0869
147625,"Motilal Oswal Nifty 500 Index Fund - Direct Plan",2022-10-14,16.8677
148945,"SBI Nifty Next 50 Index Fund - Direct Plan - Growth",2022-10-14,11.2755
149936,"Axis Nifty Midcap 50 Index Fund - Direct Plan - Growth Option",2022-10-14,10.0942
118482,"BANDHAN Nifty 50 Index Fund-Direct Plan-Growth",2022-10-17,37.3616
147625,"Motilal Oswal Nifty 500 Index Fund - Direct Plan",2022-10-17,16.9724
148945,"SBI Nifty Next 50 Index Fund - Direct Plan - Growth",2022-10-17,11.3486
149936,"Axis Nifty Midcap 50 Index Fund - Direct Plan - Growth Option",2022-10-17,10.1648
118482,"BANDHAN Nifty 50 Index Fund-Direct Plan-Growth",2022-10-18,37.7388
147625,"Motilal Oswal Nifty 500 Index Fund - Direct Plan",2022-10-18,17.1434
148945,"SBI Nifty Next 50 Index Fund - Direct Plan - Growth",2022-10-18,11.4656
149936,"Axis Nifty Midcap 50 Index Fund - Direct Plan - Growth Option",2022-10-18,10.3264
118482,"BANDHAN Nifty 50 Index Fund-Direct Plan-Growth",2022-10-19,37.7983
147625,"Motilal Oswal Nifty 500 Index Fund - Direct Plan",2022-10-19,17.1589
148945,"SBI Nifty Next 50 Index Fund - Direct Plan - Growth",2022-10-19,11.4516
149936,"Axis Nifty Midcap 50 Index Fund - Direct Plan - Growth Option",2022-10-19,10.3277
118482,"BANDHAN Nifty 50 Index Fund-Direct Plan-Growth",2022-10-20,37.9094
147625,"Motilal Oswal Nifty 500 Index Fund - Direct Plan",2022-10-20,17.2073
148945,"SBI Nifty Next 50 Index Fund - Direct Plan - Growth",2022-10-20,11.5624
149936,"Axis Nifty Midcap 50 Index Fund - Direct Plan - Growth Option",2022-10-20,10.2845
118482,"BANDHAN Nifty 50 Index Fund-Direct Plan-Growth",2022-10-21,37.936
147625,"Motilal Oswal Nifty 500 Index Fund - Direct Plan",2022-10-21,17.1719
148945,"SBI Nifty Next 50 Index Fund - Direct Plan - Growth",2022-10-21,11.4088
149936,"Axis Nifty Midcap 50 Index Fund - Direct Plan - Growth Option",2022-10-21,10.2502
118482,"BANDHAN Nifty 50 Index Fund-Direct Plan-Growth",2022-10-25,38.1081
147625,"Motilal Oswal Nifty 500 Index Fund - Direct Plan",2022-10-25,17.2591
148945,"SBI Nifty Next 50 Index Fund - Direct Plan - Growth",2022-10-25,11.4461
149936,"Axis Nifty Midcap 50 Index Fund - Direct Plan - Growth Option",2022-10-25,10.3449
118482,"BANDHAN Nifty 50 Index Fund-Direct Plan-Growth",2022-10-27,38.3107
147625,"Motilal Oswal Nifty 500 Index Fund - Direct Plan",2022-10-27,17.366
148945,"SBI Nifty Next 50 Index Fund - Direct Plan - Growth",2022-10-27,11.5784
149936,"Axis Nifty Midcap 50 Index Fund - Direct Plan - Growth Option",2022-10-27,10.425
118482,"BANDHAN Nifty 50 Index Fund-Direct Plan-Growth",2022-10-28,38.4175
147625,"Motilal Oswal Nifty 500 Index Fund - Direct Plan",2022-10-28,17.3629
148945,"SBI Nifty Next 50 Index Fund - Direct Plan - Growth",2022-10-28,11.5211
149936,"Axis Nifty Midcap 50 Index Fund - Direct Plan - Growth Option",2022-10-28,10.3984
118482,"BANDHAN Nifty 50 Index Fund-Direct Plan-Growth",2022-10-31,38.9064
147625,"Motilal Oswal Nifty 500 Index Fund - Direct Plan",2022-10-31,17.5717
148945,"SBI Nifty Next 50 Index Fund - Direct Plan - Growth",2022-10-31,11.642
149936,"Axis Nifty Midcap 50 Index Fund - Direct Plan - Growth Option",2022-10-31,10.53
150738,"Tata Nifty Midcap 150 Momentum 50 Index Fund - Growth - Direct Plan",2022-10-31,10.2217
118482,"BANDHAN Nifty 50 Index Fund-Direct Plan-Growth",2022-11-01,39.2012
147625,"Motilal Oswal Nifty 500 Index Fund - Direct Plan",2022-11-01,17.7028
148945,"SBI Nifty Next 50 Index Fund - Direct Plan - Growth",2022-11-01,11.7604
149936,"Axis Nifty Midcap 50 Index Fund - Direct Plan - Growth Option",2022-11-01,10.6174
150738,"Tata Nifty Midcap 150 Momentum 50 Index Fund - Growth - Direct Plan",2022-11-01,10.3151
118482,"BANDHAN Nifty 50 Index Fund-Direct Plan-Growth",2022-11-02,39.0662
147625,"Motilal Oswal Nifty 500 Index Fund - Direct Plan",2022-11-02,17.6573
148945,"SBI Nifty Next 50 Index Fund - Direct Plan - Growth",2022-11-02,11.7356
149936,"Axis Nifty Midcap 50 Index Fund - Direct Plan - Growth Option",2022-11-02,10.5937
150738,"Tata Nifty Midcap 150 Momentum 50 Index Fund - Growth - Direct Plan",2022-11-02,10.3183
118482,"BANDHAN Nifty 50 Index Fund-Direct Plan-Growth",2022-11-03,39.0014
147625,"Motilal Oswal Nifty 500 Index Fund - Direct Plan",2022-11-03,17.6425
148945,"SBI Nifty Next 50 Index Fund - Direct Plan - Growth",2022-11-03,11.7508
149936,"Axis Nifty Midcap 50 Index Fund - Direct Plan - Growth Option",2022-11-03,10.6331
150738,"Tata Nifty Midcap 150 Momentum 50 Index Fund - Growth - Direct Plan",2022-11-03,10.313
118482,"BANDHAN Nifty 50 Index Fund-Direct Plan-Growth",2022-11-04,39.1395
147625,"Motilal Oswal Nifty 500 Index Fund - Direct Plan",2022-11-04,17.6937
148945,"SBI Nifty Next 50 Index Fund - Direct Plan - Growth",2022-11-04,11.7724
149936,"Axis Nifty Midcap 50 Index Fund - Direct Plan - Growth Option",2022-11-04,10.5992
150738,"Tata Nifty Midcap 150 Momentum 50 Index Fund - Growth - Direct Plan",2022-11-04,10.2851
118482,"BANDHAN Nifty 50 Index Fund-Direct Plan-Growth",2022-11-07,39.3237
147625,"Motilal Oswal Nifty 500 Index Fund - Direct Plan",2022-11-07,17.7892
148945,"SBI Nifty Next 50 Index Fund - Direct Plan - Growth",2022-11-07,11.8234
149936,"Axis Nifty Midcap 50 Index Fund - Direct Plan - Growth Option",2022-11-07,10.6925
150738,"Tata Nifty Midcap 150 Momentum 50 Index Fund - Growth - Direct Plan",2022-11-07,10.3588
118482,"BANDHAN Nifty 50 Index Fund-Direct Plan-Growth",2022-11-09,39.2306
147625,"Motilal Oswal Nifty 500 Index Fund - Direct Plan",2022-11-09,17.7361
148945,"SBI Nifty Next 50 Index Fund - Direct Plan - Growth",2022-11-09,11.8001
149936,"Axis Nifty Midcap 50 Index Fund - Direct Plan - Growth Option",2022-11-09,10.6145
150738,"Tata Nifty Midcap 150 Momentum 50 Index Fund - Growth - Direct Plan",2022-11-09,10.2689
118482,"BANDHAN Nifty 50 Index Fund-Direct Plan-Growth",2022-11-10,38.9534
147625,"Motilal Oswal Nifty 500 Index Fund - Direct Plan",2022-11-10,17.5914
148945,"SBI Nifty Next 50 Index Fund - Direct Plan - Growth",2022-11-10,11.6849
149936,"Axis Nifty Midcap 50 Index Fund - Direct Plan - Growth Option",2022-11-10,10.5117
150738,"Tata Nifty Midcap 150 Momentum 50 Index Fund - Growth - Direct Plan",2022-11-10,10.1684
118482,"BANDHAN Nifty 50 Index Fund-Direct Plan-Growth",2022-11-11,39.6454
147625,"Motilal Oswal Nifty 500 Index Fund - Direct Plan",2022-11-11,17.8293
148945,"SBI Nifty Next 50 Index Fund - Direct Plan - Growth",2022-11-11,11.7971
149936,"Axis Nifty Midcap 50 Index Fund - Direct Plan - Growth Option",2022-11-11,10.5183
150738,"Tata Nifty Midcap 150 Momentum 50 Index Fund - Growth - Direct Plan",2022-11-11,10.1319
118482,"BANDHAN Nifty 50 Index Fund-Direct Plan-Growth",2022-11-14,39.6008
147625,"Motilal Oswal Nifty 500 Index Fund - Direct Plan",2022-11-14,17.8301
148945,"SBI Nifty Next 50 Index Fund - Direct Plan - Growth",2022-11-14,11.86
149936,"Axis Nifty Midcap 50 Index Fund - Direct Plan - Growth Option",2022-11-14,10.5158
150738,"Tata Nifty Midcap 150 Momentum 50 Index Fund - Growth - Direct Plan",2022-11-14,10.0899
118482,"BANDHAN Nifty 50 Index Fund-Direct Plan-Growth",2022-11-15,39.7604
147625,"Motilal Oswal Nifty 500 Index Fund - Direct Plan",2022-11-15,17.8797
148945,"SBI Nifty Next 50 Index Fund - Direct Plan - Growth",2022-11-15,11.8798
149936,"Axis Nifty Midcap 50 Index Fund - Direct Plan - Growth Option",2022-11-15,10.5118
150738,"Tata Nifty Midcap 150 Momentum 50 Index Fund - Growth - Direct Plan",2022-11-15,10.0662
118482,"BANDHAN Nifty 50 Index Fund-Direct Plan-Growth",2022-11-16,39.7736
147625,"Motilal Oswal Nifty 500 Index Fund - Direct Plan",2022-11-16,17.8447
148945,"SBI Nifty Next 50 Index Fund - Direct Plan - Growth",2022-11-16,11.7927
149936,"Axis Nifty Midcap 50 Index Fund - Direct Plan - Growth Option",2022-11-16,10.4178
150738,"Tata Nifty Midcap 150 Momentum 50 Index Fund - Growth - Direct Plan",2022-11-16,10.0653
118482,"BANDHAN Nifty 50 Index Fund-Direct Plan-Growth",2022-11-17,39.6317
147625,"Motilal Oswal Nifty 500 Index Fund - Direct Plan",2022-11-17,17.7696
148945,"SBI Nifty Next 50 Index Fund - Direct Plan - Growth",2022-11-17,11.704
149936,"Axis Nifty Midcap 50 Index Fund - Direct Plan - Growth Option",2022-11-17,10.4014
150738,"Tata Nifty Midcap 150 Momentum 50 Index Fund - Growth - Direct Plan",2022-11-17,10.0308
118482,"BANDHAN Nifty 50 Index Fund-Direct Plan-Growth",2022-11-18,39.5533
147625,"Motilal Oswal Nifty 500 Index Fund - Direct Plan",2022-11-18,17.7171
148945,"SBI Nifty Next 50 Index Fund - Direct Plan - Growth",2022-11-18,11.6401
149936,"Axis Nifty Midcap 50 Index Fund - Direct Plan - Growth Option",2022-11-18,10.3491
150738,"Tata Nifty Midcap 150 Momentum 50 Index Fund - Growth - Direct Plan",2022-11-18,9.9862
118482,"BANDHAN Nifty 50 Index Fund-Direct Plan-Growth",2022-11-21,39.2346
147625,"Motilal Oswal Nifty 500 Index Fund - Direct Plan",2022-11-21,17.6063
148945,"SBI Nifty Next 50 Index Fund - Direct Plan - Growth",2022-11-21,11.576
149936,"Axis Nifty Midcap 50 Index Fund - Direct Plan - Growth Option",2022-11-21,10.3452
150738,"Tata Nifty Midcap 150 Momentum 50 Index Fund - Growth - Direct Plan",2022-11-21,10.0129
118482,"BANDHAN Nifty 50 Index Fund-Direct Plan-Growth",2022-11-22,39.416
147625,"Motilal Oswal Nifty 500 Index Fund - Direct Plan",2022-11-22,17.6696
148945,"SBI Nifty Next 50 Index Fund - Direct Plan - Growth",2022-11-22,11.6038
149936,"Axis Nifty Midcap 50 Index Fund - Direct Plan - Growth Option",2022-11-22,10.4032
150738,"Tata Nifty Midcap 150 Momentum 50 Index Fund - Growth - Direct Plan",2022-11-22,10.0297
118482,"BANDHAN Nifty 50 Index Fund-Direct Plan-Growth",2022-11-23,39.4654
147625,"Motilal Oswal Nifty 500 Index Fund - Direct Plan",2022-11-23,17.7024
148945,"SBI Nifty Next 50 Index Fund - Direct Plan - Growth",2022-11-23,11.6259
149936,"Axis Nifty Midcap 50 Index Fund - Direct Plan - Growth Option",2022-11-23,10.4568
150738,"Tata Nifty Midcap 150 Momentum 50 Index Fund - Growth - Direct Plan",2022-11-23,10.0409
118482,"BANDHAN Nifty 50 Index Fund-Direct Plan-Growth",2022-11-24,39.9324
147625,"Motilal Oswal Nifty 500 Index Fund - Direct Plan",2022-11-24,17.8648
148945,"SBI Nifty Next 50 Index Fund - Direct Plan - Growth",2022-11-24,11.6704
149936,"Axis Nifty Midcap 50 Index Fund - Direct Plan - Growth Option",2022-11-24,10.5115
150738,"Tata Nifty Midcap 150 Momentum 50 Index Fund - Growth - Direct Plan",2022-11-24,10.0744
118482,"BANDHAN Nifty 50 Index Fund-Direct Plan-Growth",2022-11-25,39.9941
147625,"Motilal Oswal Nifty 500 Index Fund - Direct Plan",2022-11-25,17.9176
148945,"SBI Nifty Next 50 Index Fund - Direct Plan - Growth",2022-11-25,11.7025
149936,"Axis Nifty Midcap 50 Index Fund - Direct Plan - Growth Option",2022-11-25,10.6139
150738,"Tata Nifty Midcap 150 Momentum 50 Index Fund - Growth - Direct Plan",2022-11-25,10.1318
118482,"BANDHAN Nifty 50 Index Fund-Direct Plan-Growth",2022-11-28,40.1014
147625,"Motilal Oswal Nifty 500 Index Fund - Direct Plan",2022-11-28,17.9824
148945,"SBI Nifty Next 50 Index Fund - Direct Plan - Growth",2022-11-28,11.7281
149936,"Axis Nifty Midcap 50 Index Fund - Direct Plan - Growth Option",2022-11-28,10.6735
150738,"Tata Nifty Midcap 150 Momentum 50 Index Fund - Growth - Direct Plan",2022-11-28,10.1973
118482,"BANDHAN Nifty 50 Index Fund-Direct Plan-Growth",2022-11-29,40.2206
147625,"Motilal Oswal Nifty 500 Index Fund - Direct Plan",2022-11-29,18.0141
148945,"SBI Nifty Next 50 Index Fund - Direct Plan - Growth",2022-11-29,11.7874
149936,"Axis Nifty Midcap 50 Index Fund - Direct Plan - Growth Option",2022-11-29,10.6205
150738,"Tata Nifty Midcap 150 Momentum 50 Index Fund - Growth - Direct Plan",2022-11-29,10.138
118482,"BANDHAN Nifty 50 Index Fund-Direct Plan-Growth",2022-11-30,40.5228
147625,"Motilal Oswal Nifty 500 Index Fund - Direct Plan",2022-11-30,18.1661
148945,"SBI Nifty Next 50 Index Fund - Direct Plan - Growth",2022-11-30,11.9348
149936,"Axis Nifty Midcap 50 Index Fund - Direct Plan - Growth Option",2022-11-30,10.7309
150738,"Tata Nifty Midcap 150 Momentum 50 Index Fund - Growth - Direct Plan",2022-11-30,10.2079
118482,"BANDHAN Nifty 50 Index Fund-Direct Plan-Growth",2022-12-01,40.6393
147625,"Motilal Oswal Nifty 500 Index Fund - Direct Plan",2022-12-01,18.2318
148945,"SBI Nifty Next 50 Index Fund - Direct Plan - Growth",2022-12-01,11.981
149936,"Axis Nifty Midcap 50 Index Fund - Direct Plan - Growth Option",2022-12-01,10.8234
150738,"Tata Nifty Midcap 150 Momentum 50 Index Fund - Growth - Direct Plan",2022-12-01,10.3026
118482,"BANDHAN Nifty 50 Index Fund-Direct Plan-Growth",2022-12-02,40.3884
147625,"Motilal Oswal Nifty 500 Index Fund - Direct Plan",2022-12-02,18.1856
148945,"SBI Nifty Next 50 Index Fund - Direct Plan - Growth",2022-12-02,11.9982
149936,"Axis Nifty Midcap 50 Index Fund - Direct Plan - Growth Option",2022-12-02,10.8978
150738,"Tata Nifty Midcap 150 Momentum 50 Index Fund - Growth - Direct Plan",2022-12-02,10.3673
150892,"Edelweiss Nifty Smallcap 250 Index Fund - Direct Plan - Growth",2022-12-02,10.0999
118482,"BANDHAN Nifty 50 Index Fund-Direct Plan-Growth",2022-12-05,40.3986
147625,"Motilal Oswal Nifty 500 Index Fund - Direct Plan",2022-12-05,18.1892
148945,"SBI Nifty Next 50 Index Fund - Direct Plan - Growth",2022-12-05,11.9774
149936,"Axis Nifty Midcap 50 Index Fund - Direct Plan - Growth Option",2022-12-05,10.9223
150738,"Tata Nifty Midcap 150 Momentum 50 Index Fund - Growth - Direct Plan",2022-12-05,10.3296
150892,"Edelweiss Nifty Smallcap 250 Index Fund - Direct Plan - Growth",2022-12-05,10.1332
118482,"BANDHAN Nifty 50 Index Fund-Direct Plan-Growth",2022-12-06,40.273
147625,"Motilal Oswal Nifty 500 Index Fund - Direct Plan",2022-12-06,18.1386
148945,"SBI Nifty Next 50 Index Fund - Direct Plan - Growth",2022-12-06,11.9667
149936,"Axis Nifty Midcap 50 Index Fund - Direct Plan - Growth Option",2022-12-06,10.8669
150738,"Tata Nifty Midcap 150 Momentum 50 Index Fund - Growth - Direct Plan",2022-12-06,10.2726
150892,"Edelweiss Nifty Smallcap 250 Index Fund - Direct Plan - Growth",2022-12-06,10.1094
118482,"BANDHAN Nifty 50 Index Fund-Direct Plan-Growth",2022-12-07,40.0962
147625,"Motilal Oswal Nifty 500 Index Fund - Direct Plan",2022-12-07,18.0692
148945,"SBI Nifty Next 50 Index Fund - Direct Plan - Growth",2022-12-07,11.99
149936,"Axis Nifty Midcap 50 Index Fund - Direct Plan - Growth Option",2022-12-07,10.8084
150738,"Tata Nifty Midcap 150 Momentum 50 Index Fund - Growth - Direct Plan",2022-12-07,10.2076
150892,"Edelweiss Nifty Smallcap 250 Index Fund - Direct Plan - Growth",2022-12-07,10.0704
118482,"BANDHAN Nifty 50 Index Fund-Direct Plan-Growth",2022-12-08,40.2009
147625,"Motilal Oswal Nifty 500 Index Fund - Direct Plan",2022-12-08,18.1249
148945,"SBI Nifty Next 50 Index Fund - Direct Plan - Growth",2022-12-08,12.038
149936,"Axis Nifty Midcap 50 Index Fund - Direct Plan - Growth Option",2022-12-08,10.8761
150738,"Tata Nifty Midcap 150 Momentum 50 Index Fund - Growth - Direct Plan",2022-12-08,10.2233
150892,"Edelweiss Nifty Smallcap 250 Index Fund - Direct Plan - Growth",2022-12-08,10.1257
118482,"BANDHAN Nifty 50 Index Fund-Direct Plan-Growth",2022-12-09,39.958
147625,"Motilal Oswal Nifty 500 Index Fund - Direct Plan",2022-12-09,18.0128
148945,"SBI Nifty Next 50 Index Fund - Direct Plan - Growth",2022-12-09,11.9642
149936,"Axis Nifty Midcap 50 Index Fund - Direct Plan - Growth Option",2022-12-09,10.8052
150738,"Tata Nifty Midcap 150 Momentum 50 Index Fund - Growth - Direct Plan",2022-12-09,10.1755
150892,"Edelweiss Nifty Smallcap 250 Index Fund - Direct Plan - Growth",2022-12-09,10.0185
118482,"BANDHAN Nifty 50 Index Fund-Direct Plan-Growth",2022-12-12,39.9589
147625,"Motilal Oswal Nifty 500 Index Fund - Direct Plan",2022-12-12,18.0297
148945,"SBI Nifty Next 50 Index Fund - Direct Plan - Growth",2022-12-12,11.9662
149936,"Axis Nifty Midcap 50 Index Fund - Direct Plan - Growth Option",2022-12-12,10.8572
150738,"Tata Nifty Midcap 150 Momentum 50 Index Fund - Growth - Direct Plan",2022-12-12,10.1634
150892,"Edelweiss Nifty Smallcap 250 Index Fund - Direct Plan - Growth",2022-12-12,10.0713
118482,"BANDHAN Nifty 50 Index Fund-Direct Plan-Growth",2022-12-13,40.1978
147625,"Motilal Oswal Nifty 500 Index Fund - Direct Plan",2022-12-13,18.1166
148945,"SBI Nifty Next 50 Index Fund - Direct Plan - Growth",2022-12-13,11.9463
149936,"Axis Nifty Midcap 50 Index Fund - Direct Plan - Growth Option",2022-12-13,10.8999
150738,"Tata Nifty Midcap 150 Momentum 50 Index Fund - Growth - Direct Plan",2022-12-13,10.1592
150892,"Edelweiss Nifty Smallcap 250 Index Fund - Direct Plan - Growth",2022-12-13,10.1283
118482,"BANDHAN Nifty 50 Index Fund-Direct Plan-Growth",2022-12-14,40.3098
147625,"Motilal Oswal Nifty 500 Index Fund - Direct Plan",2022-12-14,18.184
148945,"SBI Nifty Next 50 Index Fund - Direct Plan - Growth",2022-12-14,12.0016
149936,"Axis Nifty Midcap 50 Index Fund - Direct Plan - Growth Option",2022-12-14,10.9886
150738,"Tata Nifty Midcap 150 Momentum 50 Index Fund - Growth - Direct Plan",2022-12-14,10.2299
150892,"Edelweiss Nifty Smallcap 250 Index Fund - Direct Plan - Growth",2022-12-14,10.1938
118482,"BANDHAN Nifty 50 Index Fund-Direct Plan-Growth",2022-12-15,39.78
147625,"Motilal Oswal Nifty 500 Index Fund - Direct Plan",2022-12-15,17.9788
148945,"SBI Nifty Next 50 Index Fund - Direct Plan - Growth",2022-12-15,11.8942
149936,"Axis Nifty Midcap 50 Index Fund - Direct Plan - Growth Option",2022-12-15,10.8825
150738,"Tata Nifty Midcap 150 Momentum 50 Index Fund - Growth - Direct Plan",2022-12-15,10.0942
150892,"Edelweiss Nifty Smallcap 250 Index Fund - Direct Plan - Growth",2022-12-15,10.1501
118482,"BANDHAN Nifty 50 Index Fund-Direct Plan-Growth",2022-12-16,39.4659
147625,"Motilal Oswal Nifty 500 Index Fund - Direct Plan",2022-12-16,17.8106
148945,"SBI Nifty Next 50 Index Fund - Direct Plan - Growth",2022-12-16,11.7418
149936,"Axis Nifty Midcap 50 Index Fund - Direct Plan - Growth Option",2022-12-16,10.7009
150738,"Tata Nifty Midcap 150 Momentum 50 Index Fund - Growth - Direct Plan",2022-12-16,9.9065
150892,"Edelweiss Nifty Smallcap 250 Index Fund - Direct Plan - Growth",2022-12-16,10.07
118482,"BANDHAN Nifty 50 Index Fund-Direct Plan-Growth",2022-12-19,39.7911
147625,"Motilal Oswal Nifty 500 Index Fund - Direct Plan",2022-12-19,17.9456
148945,"SBI Nifty Next 50 Index Fund - Direct Plan - Growth",2022-12-19,11.8582
149936,"Axis Nifty Midcap 50 Index Fund - Direct Plan - Growth Option",2022-12-19,10.7719
150738,"Tata Nifty Midcap 150 Momentum 50 Index Fund - Growth - Direct Plan",2022-12-19,9.9401
150892,"Edelweiss Nifty Smallcap 250 Index Fund - Direct Plan - Growth",2022-12-19,10.0997
118482,"BANDHAN Nifty 50 Index Fund-Direct Plan-Growth",2022-12-20,39.7151
147625,"Motilal Oswal Nifty 500 Index Fund - Direct Plan",2022-12-20,17.9124
148945,"SBI Nifty Next 50 Index Fund - Direct Plan - Growth",2022-12-20,11.8351
149936,"Axis Nifty Midcap 50 Index Fund - Direct Plan - Growth Option",2022-12-20,10.7349
150738,"Tata Nifty Midcap 150 Momentum 50 Index Fund - Growth - Direct Plan",2022-12-20,9.9488
150892,"Edelweiss Nifty Smallcap 250 Index Fund - Direct Plan - Growth",2022-12-20,10.0788
118482,"BANDHAN Nifty 50 Index Fund-Direct Plan-Growth",2022-12-21,39.3144
147625,"Motilal Oswal Nifty 500 Index Fund - Direct Plan",2022-12-21,17.6859
148945,"SBI Nifty Next 50 Index Fund - Direct Plan - Growth",2022-12-21,11.6466
149936,"Axis Nifty Midcap 50 Index Fund - Direct Plan - Growth Option",2022-12-21,10.5889
150738,"Tata Nifty Midcap 150 Momentum 50 Index Fund - Growth - Direct Plan",2022-12-21,9.7596
150892,"Edelweiss Nifty Smallcap 250 Index Fund - Direct Plan - Growth",2022-12-21,9.8715
118482,"BANDHAN Nifty 50 Index Fund-Direct Plan-Growth",2022-12-22,39.1599
147625,"Motilal Oswal Nifty 500 Index Fund - Direct Plan",2022-12-22,17.5763
148945,"SBI Nifty Next 50 Index Fund - Direct Plan - Growth",2022-12-22,11.5612
149936,"Axis Nifty Midcap 50 Index Fund - Direct Plan - Growth Option",2022-12-22,10.5325
150738,"Tata Nifty Midcap 150 Momentum 50 Index Fund - Growth - Direct Plan",2022-12-22,9.6635
150892,"Edelweiss Nifty Smallcap 250 Index Fund - Direct Plan - Growth",2022-12-22,9.7003
118482,"BANDHAN Nifty 50 Index Fund-Direct Plan-Growth",2022-12-23,38.4718
147625,"Motilal Oswal Nifty 500 Index Fund - Direct Plan",2022-12-23,17.1373
148945,"SBI Nifty Next 50 Index Fund - Direct Plan - Growth",2022-12-23,11.1313
149936,"Axis Nifty Midcap 50 Index Fund - Direct Plan - Growth Option",2022-12-23,10.1802
150738,"Tata Nifty Midcap 150 Momentum 50 Index Fund - Growth - Direct Plan",2022-12-23,9.3336
150892,"Edelweiss Nifty Smallcap 250 Index Fund - Direct Plan - Growth",2022-12-23,9.2774
118482,"BANDHAN Nifty 50 Index Fund-Direct Plan-Growth",2022-12-26,38.9177
147625,"Motilal Oswal Nifty 500 Index Fund - Direct Plan",2022-12-26,17.4244
148945,"SBI Nifty Next 50 Index Fund - Direct Plan - Growth",2022-12-26,11.393
149936,"Axis Nifty Midcap 50 Index Fund - Direct Plan - Growth Option",2022-12-26,10.416
150738,"Tata Nifty Midcap 150 Momentum 50 Index Fund - Growth - Direct Plan",2022-12-26,9.5684
150892,"Edelweiss Nifty Smallcap 250 Index Fund - Direct Plan - Growth",2022-12-26,9.582
118482,"BANDHAN Nifty 50 Index Fund-Direct Plan-Growth",2022-12-27,39.1709
147625,"Motilal Oswal Nifty 500 Index Fund - Direct Plan",2022-12-27,17.5605
148945,"SBI Nifty Next 50 Index Fund - Direct Plan - Growth",2022-12-27,11.5093
149936,"Axis Nifty Midcap 50 Index Fund - Direct Plan - Growth Option",2022-12-27,10.5164
150738,"Tata Nifty Midcap 150 Momentum 50 Index Fund - Growth - Direct Plan",2022-12-27,9.648
150892,"Edelweiss Nifty Smallcap 250 Index Fund - Direct Plan - Growth",2022-12-27,9.6986
118482,"BANDHAN Nifty 50 Index Fund-Direct Plan-Growth",2022-12-28,39.1498
147625,"Motilal Oswal Nifty 500 Index Fund - Direct Plan",2022-12-28,17.5768
148945,"SBI Nifty Next 50 Index Fund - Direct Plan - Growth",2022-12-28,11.5426
149936,"Axis Nifty Midcap 50 Index Fund - Direct Plan - Growth Option",2022-12-28,10.5406
150738,"Tata Nifty Midcap 150 Momentum 50 Index Fund - Growth - Direct Plan",2022-12-28,9.7086
150892,"Edelweiss Nifty Smallcap 250 Index Fund - Direct Plan - Growth",2022-12-28,9.719
118482,"BANDHAN Nifty 50 Index Fund-Direct Plan-Growth",2022-12-29,39.2961
147625,"Motilal Oswal Nifty 500 Index Fund - Direct Plan",2022-12-29,17.6351
148945,"SBI Nifty Next 50 Index Fund - Direct Plan - Growth",2022-12-29,11.5388
149936,"Axis Nifty Midcap 50 Index Fund - Direct Plan - Growth Option",2022-12-29,10.5396
150738,"Tata Nifty Midcap 150 Momentum 50 Index Fund - Growth - Direct Plan",2022-12-29,9.6864
150892,"Edelweiss Nifty Smallcap 250 Index Fund - Direct Plan - Growth",2022-12-29,9.7363
118482,"BANDHAN Nifty 50 Index Fund-Direct Plan-Growth",2022-12-30,39.1115
147625,"Motilal Oswal Nifty 500 Index Fund - Direct Plan",2022-12-30,17.5935
148945,"SBI Nifty Next 50 Index Fund - Direct Plan - Growth",2022-12-30,11.521
149936,"Axis Nifty Midcap 50 Index Fund - Direct Plan - Growth Option",2022-12-30,10.6039
150738,"Tata Nifty Midcap 150 Momentum 50 Index Fund - Growth - Direct Plan",2022-12-30,9.6901
150892,"Edelweiss Nifty Smallcap 250 Index Fund - Direct Plan - Growth",2022-12-30,9.8115
118482,"BANDHAN Nifty 50 Index Fund-Direct Plan-Growth",2023-01-02,39.3088
147625,"Motilal Oswal Nifty 500 Index Fund - Direct Plan",2023-01-02,17.6783
148945,"SBI Nifty Next 50 Index Fund - Direct Plan - Growth",2023-01-02,11.5374
149936,"Axis Nifty Midcap 50 Index Fund - Direct Plan - Growth Option",2023-01-02,10.6884
150738,"Tata Nifty Midcap 150 Momentum 50 Index Fund - Growth - Direct Plan",2023-01-02,9.7447
150892,"Edelweiss Nifty Smallcap 250 Index Fund - Direct Plan - Growth",2023-01-02,9.885
118482,"BANDHAN Nifty 50 Index Fund-Direct Plan-Growth",2023-01-03,39.3843
147625,"Motilal Oswal Nifty 500 Index Fund - Direct Plan",2023-01-03,17.7175
148945,"SBI Nifty Next 50 Index Fund - Direct Plan - Growth",2023-01-03,11.588
149936,"Axis Nifty Midcap 50 Index Fund - Direct Plan - Growth Option",2023-01-03,10.7181
150738,"Tata Nifty Midcap 150 Momentum 50 Index Fund - Growth - Direct Plan",2023-01-03,9.7661
150892,"Edelweiss Nifty Smallcap 250 Index Fund - Direct Plan - Growth",2023-01-03,9.8991
118482,"BANDHAN Nifty 50 Index Fund-Direct Plan-Growth",2023-01-04,38.9767
147625,"Motilal Oswal Nifty 500 Index Fund - Direct Plan",2023-01-04,17.5296
148945,"SBI Nifty Next 50 Index Fund - Direct Plan - Growth",2023-01-04,11.4316
149936,"Axis Nifty Midcap 50 Index Fund - Direct Plan - Growth Option",2023-01-04,10.6009
150738,"Tata Nifty Midcap 150 Momentum 50 Index Fund - Growth - Direct Plan",2023-01-04,9.6734
150892,"Edelweiss Nifty Smallcap 250 Index Fund - Direct Plan - Growth",2023-01-04,9.8107
118482,"BANDHAN Nifty 50 Index Fund-Direct Plan-Growth",2023-01-05,38.8669
147625,"Motilal Oswal Nifty 500 Index Fund - Direct Plan",2023-01-05,17.5216
148945,"SBI Nifty Next 50 Index Fund - Direct Plan - Growth",2023-01-05,11.5105
149936,"Axis Nifty Midcap 50 Index Fund - Direct Plan - Growth Option",2023-01-05,10.6765
150738,"Tata Nifty Midcap 150 Momentum 50 Index Fund - Growth - Direct Plan",2023-01-05,9.6954
150892,"Edelweiss Nifty Smallcap 250 Index Fund - Direct Plan - Growth",2023-01-05,9.8092
118482,"BANDHAN Nifty 50 Index Fund-Direct Plan-Growth",2023-01-06,38.5811
147625,"Motilal Oswal Nifty 500 Index Fund - Direct Plan",2023-01-06,17.3914
148945,"SBI Nifty Next 50 Index Fund - Direct Plan - Growth",2023-01-06,11.426
149936,"Axis Nifty Midcap 50 Index Fund - Direct Plan - Growth Option",2023-01-06,10.6084
150738,"Tata Nifty Midcap 150 Momentum 50 Index Fund - Growth - Direct Plan",2023-01-06,9.6212
150892,"Edelweiss Nifty Smallcap 250 Index Fund - Direct Plan - Growth",2023-01-06,9.7341
118482,"BANDHAN Nifty 50 Index Fund-Direct Plan-Growth",2023-01-09,39.0994
147625,"Motilal Oswal Nifty 500 Index Fund - Direct Plan",2023-01-09,17.5939
148945,"SBI Nifty Next 50 Index Fund - Direct Plan - Growth",2023-01-09,11.5181
149936,"Axis Nifty Midcap 50 Index Fund - Direct Plan - Growth Option",2023-01-09,10.6979
150738,"Tata Nifty Midcap 150 Momentum 50 Index Fund - Growth - Direct Plan",2023-01-09,9.7059
150892,"Edelweiss Nifty Smallcap 250 Index Fund - Direct Plan - Growth",2023-01-09,9.7723
118482,"BANDHAN Nifty 50 Index Fund-Direct Plan-Growth",2023-01-10,38.6965
147625,"Motilal Oswal Nifty 500 Index Fund - Direct Plan",2023-01-10,17.4515
148945,"SBI Nifty Next 50 Index Fund - Direct Plan - Growth",2023-01-10,11.4761
149936,"Axis Nifty Midcap 50 Index Fund - Direct Plan - Growth Option",2023-01-10,10.6491
150738,"Tata Nifty Midcap 150 Momentum 50 Index Fund - Growth - Direct Plan",2023-01-10,9.6104
150892,"Edelweiss Nifty Smallcap 250 Index Fund - Direct Plan - Growth",2023-01-10,9.7247
118482,"BANDHAN Nifty 50 Index Fund-Direct Plan-Growth",2023-01-11,38.6567
147625,"Motilal Oswal Nifty 500 Index Fund - Direct Plan",2023-01-11,17.4241
148945,"SBI Nifty Next 50 Index Fund - Direct Plan - Growth",2023-01-11,11.4388
149936,"Axis Nifty Midcap 50 Index Fund - Direct Plan - Growth Option",2023-01-11,10.6479
150738,"Tata Nifty Midcap 150 Momentum 50 Index Fund - Growth - Direct Plan",2023-01-11,9.5872
150892,"Edelweiss Nifty Smallcap 250 Index Fund - Direct Plan - Growth",2023-01-11,9.7299
118482,"BANDHAN Nifty 50 Index Fund-Direct Plan-Growth",2023-01-12,38.5758
147625,"Motilal Oswal Nifty 500 Index Fund - Direct Plan",2023-01-12,17.3992
148945,"SBI Nifty Next 50 Index Fund - Direct Plan - Growth",2023-01-12,11.463
149936,"Axis Nifty Midcap 50 Index Fund - Direct Plan - Growth Option",2023-01-12,10.604
150738,"Tata Nifty Midcap 150 Momentum 50 Index Fund - Growth - Direct Plan",2023-01-12,9.5647
150892,"Edelweiss Nifty Smallcap 250 Index Fund - Direct Plan - Growth",2023-01-12,9.736
118482,"BANDHAN Nifty 50 Index Fund-Direct Plan-Growth",2023-01-13,38.7872
147625,"Motilal Oswal Nifty 500 Index Fund - Direct Plan",2023-01-13,17.4748
148945,"SBI Nifty Next 50 Index Fund - Direct Plan - Growth",2023-01-13,11.5103
149936,"Axis Nifty Midcap 50 Index Fund - Direct Plan - Growth Option",2023-01-13,10.6021
150738,"Tata Nifty Midcap 150 Momentum 50 Index Fund - Growth - Direct Plan",2023-01-13,9.5938
150892,"Edelweiss Nifty Smallcap 250 Index Fund - Direct Plan - Growth",2023-01-13,9.7635
118482,"BANDHAN Nifty 50 Index Fund-Direct Plan-Growth",2023-01-16,38.6541
147625,"Motilal Oswal Nifty 500 Index Fund - Direct Plan",2023-01-16,17.428
148945,"SBI Nifty Next 50 Index Fund - Direct Plan - Growth",2023-01-16,11.5026
149936,"Axis Nifty Midcap 50 Index Fund - Direct Plan - Growth Option",2023-01-16,10.5536
150738,"Tata Nifty Midcap 150 Momentum 50 Index Fund - Growth - Direct Plan",2023-01-16,9.5988
150892,"Edelweiss Nifty Smallcap 250 Index Fund - Direct Plan - Growth",2023-01-16,9.7578
118482,"BANDHAN Nifty 50 Index Fund-Direct Plan-Growth",2023-01-17,38.9951
147625,"Motilal Oswal Nifty 500 Index Fund - Direct Plan",2023-01-17,17.531
148945,"SBI Nifty Next 50 Index Fund - Direct Plan - Growth",2023-01-17,11.5124
149936,"Axis Nifty Midcap 50 Index Fund - Direct Plan - Growth Option",2023-01-17,10.5394
150738,"Tata Nifty Midcap 150 Momentum 50 Index Fund - Growth - Direct Plan",2023-01-17,9.5844
150892,"Edelweiss Nifty Smallcap 250 Index Fund - Direct Plan - Growth",2023-01-17,9.744
118482,"BANDHAN Nifty 50 Index Fund-Direct Plan-Growth",2023-01-18,39.2361
147625,"Motilal Oswal Nifty 500 Index Fund - Direct Plan",2023-01-18,17.6107
148945,"SBI Nifty Next 50 Index Fund - Direct Plan - Growth",2023-01-18,11.5133
149936,"Axis Nifty Midcap 50 Index Fund - Direct Plan - Growth Option",2023-01-18,10.6096
150738,"Tata Nifty Midcap 150 Momentum 50 Index Fund - Growth - Direct Plan",2023-01-18,9.5997
150892,"Edelweiss Nifty Smallcap 250 Index Fund - Direct Plan - Growth",2023-01-18,9.7501
118482,"BANDHAN Nifty 50 Index Fund-Direct Plan-Growth",2023-01-19,39.1171
147625,"Motilal Oswal Nifty 500 Index Fund - Direct Plan",2023-01-19,17.559
148945,"SBI Nifty Next 50 Index Fund - Direct Plan - Growth",2023-01-19,11.4734
149936,"Axis Nifty Midcap 50 Index Fund - Direct Plan - Growth Option",2023-01-19,10.611
150738,"Tata Nifty Midcap 150 Momentum 50 Index Fund - Growth - Direct Plan",2023-01-19,9.5847
150892,"Edelweiss Nifty Smallcap 250 Index Fund - Direct Plan - Growth",2023-01-19,9.7219
118482,"BANDHAN Nifty 50 Index Fund-Direct Plan-Growth",2023-01-20,38.944
147625,"Motilal Oswal Nifty 500 Index Fund - Direct Plan",2023-01-20,17.4771
148945,"SBI Nifty Next 50 Index Fund - Direct Plan - Growth",2023-01-20,11.4303
149936,"Axis Nifty Midcap 50 Index Fund - Direct Plan - Growth Option",2023-01-20,10.5285
150738,"Tata Nifty Midcap 150 Momentum 50 Index Fund - Growth - Direct Plan",2023-01-20,9.5263
150892,"Edelweiss Nifty Smallcap 250 Index Fund - Direct Plan - Growth",2023-01-20,9.6682
118482,"BANDHAN Nifty 50 Index Fund-Direct Plan-Growth",2023-01-23,39.1395
147625,"Motilal Oswal Nifty 500 Index Fund - Direct Plan",2023-01-23,17.5396
148945,"SBI Nifty Next 50 Index Fund - Direct Plan - Growth",2023-01-23,11.4478
149936,"Axis Nifty Midcap 50 Index Fund - Direct Plan - Growth Option",2023-01-23,10.6505
150738,"Tata Nifty Midcap 150 Momentum 50 Index Fund - Growth - Direct Plan",2023-01-23,9.4821
150892,"Edelweiss Nifty Smallcap 250 Index Fund - Direct Plan - Growth",2023-01-23,9.6544
118482,"BANDHAN Nifty 50 Index Fund-Direct Plan-Growth",2023-01-24,39.1396
147625,"Motilal Oswal Nifty 500 Index Fund - Direct Plan",2023-01-24,17.523
148945,"SBI Nifty Next 50 Index Fund - Direct Plan - Growth",2023-01-24,11.4189
149936,"Axis Nifty Midcap 50 Index Fund - Direct Plan - Growth Option",2023-01-24,10.5839
150738,"Tata Nifty Midcap 150 Momentum 50 Index Fund - Growth - Direct Plan",2023-01-24,9.4545
150892,"Edelweiss Nifty Smallcap 250 Index Fund - Direct Plan - Growth",2023-01-24,9.6162
118482,"BANDHAN Nifty 50 Index Fund-Direct Plan-Growth",2023-01-25,38.6517
147625,"Motilal Oswal Nifty 500 Index Fund - Direct Plan",2023-01-25,17.2767
148945,"SBI Nifty Next 50 Index Fund - Direct Plan - Growth",2023-01-25,11.1322
149936,"Axis Nifty Midcap 50 Index Fund - Direct Plan - Growth Option",2023-01-25,10.4296
150738,"Tata Nifty Midcap 150 Momentum 50 Index Fund - Growth - Direct Plan",2023-01-25,9.3538
150892,"Edelweiss Nifty Smallcap 250 Index Fund - Direct Plan - Growth",2023-01-25,9.5309
118482,"BANDHAN Nifty 50 Index Fund-Direct Plan-Growth",2023-01-27,38.0326
147625,"Motilal Oswal Nifty 500 Index Fund - Direct Plan",2023-01-27,16.9381
148945,"SBI Nifty Next 50 Index Fund - Direct Plan - Growth",2023-01-27,10.718
149936,"Axis Nifty Midcap 50 Index Fund - Direct Plan - Growth Option",2023-01-27,10.259
150738,"Tata Nifty Midcap 150 Momentum 50 Index Fund - Growth - Direct Plan",2023-01-27,9.2568
150892,"Edelweiss Nifty Smallcap 250 Index Fund - Direct Plan - Growth",2023-01-27,9.3574
118482,"BANDHAN Nifty 50 Index Fund-Direct Plan-Growth",2023-01-30,38.1239
147625,"Motilal Oswal Nifty 500 Index Fund - Direct Plan",2023-01-30,16.9143
148945,"SBI Nifty Next 50 Index Fund - Direct Plan - Growth",2023-01-30,10.5958
149936,"Axis Nifty Midcap 50 Index Fund - Direct Plan - Growth Option",2023-01-30,10.2757
150738,"Tata Nifty Midcap 150 Momentum 50 Index Fund - Growth - Direct Plan",2023-01-30,9.2331
150892,"Edelweiss Nifty Smallcap 250 Index Fund - Direct Plan - Growth",2023-01-30,9.3362
118482,"BANDHAN Nifty 50 Index Fund-Direct Plan-Growth",2023-01-31,38.1521
147625,"Motilal Oswal Nifty 500 Index Fund - Direct Plan",2023-01-31,17.0071
148945,"SBI Nifty Next 50 Index Fund - Direct Plan - Growth",2023-01-31,10.7066
149936,"Axis Nifty Midcap 50 Index Fund - Direct Plan - Growth Option",2023-01-31,10.4697
150738,"Tata Nifty Midcap 150 Momentum 50 Index Fund - Growth - Direct Plan",2023-01-31,9.3949
150892,"Edelweiss Nifty Smallcap 250 Index Fund - Direct Plan - Growth",2023-01-31,9.5803
118482,"BANDHAN Nifty 50 Index Fund-Direct Plan-Growth",2023-02-01,38.0527
147625,"Motilal Oswal Nifty 500 Index Fund - Direct Plan",2023-02-01,16.907
148945,"SBI Nifty Next 50 Index Fund - Direct Plan - Growth",2023-02-01,10.5333
149936,"Axis Nifty Midcap 50 Index Fund - Direct Plan - Growth Option",2023-02-01,10.3695
150738,"Tata Nifty Midcap 150 Momentum 50 Index Fund - Growth - Direct Plan",2023-02-01,9.338
150892,"Edelweiss Nifty Smallcap 250 Index Fund - Direct Plan - Growth",2023-02-01,9.4715
118482,"BANDHAN Nifty 50 Index Fund-Direct Plan-Growth",2023-02-02,38.0399
147625,"Motilal Oswal Nifty 500 Index Fund - Direct Plan",2023-02-02,16.8976
148945,"SBI Nifty Next 50 Index Fund - Direct Plan - Growth",2023-02-02,10.5084
149936,"Axis Nifty Midcap 50 Index Fund - Direct Plan - Growth Option",2023-02-02,10.4021
150738,"Tata Nifty Midcap 150 Momentum 50 Index Fund - Growth - Direct Plan",2023-02-02,9.3491
150892,"Edelweiss Nifty Smallcap 250 Index Fund - Direct Plan - Growth",2023-02-02,9.5128
118482,"BANDHAN Nifty 50 Index Fund-Direct Plan-Growth",2023-02-03,38.5625
147625,"Motilal Oswal Nifty 500 Index Fund - Direct Plan",2023-02-03,17.0376
148945,"SBI Nifty Next 50 Index Fund - Direct Plan - Growth",2023-02-03,10.507
149936,"Axis Nifty Midcap 50 Index Fund - Direct Plan - Growth Option",2023-02-03,10.4311
150738,"Tata Nifty Midcap 150 Momentum 50 Index Fund - Growth - Direct Plan",2023-02-03,9.3804
150892,"Edelweiss Nifty Smallcap 250 Index Fund - Direct Plan - Growth",2023-02-03,9.4784
118482,"BANDHAN Nifty 50 Index Fund-Direct Plan-Growth",2023-02-06,38.3699
147625,"Motilal Oswal Nifty 500 Index Fund - Direct Plan",2023-02-06,17.0051
148945,"SBI Nifty Next 50 Index Fund - Direct Plan - Growth",2023-02-06,10.565
149936,"Axis Nifty Midcap 50 Index Fund - Direct Plan - Growth Option",2023-02-06,10.5085
150738,"Tata Nifty Midcap 150 Momentum 50 Index Fund - Growth - Direct Plan",2023-02-06,9.4208
150892,"Edelweiss Nifty Smallcap 250 Index Fund - Direct Plan - Growth",2023-02-06,9.5024
118482,"BANDHAN Nifty 50 Index Fund-Direct Plan-Growth",2023-02-07,38.2772
147625,"Motilal Oswal Nifty 500 Index Fund - Direct Plan",2023-02-07,16.969
148945,"SBI Nifty Next 50 Index Fund - Direct Plan - Growth",2023-02-07,10.5485
149936,"Axis Nifty Midcap 50 Index Fund - Direct Plan - Growth Option",2023-02-07,10.4991
150738,"Tata Nifty Midcap 150 Momentum 50 Index Fund - Growth - Direct Plan",2023-02-07,9.437
150892,"Edelweiss Nifty Smallcap 250 Index Fund - Direct Plan - Growth",2023-02-07,9.4688
118482,"BANDHAN Nifty 50 Index Fund-Direct Plan-Growth",2023-02-08,38.6036
147625,"Motilal Oswal Nifty 500 Index Fund - Direct Plan",2023-02-08,17.1137
148945,"SBI Nifty Next 50 Index Fund - Direct Plan - Growth",2023-02-08,10.643
149936,"Axis Nifty Midcap 50 Index Fund - Direct Plan - Growth Option",2023-02-08,10.5965
150738,"Tata Nifty Midcap 150 Momentum 50 Index Fund - Growth - Direct Plan",2023-02-08,9.4844
150892,"Edelweiss Nifty Smallcap 250 Index Fund - Direct Plan - Growth",2023-02-08,9.5419
118482,"BANDHAN Nifty 50 Index Fund-Direct Plan-Growth",2023-02-09,38.6501
147625,"Motilal Oswal Nifty 500 Index Fund - Direct Plan",2023-02-09,17.1156
148945,"SBI Nifty Next 50 Index Fund - Direct Plan - Growth",2023-02-09,10.59
149936,"Axis Nifty Midcap 50 Index Fund - Direct Plan - Growth Option",2023-02-09,10.6181
150738,"Tata Nifty Midcap 150 Momentum 50 Index Fund - Growth - Direct Plan",2023-02-09,9.5067
150892,"Edelweiss Nifty Smallcap 250 Index Fund - Direct Plan - Growth",2023-02-09,9.518
118482,"BANDHAN Nifty 50 Index Fund-Direct Plan-Growth",2023-02-10,38.5703
147625,"Motilal Oswal Nifty 500 Index Fund - Direct Plan",2023-02-10,17.0998
148945,"SBI Nifty Next 50 Index Fund - Direct Plan - Growth",2023-02-10,10.5839
149936,"Axis Nifty Midcap 50 Index Fund - Direct Plan - Growth Option",2023-02-10,10.634
150738,"Tata Nifty Midcap 150 Momentum 50 Index Fund - Growth - Direct Plan",2023-02-10,9.5574
150892,"Edelweiss Nifty Smallcap 250 Index Fund - Direct Plan - Growth",2023-02-10,9.5655
118482,"BANDHAN Nifty 50 Index Fund-Direct Plan-Growth",2023-02-13,38.3854
147625,"Motilal Oswal Nifty 500 Index Fund - Direct Plan",2023-02-13,16.9683
148945,"SBI Nifty Next 50 Index Fund - Direct Plan - Growth",2023-02-13,10.4314
149936,"Axis Nifty Midcap 50 Index Fund - Direct Plan - Growth Option",2023-02-13,10.4624
150738,"Tata Nifty Midcap 150 Momentum 50 Index Fund - Growth - Direct Plan",2023-02-13,9.4603
150892,"Edelweiss Nifty Smallcap 250 Index Fund - Direct Plan - Growth",2023-02-13,9.4525
118482,"BANDHAN Nifty 50 Index Fund-Direct Plan-Growth",2023-02-14,38.7276
147625,"Motilal Oswal Nifty 500 Index Fund - Direct Plan",2023-02-14,17.0464
148945,"SBI Nifty Next 50 Index Fund - Direct Plan - Growth",2023-02-14,10.4198
149936,"Axis Nifty Midcap 50 Index Fund - Direct Plan - Growth Option",2023-02-14,10.4597
150738,"Tata Nifty Midcap 150 Momentum 50 Index Fund - Growth - Direct Plan",2023-02-14,9.4262
150892,"Edelweiss Nifty Smallcap 250 Index Fund - Direct Plan - Growth",2023-02-14,9.4034
118482,"BANDHAN Nifty 50 Index Fund-Direct Plan-Growth",2023-02-15,38.9384
147625,"Motilal Oswal Nifty 500 Index Fund - Direct Plan",2023-02-15,17.1346
148945,"SBI Nifty Next 50 Index Fund - Direct Plan - Growth",2023-02-15,10.4935
149936,"Axis Nifty Midcap 50 Index Fund - Direct Plan - Growth Option",2023-02-15,10.5335
150738,"Tata Nifty Midcap 150 Momentum 50 Index Fund - Growth - Direct Plan",2023-02-15,9.4667
150892,"Edelweiss Nifty Smallcap 250 Index Fund - Direct Plan - Growth",2023-02-15,9.4413
118482,"BANDHAN Nifty 50 Index Fund-Direct Plan-Growth",2023-02-16,38.9814
147625,"Motilal Oswal Nifty 500 Index Fund - Direct Plan",2023-02-16,17.1846
148945,"SBI Nifty Next 50 Index Fund - Direct Plan - Growth",2023-02-16,10.569
149936,"Axis Nifty Midcap 50 Index Fund - Direct Plan - Growth Option",2023-02-16,10.6068
150738,"Tata Nifty Midcap 150 Momentum 50 Index Fund - Growth - Direct Plan",2023-02-16,9.5535
150892,"Edelweiss Nifty Smallcap 250 Index Fund - Direct Plan - Growth",2023-02-16,9.517
118482,"BANDHAN Nifty 50 Index Fund-Direct Plan-Growth",2023-02-17,38.7835
147625,"Motilal Oswal Nifty 500 Index Fund - Direct Plan",2023-02-17,17.0946
148945,"SBI Nifty Next 50 Index Fund - Direct Plan - Growth",2023-02-17,10.5032
149936,"Axis Nifty Midcap 50 Index Fund - Direct Plan - Growth Option",2023-02-17,10.5023
150738,"Tata Nifty Midcap 150 Momentum 50 Index Fund - Growth - Direct Plan",2023-02-17,9.4891
150892,"Edelweiss Nifty Smallcap 250 Index Fund - Direct Plan - Growth",2023-02-17,9.485
118482,"BANDHAN Nifty 50 Index Fund-Direct Plan-Growth",2023-02-20,38.5684
147625,"Motilal Oswal Nifty 500 Index Fund - Direct Plan",2023-02-20,17.0199
148945,"SBI Nifty Next 50 Index Fund - Direct Plan - Growth",2023-02-20,10.4703
149936,"Axis Nifty Midcap 50 Index Fund - Direct Plan - Growth Option",2023-02-20,10.4872
150738,"Tata Nifty Midcap 150 Momentum 50 Index Fund - Growth - Direct Plan",2023-02-20,9.4801
150892,"Edelweiss Nifty Smallcap 250 Index Fund - Direct Plan - Growth",2023-02-20,9.4552
118482,"BANDHAN Nifty 50 Index Fund-Direct Plan-Growth",2023-02-21,38.5296
147625,"Motilal Oswal Nifty 500 Index Fund - Direct Plan",2023-02-21,16.9916
148945,"SBI Nifty Next 50 Index Fund - Direct Plan - Growth",2023-02-21,10.4509
149936,"Axis Nifty Midcap 50 Index Fund - Direct Plan - Growth Option",2023-02-21,10.4441
150738,"Tata Nifty Midcap 150 Momentum 50 Index Fund - Growth - Direct Plan",2023-02-21,9.4589
150892,"Edelweiss Nifty Smallcap 250 Index Fund - Direct Plan - Growth",2023-02-21,9.4222
118482,"BANDHAN Nifty 50 Index Fund-Direct Plan-Growth",2023-02-22,37.9386
147625,"Motilal Oswal Nifty 500 Index Fund - Direct Plan",2023-02-22,16.7508
148945,"SBI Nifty Next 50 Index Fund - Direct Plan - Growth",2023-02-22,10.3032
149936,"Axis Nifty Midcap 50 Index Fund - Direct Plan - Growth Option",2023-02-22,10.3353
150738,"Tata Nifty Midcap 150 Momentum 50 Index Fund - Growth - Direct Plan",2023-02-22,9.3337
150892,"Edelweiss Nifty Smallcap 250 Index Fund - Direct Plan - Growth",2023-02-22,9.3166
118482,"BANDHAN Nifty 50 Index Fund-Direct Plan-Growth",2023-02-23,37.8455
147625,"Motilal Oswal Nifty 500 Index Fund - Direct Plan",2023-02-23,16.7107
148945,"SBI Nifty Next 50 Index Fund - Direct Plan - Growth",2023-02-23,10.2589
149936,"Axis Nifty Midcap 50 Index Fund - Direct Plan - Growth Option",2023-02-23,10.3204
150738,"Tata Nifty Midcap 150 Momentum 50 Index Fund - Growth - Direct Plan",2023-02-23,9.349
150892,"Edelweiss Nifty Smallcap 250 Index Fund - Direct Plan - Growth",2023-02-23,9.334
118482,"BANDHAN Nifty 50 Index Fund-Direct Plan-Growth",2023-02-24,37.7479
147625,"Motilal Oswal Nifty 500 Index Fund - Direct Plan",2023-02-24,16.6695
148945,"SBI Nifty Next 50 Index Fund - Direct Plan - Growth",2023-02-24,10.2505
149936,"Axis Nifty Midcap 50 Index Fund - Direct Plan - Growth Option",2023-02-24,10.2835
150738,"Tata Nifty Midcap 150 Momentum 50 Index Fund - Growth - Direct Plan",2023-02-24,9.3055
150892,"Edelweiss Nifty Smallcap 250 Index Fund - Direct Plan - Growth",2023-02-24,9.3186
118482,"BANDHAN Nifty 50 Index Fund-Direct Plan-Growth",2023-02-27,37.5901
147625,"Motilal Oswal Nifty 500 Index Fund - Direct Plan",2023-02-27,16.576
148945,"SBI Nifty Next 50 Index Fund - Direct Plan - Growth",2023-02-27,10.1546
149936,"Axis Nifty Midcap 50 Index Fund - Direct Plan - Growth Option",2023-02-27,10.2121
150738,"Tata Nifty Midcap 150 Momentum 50 Index Fund - Growth - Direct Plan",2023-02-27,9.2861
150892,"Edelweiss Nifty Smallcap 250 Index Fund - Direct Plan - Growth",2023-02-27,9.2083
118482,"BANDHAN Nifty 50 Index Fund-Direct Plan-Growth",2023-02-28,37.3987
147625,"Motilal Oswal Nifty 500 Index Fund - Direct Plan",2023-02-28,16.5418
148945,"SBI Nifty Next 50 Index Fund - Direct Plan - Growth",2023-02-28,10.1817
149936,"Axis Nifty Midcap 50 Index Fund - Direct Plan - Growth Option",2023-02-28,10.2587
150738,"Tata Nifty Midcap 150 Momentum 50 Index Fund - Growth - Direct Plan",2023-02-28,9.3571
150892,"Edelweiss Nifty Smallcap 250 Index Fund - Direct Plan - Growth",2023-02-28,9.2408
118482,"BANDHAN Nifty 50 Index Fund-Direct Plan-Growth",2023-03-01,37.7143
147625,"Motilal Oswal Nifty 500 Index Fund - Direct Plan",2023-03-01,16.7079
148945,"SBI Nifty Next 50 Index Fund - Direct Plan - Growth",2023-03-01,10.3002
149936,"Axis Nifty Midcap 50 Index Fund - Direct Plan - Growth Option",2023-03-01,10.3919
150738,"Tata Nifty Midcap 150 Momentum 50 Index Fund - Growth - Direct Plan",2023-03-01,9.5274
150892,"Edelweiss Nifty Smallcap 250 Index Fund - Direct Plan - Growth",2023-03-01,9.3551
118482,"BANDHAN Nifty 50 Index Fund-Direct Plan-Growth",2023-03-02,37.4369
147625,"Motilal Oswal Nifty 500 Index Fund - Direct Plan",2023-03-02,16.6194
148945,"SBI Nifty Next 50 Index Fund - Direct Plan - Growth",2023-03-02,10.2944
149936,"Axis Nifty Midcap 50 Index Fund - Direct Plan - Growth Option",2023-03-02,10.3694
150738,"Tata Nifty Midcap 150 Momentum 50 Index Fund - Growth - Direct Plan",2023-03-02,9.4971
150892,"Edelweiss Nifty Smallcap 250 Index Fund - Direct Plan - Growth",2023-03-02,9.3465
118482,"BANDHAN Nifty 50 Index Fund-Direct Plan-Growth",2023-03-03,38.0242
147625,"Motilal Oswal Nifty 500 Index Fund - Direct Plan",2023-03-03,16.8327
148945,"SBI Nifty Next 50 Index Fund - Direct Plan - Growth",2023-03-03,10.3879
149936,"Axis Nifty Midcap 50 Index Fund - Direct Plan - Growth Option",2023-03-03,10.4589
150738,"Tata Nifty Midcap 150 Momentum 50 Index Fund - Growth - Direct Plan",2023-03-03,9.5525
150892,"Edelweiss Nifty Smallcap 250 Index Fund - Direct Plan - Growth",2023-03-03,9.4118
118482,"BANDHAN Nifty 50 Index Fund-Direct Plan-Growth",2023-03-06,38.2759
147625,"Motilal Oswal Nifty 500 Index Fund - Direct Plan",2023-03-06,16.9531
148945,"SBI Nifty Next 50 Index Fund - Direct Plan - Growth",2023-03-06,10.4705
149936,"Axis Nifty Midcap 50 Index Fund - Direct Plan - Growth Option",2023-03-06,10.5274
150738,"Tata Nifty Midcap 150 Momentum 50 Index Fund - Growth - Direct Plan",2023-03-06,9.5977
150892,"Edelweiss Nifty Smallcap 250 Index Fund - Direct Plan - Growth",2023-03-06,9.5081
118482,"BANDHAN Nifty 50 Index Fund-Direct Plan-Growth",2023-03-08,38.3686
147625,"Motilal Oswal Nifty 500 Index Fund - Direct Plan",2023-03-08,16.9997
148945,"SBI Nifty Next 50 Index Fund - Direct Plan - Growth",2023-03-08,10.5116
149936,"Axis Nifty Midcap 50 Index Fund - Direct Plan - Growth Option",2023-03-08,10.6049
150738,"Tata Nifty Midcap 150 Momentum 50 Index Fund - Growth - Direct Plan",2023-03-08,9.6615
150892,"Edelweiss Nifty Smallcap 250 Index Fund - Direct Plan - Growth",2023-03-08,9.5337
118482,"BANDHAN Nifty 50 Index Fund-Direct Plan-Growth",2023-03-09,38.0134
147625,"Motilal Oswal Nifty 500 Index Fund - Direct Plan",2023-03-09,16.8651
148945,"SBI Nifty Next 50 Index Fund - Direct Plan - Growth",2023-03-09,10.4346
149936,"Axis Nifty Midcap 50 Index Fund - Direct Plan - Growth Option",2023-03-09,10.5395
150738,"Tata Nifty Midcap 150 Momentum 50 Index Fund - Growth - Direct Plan",2023-03-09,9.6008
150892,"Edelweiss Nifty Smallcap 250 Index Fund - Direct Plan - Growth",2023-03-09,9.4979
118482,"BANDHAN Nifty 50 Index Fund-Direct Plan-Growth",2023-03-10,37.6329
147625,"Motilal Oswal Nifty 500 Index Fund - Direct Plan",2023-03-10,16.7238
148945,"SBI Nifty Next 50 Index Fund - Direct Plan - Growth",2023-03-10,10.4104
149936,"Axis Nifty Midcap 50 Index Fund - Direct Plan - Growth Option",2023-03-10,10.4633
150738,"Tata Nifty Midcap 150 Momentum 50 Index Fund - Growth - Direct Plan",2023-03-10,9.5318
150892,"Edelweiss Nifty Smallcap 250 Index Fund - Direct Plan - Growth",2023-03-10,9.4305
118482,"BANDHAN Nifty 50 Index Fund-Direct Plan-Growth",2023-03-13,37.076
147625,"Motilal Oswal Nifty 500 Index Fund - Direct Plan",2023-03-13,16.4674
148945,"SBI Nifty Next 50 Index Fund - Direct Plan - Growth",2023-03-13,10.2769
149936,"Axis Nifty Midcap 50 Index Fund - Direct Plan - Growth Option",2023-03-13,10.256
150738,"Tata Nifty Midcap 150 Momentum 50 Index Fund - Growth - Direct Plan",2023-03-13,9.3721
150892,"Edelweiss Nifty Smallcap 250 Index Fund - Direct Plan - Growth",2023-03-13,9.2356
118482,"BANDHAN Nifty 50 Index Fund-Direct Plan-Growth",2023-03-14,36.8358
147625,"Motilal Oswal Nifty 500 Index Fund - Direct Plan",2023-03-14,16.3581
148945,"SBI Nifty Next 50 Index Fund - Direct Plan - Growth",2023-03-14,10.217
149936,"Axis Nifty Midcap 50 Index Fund - Direct Plan - Growth Option",2023-03-14,10.2175
150738,"Tata Nifty Midcap 150 Momentum 50 Index Fund - Growth - Direct Plan",2023-03-14,9.3242
150892,"Edelweiss Nifty Smallcap 250 Index Fund - Direct Plan - Growth",2023-03-14,9.1534
118482,"BANDHAN Nifty 50 Index Fund-Direct Plan-Growth",2023-03-15,36.6822
147625,"Motilal Oswal Nifty 500 Index Fund - Direct Plan",2023-03-15,16.3144
148945,"SBI Nifty Next 50 Index Fund - Direct Plan - Growth",2023-03-15,10.211
149936,"Axis Nifty Midcap 50 Index Fund - Direct Plan - Growth Option",2023-03-15,10.2023
150738,"Tata Nifty Midcap 150 Momentum 50 Index Fund - Growth - Direct Plan",2023-03-15,9.3175
150892,"Edelweiss Nifty Smallcap 250 Index Fund - Direct Plan - Growth",2023-03-15,9.1696
118482,"BANDHAN Nifty 50 Index Fund-Direct Plan-Growth",2023-03-16,36.7118
147625,"Motilal Oswal Nifty 500 Index Fund - Direct Plan",2023-03-16,16.3256
148945,"SBI Nifty Next 50 Index Fund - Direct Plan - Growth",2023-03-16,10.2726
149936,"Axis Nifty Midcap 50 Index Fund - Direct Plan - Growth Option",2023-03-16,10.2551
150738,"Tata Nifty Midcap 150 Momentum 50 Index Fund - Growth - Direct Plan",2023-03-16,9.2821
150892,"Edelweiss Nifty Smallcap 250 Index Fund - Direct Plan - Growth",2023-03-16,9.1056
118482,"BANDHAN Nifty 50 Index Fund-Direct Plan-Growth",2023-03-17,36.9579
147625,"Motilal Oswal Nifty 500 Index Fund - Direct Plan",2023-03-17,16.4285
148945,"SBI Nifty Next 50 Index Fund - Direct Plan - Growth",2023-03-17,10.3294
149936,"Axis Nifty Midcap 50 Index Fund - Direct Plan - Growth Option",2023-03-17,10.2945
150738,"Tata Nifty Midcap 150 Momentum 50 Index Fund - Growth - Direct Plan",2023-03-17,9.3323
150892,"Edelweiss Nifty Smallcap 250 Index Fund - Direct Plan - Growth",2023-03-17,9.1656
118482,"BANDHAN Nifty 50 Index Fund-Direct Plan-Growth",2023-03-20,36.7169
147625,"Motilal Oswal Nifty 500 Index Fund - Direct Plan",2023-03-20,16.3101
148945,"SBI Nifty Next 50 Index Fund - Direct Plan - Growth",2023-03-20,10.256
149936,"Axis Nifty Midcap 50 Index Fund - Direct Plan - Growth Option",2023-03-20,10.179
150738,"Tata Nifty Midcap 150 Momentum 50 Index Fund - Growth - Direct Plan",2023-03-20,9.2573
150892,"Edelweiss Nifty Smallcap 250 Index Fund - Direct Plan - Growth",2023-03-20,9.0872
118482,"BANDHAN Nifty 50 Index Fund-Direct Plan-Growth",2023-03-21,36.9728
147625,"Motilal Oswal Nifty 500 Index Fund - Direct Plan",2023-03-21,16.4171
148945,"SBI Nifty Next 50 Index Fund - Direct Plan - Growth",2023-03-21,10.3149
149936,"Axis Nifty Midcap 50 Index Fund - Direct Plan - Growth Option",2023-03-21,10.2286
150738,"Tata Nifty Midcap 150 Momentum 50 Index Fund - Growth - Direct Plan",2023-03-21,9.3142
150892,"Edelweiss Nifty Smallcap 250 Index Fund - Direct Plan - Growth",2023-03-21,9.1259
118482,"BANDHAN Nifty 50 Index Fund-Direct Plan-Growth",2023-03-22,37.0675
147625,"Motilal Oswal Nifty 500 Index Fund - Direct Plan",2023-03-22,16.4724
148945,"SBI Nifty Next 50 Index Fund - Direct Plan - Growth",2023-03-22,10.3813
149936,"Axis Nifty Midcap 50 Index Fund - Direct Plan - Growth Option",2023-03-22,10.2503
150738,"Tata Nifty Midcap 150 Momentum 50 Index Fund - Growth - Direct Plan",2023-03-22,9.3232
150892,"Edelweiss Nifty Smallcap 250 Index Fund - Direct Plan - Growth",2023-03-22,9.1766
118482,"BANDHAN Nifty 50 Index Fund-Direct Plan-Growth",2023-03-23,36.9056
147625,"Motilal Oswal Nifty 500 Index Fund - Direct Plan",2023-03-23,16.4078
148945,"SBI Nifty Next 50 Index Fund - Direct Plan - Growth",2023-03-23,10.3391
149936,"Axis Nifty Midcap 50 Index Fund - Direct Plan - Growth Option",2023-03-23,10.1883
150738,"Tata Nifty Midcap 150 Momentum 50 Index Fund - Growth - Direct Plan",2023-03-23,9.2909
150892,"Edelweiss Nifty Smallcap 250 Index Fund - Direct Plan - Growth",2023-03-23,9.1485
118482,"BANDHAN Nifty 50 Index Fund-Direct Plan-Growth",2023-03-24,36.6208
147625,"Motilal Oswal Nifty 500 Index Fund - Direct Plan",2023-03-24,16.2663
148945,"SBI Nifty Next 50 Index Fund - Direct Plan - Growth",2023-03-24,10.2619
149936,"Axis Nifty Midcap 50 Index Fund - Direct Plan - Growth Option",2023-03-24,10.051
150738,"Tata Nifty Midcap 150 Momentum 50 Index Fund - Growth - Direct Plan",2023-03-24,9.1812
150892,"Edelweiss Nifty Smallcap 250 Index Fund - Direct Plan - Growth",2023-03-24,9.0101
118482,"BANDHAN Nifty 50 Index Fund-Direct Plan-Growth",2023-03-27,36.7082
147625,"Motilal Oswal Nifty 500 Index Fund - Direct Plan",2023-03-27,16.2474
148945,"SBI Nifty Next 50 Index Fund - Direct Plan - Growth",2023-03-27,10.2088
149936,"Axis Nifty Midcap 50 Index Fund - Direct Plan - Growth Option",2023-03-27,10.0176
150738,"Tata Nifty Midcap 150 Momentum 50 Index Fund - Growth - Direct Plan",2023-03-27,9.1284
150892,"Edelweiss Nifty Smallcap 250 Index Fund - Direct Plan - Growth",2023-03-27,8.8757
118482,"BANDHAN Nifty 50 Index Fund-Direct Plan-Growth",2023-03-28,36.6346
147625,"Motilal Oswal Nifty 500 Index Fund - Direct Plan",2023-03-28,16.1893
148945,"SBI Nifty Next 50 Index Fund - Direct Plan - Growth",2023-03-28,10.1127
149936,"Axis Nifty Midcap 50 Index Fund - Direct Plan - Growth Option",2023-03-28,9.9886
150738,"Tata Nifty Midcap 150 Momentum 50 Index Fund - Growth - Direct Plan",2023-03-28,9.1215
150892,"Edelweiss Nifty Smallcap 250 Index Fund - Direct Plan - Growth",2023-03-28,8.8061
118482,"BANDHAN Nifty 50 Index Fund-Direct Plan-Growth",2023-03-29,36.9125
147625,"Motilal Oswal Nifty 500 Index Fund - Direct Plan",2023-03-29,16.3425
148945,"SBI Nifty Next 50 Index Fund - Direct Plan - Growth",2023-03-29,10.1925
149936,"Axis Nifty Midcap 50 Index Fund - Direct Plan - Growth Option",2023-03-29,10.1637
150738,"Tata Nifty Midcap 150 Momentum 50 Index Fund - Growth - Direct Plan",2023-03-29,9.3284
150892,"Edelweiss Nifty Smallcap 250 Index Fund - Direct Plan - Growth",2023-03-29,8.9515
118482,"BANDHAN Nifty 50 Index Fund-Direct Plan-Growth",2023-03-31,37.515
147625,"Motilal Oswal Nifty 500 Index Fund - Direct Plan",2023-03-31,16.5838
148945,"SBI Nifty Next 50 Index Fund - Direct Plan - Growth",2023-03-31,10.3329
149936,"Axis Nifty Midcap 50 Index Fund - Direct Plan - Growth Option",2023-03-31,10.275
150738,"Tata Nifty Midcap 150 Momentum 50 Index Fund - Growth - Direct Plan",2023-03-31,9.3708
150892,"Edelweiss Nifty Smallcap 250 Index Fund - Direct Plan - Growth",2023-03-31,9.0892
118482,"BANDHAN Nifty 50 Index Fund-Direct Plan-Growth",2023-04-03,37.5971
147625,"Motilal Oswal Nifty 500 Index Fund - Direct Plan",2023-04-03,16.6336
148945,"SBI Nifty Next 50 Index Fund - Direct Plan - Growth",2023-04-03,10.3586
149936,"Axis Nifty Midcap 50 Index Fund - Direct Plan - Growth Option",2023-04-03,10.3122
150738,"Tata Nifty Midcap 150 Momentum 50 Index Fund - Growth - Direct Plan",2023-04-03,9.397
150892,"Edelweiss Nifty Smallcap 250 Index Fund - Direct Plan - Growth",2023-04-03,9.1605
118482,"BANDHAN Nifty 50 Index Fund-Direct Plan-Growth",2023-04-05,37.9391
147625,"Motilal Oswal Nifty 500 Index Fund - Direct Plan",2023-04-05,16.7558
148945,"SBI Nifty Next 50 Index Fund - Direct Plan - Growth",2023-04-05,10.4139
149936,"Axis Nifty Midcap 50 Index Fund - Direct Plan - Growth Option",2023-04-05,10.3094
150738,"Tata Nifty Midcap 150 Momentum 50 Index Fund - Growth - Direct Plan",2023-04-05,9.3639
150892,"Edelweiss Nifty Smallcap 250 Index Fund - Direct Plan - Growth",2023-04-05,9.2216
118482,"BANDHAN Nifty 50 Index Fund-Direct Plan-Growth",2023-04-06,38.0299
147625,"Motilal Oswal Nifty 500 Index Fund - Direct Plan",2023-04-06,16.8123
148945,"SBI Nifty Next 50 Index Fund - Direct Plan - Growth",2023-04-06,10.4392
149936,"Axis Nifty Midcap 50 Index Fund - Direct Plan - Growth Option",2023-04-06,10.3756
150738,"Tata Nifty Midcap 150 Momentum 50 Index Fund - Growth - Direct Plan",2023-04-06,9.382
150892,"Edelweiss Nifty Smallcap 250 Index Fund - Direct Plan - Growth",2023-04-06,9.2896
118482,"BANDHAN Nifty 50 Index Fund-Direct Plan-Growth",2023-04-10,38.0829
147625,"Motilal Oswal Nifty 500 Index Fund - Direct Plan",2023-04-10,16.8474
148945,"SBI Nifty Next 50 Index Fund - Direct Plan - Growth",2023-04-10,10.4689
149936,"Axis Nifty Midcap 50 Index Fund - Direct Plan - Growth Option",2023-04-10,10.4129
150738,"Tata Nifty Midcap 150 Momentum 50 Index Fund - Growth - Direct Plan",2023-04-10,9.3928
150892,"Edelweiss Nifty Smallcap 250 Index Fund - Direct Plan - Growth",2023-04-10,9.3048
118482,"BANDHAN Nifty 50 Index Fund-Direct Plan-Growth",2023-04-11,38.2951
147625,"Motilal Oswal Nifty 500 Index Fund - Direct Plan",2023-04-11,16.9347
148945,"SBI Nifty Next 50 Index Fund - Direct Plan - Growth",2023-04-11,10.4915
149936,"Axis Nifty Midcap 50 Index Fund - Direct Plan - Growth Option",2023-04-11,10.4441
150738,"Tata Nifty Midcap 150 Momentum 50 Index Fund - Growth - Direct Plan",2023-04-11,9.451
150892,"Edelweiss Nifty Smallcap 250 Index Fund - Direct Plan - Growth",2023-04-11,9.347
118482,"BANDHAN Nifty 50 Index Fund-Direct Plan-Growth",2023-04-12,38.4892
147625,"Motilal Oswal Nifty 500 Index Fund - Direct Plan",2023-04-12,17.0191
148945,"SBI Nifty Next 50 Index Fund - Direct Plan - Growth",2023-04-12,10.541
149936,"Axis Nifty Midcap 50 Index Fund - Direct Plan - Growth Option",2023-04-12,10.4904
150738,"Tata Nifty Midcap 150 Momentum 50 Index Fund - Growth - Direct Plan",2023-04-12,9.4901
150892,"Edelweiss Nifty Smallcap 250 Index Fund - Direct Plan - Growth",2023-04-12,9.3822
118482,"BANDHAN Nifty 50 Index Fund-Direct Plan-Growth",2023-04-13,38.5268
147625,"Motilal Oswal Nifty 500 Index Fund - Direct Plan",2023-04-13,17.0345
148945,"SBI Nifty Next 50 Index Fund - Direct Plan - Growth",2023-04-13,10.5234
149936,"Axis Nifty Midcap 50 Index Fund - Direct Plan - Growth Option",2023-04-13,10.5279
150738,"Tata Nifty Midcap 150 Momentum 50 Index Fund - Growth - Direct Plan",2023-04-13,9.5063
150892,"Edelweiss Nifty Smallcap 250 Index Fund - Direct Plan - Growth",2023-04-13,9.4104
118482,"BANDHAN Nifty 50 Index Fund-Direct Plan-Growth",2023-04-17,38.2654
147625,"Motilal Oswal Nifty 500 Index Fund - Direct Plan",2023-04-17,16.977
148945,"SBI Nifty Next 50 Index Fund - Direct Plan - Growth",2023-04-17,10.5687
149936,"Axis Nifty Midcap 50 Index Fund - Direct Plan - Growth Option",2023-04-17,10.5541
150738,"Tata Nifty Midcap 150 Momentum 50 Index Fund - Growth - Direct Plan",2023-04-17,9.608
150892,"Edelweiss Nifty Smallcap 250 Index Fund - Direct Plan - Growth",2023-04-17,9.424
118482,"BANDHAN Nifty 50 Index Fund-Direct Plan-Growth",2023-04-18,38.1648
147625,"Motilal Oswal Nifty 500 Index Fund - Direct Plan",2023-04-18,16.9685
148945,"SBI Nifty Next 50 Index Fund - Direct Plan - Growth",2023-04-18,10.6076
149936,"Axis Nifty Midcap 50 Index Fund - Direct Plan - Growth Option",2023-04-18,10.6418
150738,"Tata Nifty Midcap 150 Momentum 50 Index Fund - Growth - Direct Plan",2023-04-18,9.6242
150892,"Edelweiss Nifty Smallcap 250 Index Fund - Direct Plan - Growth",2023-04-18,9.4305
118482,"BANDHAN Nifty 50 Index Fund-Direct Plan-Growth",2023-04-19,38.0755
147625,"Motilal Oswal Nifty 500 Index Fund - Direct Plan",2023-04-19,16.9226
148945,"SBI Nifty Next 50 Index Fund - Direct Plan - Growth",2023-04-19,10.5129
149936,"Axis Nifty Midcap 50 Index Fund - Direct Plan - Growth Option",2023-04-19,10.6196
150738,"Tata Nifty Midcap 150 Momentum 50 Index Fund - Growth - Direct Plan",2023-04-19,9.6247
150892,"Edelweiss Nifty Smallcap 250 Index Fund - Direct Plan - Growth",2023-04-19,9.4304
118482,"BANDHAN Nifty 50 Index Fund-Direct Plan-Growth",2023-04-20,38.0876
147625,"Motilal Oswal Nifty 500 Index Fund - Direct Plan",2023-04-20,16.9279
148945,"SBI Nifty Next 50 Index Fund - Direct Plan - Growth",2023-04-20,10.5172
149936,"Axis Nifty Midcap 50 Index Fund - Direct Plan - Growth Option",2023-04-20,10.636
150738,"Tata Nifty Midcap 150 Momentum 50 Index Fund - Growth - Direct Plan",2023-04-20,9.6029
150892,"Edelweiss Nifty Smallcap 250 Index Fund - Direct Plan - Growth",2023-04-20,9.4559
118482,"BANDHAN Nifty 50 Index Fund-Direct Plan-Growth",2023-04-21,38.0884
147625,"Motilal Oswal Nifty 500 Index Fund - Direct Plan",2023-04-21,16.9115
148945,"SBI Nifty Next 50 Index Fund - Direct Plan - Growth",2023-04-21,10.5036
149936,"Axis Nifty Midcap 50 Index Fund - Direct Plan - Growth Option",2023-04-21,10.5928
150738,"Tata Nifty Midcap 150 Momentum 50 Index Fund - Growth - Direct Plan",2023-04-21,9.5387
150892,"Edelweiss Nifty Smallcap 250 Index Fund - Direct Plan - Growth",2023-04-21,9.4381
118482,"BANDHAN Nifty 50 Index Fund-Direct Plan-Growth",2023-04-24,38.3453
147625,"Motilal Oswal Nifty 500 Index Fund - Direct Plan",2023-04-24,17.0075
148945,"SBI Nifty Next 50 Index Fund - Direct Plan - Growth",2023-04-24,10.5433
149936,"Axis Nifty Midcap 50 Index Fund - Direct Plan - Growth Option",2023-04-24,10.664
150738,"Tata Nifty Midcap 150 Momentum 50 Index Fund - Growth - Direct Plan",2023-04-24,9.611
150892,"Edelweiss Nifty Smallcap 250 Index Fund - Direct Plan - Growth",2023-04-24,9.4824
118482,"BANDHAN Nifty 50 Index Fund-Direct Plan-Growth",2023-04-25,38.4012
147625,"Motilal Oswal Nifty 500 Index Fund - Direct Plan",2023-04-25,17.0365
148945,"SBI Nifty Next 50 Index Fund - Direct Plan - Growth",2023-04-25,10.5888
149936,"Axis Nifty Midcap 50 Index Fund - Direct Plan - Growth Option",2023-04-25,10.6939
150738,"Tata Nifty Midcap 150 Momentum 50 Index Fund - Growth - Direct Plan",2023-04-25,9.6233
150892,"Edelweiss Nifty Smallcap 250 Index Fund - Direct Plan - Growth",2023-04-25,9.5141
118482,"BANDHAN Nifty 50 Index Fund-Direct Plan-Growth",2023-04-26,38.497
147625,"Motilal Oswal Nifty 500 Index Fund - Direct Plan",2023-04-26,17.0804
148945,"SBI Nifty Next 50 Index Fund - Direct Plan - Growth",2023-04-26,10.6297
149936,"Axis Nifty Midcap 50 Index Fund - Direct Plan - Growth Option",2023-04-26,10.7169
150738,"Tata Nifty Midcap 150 Momentum 50 Index Fund - Growth - Direct Plan",2023-04-26,9.6673
150892,"Edelweiss Nifty Smallcap 250 Index Fund - Direct Plan - Growth",2023-04-26,9.5658
118482,"BANDHAN Nifty 50 Index Fund-Direct Plan-Growth",2023-04-27,38.7162
147625,"Motilal Oswal Nifty 500 Index Fund - Direct Plan",2023-04-27,17.172
148945,"SBI Nifty Next 50 Index Fund - Direct Plan - Growth",2023-04-27,10.6582
149936,"Axis Nifty Midcap 50 Index Fund - Direct Plan - Growth Option",2023-04-27,10.754
150738,"Tata Nifty Midcap 150 Momentum 50 Index Fund - Growth - Direct Plan",2023-04-27,9.7092
150892,"Edelweiss Nifty Smallcap 250 Index Fund - Direct Plan - Growth",2023-04-27,9.6124
118482,"BANDHAN Nifty 50 Index Fund-Direct Plan-Growth",2023-04-28,39.0492
147625,"Motilal Oswal Nifty 500 Index Fund - Direct Plan",2023-04-28,17.3393
148945,"SBI Nifty Next 50 Index Fund - Direct Plan - Growth",2023-04-28,10.8009
149936,"Axis Nifty Midcap 50 Index Fund - Direct Plan - Growth Option",2023-04-28,10.8712
150738,"Tata Nifty Midcap 150 Momentum 50 Index Fund - Growth - Direct Plan",2023-04-28,9.7934
150892,"Edelweiss Nifty Smallcap 250 Index Fund - Direct Plan - Growth",2023-04-28,9.7084
118482,"BANDHAN Nifty 50 Index Fund-Direct Plan-Growth",2023-05-02,39.2276
147625,"Motilal Oswal Nifty 500 Index Fund - Direct Plan",2023-05-02,17.4313
148945,"SBI Nifty Next 50 Index Fund - Direct Plan - Growth",2023-05-02,10.8719
149936,"Axis Nifty Midcap 50 Index Fund - Direct Plan - Growth Option",2023-05-02,10.9909
150738,"Tata Nifty Midcap 150 Momentum 50 Index Fund - Growth - Direct Plan",2023-05-02,9.8879
150892,"Edelweiss Nifty Smallcap 250 Index Fund - Direct Plan - Growth",2023-05-02,9.7696
118482,"BANDHAN Nifty 50 Index Fund-Direct Plan-Growth",2023-05-03,39.103
147625,"Motilal Oswal Nifty 500 Index Fund - Direct Plan",2023-05-03,17.4034
148945,"SBI Nifty Next 50 Index Fund - Direct Plan - Growth",2023-05-03,10.8911
149936,"Axis Nifty Midcap 50 Index Fund - Direct Plan - Growth Option",2023-05-03,10.9953
150738,"Tata Nifty Midcap 150 Momentum 50 Index Fund - Growth - Direct Plan",2023-05-03,9.9449
150892,"Edelweiss Nifty Smallcap 250 Index Fund - Direct Plan - Growth",2023-05-03,9.7825
118482,"BANDHAN Nifty 50 Index Fund-Direct Plan-Growth",2023-05-04,39.4596
147625,"Motilal Oswal Nifty 500 Index Fund - Direct Plan",2023-05-04,17.5504
148945,"SBI Nifty Next 50 Index Fund - Direct Plan - Growth",2023-05-04,10.9596
149936,"Axis Nifty Midcap 50 Index Fund - Direct Plan - Growth Option",2023-05-04,11.0643
150738,"Tata Nifty Midcap 150 Momentum 50 Index Fund - Growth - Direct Plan",2023-05-04,10.0266
150892,"Edelweiss Nifty Smallcap 250 Index Fund - Direct Plan - Growth",2023-05-04,9.8662
118482,"BANDHAN Nifty 50 Index Fund-Direct Plan-Growth",2023-05-05,39.0567
147625,"Motilal Oswal Nifty 500 Index Fund - Direct Plan",2023-05-05,17.4057
148945,"SBI Nifty Next 50 Index Fund - Direct Plan - Growth",2023-05-05,10.9581
149936,"Axis Nifty Midcap 50 Index Fund - Direct Plan - Growth Option",2023-05-05,10.9602
150738,"Tata Nifty Midcap 150 Momentum 50 Index Fund - Growth - Direct Plan",2023-05-05,9.9856
150892,"Edelweiss Nifty Smallcap 250 Index Fund - Direct Plan - Growth",2023-05-05,9.8117
118482,"BANDHAN Nifty 50 Index Fund-Direct Plan-Growth",2023-05-08,39.4781
147625,"Motilal Oswal Nifty 500 Index Fund - Direct Plan",2023-05-08,17.5741
148945,"SBI Nifty Next 50 Index Fund - Direct Plan - Growth",2023-05-08,11.0328
149936,"Axis Nifty Midcap 50 Index Fund - Direct Plan - Growth Option",2023-05-08,11.0957
150738,"Tata Nifty Midcap 150 Momentum 50 Index Fund - Growth - Direct Plan",2023-05-08,10.0155
150892,"Edelweiss Nifty Smallcap 250 Index Fund - Direct Plan - Growth",2023-05-08,9.8835
118482,"BANDHAN Nifty 50 Index Fund-Direct Plan-Growth",2023-05-09,39.4813
147625,"Motilal Oswal Nifty 500 Index Fund - Direct Plan",2023-05-09,17.5666
148945,"SBI Nifty Next 50 Index Fund - Direct Plan - Growth",2023-05-09,11.0212
149936,"Axis Nifty Midcap 50 Index Fund - Direct Plan - Growth Option",2023-05-09,11.1
150738,"Tata Nifty Midcap 150 Momentum 50 Index Fund - Growth - Direct Plan",2023-05-09,10.0049
150892,"Edelweiss Nifty Smallcap 250 Index Fund - Direct Plan - Growth",2023-05-09,9.8419
118482,"BANDHAN Nifty 50 Index Fund-Direct Plan-Growth",2023-05-10,39.5871
147625,"Motilal Oswal Nifty 500 Index Fund - Direct Plan",2023-05-10,17.6183
148945,"SBI Nifty Next 50 Index Fund - Direct Plan - Growth",2023-05-10,11.0835
149936,"Axis Nifty Midcap 50 Index Fund - Direct Plan - Growth Option",2023-05-10,11.1071
150738,"Tata Nifty Midcap 150 Momentum 50 Index Fund - Growth - Direct Plan",2023-05-10,10.0183
150892,"Edelweiss Nifty Smallcap 250 Index Fund - Direct Plan - Growth",2023-05-10,9.8916
118482,"BANDHAN Nifty 50 Index Fund-Direct Plan-Growth",2023-05-11,39.548
147625,"Motilal Oswal Nifty 500 Index Fund - Direct Plan",2023-05-11,17.6386
148945,"SBI Nifty Next 50 Index Fund - Direct Plan - Growth",2023-05-11,11.1696
149936,"Axis Nifty Midcap 50 Index Fund - Direct Plan - Growth Option",2023-05-11,11.1509
150738,"Tata Nifty Midcap 150 Momentum 50 Index Fund - Growth - Direct Plan",2023-05-11,10.0454
150892,"Edelweiss Nifty Smallcap 250 Index Fund - Direct Plan - Growth",2023-05-11,9.9617
118482,"BANDHAN Nifty 50 Index Fund-Direct Plan-Growth",2023-05-12,39.5862
147625,"Motilal Oswal Nifty 500 Index Fund - Direct Plan",2023-05-12,17.631
148945,"SBI Nifty Next 50 Index Fund - Direct Plan - Growth",2023-05-12,11.1515
149936,"Axis Nifty Midcap 50 Index Fund - Direct Plan - Growth Option",2023-05-12,11.0965
150738,"Tata Nifty Midcap 150 Momentum 50 Index Fund - Growth - Direct Plan",2023-05-12,10.0492
150892,"Edelweiss Nifty Smallcap 250 Index Fund - Direct Plan - Growth",2023-05-12,9.9243
118482,"BANDHAN Nifty 50 Index Fund-Direct Plan-Growth",2023-05-15,39.7673
147625,"Motilal Oswal Nifty 500 Index Fund - Direct Plan",2023-05-15,17.713
148945,"SBI Nifty Next 50 Index Fund - Direct Plan - Growth",2023-05-15,11.2042
149936,"Axis Nifty Midcap 50 Index Fund - Direct Plan - Growth Option",2023-05-15,11.2045
150738,"Tata Nifty Midcap 150 Momentum 50 Index Fund - Growth - Direct Plan",2023-05-15,10.0712
150892,"Edelweiss Nifty Smallcap 250 Index Fund - Direct Plan - Growth",2023-05-15,9.9956
118482,"BANDHAN Nifty 50 Index Fund-Direct Plan-Growth",2023-05-16,39.6051
147625,"Motilal Oswal Nifty 500 Index Fund - Direct Plan",2023-05-16,17.6713
148945,"SBI Nifty Next 50 Index Fund - Direct Plan - Growth",2023-05-16,11.2196
149936,"Axis Nifty Midcap 50 Index Fund - Direct Plan - Growth Option",2023-05-16,11.2412
150738,"Tata Nifty Midcap 150 Momentum 50 Index Fund - Growth - Direct Plan",2023-05-16,10.111
150892,"Edelweiss Nifty Smallcap 250 Index Fund - Direct Plan - Growth",2023-05-16,9.9991
118482,"BANDHAN Nifty 50 Index Fund-Direct Plan-Growth",2023-05-17,39.3789
147625,"Motilal Oswal Nifty 500 Index Fund - Direct Plan",2023-05-17,17.5961
148945,"SBI Nifty Next 50 Index Fund - Direct Plan - Growth",2023-05-17,11.1565
149936,"Axis Nifty Midcap 50 Index Fund - Direct Plan - Growth Option",2023-05-17,11.2113
150738,"Tata Nifty Midcap 150 Momentum 50 Index Fund - Growth - Direct Plan",2023-05-17,10.1143
150892,"Edelweiss Nifty Smallcap 250 Index Fund - Direct Plan - Growth",2023-05-17,10.0496
118482,"BANDHAN Nifty 50 Index Fund-Direct Plan-Growth",2023-05-18,39.2669
147625,"Motilal Oswal Nifty 500 Index Fund - Direct Plan",2023-05-18,17.5222
148945,"SBI Nifty Next 50 Index Fund - Direct Plan - Growth",2023-05-18,11.0455
149936,"Axis Nifty Midcap 50 Index Fund - Direct Plan - Growth Option",2023-05-18,11.1296
150738,"Tata Nifty Midcap 150 Momentum 50 Index Fund - Growth - Direct Plan",2023-05-18,10.0504
150892,"Edelweiss Nifty Smallcap 250 Index Fund - Direct Plan - Growth",2023-05-18,10.0085
118482,"BANDHAN Nifty 50 Index Fund-Direct Plan-Growth",2023-05-19,39.4277
147625,"Motilal Oswal Nifty 500 Index Fund - Direct Plan",2023-05-19,17.5757
148945,"SBI Nifty Next 50 Index Fund - Direct Plan - Growth",2023-05-19,11.0839
149936,"Axis Nifty Midcap 50 Index Fund - Direct Plan - Growth Option",2023-05-19,11.1289
150738,"Tata Nifty Midcap 150 Momentum 50 Index Fund - Growth - Direct Plan",2023-05-19,10.0584
150892,"Edelweiss Nifty Smallcap 250 Index Fund - Direct Plan - Growth",2023-05-19,10.0051
118482,"BANDHAN Nifty 50 Index Fund-Direct Plan-Growth",2023-05-22,39.667
147625,"Motilal Oswal Nifty 500 Index Fund - Direct Plan",2023-05-22,17.6852
148945,"SBI Nifty Next 50 Index Fund - Direct Plan - Growth",2023-05-22,11.1868
149936,"Axis Nifty Midcap 50 Index Fund - Direct Plan - Growth Option",2023-05-22,11.2005
150738,"Tata Nifty Midcap 150 Momentum 50 Index Fund - Growth - Direct Plan",2023-05-22,10.1073
150892,"Edelweiss Nifty Smallcap 250 Index Fund - Direct Plan - Growth",2023-05-22,10.0465
118482,"BANDHAN Nifty 50 Index Fund-Direct Plan-Growth",2023-05-23,39.7393
147625,"Motilal Oswal Nifty 500 Index Fund - Direct Plan",2023-05-23,17.7314
148945,"SBI Nifty Next 50 Index Fund - Direct Plan - Growth",2023-05-23,11.2105
149936,"Axis Nifty Midcap 50 Index Fund - Direct Plan - Growth Option",2023-05-23,11.2611
150738,"Tata Nifty Midcap 150 Momentum 50 Index Fund - Growth - Direct Plan",2023-05-23,10.1183
150892,"Edelweiss Nifty Smallcap 250 Index Fund - Direct Plan - Growth",2023-05-23,10.0586
118482,"BANDHAN Nifty 50 Index Fund-Direct Plan-Growth",2023-05-24,39.6041
147625,"Motilal Oswal Nifty 500 Index Fund - Direct Plan",2023-05-24,17.6987
148945,"SBI Nifty Next 50 Index Fund - Direct Plan - Growth",2023-05-24,11.2033
149936,"Axis Nifty Midcap 50 Index Fund - Direct Plan - Growth Option",2023-05-24,11.2386
150738,"Tata Nifty Midcap 150 Momentum 50 Index Fund - Growth - Direct Plan",2023-05-24,10.1089
150892,"Edelweiss Nifty Smallcap 250 Index Fund - Direct Plan - Growth",2023-05-24,10.064
118482,"BANDHAN Nifty 50 Index Fund-Direct Plan-Growth",2023-05-25,39.6813
147625,"Motilal Oswal Nifty 500 Index Fund - Direct Plan",2023-05-25,17.7433
148945,"SBI Nifty Next 50 Index Fund - Direct Plan - Growth",2023-05-25,11.2658
149936,"Axis Nifty Midcap 50 Index Fund - Direct Plan - Growth Option",2023-05-25,11.3169
150738,"Tata Nifty Midcap 150 Momentum 50 Index Fund - Growth - Direct Plan",2023-05-25,10.1489
150892,"Edelweiss Nifty Smallcap 250 Index Fund - Direct Plan - Growth",2023-05-25,10.0945
118482,"BANDHAN Nifty 50 Index Fund-Direct Plan-Growth",2023-05-26,40.0661
147625,"Motilal Oswal Nifty 500 Index Fund - Direct Plan",2023-05-26,17.9043
148945,"SBI Nifty Next 50 Index Fund - Direct Plan - Growth",2023-05-26,11.3946
149936,"Axis Nifty Midcap 50 Index Fund - Direct Plan - Growth Option",2023-05-26,11.4335
150738,"Tata Nifty Midcap 150 Momentum 50 Index Fund - Growth - Direct Plan",2023-05-26,10.2754
150892,"Edelweiss Nifty Smallcap 250 Index Fund - Direct Plan - Growth",2023-05-26,10.1406
118482,"BANDHAN Nifty 50 Index Fund-Direct Plan-Growth",2023-05-29,40.2806
147625,"Motilal Oswal Nifty 500 Index Fund - Direct Plan",2023-05-29,17.9902
148945,"SBI Nifty Next 50 Index Fund - Direct Plan - Growth",2023-05-29,11.4602
149936,"Axis Nifty Midcap 50 Index Fund - Direct Plan - Growth Option",2023-05-29,11.4836
150738,"Tata Nifty Midcap 150 Momentum 50 Index Fund - Growth - Direct Plan",2023-05-29,10.3134
150892,"Edelweiss Nifty Smallcap 250 Index Fund - Direct Plan - Growth",2023-05-29,10.1688
118482,"BANDHAN Nifty 50 Index Fund-Direct Plan-Growth",2023-05-30,40.3565
147625,"Motilal Oswal Nifty 500 Index Fund - Direct Plan",2023-05-30,18.0208
148945,"SBI Nifty Next 50 Index Fund - Direct Plan - Growth",2023-05-30,11.4658
149936,"Axis Nifty Midcap 50 Index Fund - Direct Plan - Growth Option",2023-05-30,11.5271
150738,"Tata Nifty Midcap 150 Momentum 50 Index Fund - Growth - Direct Plan",2023-05-30,10.3446
150892,"Edelweiss Nifty Smallcap 250 Index Fund - Direct Plan - Growth",2023-05-30,10.1741
118482,"BANDHAN Nifty 50 Index Fund-Direct Plan-Growth",2023-05-31,40.1629
147625,"Motilal Oswal Nifty 500 Index Fund - Direct Plan",2023-05-31,17.9894
148945,"SBI Nifty Next 50 Index Fund - Direct Plan - Growth",2023-05-31,11.4939
149936,"Axis Nifty Midcap 50 Index Fund - Direct Plan - Growth Option",2023-05-31,11.5676
150738,"Tata Nifty Midcap 150 Momentum 50 Index Fund - Growth - Direct Plan",2023-05-31,10.4163
150892,"Edelweiss Nifty Smallcap 250 Index Fund - Direct Plan - Growth",2023-05-31,10.2529
118482,"BANDHAN Nifty 50 Index Fund-Direct Plan-Growth",2023-06-01,40.062
147625,"Motilal Oswal Nifty 500 Index Fund - Direct Plan",2023-06-01,17.9825
148945,"SBI Nifty Next 50 Index Fund - Direct Plan - Growth",2023-06-01,11.5233
149936,"Axis Nifty Midcap 50 Index Fund - Direct Plan - Growth Option",2023-06-01,11.5912
150738,"Tata Nifty Midcap 150 Momentum 50 Index Fund - Growth - Direct Plan",2023-06-01,10.4063
150892,"Edelweiss Nifty Smallcap 250 Index Fund - Direct Plan - Growth",2023-06-01,10.3372
118482,"BANDHAN Nifty 50 Index Fund-Direct Plan-Growth",2023-06-02,40.1969
147625,"Motilal Oswal Nifty 500 Index Fund - Direct Plan",2023-06-02,18.051
148945,"SBI Nifty Next 50 Index Fund - Direct Plan - Growth",2023-06-02,11.5729
149936,"Axis Nifty Midcap 50 Index Fund - Direct Plan - Growth Option",2023-06-02,11.6753
150738,"Tata Nifty Midcap 150 Momentum 50 Index Fund - Growth - Direct Plan",2023-06-02,10.4585
150892,"Edelweiss Nifty Smallcap 250 Index Fund - Direct Plan - Growth",2023-06-02,10.3867
118482,"BANDHAN Nifty 50 Index Fund-Direct Plan-Growth",2023-06-05,40.3251
147625,"Motilal Oswal Nifty 500 Index Fund - Direct Plan",2023-06-05,18.1057
148945,"SBI Nifty Next 50 Index Fund - Direct Plan - Growth",2023-06-05,11.5918
149936,"Axis Nifty Midcap 50 Index Fund - Direct Plan - Growth Option",2023-06-05,11.6854
150738,"Tata Nifty Midcap 150 Momentum 50 Index Fund - Growth - Direct Plan",2023-06-05,10.4781
150892,"Edelweiss Nifty Smallcap 250 Index Fund - Direct Plan - Growth",2023-06-05,10.4139
118482,"BANDHAN Nifty 50 Index Fund-Direct Plan-Growth",2023-06-06,40.3361
147625,"Motilal Oswal Nifty 500 Index Fund - Direct Plan",2023-06-06,18.127
148945,"SBI Nifty Next 50 Index Fund - Direct Plan - Growth",2023-06-06,11.6452
149936,"Axis Nifty Midcap 50 Index Fund - Direct Plan - Growth Option",2023-06-06,11.6736
150738,"Tata Nifty Midcap 150 Momentum 50 Index Fund - Growth - Direct Plan",2023-06-06,10.4999
150892,"Edelweiss Nifty Smallcap 250 Index Fund - Direct Plan - Growth",2023-06-06,10.4708
118482,"BANDHAN Nifty 50 Index Fund-Direct Plan-Growth",2023-06-07,40.611
147625,"Motilal Oswal Nifty 500 Index Fund - Direct Plan",2023-06-07,18.2734
148945,"SBI Nifty Next 50 Index Fund - Direct Plan - Growth",2023-06-07,11.7576
149936,"Axis Nifty Midcap 50 Index Fund - Direct Plan - Growth Option",2023-06-07,11.7617
150738,"Tata Nifty Midcap 150 Momentum 50 Index Fund - Growth - Direct Plan",2023-06-07,10.5967
150892,"Edelweiss Nifty Smallcap 250 Index Fund - Direct Plan - Growth",2023-06-07,10.5868
118482,"BANDHAN Nifty 50 Index Fund-Direct Plan-Growth",2023-06-08,40.4122
147625,"Motilal Oswal Nifty 500 Index Fund - Direct Plan",2023-06-08,18.1759
148945,"SBI Nifty Next 50 Index Fund - Direct Plan - Growth",2023-06-08,11.6796
149936,"Axis Nifty Midcap 50 Index Fund - Direct Plan - Growth Option",2023-06-08,11.6498
150738,"Tata Nifty Midcap 150 Momentum 50 Index Fund - Growth - Direct Plan",2023-06-08,10.5086
150892,"Edelweiss Nifty Smallcap 250 Index Fund - Direct Plan - Growth",2023-06-08,10.5163
118482,"BANDHAN Nifty 50 Index Fund-Direct Plan-Growth",2023-06-09,40.2631
147625,"Motilal Oswal Nifty 500 Index Fund - Direct Plan",2023-06-09,18.1277
148945,"SBI Nifty Next 50 Index Fund - Direct Plan - Growth",2023-06-09,11.6684
149936,"Axis Nifty Midcap 50 Index Fund - Direct Plan - Growth Option",2023-06-09,11.6391
150738,"Tata Nifty Midcap 150 Momentum 50 Index Fund - Growth - Direct Plan",2023-06-09,10.5258
150892,"Edelweiss Nifty Smallcap 250 Index Fund - Direct Plan - Growth",2023-06-09,10.5093
118482,"BANDHAN Nifty 50 Index Fund-Direct Plan-Growth",2023-06-12,40.3451
147625,"Motilal Oswal Nifty 500 Index Fund - Direct Plan",2023-06-12,18.1866
148945,"SBI Nifty Next 50 Index Fund - Direct Plan - Growth",2023-06-12,11.7236
149936,"Axis Nifty Midcap 50 Index Fund - Direct Plan - Growth Option",2023-06-12,11.7315
150738,"Tata Nifty Midcap 150 Momentum 50 Index Fund - Growth - Direct Plan",2023-06-12,10.5631
150892,"Edelweiss Nifty Smallcap 250 Index Fund - Direct Plan - Growth",2023-06-12,10.5767
118482,"BANDHAN Nifty 50 Index Fund-Direct Plan-Growth",2023-06-13,40.5923
147625,"Motilal Oswal Nifty 500 Index Fund - Direct Plan",2023-06-13,18.3221
148945,"SBI Nifty Next 50 Index Fund - Direct Plan - Growth",2023-06-13,11.835
149936,"Axis Nifty Midcap 50 Index Fund - Direct Plan - Growth Option",2023-06-13,11.8756
150738,"Tata Nifty Midcap 150 Momentum 50 Index Fund - Growth - Direct Plan",2023-06-13,10.679
150892,"Edelweiss Nifty Smallcap 250 Index Fund - Direct Plan - Growth",2023-06-13,10.6533
118482,"BANDHAN Nifty 50 Index Fund-Direct Plan-Growth",2023-06-14,40.678
147625,"Motilal Oswal Nifty 500 Index Fund - Direct Plan",2023-06-14,18.3631
148945,"SBI Nifty Next 50 Index Fund - Direct Plan - Growth",2023-06-14,11.8624
149936,"Axis Nifty Midcap 50 Index Fund - Direct Plan - Growth Option",2023-06-14,11.9045
150738,"Tata Nifty Midcap 150 Momentum 50 Index Fund - Growth - Direct Plan",2023-06-14,10.7184
150892,"Edelweiss Nifty Smallcap 250 Index Fund - Direct Plan - Growth",2023-06-14,10.6835
118482,"BANDHAN Nifty 50 Index Fund-Direct Plan-Growth",2023-06-15,40.5437
147625,"Motilal Oswal Nifty 500 Index Fund - Direct Plan",2023-06-15,18.3371
148945,"SBI Nifty Next 50 Index Fund - Direct Plan - Growth",2023-06-15,11.8663
149936,"Axis Nifty Midcap 50 Index Fund - Direct Plan - Growth Option",2023-06-15,11.8846
150738,"Tata Nifty Midcap 150 Momentum 50 Index Fund - Growth - Direct Plan",2023-06-15,10.7046
150892,"Edelweiss Nifty Smallcap 250 Index Fund - Direct Plan - Growth",2023-06-15,10.7166
118482,"BANDHAN Nifty 50 Index Fund-Direct Plan-Growth",2023-06-16,40.8423
147625,"Motilal Oswal Nifty 500 Index Fund - Direct Plan",2023-06-16,18.4786
148945,"SBI Nifty Next 50 Index Fund - Direct Plan - Growth",2023-06-16,11.9872
149936,"Axis Nifty Midcap 50 Index Fund - Direct Plan - Growth Option",2023-06-16,11.9895
150738,"Tata Nifty Midcap 150 Momentum 50 Index Fund - Growth - Direct Plan",2023-06-16,10.8273
150892,"Edelweiss Nifty Smallcap 250 Index Fund - Direct Plan - Growth",2023-06-16,10.802
118482,"BANDHAN Nifty 50 Index Fund-Direct Plan-Growth",2023-06-19,40.6991
147625,"Motilal Oswal Nifty 500 Index Fund - Direct Plan",2023-06-19,18.4363
148945,"SBI Nifty Next 50 Index Fund - Direct Plan - Growth",2023-06-19,11.9673
149936,"Axis Nifty Midcap 50 Index Fund - Direct Plan - Growth Option",2023-06-19,11.9983
150738,"Tata Nifty Midcap 150 Momentum 50 Index Fund - Growth - Direct Plan",2023-06-19,10.8022
150892,"Edelweiss Nifty Smallcap 250 Index Fund - Direct Plan - Growth",2023-06-19,10.8353
118482,"BANDHAN Nifty 50 Index Fund-Direct Plan-Growth",2023-06-20,40.8314
147625,"Motilal Oswal Nifty 500 Index Fund - Direct Plan",2023-06-20,18.5021
148945,"SBI Nifty Next 50 Index Fund - Direct Plan - Growth",2023-06-20,12.0114
149936,"Axis Nifty Midcap 50 Index Fund - Direct Plan - Growth Option",2023-06-20,12.0775
150738,"Tata Nifty Midcap 150 Momentum 50 Index Fund - Growth - Direct Plan",2023-06-20,10.8476
150892,"Edelweiss Nifty Smallcap 250 Index Fund - Direct Plan - Growth",2023-06-20,10.8789
151781,"Kotak Nifty 200 Momentum 30 Index Fund - Direct Plan - Growth Option",2023-06-20,10.123
118482,"BANDHAN Nifty 50 Index Fund-Direct Plan-Growth",2023-06-21,40.918
147625,"Motilal Oswal Nifty 500 Index Fund - Direct Plan",2023-06-21,18.549
148945,"SBI Nifty Next 50 Index Fund - Direct Plan - Growth",2023-06-21,12.0057
149936,"Axis Nifty Midcap 50 Index Fund - Direct Plan - Growth Option",2023-06-21,12.1684
150738,"Tata Nifty Midcap 150 Momentum 50 Index Fund - Growth - Direct Plan",2023-06-21,10.8725
150892,"Edelweiss Nifty Smallcap 250 Index Fund - Direct Plan - Growth",2023-06-21,10.8855
151781,"Kotak Nifty 200 Momentum 30 Index Fund - Direct Plan - Growth Option",2023-06-21,10.091
118482,"BANDHAN Nifty 50 Index Fund-Direct Plan-Growth",2023-06-22,40.7327
147625,"Motilal Oswal Nifty 500 Index Fund - Direct Plan",2023-06-22,18.4351
148945,"SBI Nifty Next 50 Index Fund - Direct Plan - Growth",2023-06-22,11.8638
149936,"Axis Nifty Midcap 50 Index Fund - Direct Plan - Growth Option",2023-06-22,12.024
150738,"Tata Nifty Midcap 150 Momentum 50 Index Fund - Growth - Direct Plan",2023-06-22,10.7653
150892,"Edelweiss Nifty Smallcap 250 Index Fund - Direct Plan - Growth",2023-06-22,10.8041
151781,"Kotak Nifty 200 Momentum 30 Index Fund - Direct Plan - Growth Option",2023-06-22,9.999
118482,"BANDHAN Nifty 50 Index Fund-Direct Plan-Growth",2023-06-23,40.504
147625,"Motilal Oswal Nifty 500 Index Fund - Direct Plan",2023-06-23,18.2884
148945,"SBI Nifty Next 50 Index Fund - Direct Plan - Growth",2023-06-23,11.713
149936,"Axis Nifty Midcap 50 Index Fund - Direct Plan - Growth Option",2023-06-23,11.9017
150738,"Tata Nifty Midcap 150 Momentum 50 Index Fund - Growth - Direct Plan",2023-06-23,10.6462
150892,"Edelweiss Nifty Smallcap 250 Index Fund - Direct Plan - Growth",2023-06-23,10.693
151781,"Kotak Nifty 200 Momentum 30 Index Fund - Direct Plan - Growth Option",2023-06-23,9.91
118482,"BANDHAN Nifty 50 Index Fund-Direct Plan-Growth",2023-06-26,40.5592
147625,"Motilal Oswal Nifty 500 Index Fund - Direct Plan",2023-06-26,18.3503
148945,"SBI Nifty Next 50 Index Fund - Direct Plan - Growth",2023-06-26,11.7602
149936,"Axis Nifty Midcap 50 Index Fund - Direct Plan - Growth Option",2023-06-26,11.9965
150738,"Tata Nifty Midcap 150 Momentum 50 Index Fund - Growth - Direct Plan",2023-06-26,10.7181
150892,"Edelweiss Nifty Smallcap 250 Index Fund - Direct Plan - Growth",2023-06-26,10.7642
151781,"Kotak Nifty 200 Momentum 30 Index Fund - Direct Plan - Growth Option",2023-06-26,9.949
118482,"BANDHAN Nifty 50 Index Fund-Direct Plan-Growth",2023-06-27,40.8316
147625,"Motilal Oswal Nifty 500 Index Fund - Direct Plan",2023-06-27,18.4612
148945,"SBI Nifty Next 50 Index Fund - Direct Plan - Growth",2023-06-27,11.8109
149936,"Axis Nifty Midcap 50 Index Fund - Direct Plan - Growth Option",2023-06-27,12.0702
150738,"Tata Nifty Midcap 150 Momentum 50 Index Fund - Growth - Direct Plan",2023-06-27,10.761
150892,"Edelweiss Nifty Smallcap 250 Index Fund - Direct Plan - Growth",2023-06-27,10.8232
151781,"Kotak Nifty 200 Momentum 30 Index Fund - Direct Plan - Growth Option",2023-06-27,9.988
118482,"BANDHAN Nifty 50 Index Fund-Direct Plan-Growth",2023-06-28,41.1648
147625,"Motilal Oswal Nifty 500 Index Fund - Direct Plan",2023-06-28,18.5902
148945,"SBI Nifty Next 50 Index Fund - Direct Plan - Growth",2023-06-28,11.8849
149936,"Axis Nifty Midcap 50 Index Fund - Direct Plan - Growth Option",2023-06-28,12.1836
150738,"Tata Nifty Midcap 150 Momentum 50 Index Fund - Growth - Direct Plan",2023-06-28,10.8045
150892,"Edelweiss Nifty Smallcap 250 Index Fund - Direct Plan - Growth",2023-06-28,10.8435
151781,"Kotak Nifty 200 Momentum 30 Index Fund - Direct Plan - Growth Option",2023-06-28,10.051
118482,"BANDHAN Nifty 50 Index Fund-Direct Plan-Growth",2023-06-30,41.6375
147625,"Motilal Oswal Nifty 500 Index Fund - Direct Plan",2023-06-30,18.7655
148945,"SBI Nifty Next 50 Index Fund - Direct Plan - Growth",2023-06-30,11.9629
149936,"Axis Nifty Midcap 50 Index Fund - Direct Plan - Growth Option",2023-06-30,12.2877
150738,"Tata Nifty Midcap 150 Momentum 50 Index Fund - Growth - Direct Plan",2023-06-30,10.8503
150892,"Edelweiss Nifty Smallcap 250 Index Fund - Direct Plan - Growth",2023-06-30,10.896
151781,"Kotak Nifty 200 Momentum 30 Index Fund - Direct Plan - Growth Option",2023-06-30,10.104
118482,"BANDHAN Nifty 50 Index Fund-Direct Plan-Growth",2023-07-03,41.9256
147625,"Motilal Oswal Nifty 500 Index Fund - Direct Plan",2023-07-03,18.8773
148945,"SBI Nifty Next 50 Index Fund - Direct Plan - Growth",2023-07-03,12.0105
149936,"Axis Nifty Midcap 50 Index Fund - Direct Plan - Growth Option",2023-07-03,12.3067
150738,"Tata Nifty Midcap 150 Momentum 50 Index Fund - Growth - Direct Plan",2023-07-03,10.8621
150892,"Edelweiss Nifty Smallcap 250 Index Fund - Direct Plan - Growth",2023-07-03,10.9914
151781,"Kotak Nifty 200 Momentum 30 Index Fund - Direct Plan - Growth Option",2023-07-03,10.114
118482,"BANDHAN Nifty 50 Index Fund-Direct Plan-Growth",2023-07-04,42.0684
147625,"Motilal Oswal Nifty 500 Index Fund - Direct Plan",2023-07-04,18.9091
148945,"SBI Nifty Next 50 Index Fund - Direct Plan - Growth",2023-07-04,11.9648
149936,"Axis Nifty Midcap 50 Index Fund - Direct Plan - Growth Option",2023-07-04,12.2788
150738,"Tata Nifty Midcap 150 Momentum 50 Index Fund - Growth - Direct Plan",2023-07-04,10.8138
150892,"Edelweiss Nifty Smallcap 250 Index Fund - Direct Plan - Growth",2023-07-04,11.0054
151781,"Kotak Nifty 200 Momentum 30 Index Fund - Direct Plan - Growth Option",2023-07-04,10.053
118482,"BANDHAN Nifty 50 Index Fund-Direct Plan-Growth",2023-07-05,42.089
147625,"Motilal Oswal Nifty 500 Index Fund - Direct Plan",2023-07-05,18.956
148945,"SBI Nifty Next 50 Index Fund - Direct Plan - Growth",2023-07-05,12.0604
149936,"Axis Nifty Midcap 50 Index Fund - Direct Plan - Growth Option",2023-07-05,12.3671
150738,"Tata Nifty Midcap 150 Momentum 50 Index Fund - Growth - Direct Plan",2023-07-05,10.8861
150892,"Edelweiss Nifty Smallcap 250 Index Fund - Direct Plan - Growth",2023-07-05,11.0743
151781,"Kotak Nifty 200 Momentum 30 Index Fund - Direct Plan - Growth Option",2023-07-05,10.158
118482,"BANDHAN Nifty 50 Index Fund-Direct Plan-Growth",2023-07-06,42.3019
147625,"Motilal Oswal Nifty 500 Index Fund - Direct Plan",2023-07-06,19.0676
148945,"SBI Nifty Next 50 Index Fund - Direct Plan - Growth",2023-07-06,12.1325
149936,"Axis Nifty Midcap 50 Index Fund - Direct Plan - Growth Option",2023-07-06,12.4538
150738,"Tata Nifty Midcap 150 Momentum 50 Index Fund - Growth - Direct Plan",2023-07-06,10.9635
150892,"Edelweiss Nifty Smallcap 250 Index Fund - Direct Plan - Growth",2023-07-06,11.1675
151781,"Kotak Nifty 200 Momentum 30 Index Fund - Direct Plan - Growth Option",2023-07-06,10.203
118482,"BANDHAN Nifty 50 Index Fund-Direct Plan-Growth",2023-07-07,41.9458
147625,"Motilal Oswal Nifty 500 Index Fund - Direct Plan",2023-07-07,18.9214
148945,"SBI Nifty Next 50 Index Fund - Direct Plan - Growth",2023-07-07,12.0338
149936,"Axis Nifty Midcap 50 Index Fund - Direct Plan - Growth Option",2023-07-07,12.3462
150738,"Tata Nifty Midcap 150 Momentum 50 Index Fund - Growth - Direct Plan",2023-07-07,10.8809
150892,"Edelweiss Nifty Smallcap 250 Index Fund - Direct Plan - Growth",2023-07-07,11.1354
151781,"Kotak Nifty 200 Momentum 30 Index Fund - Direct Plan - Growth Option",2023-07-07,10.131
118482,"BANDHAN Nifty 50 Index Fund-Direct Plan-Growth",2023-07-10,41.9976
147625,"Motilal Oswal Nifty 500 Index Fund - Direct Plan",2023-07-10,18.9087
148945,"SBI Nifty Next 50 Index Fund - Direct Plan - Growth",2023-07-10,11.9709
149936,"Axis Nifty Midcap 50 Index Fund - Direct Plan - Growth Option",2023-07-10,12.312
150738,"Tata Nifty Midcap 150 Momentum 50 Index Fund - Growth - Direct Plan",2023-07-10,10.8615
150892,"Edelweiss Nifty Smallcap 250 Index Fund - Direct Plan - Growth",2023-07-10,11.0958
151781,"Kotak Nifty 200 Momentum 30 Index Fund - Direct Plan - Growth Option",2023-07-10,10.09
118482,"BANDHAN Nifty 50 Index Fund-Direct Plan-Growth",2023-07-11,42.1817
147625,"Motilal Oswal Nifty 500 Index Fund - Direct Plan",2023-07-11,19.0172
148945,"SBI Nifty Next 50 Index Fund - Direct Plan - Growth",2023-07-11,12.0613
149936,"Axis Nifty Midcap 50 Index Fund - Direct Plan - Growth Option",2023-07-11,12.4431
150738,"Tata Nifty Midcap 150 Momentum 50 Index Fund - Growth - Direct Plan",2023-07-11,10.9894
150892,"Edelweiss Nifty Smallcap 250 Index Fund - Direct Plan - Growth",2023-07-11,11.1997
151781,"Kotak Nifty 200 Momentum 30 Index Fund - Direct Plan - Growth Option",2023-07-11,10.219
118482,"BANDHAN Nifty 50 Index Fund-Direct Plan-Growth",2023-07-12,42.0622
147625,"Motilal Oswal Nifty 500 Index Fund - Direct Plan",2023-07-12,19.0092
148945,"SBI Nifty Next 50 Index Fund - Direct Plan - Growth",2023-07-12,12.0908
149936,"Axis Nifty Midcap 50 Index Fund - Direct Plan - Growth Option",2023-07-12,12.4872
150738,"Tata Nifty Midcap 150 Momentum 50 Index Fund - Growth - Direct Plan",2023-07-12,11.043
150892,"Edelweiss Nifty Smallcap 250 Index Fund - Direct Plan - Growth",2023-07-12,11.2541
151781,"Kotak Nifty 200 Momentum 30 Index Fund - Direct Plan - Growth Option",2023-07-12,10.247
118482,"BANDHAN Nifty 50 Index Fund-Direct Plan-Growth",2023-07-13,42.1461
147625,"Motilal Oswal Nifty 500 Index Fund - Direct Plan",2023-07-13,18.9951
148945,"SBI Nifty Next 50 Index Fund - Direct Plan - Growth",2023-07-13,12.0128
149936,"Axis Nifty Midcap 50 Index Fund - Direct Plan - Growth Option",2023-07-13,12.378
150738,"Tata Nifty Midcap 150 Momentum 50 Index Fund - Growth - Direct Plan",2023-07-13,10.9738
150892,"Edelweiss Nifty Smallcap 250 Index Fund - Direct Plan - Growth",2023-07-13,11.1687
151781,"Kotak Nifty 200 Momentum 30 Index Fund - Direct Plan - Growth Option",2023-07-13,10.14
118482,"BANDHAN Nifty 50 Index Fund-Direct Plan-Growth",2023-07-14,42.4803
147625,"Motilal Oswal Nifty 500 Index Fund - Direct Plan",2023-07-14,19.1595
148945,"SBI Nifty Next 50 Index Fund - Direct Plan - Growth",2023-07-14,12.1042
149936,"Axis Nifty Midcap 50 Index Fund - Direct Plan - Growth Option",2023-07-14,12.5688
150738,"Tata Nifty Midcap 150 Momentum 50 Index Fund - Growth - Direct Plan",2023-07-14,11.039
150892,"Edelweiss Nifty Smallcap 250 Index Fund - Direct Plan - Growth",2023-07-14,11.3112
151781,"Kotak Nifty 200 Momentum 30 Index Fund - Direct Plan - Growth Option",2023-07-14,10.183
118482,"BANDHAN Nifty 50 Index Fund-Direct Plan-Growth",2023-07-17,42.7979
147625,"Motilal Oswal Nifty 500 Index Fund - Direct Plan",2023-07-17,19.2807
148945,"SBI Nifty Next 50 Index Fund - Direct Plan - Growth",2023-07-17,12.1388
149936,"Axis Nifty Midcap 50 Index Fund - Direct Plan - Growth Option",2023-07-17,12.596
150738,"Tata Nifty Midcap 150 Momentum 50 Index Fund - Growth - Direct Plan",2023-07-17,11.065
150892,"Edelweiss Nifty Smallcap 250 Index Fund - Direct Plan - Growth",2023-07-17,11.3998
151781,"Kotak Nifty 200 Momentum 30 Index Fund - Direct Plan - Growth Option",2023-07-17,10.192
118482,"BANDHAN Nifty 50 Index Fund-Direct Plan-Growth",2023-07-18,42.8797
147625,"Motilal Oswal Nifty 500 Index Fund - Direct Plan",2023-07-18,19.2805
148945,"SBI Nifty Next 50 Index Fund - Direct Plan - Growth",2023-07-18,12.0868
149936,"Axis Nifty Midcap 50 Index Fund - Direct Plan - Growth Option",2023-07-18,12.5899
150738,"Tata Nifty Midcap 150 Momentum 50 Index Fund - Growth - Direct Plan",2023-07-18,11.0996
150892,"Edelweiss Nifty Smallcap 250 Index Fund - Direct Plan - Growth",2023-07-18,11.3179
151781,"Kotak Nifty 200 Momentum 30 Index Fund - Direct Plan - Growth Option",2023-07-18,10.181
118482,"BANDHAN Nifty 50 Index Fund-Direct Plan-Growth",2023-07-19,43.0609
147625,"Motilal Oswal Nifty 500 Index Fund - Direct Plan",2023-07-19,19.3734
148945,"SBI Nifty Next 50 Index Fund - Direct Plan - Growth",2023-07-19,12.1506
149936,"Axis Nifty Midcap 50 Index Fund - Direct Plan - Growth Option",2023-07-19,12.6926
150738,"Tata Nifty Midcap 150 Momentum 50 Index Fund - Growth - Direct Plan",2023-07-19,11.202
150892,"Edelweiss Nifty Smallcap 250 Index Fund - Direct Plan - Growth",2023-07-19,11.4007
151781,"Kotak Nifty 200 Momentum 30 Index Fund - Direct Plan - Growth Option",2023-07-19,10.275
118482,"BANDHAN Nifty 50 Index Fund-Direct Plan-Growth",2023-07-20,43.3868
147625,"Motilal Oswal Nifty 500 Index Fund - Direct Plan",2023-07-20,19.4779
148945,"SBI Nifty Next 50 Index Fund - Direct Plan - Growth",2023-07-20,12.1332
149936,"Axis Nifty Midcap 50 Index Fund - Direct Plan - Growth Option",2023-07-20,12.7184
150738,"Tata Nifty Midcap 150 Momentum 50 Index Fund - Growth - Direct Plan",2023-07-20,11.2284
150892,"Edelweiss Nifty Smallcap 250 Index Fund - Direct Plan - Growth",2023-07-20,11.4312
151781,"Kotak Nifty 200 Momentum 30 Index Fund - Direct Plan - Growth Option",2023-07-20,10.293
118482,"BANDHAN Nifty 50 Index Fund-Direct Plan-Growth",2023-07-21,42.881
147625,"Motilal Oswal Nifty 500 Index Fund - Direct Plan",2023-07-21,19.3222
148945,"SBI Nifty Next 50 Index Fund - Direct Plan - Growth",2023-07-21,12.0895
149936,"Axis Nifty Midcap 50 Index Fund - Direct Plan - Growth Option",2023-07-21,12.6852
150738,"Tata Nifty Midcap 150 Momentum 50 Index Fund - Growth - Direct Plan",2023-07-21,11.1716
150892,"Edelweiss Nifty Smallcap 250 Index Fund - Direct Plan - Growth",2023-07-21,11.4666
151781,"Kotak Nifty 200 Momentum 30 Index Fund - Direct Plan - Growth Option",2023-07-21,10.231
118482,"BANDHAN Nifty 50 Index Fund-Direct Plan-Growth",2023-07-24,42.7236
147625,"Motilal Oswal Nifty 500 Index Fund - Direct Plan",2023-07-24,19.2772
148945,"SBI Nifty Next 50 Index Fund - Direct Plan - Growth",2023-07-24,12.0871
149936,"Axis Nifty Midcap 50 Index Fund - Direct Plan - Growth Option",2023-07-24,12.7014
150738,"Tata Nifty Midcap 150 Momentum 50 Index Fund - Growth - Direct Plan",2023-07-24,11.2322
150892,"Edelweiss Nifty Smallcap 250 Index Fund - Direct Plan - Growth",2023-07-24,11.4945
151781,"Kotak Nifty 200 Momentum 30 Index Fund - Direct Plan - Growth Option",2023-07-24,10.278
118482,"BANDHAN Nifty 50 Index Fund-Direct Plan-Growth",2023-07-25,42.7414
147625,"Motilal Oswal Nifty 500 Index Fund - Direct Plan",2023-07-25,19.3134
148945,"SBI Nifty Next 50 Index Fund - Direct Plan - Growth",2023-07-25,12.1504
149936,"Axis Nifty Midcap 50 Index Fund - Direct Plan - Growth Option",2023-07-25,12.7521
150738,"Tata Nifty Midcap 150 Momentum 50 Index Fund - Growth - Direct Plan",2023-07-25,11.2717
150892,"Edelweiss Nifty Smallcap 250 Index Fund - Direct Plan - Growth",2023-07-25,11.5004
151781,"Kotak Nifty 200 Momentum 30 Index Fund - Direct Plan - Growth Option",2023-07-25,10.265
118482,"BANDHAN Nifty 50 Index Fund-Direct Plan-Growth",2023-07-26,42.9526
147625,"Motilal Oswal Nifty 500 Index Fund - Direct Plan",2023-07-26,19.4027
148945,"SBI Nifty Next 50 Index Fund - Direct Plan - Growth",2023-07-26,12.1943
149936,"Axis Nifty Midcap 50 Index Fund - Direct Plan - Growth Option",2023-07-26,12.8246
150738,"Tata Nifty Midcap 150 Momentum 50 Index Fund - Growth - Direct Plan",2023-07-26,11.3096
150892,"Edelweiss Nifty Smallcap 250 Index Fund - Direct Plan - Growth",2023-07-26,11.5381
151781,"Kotak Nifty 200 Momentum 30 Index Fund - Direct Plan - Growth Option",2023-07-26,10.332
118482,"BANDHAN Nifty 50 Index Fund-Direct Plan-Growth",2023-07-27,42.7006
147625,"Motilal Oswal Nifty 500 Index Fund - Direct Plan",2023-07-27,19.3405
148945,"SBI Nifty Next 50 Index Fund - Direct Plan - Growth",2023-07-27,12.2309
149936,"Axis Nifty Midcap 50 Index Fund - Direct Plan - Growth Option",2023-07-27,12.8985
150738,"Tata Nifty Midcap 150 Momentum 50 Index Fund - Growth - Direct Plan",2023-07-27,11.3633
150892,"Edelweiss Nifty Smallcap 250 Index Fund - Direct Plan - Growth",2023-07-27,11.5539
151781,"Kotak Nifty 200 Momentum 30 Index Fund - Direct Plan - Growth Option",2023-07-27,10.364
118482,"BANDHAN Nifty 50 Index Fund-Direct Plan-Growth",2023-07-28,42.6762
147625,"Motilal Oswal Nifty 500 Index Fund - Direct Plan",2023-07-28,19.3768
148945,"SBI Nifty Next 50 Index Fund - Direct Plan - Growth",2023-07-28,12.3625
149936,"Axis Nifty Midcap 50 Index Fund - Direct Plan - Growth Option",2023-07-28,12.9628
150738,"Tata Nifty Midcap 150 Momentum 50 Index Fund - Growth - Direct Plan",2023-07-28,11.4392
150892,"Edelweiss Nifty Smallcap 250 Index Fund - Direct Plan - Growth",2023-07-28,11.604
151781,"Kotak Nifty 200 Momentum 30 Index Fund - Direct Plan - Growth Option",2023-07-28,10.469
118482,"BANDHAN Nifty 50 Index Fund-Direct Plan-Growth",2023-07-31,42.9092
147625,"Motilal Oswal Nifty 500 Index Fund - Direct Plan",2023-07-31,19.5026
148945,"SBI Nifty Next 50 Index Fund - Direct Plan - Growth",2023-07-31,12.3953
149936,"Axis Nifty Midcap 50 Index Fund - Direct Plan - Growth Option",2023-07-31,13.1273
150738,"Tata Nifty Midcap 150 Momentum 50 Index Fund - Growth - Direct Plan",2023-07-31,11.5669
150892,"Edelweiss Nifty Smallcap 250 Index Fund - Direct Plan - Growth",2023-07-31,11.7235
151781,"Kotak Nifty 200 Momentum 30 Index Fund - Direct Plan - Growth Option",2023-07-31,10.56
118482,"BANDHAN Nifty 50 Index Fund-Direct Plan-Growth",2023-08-01,42.8651
147625,"Motilal Oswal Nifty 500 Index Fund - Direct Plan",2023-08-01,19.4937
148945,"SBI Nifty Next 50 Index Fund - Direct Plan - Growth",2023-08-01,12.3893
149936,"Axis Nifty Midcap 50 Index Fund - Direct Plan - Growth Option",2023-08-01,13.0932
150738,"Tata Nifty Midcap 150 Momentum 50 Index Fund - Growth - Direct Plan",2023-08-01,11.5235
150892,"Edelweiss Nifty Smallcap 250 Index Fund - Direct Plan - Growth",2023-08-01,11.7446
151781,"Kotak Nifty 200 Momentum 30 Index Fund - Direct Plan - Growth Option",2023-08-01,10.488
118482,"BANDHAN Nifty 50 Index Fund-Direct Plan-Growth",2023-08-02,42.4346
147625,"Motilal Oswal Nifty 500 Index Fund - Direct Plan",2023-08-02,19.2793
148945,"SBI Nifty Next 50 Index Fund - Direct Plan - Growth",2023-08-02,12.2203
149936,"Axis Nifty Midcap 50 Index Fund - Direct Plan - Growth Option",2023-08-02,12.9163
150738,"Tata Nifty Midcap 150 Momentum 50 Index Fund - Growth - Direct Plan",2023-08-02,11.4172
150892,"Edelweiss Nifty Smallcap 250 Index Fund - Direct Plan - Growth",2023-08-02,11.5952
151781,"Kotak Nifty 200 Momentum 30 Index Fund - Direct Plan - Growth Option",2023-08-02,10.341
118482,"BANDHAN Nifty 50 Index Fund-Direct Plan-Growth",2023-08-03,42.1292
147625,"Motilal Oswal Nifty 500 Index Fund - Direct Plan",2023-08-03,19.1831
148945,"SBI Nifty Next 50 Index Fund - Direct Plan - Growth",2023-08-03,12.1571
149936,"Axis Nifty Midcap 50 Index Fund - Direct Plan - Growth Option",2023-08-03,12.9368
150738,"Tata Nifty Midcap 150 Momentum 50 Index Fund - Growth - Direct Plan",2023-08-03,11.4042
150892,"Edelweiss Nifty Smallcap 250 Index Fund - Direct Plan - Growth",2023-08-03,11.6114
151781,"Kotak Nifty 200 Momentum 30 Index Fund - Direct Plan - Growth Option",2023-08-03,10.305
118482,"BANDHAN Nifty 50 Index Fund-Direct Plan-Growth",2023-08-04,42.423
147625,"Motilal Oswal Nifty 500 Index Fund - Direct Plan",2023-08-04,19.3189
148945,"SBI Nifty Next 50 Index Fund - Direct Plan - Growth",2023-08-04,12.2536
149936,"Axis Nifty Midcap 50 Index Fund - Direct Plan - Growth Option",2023-08-04,13.0364
150738,"Tata Nifty Midcap 150 Momentum 50 Index Fund - Growth - Direct Plan",2023-08-04,11.4306
150892,"Edelweiss Nifty Smallcap 250 Index Fund - Direct Plan - Growth",2023-08-04,11.6845
151781,"Kotak Nifty 200 Momentum 30 Index Fund - Direct Plan - Growth Option",2023-08-04,10.331
118482,"BANDHAN Nifty 50 Index Fund-Direct Plan-Growth",2023-08-07,42.5964
147625,"Motilal Oswal Nifty 500 Index Fund - Direct Plan",2023-08-07,19.3933
148945,"SBI Nifty Next 50 Index Fund - Direct Plan - Growth",2023-08-07,12.2735
149936,"Axis Nifty Midcap 50 Index Fund - Direct Plan - Growth Option",2023-08-07,13.0912
150738,"Tata Nifty Midcap 150 Momentum 50 Index Fund - Growth - Direct Plan",2023-08-07,11.5206
150892,"Edelweiss Nifty Smallcap 250 Index Fund - Direct Plan - Growth",2023-08-07,11.7207
151781,"Kotak Nifty 200 Momentum 30 Index Fund - Direct Plan - Growth Option",2023-08-07,10.369
118482,"BANDHAN Nifty 50 Index Fund-Direct Plan-Growth",2023-08-08,42.539
147625,"Motilal Oswal Nifty 500 Index Fund - Direct Plan",2023-08-08,19.3851
148945,"SBI Nifty Next 50 Index Fund - Direct Plan - Growth",2023-08-08,12.2736
149936,"Axis Nifty Midcap 50 Index Fund - Direct Plan - Growth Option",2023-08-08,13.1097
150738,"Tata Nifty Midcap 150 Momentum 50 Index Fund - Growth - Direct Plan",2023-08-08,11.5245
150892,"Edelweiss Nifty Smallcap 250 Index Fund - Direct Plan - Growth",2023-08-08,11.7395
151781,"Kotak Nifty 200 Momentum 30 Index Fund - Direct Plan - Growth Option",2023-08-08,10.361
118482,"BANDHAN Nifty 50 Index Fund-Direct Plan-Growth",2023-08-09,42.6993
147625,"Motilal Oswal Nifty 500 Index Fund - Direct Plan",2023-08-09,19.4555
148945,"SBI Nifty Next 50 Index Fund - Direct Plan - Growth",2023-08-09,12.3035
149936,"Axis Nifty Midcap 50 Index Fund - Direct Plan - Growth Option",2023-08-09,13.1725
150738,"Tata Nifty Midcap 150 Momentum 50 Index Fund - Growth - Direct Plan",2023-08-09,11.5323
150892,"Edelweiss Nifty Smallcap 250 Index Fund - Direct Plan - Growth",2023-08-09,11.8054
151781,"Kotak Nifty 200 Momentum 30 Index Fund - Direct Plan - Growth Option",2023-08-09,10.417
118482,"BANDHAN Nifty 50 Index Fund-Direct Plan-Growth",2023-08-10,42.5056
147625,"Motilal Oswal Nifty 500 Index Fund - Direct Plan",2023-08-10,19.3824
148945,"SBI Nifty Next 50 Index Fund - Direct Plan - Growth",2023-08-10,12.229
149936,"Axis Nifty Midcap 50 Index Fund - Direct Plan - Growth Option",2023-08-10,13.1877
150738,"Tata Nifty Midcap 150 Momentum 50 Index Fund - Growth - Direct Plan",2023-08-10,11.5218
150892,"Edelweiss Nifty Smallcap 250 Index Fund - Direct Plan - Growth",2023-08-10,11.7762
151781,"Kotak Nifty 200 Momentum 30 Index Fund - Direct Plan - Growth Option",2023-08-10,10.366
118482,"BANDHAN Nifty 50 Index Fund-Direct Plan-Growth",2023-08-11,42.2742
147625,"Motilal Oswal Nifty 500 Index Fund - Direct Plan",2023-08-11,19.2977
148945,"SBI Nifty Next 50 Index Fund - Direct Plan - Growth",2023-08-11,12.201
149936,"Axis Nifty Midcap 50 Index Fund - Direct Plan - Growth Option",2023-08-11,13.1367
150738,"Tata Nifty Midcap 150 Momentum 50 Index Fund - Growth - Direct Plan",2023-08-11,11.5272
150892,"Edelweiss Nifty Smallcap 250 Index Fund - Direct Plan - Growth",2023-08-11,11.7461
151781,"Kotak Nifty 200 Momentum 30 Index Fund - Direct Plan - Growth Option",2023-08-11,10.336
118482,"BANDHAN Nifty 50 Index Fund-Direct Plan-Growth",2023-08-14,42.2921
147625,"Motilal Oswal Nifty 500 Index Fund - Direct Plan",2023-08-14,19.2602
148945,"SBI Nifty Next 50 Index Fund - Direct Plan - Growth",2023-08-14,12.0479
149936,"Axis Nifty Midcap 50 Index Fund - Direct Plan - Growth Option",2023-08-14,13.148
150738,"Tata Nifty Midcap 150 Momentum 50 Index Fund - Growth - Direct Plan",2023-08-14,11.5215
150892,"Edelweiss Nifty Smallcap 250 Index Fund - Direct Plan - Growth",2023-08-14,11.6736
151781,"Kotak Nifty 200 Momentum 30 Index Fund - Direct Plan - Growth Option",2023-08-14,10.321
118482,"BANDHAN Nifty 50 Index Fund-Direct Plan-Growth",2023-08-16,42.3578
147625,"Motilal Oswal Nifty 500 Index Fund - Direct Plan",2023-08-16,19.2913
148945,"SBI Nifty Next 50 Index Fund - Direct Plan - Growth",2023-08-16,12.0481
149936,"Axis Nifty Midcap 50 Index Fund - Direct Plan - Growth Option",2023-08-16,13.16
150738,"Tata Nifty Midcap 150 Momentum 50 Index Fund - Growth - Direct Plan",2023-08-16,11.5561
150892,"Edelweiss Nifty Smallcap 250 Index Fund - Direct Plan - Growth",2023-08-16,11.7217
151781,"Kotak Nifty 200 Momentum 30 Index Fund - Direct Plan - Growth Option",2023-08-16,10.312
118482,"BANDHAN Nifty 50 Index Fund-Direct Plan-Growth",2023-08-17,42.1412
147625,"Motilal Oswal Nifty 500 Index Fund - Direct Plan",2023-08-17,19.2334
148945,"SBI Nifty Next 50 Index Fund - Direct Plan - Growth",2023-08-17,12.0182
149936,"Axis Nifty Midcap 50 Index Fund - Direct Plan - Growth Option",2023-08-17,13.2012
150738,"Tata Nifty Midcap 150 Momentum 50 Index Fund - Growth - Direct Plan",2023-08-17,11.6291
150892,"Edelweiss Nifty Smallcap 250 Index Fund - Direct Plan - Growth",2023-08-17,11.7435
151781,"Kotak Nifty 200 Momentum 30 Index Fund - Direct Plan - Growth Option",2023-08-17,10.328
118482,"BANDHAN Nifty 50 Index Fund-Direct Plan-Growth",2023-08-18,42.0274
147625,"Motilal Oswal Nifty 500 Index Fund - Direct Plan",2023-08-18,19.1849
148945,"SBI Nifty Next 50 Index Fund - Direct Plan - Growth",2023-08-18,11.9619
149936,"Axis Nifty Midcap 50 Index Fund - Direct Plan - Growth Option",2023-08-18,13.1469
150738,"Tata Nifty Midcap 150 Momentum 50 Index Fund - Growth - Direct Plan",2023-08-18,11.622
150892,"Edelweiss Nifty Smallcap 250 Index Fund - Direct Plan - Growth",2023-08-18,11.7097
151781,"Kotak Nifty 200 Momentum 30 Index Fund - Direct Plan - Growth Option",2023-08-18,10.296
118482,"BANDHAN Nifty 50 Index Fund-Direct Plan-Growth",2023-08-21,42.2237
147625,"Motilal Oswal Nifty 500 Index Fund - Direct Plan",2023-08-21,19.297
148945,"SBI Nifty Next 50 Index Fund - Direct Plan - Growth",2023-08-21,12.0584
149936,"Axis Nifty Midcap 50 Index Fund - Direct Plan - Growth Option",2023-08-21,13.2412
150738,"Tata Nifty Midcap 150 Momentum 50 Index Fund - Growth - Direct Plan",2023-08-21,11.7201
150892,"Edelweiss Nifty Smallcap 250 Index Fund - Direct Plan - Growth",2023-08-21,11.8081
151781,"Kotak Nifty 200 Momentum 30 Index Fund - Direct Plan - Growth Option",2023-08-21,10.379
118482,"BANDHAN Nifty 50 Index Fund-Direct Plan-Growth",2023-08-22,42.2305
147625,"Motilal Oswal Nifty 500 Index Fund - Direct Plan",2023-08-22,19.3582
148945,"SBI Nifty Next 50 Index Fund - Direct Plan - Growth",2023-08-22,12.1379
149936,"Axis Nifty Midcap 50 Index Fund - Direct Plan - Growth Option",2023-08-22,13.3667
150738,"Tata Nifty Midcap 150 Momentum 50 Index Fund - Growth - Direct Plan",2023-08-22,11.8543
150892,"Edelweiss Nifty Smallcap 250 Index Fund - Direct Plan - Growth",2023-08-22,11.8879
151781,"Kotak Nifty 200 Momentum 30 Index Fund - Direct Plan - Growth Option",2023-08-22,10.482
118482,"BANDHAN Nifty 50 Index Fund-Direct Plan-Growth",2023-08-23,42.3342
147625,"Motilal Oswal Nifty 500 Index Fund - Direct Plan",2023-08-23,19.4096
148945,"SBI Nifty Next 50 Index Fund - Direct Plan - Growth",2023-08-23,12.1438
149936,"Axis Nifty Midcap 50 Index Fund - Direct Plan - Growth Option",2023-08-23,13.4526
150738,"Tata Nifty Midcap 150 Momentum 50 Index Fund - Growth - Direct Plan",2023-08-23,11.9179
150892,"Edelweiss Nifty Smallcap 250 Index Fund - Direct Plan - Growth",2023-08-23,11.9725
151781,"Kotak Nifty 200 Momentum 30 Index Fund - Direct Plan - Growth Option",2023-08-23,10.562
118482,"BANDHAN Nifty 50 Index Fund-Direct Plan-Growth",2023-08-24,42.2106
147625,"Motilal Oswal Nifty 500 Index Fund - Direct Plan",2023-08-24,19.3867
148945,"SBI Nifty Next 50 Index Fund - Direct Plan - Growth",2023-08-24,12.1885
149936,"Axis Nifty Midcap 50 Index Fund - Direct Plan - Growth Option",2023-08-24,13.5109
150738,"Tata Nifty Midcap 150 Momentum 50 Index Fund - Growth - Direct Plan",2023-08-24,11.8867
150892,"Edelweiss Nifty Smallcap 250 Index Fund - Direct Plan - Growth",2023-08-24,11.9575
151781,"Kotak Nifty 200 Momentum 30 Index Fund - Direct Plan - Growth Option",2023-08-24,10.567
118482,"BANDHAN Nifty 50 Index Fund-Direct Plan-Growth",2023-08-25,41.9481
147625,"Motilal Oswal Nifty 500 Index Fund - Direct Plan",2023-08-25,19.2621
148945,"SBI Nifty Next 50 Index Fund - Direct Plan - Growth",2023-08-25,12.0748
149936,"Axis Nifty Midcap 50 Index Fund - Direct Plan - Growth Option",2023-08-25,13.3809
150738,"Tata Nifty Midcap 150 Momentum 50 Index Fund - Growth - Direct Plan",2023-08-25,11.8002
150892,"Edelweiss Nifty Smallcap 250 Index Fund - Direct Plan - Growth",2023-08-25,11.9321
151781,"Kotak Nifty 200 Momentum 30 Index Fund - Direct Plan - Growth Option",2023-08-25,10.445
118482,"BANDHAN Nifty 50 Index Fund-Direct Plan-Growth",2023-08-28,42.0352
147625,"Motilal Oswal Nifty 500 Index Fund - Direct Plan",2023-08-28,19.3239
148945,"SBI Nifty Next 50 Index Fund - Direct Plan - Growth",2023-08-28,12.1402
149936,"Axis Nifty Midcap 50 Index Fund - Direct Plan - Growth Option",2023-08-28,13.4417
150738,"Tata Nifty Midcap 150 Momentum 50 Index Fund - Growth - Direct Plan",2023-08-28,11.8514
150892,"Edelweiss Nifty Smallcap 250 Index Fund - Direct Plan - Growth",2023-08-28,12.0136
151781,"Kotak Nifty 200 Momentum 30 Index Fund - Direct Plan - Growth Option",2023-08-28,10.506
118482,"BANDHAN Nifty 50 Index Fund-Direct Plan-Growth",2023-08-29,42.114
147625,"Motilal Oswal Nifty 500 Index Fund - Direct Plan",2023-08-29,19.3833
148945,"SBI Nifty Next 50 Index Fund - Direct Plan - Growth",2023-08-29,12.2122
149936,"Axis Nifty Midcap 50 Index Fund - Direct Plan - Growth Option",2023-08-29,13.4847
150738,"Tata Nifty Midcap 150 Momentum 50 Index Fund - Growth - Direct Plan",2023-08-29,11.8687
150892,"Edelweiss Nifty Smallcap 250 Index Fund - Direct Plan - Growth",2023-08-29,12.0941
151781,"Kotak Nifty 200 Momentum 30 Index Fund - Direct Plan - Growth Option",2023-08-29,10.518
118482,"BANDHAN Nifty 50 Index Fund-Direct Plan-Growth",2023-08-30,42.1235
147625,"Motilal Oswal Nifty 500 Index Fund - Direct Plan",2023-08-30,19.4306
148945,"SBI Nifty Next 50 Index Fund - Direct Plan - Growth",2023-08-30,12.2542
149936,"Axis Nifty Midcap 50 Index Fund - Direct Plan - Growth Option",2023-08-30,13.5969
150738,"Tata Nifty Midcap 150 Momentum 50 Index Fund - Growth - Direct Plan",2023-08-30,11.9836
150892,"Edelweiss Nifty Smallcap 250 Index Fund - Direct Plan - Growth",2023-08-30,12.2005
151781,"Kotak Nifty 200 Momentum 30 Index Fund - Direct Plan - Growth Option",2023-08-30,10.608
118482,"BANDHAN Nifty 50 Index Fund-Direct Plan-Growth",2023-08-31,41.9195
147625,"Motilal Oswal Nifty 500 Index Fund - Direct Plan",2023-08-31,19.3791
148945,"SBI Nifty Next 50 Index Fund - Direct Plan - Growth",2023-08-31,12.1645
149936,"Axis Nifty Midcap 50 Index Fund - Direct Plan - Growth Option",2023-08-31,13.5697
150738,"Tata Nifty Midcap 150 Momentum 50 Index Fund - Growth - Direct Plan",2023-08-31,12.0317
150892,"Edelweiss Nifty Smallcap 250 Index Fund - Direct Plan - Growth",2023-08-31,12.3303
151781,"Kotak Nifty 200 Momentum 30 Index Fund - Direct Plan - Growth Option",2023-08-31,10.536
118482,"BANDHAN Nifty 50 Index Fund-Direct Plan-Growth",2023-09-01,42.3132
147625,"Motilal Oswal Nifty 500 Index Fund - Direct Plan",2023-09-01,19.5513
148945,"SBI Nifty Next 50 Index Fund - Direct Plan - Growth",2023-09-01,12.2697
149936,"Axis Nifty Midcap 50 Index Fund - Direct Plan - Growth Option",2023-09-01,13.6619
150738,"Tata Nifty Midcap 150 Momentum 50 Index Fund - Growth - Direct Plan",2023-09-01,12.109
150892,"Edelweiss Nifty Smallcap 250 Index Fund - Direct Plan - Growth",2023-09-01,12.4318
151781,"Kotak Nifty 200 Momentum 30 Index Fund - Direct Plan - Growth Option",2023-09-01,10.589
118482,"BANDHAN Nifty 50 Index Fund-Direct Plan-Growth",2023-09-04,42.5152
147625,"Motilal Oswal Nifty 500 Index Fund - Direct Plan",2023-09-04,19.676
148945,"SBI Nifty Next 50 Index Fund - Direct Plan - Growth",2023-09-04,12.3796
149936,"Axis Nifty Midcap 50 Index Fund - Direct Plan - Growth Option",2023-09-04,13.7416
150738,"Tata Nifty Midcap 150 Momentum 50 Index Fund - Growth - Direct Plan",2023-09-04,12.2559
150892,"Edelweiss Nifty Smallcap 250 Index Fund - Direct Plan - Growth",2023-09-04,12.5572
151781,"Kotak Nifty 200 Momentum 30 Index Fund - Direct Plan - Growth Option",2023-09-04,10.662
118482,"BANDHAN Nifty 50 Index Fund-Direct Plan-Growth",2023-09-05,42.6134
147625,"Motilal Oswal Nifty 500 Index Fund - Direct Plan",2023-09-05,19.7572
148945,"SBI Nifty Next 50 Index Fund - Direct Plan - Growth",2023-09-05,12.4051
149936,"Axis Nifty Midcap 50 Index Fund - Direct Plan - Growth Option",2023-09-05,13.8725
150738,"Tata Nifty Midcap 150 Momentum 50 Index Fund - Growth - Direct Plan",2023-09-05,12.3814
150892,"Edelweiss Nifty Smallcap 250 Index Fund - Direct Plan - Growth",2023-09-05,12.6336
151781,"Kotak Nifty 200 Momentum 30 Index Fund - Direct Plan - Growth Option",2023-09-05,10.712
118482,"BANDHAN Nifty 50 Index Fund-Direct Plan-Growth",2023-09-06,42.6891
147625,"Motilal Oswal Nifty 500 Index Fund - Direct Plan",2023-09-06,19.7939
148945,"SBI Nifty Next 50 Index Fund - Direct Plan - Growth",2023-09-06,12.4638
149936,"Axis Nifty Midcap 50 Index Fund - Direct Plan - Growth Option",2023-09-06,13.9104
150738,"Tata Nifty Midcap 150 Momentum 50 Index Fund - Growth - Direct Plan",2023-09-06,12.3439
150892,"Edelweiss Nifty Smallcap 250 Index Fund - Direct Plan - Growth",2023-09-06,12.6404
151781,"Kotak Nifty 200 Momentum 30 Index Fund - Direct Plan - Growth Option",2023-09-06,10.729
118482,"BANDHAN Nifty 50 Index Fund-Direct Plan-Growth",2023-09-07,42.9415
147625,"Motilal Oswal Nifty 500 Index Fund - Direct Plan",2023-09-07,19.9091
148945,"SBI Nifty Next 50 Index Fund - Direct Plan - Growth",2023-09-07,12.527
149936,"Axis Nifty Midcap 50 Index Fund - Direct Plan - Growth Option",2023-09-07,13.9707
150738,"Tata Nifty Midcap 150 Momentum 50 Index Fund - Growth - Direct Plan",2023-09-07,12.449
150892,"Edelweiss Nifty Smallcap 250 Index Fund - Direct Plan - Growth",2023-09-07,12.7103
151781,"Kotak Nifty 200 Momentum 30 Index Fund - Direct Plan - Growth Option",2023-09-07,10.785
118482,"BANDHAN Nifty 50 Index Fund-Direct Plan-Growth",2023-09-08,43.143
147625,"Motilal Oswal Nifty 500 Index Fund - Direct Plan",2023-09-08,20.0259
148945,"SBI Nifty Next 50 Index Fund - Direct Plan - Growth",2023-09-08,12.6286
149936,"Axis Nifty Midcap 50 Index Fund - Direct Plan - Growth Option",2023-09-08,14.1201
150738,"Tata Nifty Midcap 150 Momentum 50 Index Fund - Growth - Direct Plan",2023-09-08,12.6433
150892,"Edelweiss Nifty Smallcap 250 Index Fund - Direct Plan - Growth",2023-09-08,12.7871
151781,"Kotak Nifty 200 Momentum 30 Index Fund - Direct Plan - Growth Option",2023-09-08,10.948
118482,"BANDHAN Nifty 50 Index Fund-Direct Plan-Growth",2023-09-11,43.5269
147625,"Motilal Oswal Nifty 500 Index Fund - Direct Plan",2023-09-11,20.2155
148945,"SBI Nifty Next 50 Index Fund - Direct Plan - Growth",2023-09-11,12.7585
149936,"Axis Nifty Midcap 50 Index Fund - Direct Plan - Growth Option",2023-09-11,14.2151
150738,"Tata Nifty Midcap 150 Momentum 50 Index Fund - Growth - Direct Plan",2023-09-11,12.7712
150892,"Edelweiss Nifty Smallcap 250 Index Fund - Direct Plan - Growth",2023-09-11,12.9111
151781,"Kotak Nifty 200 Momentum 30 Index Fund - Direct Plan - Growth Option",2023-09-11,11.039
118482,"BANDHAN Nifty 50 Index Fund-Direct Plan-Growth",2023-09-12,43.5199
147625,"Motilal Oswal Nifty 500 Index Fund - Direct Plan",2023-09-12,19.9951
148945,"SBI Nifty Next 50 Index Fund - Direct Plan - Growth",2023-09-12,12.4654
149936,"Axis Nifty Midcap 50 Index Fund - Direct Plan - Growth Option",2023-09-12,13.8111
150738,"Tata Nifty Midcap 150 Momentum 50 Index Fund - Growth - Direct Plan",2023-09-12,12.3922
150892,"Edelweiss Nifty Smallcap 250 Index Fund - Direct Plan - Growth",2023-09-12,12.4151
151781,"Kotak Nifty 200 Momentum 30 Index Fund - Direct Plan - Growth Option",2023-09-12,10.751
118482,"BANDHAN Nifty 50 Index Fund-Direct Plan-Growth",2023-09-13,43.6866
147625,"Motilal Oswal Nifty 500 Index Fund - Direct Plan",2023-09-13,20.0708
148945,"SBI Nifty Next 50 Index Fund - Direct Plan - Growth",2023-09-13,12.5037
149936,"Axis Nifty Midcap 50 Index Fund - Direct Plan - Growth Option",2023-09-13,13.8912
150738,"Tata Nifty Midcap 150 Momentum 50 Index Fund - Growth - Direct Plan",2023-09-13,12.3606
150892,"Edelweiss Nifty Smallcap 250 Index Fund - Direct Plan - Growth",2023-09-13,12.5372
151781,"Kotak Nifty 200 Momentum 30 Index Fund - Direct Plan - Growth Option",2023-09-13,10.783
118482,"BANDHAN Nifty 50 Index Fund-Direct Plan-Growth",2023-09-14,43.7584
147625,"Motilal Oswal Nifty 500 Index Fund - Direct Plan",2023-09-14,20.1586
148945,"SBI Nifty Next 50 Index Fund - Direct Plan - Growth",2023-09-14,12.5901
149936,"Axis Nifty Midcap 50 Index Fund - Direct Plan - Growth Option",2023-09-14,14.0407
150738,"Tata Nifty Midcap 150 Momentum 50 Index Fund - Growth - Direct Plan",2023-09-14,12.4496
150892,"Edelweiss Nifty Smallcap 250 Index Fund - Direct Plan - Growth",2023-09-14,12.6938
151781,"Kotak Nifty 200 Momentum 30 Index Fund - Direct Plan - Growth Option",2023-09-14,10.855
118482,"BANDHAN Nifty 50 Index Fund-Direct Plan-Growth",2023-09-15,43.9522
147625,"Motilal Oswal Nifty 500 Index Fund - Direct Plan",2023-09-15,20.2303
148945,"SBI Nifty Next 50 Index Fund - Direct Plan - Growth",2023-09-15,12.6121
149936,"Axis Nifty Midcap 50 Index Fund - Direct Plan - Growth Option",2023-09-15,14.1031
150738,"Tata Nifty Midcap 150 Momentum 50 Index Fund - Growth - Direct Plan",2023-09-15,12.4112
150892,"Edelweiss Nifty Smallcap 250 Index Fund - Direct Plan - Growth",2023-09-15,12.7293
151781,"Kotak Nifty 200 Momentum 30 Index Fund - Direct Plan - Growth Option",2023-09-15,10.898
118482,"BANDHAN Nifty 50 Index Fund-Direct Plan-Growth",2023-09-18,43.8236
147625,"Motilal Oswal Nifty 500 Index Fund - Direct Plan",2023-09-18,20.1702
148945,"SBI Nifty Next 50 Index Fund - Direct Plan - Growth",2023-09-18,12.6048
149936,"Axis Nifty Midcap 50 Index Fund - Direct Plan - Growth Option",2023-09-18,14.0558
150738,"Tata Nifty Midcap 150 Momentum 50 Index Fund - Growth - Direct Plan",2023-09-18,12.4271
150892,"Edelweiss Nifty Smallcap 250 Index Fund - Direct Plan - Growth",2023-09-18,12.6684
151781,"Kotak Nifty 200 Momentum 30 Index Fund - Direct Plan - Growth Option",2023-09-18,10.918
118482,"BANDHAN Nifty 50 Index Fund-Direct Plan-Growth",2023-09-20,43.3196
147625,"Motilal Oswal Nifty 500 Index Fund - Direct Plan",2023-09-20,19.9823
148945,"SBI Nifty Next 50 Index Fund - Direct Plan - Growth",2023-09-20,12.4936
149936,"Axis Nifty Midcap 50 Index Fund - Direct Plan - Growth Option",2023-09-20,14.0556
150738,"Tata Nifty Midcap 150 Momentum 50 Index Fund - Growth - Direct Plan",2023-09-20,12.396
150892,"Edelweiss Nifty Smallcap 250 Index Fund - Direct Plan - Growth",2023-09-20,12.5975
151781,"Kotak Nifty 200 Momentum 30 Index Fund - Direct Plan - Growth Option",2023-09-20,10.912
118482,"BANDHAN Nifty 50 Index Fund-Direct Plan-Growth",2023-09-21,42.9748
147625,"Motilal Oswal Nifty 500 Index Fund - Direct Plan",2023-09-21,19.8152
148945,"SBI Nifty Next 50 Index Fund - Direct Plan - Growth",2023-09-21,12.3869
149936,"Axis Nifty Midcap 50 Index Fund - Direct Plan - Growth Option",2023-09-21,13.9452
150738,"Tata Nifty Midcap 150 Momentum 50 Index Fund - Growth - Direct Plan",2023-09-21,12.296
150892,"Edelweiss Nifty Smallcap 250 Index Fund - Direct Plan - Growth",2023-09-21,12.4596
151781,"Kotak Nifty 200 Momentum 30 Index Fund - Direct Plan - Growth Option",2023-09-21,10.799
118482,"BANDHAN Nifty 50 Index Fund-Direct Plan-Growth",2023-09-22,42.827
147625,"Motilal Oswal Nifty 500 Index Fund - Direct Plan",2023-09-22,19.7663
148945,"SBI Nifty Next 50 Index Fund - Direct Plan - Growth",2023-09-22,12.3717
149936,"Axis Nifty Midcap 50 Index Fund - Direct Plan - Growth Option",2023-09-22,13.936
150738,"Tata Nifty Midcap 150 Momentum 50 Index Fund - Growth - Direct Plan",2023-09-22,12.3401
150892,"Edelweiss Nifty Smallcap 250 Index Fund - Direct Plan - Growth",2023-09-22,12.4626
151781,"Kotak Nifty 200 Momentum 30 Index Fund - Direct Plan - Growth Option",2023-09-22,10.8
118482,"BANDHAN Nifty 50 Index Fund-Direct Plan-Growth",2023-09-25,42.8273
147625,"Motilal Oswal Nifty 500 Index Fund - Direct Plan",2023-09-25,19.7792
148945,"SBI Nifty Next 50 Index Fund - Direct Plan - Growth",2023-09-25,12.3426
149936,"Axis Nifty Midcap 50 Index Fund - Direct Plan - Growth Option",2023-09-25,14.0623
150738,"Tata Nifty Midcap 150 Momentum 50 Index Fund - Growth - Direct Plan",2023-09-25,12.456
150892,"Edelweiss Nifty Smallcap 250 Index Fund - Direct Plan - Growth",2023-09-25,12.4731
151781,"Kotak Nifty 200 Momentum 30 Index Fund - Direct Plan - Growth Option",2023-09-25,10.867
118482,"BANDHAN Nifty 50 Index Fund-Direct Plan-Growth",2023-09-26,42.8058
147625,"Motilal Oswal Nifty 500 Index Fund - Direct Plan",2023-09-26,19.7838
148945,"SBI Nifty Next 50 Index Fund - Direct Plan - Growth",2023-09-26,12.3666
149936,"Axis Nifty Midcap 50 Index Fund - Direct Plan - Growth Option",2023-09-26,14.007
150738,"Tata Nifty Midcap 150 Momentum 50 Index Fund - Growth - Direct Plan",2023-09-26,12.4572
150892,"Edelweiss Nifty Smallcap 250 Index Fund - Direct Plan - Growth",2023-09-26,12.5263
151781,"Kotak Nifty 200 Momentum 30 Index Fund - Direct Plan - Growth Option",2023-09-26,10.866
118482,"BANDHAN Nifty 50 Index Fund-Direct Plan-Growth",2023-09-27,42.918
147625,"Motilal Oswal Nifty 500 Index Fund - Direct Plan",2023-09-27,19.8599
148945,"SBI Nifty Next 50 Index Fund - Direct Plan - Growth",2023-09-27,12.384
149936,"Axis Nifty Midcap 50 Index Fund - Direct Plan - Growth Option",2023-09-27,14.1271
150738,"Tata Nifty Midcap 150 Momentum 50 Index Fund - Growth - Direct Plan",2023-09-27,12.6183
150892,"Edelweiss Nifty Smallcap 250 Index Fund - Direct Plan - Growth",2023-09-27,12.6166
151781,"Kotak Nifty 200 Momentum 30 Index Fund - Direct Plan - Growth Option",2023-09-27,11
118482,"BANDHAN Nifty 50 Index Fund-Direct Plan-Growth",2023-09-29,42.7478
147625,"Motilal Oswal Nifty 500 Index Fund - Direct Plan",2023-09-29,19.8027
148945,"SBI Nifty Next 50 Index Fund - Direct Plan - Growth",2023-09-29,12.3302
149936,"Axis Nifty Midcap 50 Index Fund - Direct Plan - Growth Option",2023-09-29,14.0677
150738,"Tata Nifty Midcap 150 Momentum 50 Index Fund - Growth - Direct Plan",2023-09-29,12.6043
150892,"Edelweiss Nifty Smallcap 250 Index Fund - Direct Plan - Growth",2023-09-29,12.656
151781,"Kotak Nifty 200 Momentum 30 Index Fund - Direct Plan - Growth Option",2023-09-29,10.999
118482,"BANDHAN Nifty 50 Index Fund-Direct Plan-Growth",2023-10-03,42.5094
147625,"Motilal Oswal Nifty 500 Index Fund - Direct Plan",2023-10-03,19.7583
148945,"SBI Nifty Next 50 Index Fund - Direct Plan - Growth",2023-10-03,12.371
149936,"Axis Nifty Midcap 50 Index Fund - Direct Plan - Growth Option",2023-10-03,14.0626
150738,"Tata Nifty Midcap 150 Momentum 50 Index Fund - Growth - Direct Plan",2023-10-03,12.6693
150892,"Edelweiss Nifty Smallcap 250 Index Fund - Direct Plan - Growth",2023-10-03,12.7336
151781,"Kotak Nifty 200 Momentum 30 Index Fund - Direct Plan - Growth Option",2023-10-03,11.013
118482,"BANDHAN Nifty 50 Index Fund-Direct Plan-Growth",2023-10-04,42.3086
147625,"Motilal Oswal Nifty 500 Index Fund - Direct Plan",2023-10-04,19.6076
148945,"SBI Nifty Next 50 Index Fund - Direct Plan - Growth",2023-10-04,12.1997
149936,"Axis Nifty Midcap 50 Index Fund - Direct Plan - Growth Option",2023-10-04,13.8718
150738,"Tata Nifty Midcap 150 Momentum 50 Index Fund - Growth - Direct Plan",2023-10-04,12.4291
150892,"Edelweiss Nifty Smallcap 250 Index Fund - Direct Plan - Growth",2023-10-04,12.5905
151781,"Kotak Nifty 200 Momentum 30 Index Fund - Direct Plan - Growth Option",2023-10-04,10.799
118482,"BANDHAN Nifty 50 Index Fund-Direct Plan-Growth",2023-10-05,42.5457
147625,"Motilal Oswal Nifty 500 Index Fund - Direct Plan",2023-10-05,19.6906
148945,"SBI Nifty Next 50 Index Fund - Direct Plan - Growth",2023-10-05,12.2294
149936,"Axis Nifty Midcap 50 Index Fund - Direct Plan - Growth Option",2023-10-05,13.8775
150738,"Tata Nifty Midcap 150 Momentum 50 Index Fund - Growth - Direct Plan",2023-10-05,12.3831
150892,"Edelweiss Nifty Smallcap 250 Index Fund - Direct Plan - Growth",2023-10-05,12.6621
151781,"Kotak Nifty 200 Momentum 30 Index Fund - Direct Plan - Growth Option",2023-10-05,10.809
118482,"BANDHAN Nifty 50 Index Fund-Direct Plan-Growth",2023-10-06,42.7791
147625,"Motilal Oswal Nifty 500 Index Fund - Direct Plan",2023-10-06,19.8024
148945,"SBI Nifty Next 50 Index Fund - Direct Plan - Growth",2023-10-06,12.3062
149936,"Axis Nifty Midcap 50 Index Fund - Direct Plan - Growth Option",2023-10-06,13.9848
150738,"Tata Nifty Midcap 150 Momentum 50 Index Fund - Growth - Direct Plan",2023-10-06,12.4524
150892,"Edelweiss Nifty Smallcap 250 Index Fund - Direct Plan - Growth",2023-10-06,12.7441
151781,"Kotak Nifty 200 Momentum 30 Index Fund - Direct Plan - Growth Option",2023-10-06,10.91
118482,"BANDHAN Nifty 50 Index Fund-Direct Plan-Growth",2023-10-09,42.4728
147625,"Motilal Oswal Nifty 500 Index Fund - Direct Plan",2023-10-09,19.6114
148945,"SBI Nifty Next 50 Index Fund - Direct Plan - Growth",2023-10-09,12.1572
149936,"Axis Nifty Midcap 50 Index Fund - Direct Plan - Growth Option",2023-10-09,13.8314
150738,"Tata Nifty Midcap 150 Momentum 50 Index Fund - Growth - Direct Plan",2023-10-09,12.3232
150892,"Edelweiss Nifty Smallcap 250 Index Fund - Direct Plan - Growth",2023-10-09,12.5381
151781,"Kotak Nifty 200 Momentum 30 Index Fund - Direct Plan - Growth Option",2023-10-09,10.809
118482,"BANDHAN Nifty 50 Index Fund-Direct Plan-Growth",2023-10-10,42.8581
147625,"Motilal Oswal Nifty 500 Index Fund - Direct Plan",2023-10-10,19.8123
148945,"SBI Nifty Next 50 Index Fund - Direct Plan - Growth",2023-10-10,12.321
149936,"Axis Nifty Midcap 50 Index Fund - Direct Plan - Growth Option",2023-10-10,14.0156
150738,"Tata Nifty Midcap 150 Momentum 50 Index Fund - Growth - Direct Plan",2023-10-10,12.4554
150892,"Edelweiss Nifty Smallcap 250 Index Fund - Direct Plan - Growth",2023-10-10,12.6726
151781,"Kotak Nifty 200 Momentum 30 Index Fund - Direct Plan - Growth Option",2023-10-10,10.947
118482,"BANDHAN Nifty 50 Index Fund-Direct Plan-Growth",2023-10-11,43.1215
147625,"Motilal Oswal Nifty 500 Index Fund - Direct Plan",2023-10-11,19.9311
148945,"SBI Nifty Next 50 Index Fund - Direct Plan - Growth",2023-10-11,12.3842
149936,"Axis Nifty Midcap 50 Index Fund - Direct Plan - Growth Option",2023-10-11,14.0628
150738,"Tata Nifty Midcap 150 Momentum 50 Index Fund - Growth - Direct Plan",2023-10-11,12.5479
150892,"Edelweiss Nifty Smallcap 250 Index Fund - Direct Plan - Growth",2023-10-11,12.7594
151781,"Kotak Nifty 200 Momentum 30 Index Fund - Direct Plan - Growth Option",2023-10-11,10.988
118482,"BANDHAN Nifty 50 Index Fund-Direct Plan-Growth",2023-10-12,43.0823
147625,"Motilal Oswal Nifty 500 Index Fund - Direct Plan",2023-10-12,19.9451
148945,"SBI Nifty Next 50 Index Fund - Direct Plan - Growth",2023-10-12,12.4129
149936,"Axis Nifty Midcap 50 Index Fund - Direct Plan - Growth Option",2023-10-12,14.1094
150738,"Tata Nifty Midcap 150 Momentum 50 Index Fund - Growth - Direct Plan",2023-10-12,12.5801
150892,"Edelweiss Nifty Smallcap 250 Index Fund - Direct Plan - Growth",2023-10-12,12.8511
151781,"Kotak Nifty 200 Momentum 30 Index Fund - Direct Plan - Growth Option",2023-10-12,11.009
118482,"BANDHAN Nifty 50 Index Fund-Direct Plan-Growth",2023-10-13,42.9882
147625,"Motilal Oswal Nifty 500 Index Fund - Direct Plan",2023-10-13,19.9113
148945,"SBI Nifty Next 50 Index Fund - Direct Plan - Growth",2023-10-13,12.3987
149936,"Axis Nifty Midcap 50 Index Fund - Direct Plan - Growth Option",2023-10-13,14.0859
150738,"Tata Nifty Midcap 150 Momentum 50 Index Fund - Growth - Direct Plan",2023-10-13,12.5881
150892,"Edelweiss Nifty Smallcap 250 Index Fund - Direct Plan - Growth",2023-10-13,12.8327
151781,"Kotak Nifty 200 Momentum 30 Index Fund - Direct Plan - Growth Option",2023-10-13,10.999
118482,"BANDHAN Nifty 50 Index Fund-Direct Plan-Growth",2023-10-16,42.9461
147625,"Motilal Oswal Nifty 500 Index Fund - Direct Plan",2023-10-16,19.9137
148945,"SBI Nifty Next 50 Index Fund - Direct Plan - Growth",2023-10-16,12.4344
149936,"Axis Nifty Midcap 50 Index Fund - Direct Plan - Growth Option",2023-10-16,14.112
150738,"Tata Nifty Midcap 150 Momentum 50 Index Fund - Growth - Direct Plan",2023-10-16,12.6323
150892,"Edelweiss Nifty Smallcap 250 Index Fund - Direct Plan - Growth",2023-10-16,12.8732
151781,"Kotak Nifty 200 Momentum 30 Index Fund - Direct Plan - Growth Option",2023-10-16,11.032
118482,"BANDHAN Nifty 50 Index Fund-Direct Plan-Growth",2023-10-17,43.1192
147625,"Motilal Oswal Nifty 500 Index Fund - Direct Plan",2023-10-17,19.9994
148945,"SBI Nifty Next 50 Index Fund - Direct Plan - Growth",2023-10-17,12.4796
149936,"Axis Nifty Midcap 50 Index Fund - Direct Plan - Growth Option",2023-10-17,14.1402
150738,"Tata Nifty Midcap 150 Momentum 50 Index Fund - Growth - Direct Plan",2023-10-17,12.6863
150892,"Edelweiss Nifty Smallcap 250 Index Fund - Direct Plan - Growth",2023-10-17,12.958
151781,"Kotak Nifty 200 Momentum 30 Index Fund - Direct Plan - Growth Option",2023-10-17,11.066
118482,"BANDHAN Nifty 50 Index Fund-Direct Plan-Growth",2023-10-18,42.8148
147625,"Motilal Oswal Nifty 500 Index Fund - Direct Plan",2023-10-18,19.8575
148945,"SBI Nifty Next 50 Index Fund - Direct Plan - Growth",2023-10-18,12.3518
149936,"Axis Nifty Midcap 50 Index Fund - Direct Plan - Growth Option",2023-10-18,13.9839
150738,"Tata Nifty Midcap 150 Momentum 50 Index Fund - Growth - Direct Plan",2023-10-18,12.5698
150892,"Edelweiss Nifty Smallcap 250 Index Fund - Direct Plan - Growth",2023-10-18,12.9075
151781,"Kotak Nifty 200 Momentum 30 Index Fund - Direct Plan - Growth Option",2023-10-18,10.922
118482,"BANDHAN Nifty 50 Index Fund-Direct Plan-Growth",2023-10-19,42.7186
147625,"Motilal Oswal Nifty 500 Index Fund - Direct Plan",2023-10-19,19.8202
148945,"SBI Nifty Next 50 Index Fund - Direct Plan - Growth",2023-10-19,12.3119
149936,"Axis Nifty Midcap 50 Index Fund - Direct Plan - Growth Option",2023-10-19,13.9779
150738,"Tata Nifty Midcap 150 Momentum 50 Index Fund - Growth - Direct Plan",2023-10-19,12.5488
150892,"Edelweiss Nifty Smallcap 250 Index Fund - Direct Plan - Growth",2023-10-19,12.9259
151781,"Kotak Nifty 200 Momentum 30 Index Fund - Direct Plan - Growth Option",2023-10-19,10.927
118482,"BANDHAN Nifty 50 Index Fund-Direct Plan-Growth",2023-10-20,42.5465
147625,"Motilal Oswal Nifty 500 Index Fund - Direct Plan",2023-10-20,19.7055
148945,"SBI Nifty Next 50 Index Fund - Direct Plan - Growth",2023-10-20,12.195
149936,"Axis Nifty Midcap 50 Index Fund - Direct Plan - Growth Option",2023-10-20,13.749
150738,"Tata Nifty Midcap 150 Momentum 50 Index Fund - Growth - Direct Plan",2023-10-20,12.4745
150892,"Edelweiss Nifty Smallcap 250 Index Fund - Direct Plan - Growth",2023-10-20,12.8231
151781,"Kotak Nifty 200 Momentum 30 Index Fund - Direct Plan - Growth Option",2023-10-20,10.784
118482,"BANDHAN Nifty 50 Index Fund-Direct Plan-Growth",2023-10-23,41.9802
147625,"Motilal Oswal Nifty 500 Index Fund - Direct Plan",2023-10-23,19.3383
148945,"SBI Nifty Next 50 Index Fund - Direct Plan - Growth",2023-10-23,11.9586
149936,"Axis Nifty Midcap 50 Index Fund - Direct Plan - Growth Option",2023-10-23,13.5009
150738,"Tata Nifty Midcap 150 Momentum 50 Index Fund - Growth - Direct Plan",2023-10-23,12.175
150892,"Edelweiss Nifty Smallcap 250 Index Fund - Direct Plan - Growth",2023-10-23,12.3407
151781,"Kotak Nifty 200 Momentum 30 Index Fund - Direct Plan - Growth Option",2023-10-23,10.601
118482,"BANDHAN Nifty 50 Index Fund-Direct Plan-Growth",2023-10-25,41.6647
147625,"Motilal Oswal Nifty 500 Index Fund - Direct Plan",2023-10-25,19.2008
148945,"SBI Nifty Next 50 Index Fund - Direct Plan - Growth",2023-10-25,11.8857
149936,"Axis Nifty Midcap 50 Index Fund - Direct Plan - Growth Option",2023-10-25,13.4121
150738,"Tata Nifty Midcap 150 Momentum 50 Index Fund - Growth - Direct Plan",2023-10-25,12.0885
150892,"Edelweiss Nifty Smallcap 250 Index Fund - Direct Plan - Growth",2023-10-25,12.2636
151781,"Kotak Nifty 200 Momentum 30 Index Fund - Direct Plan - Growth Option",2023-10-25,10.527
118482,"BANDHAN Nifty 50 Index Fund-Direct Plan-Growth",2023-10-26,41.0903
147625,"Motilal Oswal Nifty 500 Index Fund - Direct Plan",2023-10-26,18.966
148945,"SBI Nifty Next 50 Index Fund - Direct Plan - Growth",2023-10-26,11.7697
149936,"Axis Nifty Midcap 50 Index Fund - Direct Plan - Growth Option",2023-10-26,13.203
150738,"Tata Nifty Midcap 150 Momentum 50 Index Fund - Growth - Direct Plan",2023-10-26,11.9246
150892,"Edelweiss Nifty Smallcap 250 Index Fund - Direct Plan - Growth",2023-10-26,12.2053
151781,"Kotak Nifty 200 Momentum 30 Index Fund - Direct Plan - Growth Option",2023-10-26,10.407
118482,"BANDHAN Nifty 50 Index Fund-Direct Plan-Growth",2023-10-27,41.5006
147625,"Motilal Oswal Nifty 500 Index Fund - Direct Plan",2023-10-27,19.207
148945,"SBI Nifty Next 50 Index Fund - Direct Plan - Growth",2023-10-27,12.0016
149936,"Axis Nifty Midcap 50 Index Fund - Direct Plan - Growth Option",2023-10-27,13.3726
150738,"Tata Nifty Midcap 150 Momentum 50 Index Fund - Growth - Direct Plan",2023-10-27,12.153
150892,"Edelweiss Nifty Smallcap 250 Index Fund - Direct Plan - Growth",2023-10-27,12.4482
151781,"Kotak Nifty 200 Momentum 30 Index Fund - Direct Plan - Growth Option",2023-10-27,10.606
118482,"BANDHAN Nifty 50 Index Fund-Direct Plan-Growth",2023-10-30,41.7034
147625,"Motilal Oswal Nifty 500 Index Fund - Direct Plan",2023-10-30,19.276
148945,"SBI Nifty Next 50 Index Fund - Direct Plan - Growth",2023-10-30,12.0203
149936,"Axis Nifty Midcap 50 Index Fund - Direct Plan - Growth Option",2023-10-30,13.3594
150738,"Tata Nifty Midcap 150 Momentum 50 Index Fund - Growth - Direct Plan",2023-10-30,12.1911
150892,"Edelweiss Nifty Smallcap 250 Index Fund - Direct Plan - Growth",2023-10-30,12.4571
151781,"Kotak Nifty 200 Momentum 30 Index Fund - Direct Plan - Growth Option",2023-10-30,10.579
118482,"BANDHAN Nifty 50 Index Fund-Direct Plan-Growth",2023-10-31,41.5697
147625,"Motilal Oswal Nifty 500 Index Fund - Direct Plan",2023-10-31,19.2473
148945,"SBI Nifty Next 50 Index Fund - Direct Plan - Growth",2023-10-31,12.0512
149936,"Axis Nifty Midcap 50 Index Fund - Direct Plan - Growth Option",2023-10-31,13.4143
150738,"Tata Nifty Midcap 150 Momentum 50 Index Fund - Growth - Direct Plan",2023-10-31,12.2249
150892,"Edelweiss Nifty Smallcap 250 Index Fund - Direct Plan - Growth",2023-10-31,12.4465
151781,"Kotak Nifty 200 Momentum 30 Index Fund - Direct Plan - Growth Option",2023-10-31,10.592
118482,"BANDHAN Nifty 50 Index Fund-Direct Plan-Growth",2023-11-01,41.3752
147625,"Motilal Oswal Nifty 500 Index Fund - Direct Plan",2023-11-01,19.1699
148945,"SBI Nifty Next 50 Index Fund - Direct Plan - Growth",2023-11-01,11.9866
149936,"Axis Nifty Midcap 50 Index Fund - Direct Plan - Growth Option",2023-11-01,13.3903
150738,"Tata Nifty Midcap 150 Momentum 50 Index Fund - Growth - Direct Plan",2023-11-01,12.1931
150892,"Edelweiss Nifty Smallcap 250 Index Fund - Direct Plan - Growth",2023-11-01,12.4234
151781,"Kotak Nifty 200 Momentum 30 Index Fund - Direct Plan - Growth Option",2023-11-01,10.544
118482,"BANDHAN Nifty 50 Index Fund-Direct Plan-Growth",2023-11-02,41.6998
147625,"Motilal Oswal Nifty 500 Index Fund - Direct Plan",2023-11-02,19.354
148945,"SBI Nifty Next 50 Index Fund - Direct Plan - Growth",2023-11-02,12.1694
149936,"Axis Nifty Midcap 50 Index Fund - Direct Plan - Growth Option",2023-11-02,13.6033
150738,"Tata Nifty Midcap 150 Momentum 50 Index Fund - Growth - Direct Plan",2023-11-02,12.3781
150892,"Edelweiss Nifty Smallcap 250 Index Fund - Direct Plan - Growth",2023-11-02,12.5576
151781,"Kotak Nifty 200 Momentum 30 Index Fund - Direct Plan - Growth Option",2023-11-02,10.723
118482,"BANDHAN Nifty 50 Index Fund-Direct Plan-Growth",2023-11-03,41.9181
147625,"Motilal Oswal Nifty 500 Index Fund - Direct Plan",2023-11-03,19.4818
148945,"SBI Nifty Next 50 Index Fund - Direct Plan - Growth",2023-11-03,12.2881
149936,"Axis Nifty Midcap 50 Index Fund - Direct Plan - Growth Option",2023-11-03,13.7058
150738,"Tata Nifty Midcap 150 Momentum 50 Index Fund - Growth - Direct Plan",2023-11-03,12.4333
150892,"Edelweiss Nifty Smallcap 250 Index Fund - Direct Plan - Growth",2023-11-03,12.6846
151781,"Kotak Nifty 200 Momentum 30 Index Fund - Direct Plan - Growth Option",2023-11-03,10.792
118482,"BANDHAN Nifty 50 Index Fund-Direct Plan-Growth",2023-11-06,42.3114
147625,"Motilal Oswal Nifty 500 Index Fund - Direct Plan",2023-11-06,19.664
148945,"SBI Nifty Next 50 Index Fund - Direct Plan - Growth",2023-11-06,12.3894
149936,"Axis Nifty Midcap 50 Index Fund - Direct Plan - Growth Option",2023-11-06,13.7879
150738,"Tata Nifty Midcap 150 Momentum 50 Index Fund - Growth - Direct Plan",2023-11-06,12.5113
150892,"Edelweiss Nifty Smallcap 250 Index Fund - Direct Plan - Growth",2023-11-06,12.8186
151781,"Kotak Nifty 200 Momentum 30 Index Fund - Direct Plan - Growth Option",2023-11-06,10.871
118482,"BANDHAN Nifty 50 Index Fund-Direct Plan-Growth",2023-11-07,42.3002
147625,"Motilal Oswal Nifty 500 Index Fund - Direct Plan",2023-11-07,19.6967
148945,"SBI Nifty Next 50 Index Fund - Direct Plan - Growth",2023-11-07,12.4909
149936,"Axis Nifty Midcap 50 Index Fund - Direct Plan - Growth Option",2023-11-07,13.814
150738,"Tata Nifty Midcap 150 Momentum 50 Index Fund - Growth - Direct Plan",2023-11-07,12.6345
150892,"Edelweiss Nifty Smallcap 250 Index Fund - Direct Plan - Growth",2023-11-07,12.8927
151781,"Kotak Nifty 200 Momentum 30 Index Fund - Direct Plan - Growth Option",2023-11-07,10.947
118482,"BANDHAN Nifty 50 Index Fund-Direct Plan-Growth",2023-11-08,42.3801
147625,"Motilal Oswal Nifty 500 Index Fund - Direct Plan",2023-11-08,19.779
148945,"SBI Nifty Next 50 Index Fund - Direct Plan - Growth",2023-11-08,12.5734
149936,"Axis Nifty Midcap 50 Index Fund - Direct Plan - Growth Option",2023-11-08,13.9308
150738,"Tata Nifty Midcap 150 Momentum 50 Index Fund - Growth - Direct Plan",2023-11-08,12.749
150892,"Edelweiss Nifty Smallcap 250 Index Fund - Direct Plan - Growth",2023-11-08,12.9708
151781,"Kotak Nifty 200 Momentum 30 Index Fund - Direct Plan - Growth Option",2023-11-08,11.07
118482,"BANDHAN Nifty 50 Index Fund-Direct Plan-Growth",2023-11-09,42.275
147625,"Motilal Oswal Nifty 500 Index Fund - Direct Plan",2023-11-09,19.7325
148945,"SBI Nifty Next 50 Index Fund - Direct Plan - Growth",2023-11-09,12.5108
149936,"Axis Nifty Midcap 50 Index Fund - Direct Plan - Growth Option",2023-11-09,13.9946
150738,"Tata Nifty Midcap 150 Momentum 50 Index Fund - Growth - Direct Plan",2023-11-09,12.7958
150892,"Edelweiss Nifty Smallcap 250 Index Fund - Direct Plan - Growth",2023-11-09,12.9342
151781,"Kotak Nifty 200 Momentum 30 Index Fund - Direct Plan - Growth Option",2023-11-09,11.116
118482,"BANDHAN Nifty 50 Index Fund-Direct Plan-Growth",2023-11-10,42.3404
147625,"Motilal Oswal Nifty 500 Index Fund - Direct Plan",2023-11-10,19.7761
148945,"SBI Nifty Next 50 Index Fund - Direct Plan - Growth",2023-11-10,12.5297
149936,"Axis Nifty Midcap 50 Index Fund - Direct Plan - Growth Option",2023-11-10,14.065
150738,"Tata Nifty Midcap 150 Momentum 50 Index Fund - Growth - Direct Plan",2023-11-10,12.8653
150892,"Edelweiss Nifty Smallcap 250 Index Fund - Direct Plan - Growth",2023-11-10,12.9895
151781,"Kotak Nifty 200 Momentum 30 Index Fund - Direct Plan - Growth Option",2023-11-10,11.166
118482,"BANDHAN Nifty 50 Index Fund-Direct Plan-Growth",2023-11-13,42.3797
147625,"Motilal Oswal Nifty 500 Index Fund - Direct Plan",2023-11-13,19.8472
148945,"SBI Nifty Next 50 Index Fund - Direct Plan - Growth",2023-11-13,12.6013
149936,"Axis Nifty Midcap 50 Index Fund - Direct Plan - Growth Option",2023-11-13,14.1423
150738,"Tata Nifty Midcap 150 Momentum 50 Index Fund - Growth - Direct Plan",2023-11-13,13.0284
150892,"Edelweiss Nifty Smallcap 250 Index Fund - Direct Plan - Growth",2023-11-13,13.1833
151781,"Kotak Nifty 200 Momentum 30 Index Fund - Direct Plan - Growth Option",2023-11-13,11.292
118482,"BANDHAN Nifty 50 Index Fund-Direct Plan-Growth",2023-11-15,42.8802
147625,"Motilal Oswal Nifty 500 Index Fund - Direct Plan",2023-11-15,20.0641
148945,"SBI Nifty Next 50 Index Fund - Direct Plan - Growth",2023-11-15,12.7212
149936,"Axis Nifty Midcap 50 Index Fund - Direct Plan - Growth Option",2023-11-15,14.2651
150738,"Tata Nifty Midcap 150 Momentum 50 Index Fund - Growth - Direct Plan",2023-11-15,13.1102
150892,"Edelweiss Nifty Smallcap 250 Index Fund - Direct Plan - Growth",2023-11-15,13.3297
151781,"Kotak Nifty 200 Momentum 30 Index Fund - Direct Plan - Growth Option",2023-11-15,11.387
118482,"BANDHAN Nifty 50 Index Fund-Direct Plan-Growth",2023-11-16,43.0843
147625,"Motilal Oswal Nifty 500 Index Fund - Direct Plan",2023-11-16,20.1641
148945,"SBI Nifty Next 50 Index Fund - Direct Plan - Growth",2023-11-16,12.7666
149936,"Axis Nifty Midcap 50 Index Fund - Direct Plan - Growth Option",2023-11-16,14.3865
150738,"Tata Nifty Midcap 150 Momentum 50 Index Fund - Growth - Direct Plan",2023-11-16,13.1831
150892,"Edelweiss Nifty Smallcap 250 Index Fund - Direct Plan - Growth",2023-11-16,13.3857
151781,"Kotak Nifty 200 Momentum 30 Index Fund - Direct Plan - Growth Option",2023-11-16,11.411
118482,"BANDHAN Nifty 50 Index Fund-Direct Plan-Growth",2023-11-17,43.0114
147625,"Motilal Oswal Nifty 500 Index Fund - Direct Plan",2023-11-17,20.1731
148945,"SBI Nifty Next 50 Index Fund - Direct Plan - Growth",2023-11-17,12.8369
149936,"Axis Nifty Midcap 50 Index Fund - Direct Plan - Growth Option",2023-11-17,14.4232
150738,"Tata Nifty Midcap 150 Momentum 50 Index Fund - Growth - Direct Plan",2023-11-17,13.2394
150892,"Edelweiss Nifty Smallcap 250 Index Fund - Direct Plan - Growth",2023-11-17,13.4306
151781,"Kotak Nifty 200 Momentum 30 Index Fund - Direct Plan - Growth Option",2023-11-17,11.478
118482,"BANDHAN Nifty 50 Index Fund-Direct Plan-Growth",2023-11-20,42.9287
147625,"Motilal Oswal Nifty 500 Index Fund - Direct Plan",2023-11-20,20.142
148945,"SBI Nifty Next 50 Index Fund - Direct Plan - Growth",2023-11-20,12.8035
149936,"Axis Nifty Midcap 50 Index Fund - Direct Plan - Growth Option",2023-11-20,14.4411
150738,"Tata Nifty Midcap 150 Momentum 50 Index Fund - Growth - Direct Plan",2023-11-20,13.2752
150892,"Edelweiss Nifty Smallcap 250 Index Fund - Direct Plan - Growth",2023-11-20,13.436
151781,"Kotak Nifty 200 Momentum 30 Index Fund - Direct Plan - Growth Option",2023-11-20,11.519
118482,"BANDHAN Nifty 50 Index Fund-Direct Plan-Growth",2023-11-21,43.1232
147625,"Motilal Oswal Nifty 500 Index Fund - Direct Plan",2023-11-21,20.2037
148945,"SBI Nifty Next 50 Index Fund - Direct Plan - Growth",2023-11-21,12.8039
149936,"Axis Nifty Midcap 50 Index Fund - Direct Plan - Growth Option",2023-11-21,14.4824
150738,"Tata Nifty Midcap 150 Momentum 50 Index Fund - Growth - Direct Plan",2023-11-21,13.2456
150892,"Edelweiss Nifty Smallcap 250 Index Fund - Direct Plan - Growth",2023-11-21,13.4626
151781,"Kotak Nifty 200 Momentum 30 Index Fund - Direct Plan - Growth Option",2023-11-21,11.506
118482,"BANDHAN Nifty 50 Index Fund-Direct Plan-Growth",2023-11-22,43.1849
147625,"Motilal Oswal Nifty 500 Index Fund - Direct Plan",2023-11-22,20.2041
148945,"SBI Nifty Next 50 Index Fund - Direct Plan - Growth",2023-11-22,12.7554
149936,"Axis Nifty Midcap 50 Index Fund - Direct Plan - Growth Option",2023-11-22,14.4671
150738,"Tata Nifty Midcap 150 Momentum 50 Index Fund - Growth - Direct Plan",2023-11-22,13.4047
150892,"Edelweiss Nifty Smallcap 250 Index Fund - Direct Plan - Growth",2023-11-22,13.3506
151781,"Kotak Nifty 200 Momentum 30 Index Fund - Direct Plan - Growth Option",2023-11-22,11.488
118482,"BANDHAN Nifty 50 Index Fund-Direct Plan-Growth",2023-11-23,43.1633
147625,"Motilal Oswal Nifty 500 Index Fund - Direct Plan",2023-11-23,20.2173
148945,"SBI Nifty Next 50 Index Fund - Direct Plan - Growth",2023-11-23,12.7921
149936,"Axis Nifty Midcap 50 Index Fund - Direct Plan - Growth Option",2023-11-23,14.4893
150738,"Tata Nifty Midcap 150 Momentum 50 Index Fund - Growth - Direct Plan",2023-11-23,13.3892
150892,"Edelweiss Nifty Smallcap 250 Index Fund - Direct Plan - Growth",2023-11-23,13.4191
151781,"Kotak Nifty 200 Momentum 30 Index Fund - Direct Plan - Growth Option",2023-11-23,11.543
118482,"BANDHAN Nifty 50 Index Fund-Direct Plan-Growth",2023-11-24,43.1472
147625,"Motilal Oswal Nifty 500 Index Fund - Direct Plan",2023-11-24,20.2229
148945,"SBI Nifty Next 50 Index Fund - Direct Plan - Growth",2023-11-24,12.7734
149936,"Axis Nifty Midcap 50 Index Fund - Direct Plan - Growth Option",2023-11-24,14.4921
150738,"Tata Nifty Midcap 150 Momentum 50 Index Fund - Growth - Direct Plan",2023-11-24,13.3634
150892,"Edelweiss Nifty Smallcap 250 Index Fund - Direct Plan - Growth",2023-11-24,13.4416
151781,"Kotak Nifty 200 Momentum 30 Index Fund - Direct Plan - Growth Option",2023-11-24,11.548
118482,"BANDHAN Nifty 50 Index Fund-Direct Plan-Growth",2023-11-28,43.3537
147625,"Motilal Oswal Nifty 500 Index Fund - Direct Plan",2023-11-28,20.3349
148945,"SBI Nifty Next 50 Index Fund - Direct Plan - Growth",2023-11-28,12.9251
149936,"Axis Nifty Midcap 50 Index Fund - Direct Plan - Growth Option",2023-11-28,14.5835
150738,"Tata Nifty Midcap 150 Momentum 50 Index Fund - Growth - Direct Plan",2023-11-28,13.3939
150892,"Edelweiss Nifty Smallcap 250 Index Fund - Direct Plan - Growth",2023-11-28,13.4709
151781,"Kotak Nifty 200 Momentum 30 Index Fund - Direct Plan - Growth Option",2023-11-28,11.628
118482,"BANDHAN Nifty 50 Index Fund-Direct Plan-Growth",2023-11-29,43.8051
147625,"Motilal Oswal Nifty 500 Index Fund - Direct Plan",2023-11-29,20.5207
148945,"SBI Nifty Next 50 Index Fund - Direct Plan - Growth",2023-11-29,13.0143
149936,"Axis Nifty Midcap 50 Index Fund - Direct Plan - Growth Option",2023-11-29,14.6821
150738,"Tata Nifty Midcap 150 Momentum 50 Index Fund - Growth - Direct Plan",2023-11-29,13.5262
150892,"Edelweiss Nifty Smallcap 250 Index Fund - Direct Plan - Growth",2023-11-29,13.5713
151781,"Kotak Nifty 200 Momentum 30 Index Fund - Direct Plan - Growth Option",2023-11-29,11.724
118482,"BANDHAN Nifty 50 Index Fund-Direct Plan-Growth",2023-11-30,43.885
147625,"Motilal Oswal Nifty 500 Index Fund - Direct Plan",2023-11-30,20.6166
148945,"SBI Nifty Next 50 Index Fund - Direct Plan - Growth",2023-11-30,13.1603
149936,"Axis Nifty Midcap 50 Index Fund - Direct Plan - Growth Option",2023-11-30,14.7861
150738,"Tata Nifty Midcap 150 Momentum 50 Index Fund - Growth - Direct Plan",2023-11-30,13.6681
150892,"Edelweiss Nifty Smallcap 250 Index Fund - Direct Plan - Growth",2023-11-30,13.7145
151781,"Kotak Nifty 200 Momentum 30 Index Fund - Direct Plan - Growth Option",2023-11-30,11.855
118482,"BANDHAN Nifty 50 Index Fund-Direct Plan-Growth",2023-12-01,44.1787
147625,"Motilal Oswal Nifty 500 Index Fund - Direct Plan",2023-12-01,20.7623
148945,"SBI Nifty Next 50 Index Fund - Direct Plan - Growth",2023-12-01,13.2879
149936,"Axis Nifty Midcap 50 Index Fund - Direct Plan - Growth Option",2023-12-01,14.9465
150738,"Tata Nifty Midcap 150 Momentum 50 Index Fund - Growth - Direct Plan",2023-12-01,13.9064
150892,"Edelweiss Nifty Smallcap 250 Index Fund - Direct Plan - Growth",2023-12-01,13.7903
151781,"Kotak Nifty 200 Momentum 30 Index Fund - Direct Plan - Growth Option",2023-12-01,12.109
118482,"BANDHAN Nifty 50 Index Fund-Direct Plan-Growth",2023-12-04,45.0906
147625,"Motilal Oswal Nifty 500 Index Fund - Direct Plan",2023-12-04,21.1438
148945,"SBI Nifty Next 50 Index Fund - Direct Plan - Growth",2023-12-04,13.5446
149936,"Axis Nifty Midcap 50 Index Fund - Direct Plan - Growth Option",2023-12-04,15.1012
150738,"Tata Nifty Midcap 150 Momentum 50 Index Fund - Growth - Direct Plan",2023-12-04,14.1316
150892,"Edelweiss Nifty Smallcap 250 Index Fund - Direct Plan - Growth",2023-12-04,13.9609
151781,"Kotak Nifty 200 Momentum 30 Index Fund - Direct Plan - Growth Option",2023-12-04,12.335
118482,"BANDHAN Nifty 50 Index Fund-Direct Plan-Growth",2023-12-05,45.4566
147625,"Motilal Oswal Nifty 500 Index Fund - Direct Plan",2023-12-05,21.3039
148945,"SBI Nifty Next 50 Index Fund - Direct Plan - Growth",2023-12-05,13.685
149936,"Axis Nifty Midcap 50 Index Fund - Direct Plan - Growth Option",2023-12-05,15.1524
150738,"Tata Nifty Midcap 150 Momentum 50 Index Fund - Growth - Direct Plan",2023-12-05,14.1583
150892,"Edelweiss Nifty Smallcap 250 Index Fund - Direct Plan - Growth",2023-12-05,13.9815
151781,"Kotak Nifty 200 Momentum 30 Index Fund - Direct Plan - Growth Option",2023-12-05,12.391
118482,"BANDHAN Nifty 50 Index Fund-Direct Plan-Growth",2023-12-06,45.6365
147625,"Motilal Oswal Nifty 500 Index Fund - Direct Plan",2023-12-06,21.4083
148945,"SBI Nifty Next 50 Index Fund - Direct Plan - Growth",2023-12-06,13.8439
149936,"Axis Nifty Midcap 50 Index Fund - Direct Plan - Growth Option",2023-12-06,15.2023
150738,"Tata Nifty Midcap 150 Momentum 50 Index Fund - Growth - Direct Plan",2023-12-06,14.1371
150892,"Edelweiss Nifty Smallcap 250 Index Fund - Direct Plan - Growth",2023-12-06,14.0191
151781,"Kotak Nifty 200 Momentum 30 Index Fund - Direct Plan - Growth Option",2023-12-06,12.449
118482,"BANDHAN Nifty 50 Index Fund-Direct Plan-Growth",2023-12-07,45.5569
147625,"Motilal Oswal Nifty 500 Index Fund - Direct Plan",2023-12-07,21.4352
148945,"SBI Nifty Next 50 Index Fund - Direct Plan - Growth",2023-12-07,13.9542
149936,"Axis Nifty Midcap 50 Index Fund - Direct Plan - Growth Option",2023-12-07,15.3009
150738,"Tata Nifty Midcap 150 Momentum 50 Index Fund - Growth - Direct Plan",2023-12-07,14.1785
150892,"Edelweiss Nifty Smallcap 250 Index Fund - Direct Plan - Growth",2023-12-07,14.0604
151781,"Kotak Nifty 200 Momentum 30 Index Fund - Direct Plan - Growth Option",2023-12-07,12.439
118482,"BANDHAN Nifty 50 Index Fund-Direct Plan-Growth",2023-12-08,45.7053
147625,"Motilal Oswal Nifty 500 Index Fund - Direct Plan",2023-12-08,21.4346
148945,"SBI Nifty Next 50 Index Fund - Direct Plan - Growth",2023-12-08,13.8686
149936,"Axis Nifty Midcap 50 Index Fund - Direct Plan - Growth Option",2023-12-08,15.2923
150738,"Tata Nifty Midcap 150 Momentum 50 Index Fund - Growth - Direct Plan",2023-12-08,14.192
150892,"Edelweiss Nifty Smallcap 250 Index Fund - Direct Plan - Growth",2023-12-08,13.9413
151781,"Kotak Nifty 200 Momentum 30 Index Fund - Direct Plan - Growth Option",2023-12-08,12.458
118482,"BANDHAN Nifty 50 Index Fund-Direct Plan-Growth",2023-12-11,45.7655
147625,"Motilal Oswal Nifty 500 Index Fund - Direct Plan",2023-12-11,21.5115
148945,"SBI Nifty Next 50 Index Fund - Direct Plan - Growth",2023-12-11,14.0137
149936,"Axis Nifty Midcap 50 Index Fund - Direct Plan - Growth Option",2023-12-11,15.3646
150738,"Tata Nifty Midcap 150 Momentum 50 Index Fund - Growth - Direct Plan",2023-12-11,14.3477
150892,"Edelweiss Nifty Smallcap 250 Index Fund - Direct Plan - Growth",2023-12-11,14.0187
151781,"Kotak Nifty 200 Momentum 30 Index Fund - Direct Plan - Growth Option",2023-12-11,12.582
118482,"BANDHAN Nifty 50 Index Fund-Direct Plan-Growth",2023-12-12,45.5679
147625,"Motilal Oswal Nifty 500 Index Fund - Direct Plan",2023-12-12,21.4156
148945,"SBI Nifty Next 50 Index Fund - Direct Plan - Growth",2023-12-12,13.9241
149936,"Axis Nifty Midcap 50 Index Fund - Direct Plan - Growth Option",2023-12-12,15.3232
150738,"Tata Nifty Midcap 150 Momentum 50 Index Fund - Growth - Direct Plan",2023-12-12,14.3087
150892,"Edelweiss Nifty Smallcap 250 Index Fund - Direct Plan - Growth",2023-12-12,14.0013
151781,"Kotak Nifty 200 Momentum 30 Index Fund - Direct Plan - Growth Option",2023-12-12,12.552
118482,"BANDHAN Nifty 50 Index Fund-Direct Plan-Growth",2023-12-13,45.6113
147625,"Motilal Oswal Nifty 500 Index Fund - Direct Plan",2023-12-13,21.4897
148945,"SBI Nifty Next 50 Index Fund - Direct Plan - Growth",2023-12-13,14.0501
149936,"Axis Nifty Midcap 50 Index Fund - Direct Plan - Growth Option",2023-12-13,15.522
150738,"Tata Nifty Midcap 150 Momentum 50 Index Fund - Growth - Direct Plan",2023-12-13,14.5925
150892,"Edelweiss Nifty Smallcap 250 Index Fund - Direct Plan - Growth",2023-12-13,14.0903
151781,"Kotak Nifty 200 Momentum 30 Index Fund - Direct Plan - Growth Option",2023-12-13,12.813
118482,"BANDHAN Nifty 50 Index Fund-Direct Plan-Growth",2023-12-14,46.1693
147625,"Motilal Oswal Nifty 500 Index Fund - Direct Plan",2023-12-14,21.7448
148945,"SBI Nifty Next 50 Index Fund - Direct Plan - Growth",2023-12-14,14.2288
149936,"Axis Nifty Midcap 50 Index Fund - Direct Plan - Growth Option",2023-12-14,15.7444
150738,"Tata Nifty Midcap 150 Momentum 50 Index Fund - Growth - Direct Plan",2023-12-14,14.7217
150892,"Edelweiss Nifty Smallcap 250 Index Fund - Direct Plan - Growth",2023-12-14,14.1996
151781,"Kotak Nifty 200 Momentum 30 Index Fund - Direct Plan - Growth Option",2023-12-14,12.889
118482,"BANDHAN Nifty 50 Index Fund-Direct Plan-Growth",2023-12-15,46.7658
147625,"Motilal Oswal Nifty 500 Index Fund - Direct Plan",2023-12-15,21.9408
148945,"SBI Nifty Next 50 Index Fund - Direct Plan - Growth",2023-12-15,14.2375
149936,"Axis Nifty Midcap 50 Index Fund - Direct Plan - Growth Option",2023-12-15,15.7785
150738,"Tata Nifty Midcap 150 Momentum 50 Index Fund - Growth - Direct Plan",2023-12-15,14.6785
150892,"Edelweiss Nifty Smallcap 250 Index Fund - Direct Plan - Growth",2023-12-15,14.3005
151781,"Kotak Nifty 200 Momentum 30 Index Fund - Direct Plan - Growth Option",2023-12-15,12.844
118482,"BANDHAN Nifty 50 Index Fund-Direct Plan-Growth",2023-12-18,46.6827
147625,"Motilal Oswal Nifty 500 Index Fund - Direct Plan",2023-12-18,21.9523
148945,"SBI Nifty Next 50 Index Fund - Direct Plan - Growth",2023-12-18,14.3312
149936,"Axis Nifty Midcap 50 Index Fund - Direct Plan - Growth Option",2023-12-18,15.7899
150738,"Tata Nifty Midcap 150 Momentum 50 Index Fund - Growth - Direct Plan",2023-12-18,14.693
150892,"Edelweiss Nifty Smallcap 250 Index Fund - Direct Plan - Growth",2023-12-18,14.3598
151781,"Kotak Nifty 200 Momentum 30 Index Fund - Direct Plan - Growth Option",2023-12-18,12.93
118482,"BANDHAN Nifty 50 Index Fund-Direct Plan-Growth",2023-12-19,46.7578
147625,"Motilal Oswal Nifty 500 Index Fund - Direct Plan",2023-12-19,21.9678
148945,"SBI Nifty Next 50 Index Fund - Direct Plan - Growth",2023-12-19,14.3547
149936,"Axis Nifty Midcap 50 Index Fund - Direct Plan - Growth Option",2023-12-19,15.716
150738,"Tata Nifty Midcap 150 Momentum 50 Index Fund - Growth - Direct Plan",2023-12-19,14.6262
150892,"Edelweiss Nifty Smallcap 250 Index Fund - Direct Plan - Growth",2023-12-19,14.3712
151781,"Kotak Nifty 200 Momentum 30 Index Fund - Direct Plan - Growth Option",2023-12-19,12.909
118482,"BANDHAN Nifty 50 Index Fund-Direct Plan-Growth",2023-12-20,46.097
147625,"Motilal Oswal Nifty 500 Index Fund - Direct Plan",2023-12-20,21.5207
148945,"SBI Nifty Next 50 Index Fund - Direct Plan - Growth",2023-12-20,13.9321
149936,"Axis Nifty Midcap 50 Index Fund - Direct Plan - Growth Option",2023-12-20,15.2138
150738,"Tata Nifty Midcap 150 Momentum 50 Index Fund - Growth - Direct Plan",2023-12-20,14.1856
150892,"Edelweiss Nifty Smallcap 250 Index Fund - Direct Plan - Growth",2023-12-20,13.8878
151781,"Kotak Nifty 200 Momentum 30 Index Fund - Direct Plan - Growth Option",2023-12-20,12.514
118482,"BANDHAN Nifty 50 Index Fund-Direct Plan-Growth",2023-12-21,46.3257
147625,"Motilal Oswal Nifty 500 Index Fund - Direct Plan",2023-12-21,21.7063
148945,"SBI Nifty Next 50 Index Fund - Direct Plan - Growth",2023-12-21,14.1173
149936,"Axis Nifty Midcap 50 Index Fund - Direct Plan - Growth Option",2023-12-21,15.4594
150738,"Tata Nifty Midcap 150 Momentum 50 Index Fund - Growth - Direct Plan",2023-12-21,14.3483
150892,"Edelweiss Nifty Smallcap 250 Index Fund - Direct Plan - Growth",2023-12-21,14.123
151781,"Kotak Nifty 200 Momentum 30 Index Fund - Direct Plan - Growth Option",2023-12-21,12.646
118482,"BANDHAN Nifty 50 Index Fund-Direct Plan-Growth",2023-12-22,46.5312
147625,"Motilal Oswal Nifty 500 Index Fund - Direct Plan",2023-12-22,21.8355
148945,"SBI Nifty Next 50 Index Fund - Direct Plan - Growth",2023-12-22,14.2332
149936,"Axis Nifty Midcap 50 Index Fund - Direct Plan - Growth Option",2023-12-22,15.5464
150738,"Tata Nifty Midcap 150 Momentum 50 Index Fund - Growth - Direct Plan",2023-12-22,14.422
150892,"Edelweiss Nifty Smallcap 250 Index Fund - Direct Plan - Growth",2023-12-22,14.2655
151781,"Kotak Nifty 200 Momentum 30 Index Fund - Direct Plan - Growth Option",2023-12-22,12.688
118482,"BANDHAN Nifty 50 Index Fund-Direct Plan-Growth",2023-12-26,46.7309
147625,"Motilal Oswal Nifty 500 Index Fund - Direct Plan",2023-12-26,21.9428
148945,"SBI Nifty Next 50 Index Fund - Direct Plan - Growth",2023-12-26,14.3673
149936,"Axis Nifty Midcap 50 Index Fund - Direct Plan - Growth Option",2023-12-26,15.6267
150738,"Tata Nifty Midcap 150 Momentum 50 Index Fund - Growth - Direct Plan",2023-12-26,14.5014
150892,"Edelweiss Nifty Smallcap 250 Index Fund - Direct Plan - Growth",2023-12-26,14.3078
151781,"Kotak Nifty 200 Momentum 30 Index Fund - Direct Plan - Growth Option",2023-12-26,12.826
118482,"BANDHAN Nifty 50 Index Fund-Direct Plan-Growth",2023-12-27,47.1943
147625,"Motilal Oswal Nifty 500 Index Fund - Direct Plan",2023-12-27,22.1123
148945,"SBI Nifty Next 50 Index Fund - Direct Plan - Growth",2023-12-27,14.4344
149936,"Axis Nifty Midcap 50 Index Fund - Direct Plan - Growth Option",2023-12-27,15.6758
150738,"Tata Nifty Midcap 150 Momentum 50 Index Fund - Growth - Direct Plan",2023-12-27,14.5187
150892,"Edelweiss Nifty Smallcap 250 Index Fund - Direct Plan - Growth",2023-12-27,14.3496
151781,"Kotak Nifty 200 Momentum 30 Index Fund - Direct Plan - Growth Option",2023-12-27,12.874
118482,"BANDHAN Nifty 50 Index Fund-Direct Plan-Growth",2023-12-28,47.4622
147625,"Motilal Oswal Nifty 500 Index Fund - Direct Plan",2023-12-28,22.2288
148945,"SBI Nifty Next 50 Index Fund - Direct Plan - Growth",2023-12-28,14.5114
149936,"Axis Nifty Midcap 50 Index Fund - Direct Plan - Growth Option",2023-12-28,15.8188
150738,"Tata Nifty Midcap 150 Momentum 50 Index Fund - Growth - Direct Plan",2023-12-28,14.5127
150892,"Edelweiss Nifty Smallcap 250 Index Fund - Direct Plan - Growth",2023-12-28,14.4338
151781,"Kotak Nifty 200 Momentum 30 Index Fund - Direct Plan - Growth Option",2023-12-28,12.847
118482,"BANDHAN Nifty 50 Index Fund-Direct Plan-Growth",2023-12-29,47.3591
147625,"Motilal Oswal Nifty 500 Index Fund - Direct Plan",2023-12-29,22.2629
148945,"SBI Nifty Next 50 Index Fund - Direct Plan - Growth",2023-12-29,14.6156
149936,"Axis Nifty Midcap 50 Index Fund - Direct Plan - Growth Option",2023-12-29,15.9134
150738,"Tata Nifty Midcap 150 Momentum 50 Index Fund - Growth - Direct Plan",2023-12-29,14.5198
150892,"Edelweiss Nifty Smallcap 250 Index Fund - Direct Plan - Growth",2023-12-29,14.5213
151781,"Kotak Nifty 200 Momentum 30 Index Fund - Direct Plan - Growth Option",2023-12-29,12.879
118482,"BANDHAN Nifty 50 Index Fund-Direct Plan-Growth",2024-01-01,47.3817
147625,"Motilal Oswal Nifty 500 Index Fund - Direct Plan",2024-01-01,22.3086
148945,"SBI Nifty Next 50 Index Fund - Direct Plan - Growth",2024-01-01,14.6331
149936,"Axis Nifty Midcap 50 Index Fund - Direct Plan - Growth Option",2024-01-01,16.0099
150738,"Tata Nifty Midcap 150 Momentum 50 Index Fund - Growth - Direct Plan",2024-01-01,14.582
150892,"Edelweiss Nifty Smallcap 250 Index Fund - Direct Plan - Growth",2024-01-01,14.6117
151781,"Kotak Nifty 200 Momentum 30 Index Fund - Direct Plan - Growth Option",2024-01-01,12.917
118482,"BANDHAN Nifty 50 Index Fund-Direct Plan-Growth",2024-01-02,47.2162
147625,"Motilal Oswal Nifty 500 Index Fund - Direct Plan",2024-01-02,22.2498
148945,"SBI Nifty Next 50 Index Fund - Direct Plan - Growth",2024-01-02,14.5968
149936,"Axis Nifty Midcap 50 Index Fund - Direct Plan - Growth Option",2024-01-02,15.9774
150738,"Tata Nifty Midcap 150 Momentum 50 Index Fund - Growth - Direct Plan",2024-01-02,14.5935
150892,"Edelweiss Nifty Smallcap 250 Index Fund - Direct Plan - Growth",2024-01-02,14.6058
151781,"Kotak Nifty 200 Momentum 30 Index Fund - Direct Plan - Growth Option",2024-01-02,12.901
118482,"BANDHAN Nifty 50 Index Fund-Direct Plan-Growth",2024-01-03,46.8935
147625,"Motilal Oswal Nifty 500 Index Fund - Direct Plan",2024-01-03,22.1908
148945,"SBI Nifty Next 50 Index Fund - Direct Plan - Growth",2024-01-03,14.7069
149936,"Axis Nifty Midcap 50 Index Fund - Direct Plan - Growth Option",2024-01-03,16.0105
150738,"Tata Nifty Midcap 150 Momentum 50 Index Fund - Growth - Direct Plan",2024-01-03,14.6298
150892,"Edelweiss Nifty Smallcap 250 Index Fund - Direct Plan - Growth",2024-01-03,14.6227
151781,"Kotak Nifty 200 Momentum 30 Index Fund - Direct Plan - Growth Option",2024-01-03,12.953
118482,"BANDHAN Nifty 50 Index Fund-Direct Plan-Growth",2024-01-04,47.2007
147625,"Motilal Oswal Nifty 500 Index Fund - Direct Plan",2024-01-04,22.3901
148945,"SBI Nifty Next 50 Index Fund - Direct Plan - Growth",2024-01-04,14.8929
149936,"Axis Nifty Midcap 50 Index Fund - Direct Plan - Growth Option",2024-01-04,16.2841
150738,"Tata Nifty Midcap 150 Momentum 50 Index Fund - Growth - Direct Plan",2024-01-04,14.8943
150892,"Edelweiss Nifty Smallcap 250 Index Fund - Direct Plan - Growth",2024-01-04,14.7723
151781,"Kotak Nifty 200 Momentum 30 Index Fund - Direct Plan - Growth Option",2024-01-04,13.102
118482,"BANDHAN Nifty 50 Index Fund-Direct Plan-Growth",2024-01-05,47.3142
147625,"Motilal Oswal Nifty 500 Index Fund - Direct Plan",2024-01-05,22.4465
148945,"SBI Nifty Next 50 Index Fund - Direct Plan - Growth",2024-01-05,14.8751
149936,"Axis Nifty Midcap 50 Index Fund - Direct Plan - Growth Option",2024-01-05,16.2918
150738,"Tata Nifty Midcap 150 Momentum 50 Index Fund - Growth - Direct Plan",2024-01-05,14.9279
150892,"Edelweiss Nifty Smallcap 250 Index Fund - Direct Plan - Growth",2024-01-05,14.8724
151781,"Kotak Nifty 200 Momentum 30 Index Fund - Direct Plan - Growth Option",2024-01-05,13.12
118482,"BANDHAN Nifty 50 Index Fund-Direct Plan-Growth",2024-01-08,46.8838
147625,"Motilal Oswal Nifty 500 Index Fund - Direct Plan",2024-01-08,22.2478
148945,"SBI Nifty Next 50 Index Fund - Direct Plan - Growth",2024-01-08,14.7197
149936,"Axis Nifty Midcap 50 Index Fund - Direct Plan - Growth Option",2024-01-08,16.0877
150738,"Tata Nifty Midcap 150 Momentum 50 Index Fund - Growth - Direct Plan",2024-01-08,14.8635
150892,"Edelweiss Nifty Smallcap 250 Index Fund - Direct Plan - Growth",2024-01-08,14.7847
151781,"Kotak Nifty 200 Momentum 30 Index Fund - Direct Plan - Growth Option",2024-01-08,13.071
118482,"BANDHAN Nifty 50 Index Fund-Direct Plan-Growth",2024-01-09,46.9531
147625,"Motilal Oswal Nifty 500 Index Fund - Direct Plan",2024-01-09,22.2956
148945,"SBI Nifty Next 50 Index Fund - Direct Plan - Growth",2024-01-09,14.783
149936,"Axis Nifty Midcap 50 Index Fund - Direct Plan - Growth Option",2024-01-09,16.0418
150738,"Tata Nifty Midcap 150 Momentum 50 Index Fund - Growth - Direct Plan",2024-01-09,14.8577
150892,"Edelweiss Nifty Smallcap 250 Index Fund - Direct Plan - Growth",2024-01-09,14.8379
151781,"Kotak Nifty 200 Momentum 30 Index Fund - Direct Plan - Growth Option",2024-01-09,13.111
118482,"BANDHAN Nifty 50 Index Fund-Direct Plan-Growth",2024-01-10,47.1136
147625,"Motilal Oswal Nifty 500 Index Fund - Direct Plan",2024-01-10,22.362
148945,"SBI Nifty Next 50 Index Fund - Direct Plan - Growth",2024-01-10,14.8149
149936,"Axis Nifty Midcap 50 Index Fund - Direct Plan - Growth Option",2024-01-10,16.0212
150738,"Tata Nifty Midcap 150 Momentum 50 Index Fund - Growth - Direct Plan",2024-01-10,14.876
150892,"Edelweiss Nifty Smallcap 250 Index Fund - Direct Plan - Growth",2024-01-10,14.8679
151781,"Kotak Nifty 200 Momentum 30 Index Fund - Direct Plan - Growth Option",2024-01-10,13.097
118482,"BANDHAN Nifty 50 Index Fund-Direct Plan-Growth",2024-01-11,47.1751
147625,"Motilal Oswal Nifty 500 Index Fund - Direct Plan",2024-01-11,22.4376
148945,"SBI Nifty Next 50 Index Fund - Direct Plan - Growth",2024-01-11,14.9567
149936,"Axis Nifty Midcap 50 Index Fund - Direct Plan - Growth Option",2024-01-11,16.0634
150738,"Tata Nifty Midcap 150 Momentum 50 Index Fund - Growth - Direct Plan",2024-01-11,14.8311
150892,"Edelweiss Nifty Smallcap 250 Index Fund - Direct Plan - Growth",2024-01-11,14.9898
151781,"Kotak Nifty 200 Momentum 30 Index Fund - Direct Plan - Growth Option",2024-01-11,13.095
118482,"BANDHAN Nifty 50 Index Fund-Direct Plan-Growth",2024-01-12,47.714
147625,"Motilal Oswal Nifty 500 Index Fund - Direct Plan",2024-01-12,22.6221
148945,"SBI Nifty Next 50 Index Fund - Direct Plan - Growth",2024-01-12,14.997
149936,"Axis Nifty Midcap 50 Index Fund - Direct Plan - Growth Option",2024-01-12,16.1615
150738,"Tata Nifty Midcap 150 Momentum 50 Index Fund - Growth - Direct Plan",2024-01-12,14.9079
150892,"Edelweiss Nifty Smallcap 250 Index Fund - Direct Plan - Growth",2024-01-12,15.0457
151781,"Kotak Nifty 200 Momentum 30 Index Fund - Direct Plan - Growth Option",2024-01-12,13.124
118482,"BANDHAN Nifty 50 Index Fund-Direct Plan-Growth",2024-01-15,48.1554
147625,"Motilal Oswal Nifty 500 Index Fund - Direct Plan",2024-01-15,22.7818
148945,"SBI Nifty Next 50 Index Fund - Direct Plan - Growth",2024-01-15,15.0497
149936,"Axis Nifty Midcap 50 Index Fund - Direct Plan - Growth Option",2024-01-15,16.3102
150738,"Tata Nifty Midcap 150 Momentum 50 Index Fund - Growth - Direct Plan",2024-01-15,15.0512
150892,"Edelweiss Nifty Smallcap 250 Index Fund - Direct Plan - Growth",2024-01-15,15.0824
151781,"Kotak Nifty 200 Momentum 30 Index Fund - Direct Plan - Growth Option",2024-01-15,13.24
118482,"BANDHAN Nifty 50 Index Fund-Direct Plan-Growth",2024-01-16,48.0137
147625,"Motilal Oswal Nifty 500 Index Fund - Direct Plan",2024-01-16,22.7152
148945,"SBI Nifty Next 50 Index Fund - Direct Plan - Growth",2024-01-16,15.0168
149936,"Axis Nifty Midcap 50 Index Fund - Direct Plan - Growth Option",2024-01-16,16.23
150738,"Tata Nifty Midcap 150 Momentum 50 Index Fund - Growth - Direct Plan",2024-01-16,15.0346
150892,"Edelweiss Nifty Smallcap 250 Index Fund - Direct Plan - Growth",2024-01-16,15.0412
151781,"Kotak Nifty 200 Momentum 30 Index Fund - Direct Plan - Growth Option",2024-01-16,13.166
118482,"BANDHAN Nifty 50 Index Fund-Direct Plan-Growth",2024-01-17,47.011
147625,"Motilal Oswal Nifty 500 Index Fund - Direct Plan",2024-01-17,22.327
148945,"SBI Nifty Next 50 Index Fund - Direct Plan - Growth",2024-01-17,14.8491
149936,"Axis Nifty Midcap 50 Index Fund - Direct Plan - Growth Option",2024-01-17,16.0206
150738,"Tata Nifty Midcap 150 Momentum 50 Index Fund - Growth - Direct Plan",2024-01-17,14.9091
150892,"Edelweiss Nifty Smallcap 250 Index Fund - Direct Plan - Growth",2024-01-17,14.8845
151781,"Kotak Nifty 200 Momentum 30 Index Fund - Direct Plan - Growth Option",2024-01-17,13.046
118482,"BANDHAN Nifty 50 Index Fund-Direct Plan-Growth",2024-01-18,46.7719
147625,"Motilal Oswal Nifty 500 Index Fund - Direct Plan",2024-01-18,22.2434
148945,"SBI Nifty Next 50 Index Fund - Direct Plan - Growth",2024-01-18,14.7784
149936,"Axis Nifty Midcap 50 Index Fund - Direct Plan - Growth Option",2024-01-18,16.0874
150738,"Tata Nifty Midcap 150 Momentum 50 Index Fund - Growth - Direct Plan",2024-01-18,14.8925
150892,"Edelweiss Nifty Smallcap 250 Index Fund - Direct Plan - Growth",2024-01-18,14.8824
151781,"Kotak Nifty 200 Momentum 30 Index Fund - Direct Plan - Growth Option",2024-01-18,13.056
118482,"BANDHAN Nifty 50 Index Fund-Direct Plan-Growth",2024-01-19,47.1401
147625,"Motilal Oswal Nifty 500 Index Fund - Direct Plan",2024-01-19,22.4684
148945,"SBI Nifty Next 50 Index Fund - Direct Plan - Growth",2024-01-19,14.9866
149936,"Axis Nifty Midcap 50 Index Fund - Direct Plan - Growth Option",2024-01-19,16.3082
150738,"Tata Nifty Midcap 150 Momentum 50 Index Fund - Growth - Direct Plan",2024-01-19,15.2372
150892,"Edelweiss Nifty Smallcap 250 Index Fund - Direct Plan - Growth",2024-01-19,15.0402
151781,"Kotak Nifty 200 Momentum 30 Index Fund - Direct Plan - Growth Option",2024-01-19,13.295
118482,"BANDHAN Nifty 50 Index Fund-Direct Plan-Growth",2024-01-23,46.3042
147625,"Motilal Oswal Nifty 500 Index Fund - Direct Plan",2024-01-23,22.0094
148945,"SBI Nifty Next 50 Index Fund - Direct Plan - Growth",2024-01-23,14.5989
149936,"Axis Nifty Midcap 50 Index Fund - Direct Plan - Growth Option",2024-01-23,15.7978
150738,"Tata Nifty Midcap 150 Momentum 50 Index Fund - Growth - Direct Plan",2024-01-23,14.8302
150892,"Edelweiss Nifty Smallcap 250 Index Fund - Direct Plan - Growth",2024-01-23,14.6987
151781,"Kotak Nifty 200 Momentum 30 Index Fund - Direct Plan - Growth Option",2024-01-23,12.947
118482,"BANDHAN Nifty 50 Index Fund-Direct Plan-Growth",2024-01-24,46.7729
147625,"Motilal Oswal Nifty 500 Index Fund - Direct Plan",2024-01-24,22.2897
148945,"SBI Nifty Next 50 Index Fund - Direct Plan - Growth",2024-01-24,14.8488
149936,"Axis Nifty Midcap 50 Index Fund - Direct Plan - Growth Option",2024-01-24,16.1672
150738,"Tata Nifty Midcap 150 Momentum 50 Index Fund - Growth - Direct Plan",2024-01-24,15.1538
150892,"Edelweiss Nifty Smallcap 250 Index Fund - Direct Plan - Growth",2024-01-24,14.9546
151781,"Kotak Nifty 200 Momentum 30 Index Fund - Direct Plan - Growth Option",2024-01-24,13.243
118482,"BANDHAN Nifty 50 Index Fund-Direct Plan-Growth",2024-01-25,46.5525
147625,"Motilal Oswal Nifty 500 Index Fund - Direct Plan",2024-01-25,22.2231
148945,"SBI Nifty Next 50 Index Fund - Direct Plan - Growth",2024-01-25,14.8715
149936,"Axis Nifty Midcap 50 Index Fund - Direct Plan - Growth Option",2024-01-25,16.0281
150738,"Tata Nifty Midcap 150 Momentum 50 Index Fund - Growth - Direct Plan",2024-01-25,15.1377
150892,"Edelweiss Nifty Smallcap 250 Index Fund - Direct Plan - Growth",2024-01-25,15.0353
151781,"Kotak Nifty 200 Momentum 30 Index Fund - Direct Plan - Growth Option",2024-01-25,13.304
118482,"BANDHAN Nifty 50 Index Fund-Direct Plan-Growth",2024-01-29,47.3887
147625,"Motilal Oswal Nifty 500 Index Fund - Direct Plan",2024-01-29,22.5878
148945,"SBI Nifty Next 50 Index Fund - Direct Plan - Growth",2024-01-29,15.0684
149936,"Axis Nifty Midcap 50 Index Fund - Direct Plan - Growth Option",2024-01-29,16.3913
150738,"Tata Nifty Midcap 150 Momentum 50 Index Fund - Growth - Direct Plan",2024-01-29,15.3878
150892,"Edelweiss Nifty Smallcap 250 Index Fund - Direct Plan - Growth",2024-01-29,15.2293
151781,"Kotak Nifty 200 Momentum 30 Index Fund - Direct Plan - Growth Option",2024-01-29,13.6
118482,"BANDHAN Nifty 50 Index Fund-Direct Plan-Growth",2024-01-30,46.9204
147625,"Motilal Oswal Nifty 500 Index Fund - Direct Plan",2024-01-30,22.4305
148945,"SBI Nifty Next 50 Index Fund - Direct Plan - Growth",2024-01-30,15.0181
149936,"Axis Nifty Midcap 50 Index Fund - Direct Plan - Growth Option",2024-01-30,16.3126
150738,"Tata Nifty Midcap 150 Momentum 50 Index Fund - Growth - Direct Plan",2024-01-30,15.3331
150892,"Edelweiss Nifty Smallcap 250 Index Fund - Direct Plan - Growth",2024-01-30,15.2494
151781,"Kotak Nifty 200 Momentum 30 Index Fund - Direct Plan - Growth Option",2024-01-30,13.507
118482,"BANDHAN Nifty 50 Index Fund-Direct Plan-Growth",2024-01-31,47.3634
147625,"Motilal Oswal Nifty 500 Index Fund - Direct Plan",2024-01-31,22.6916
148945,"SBI Nifty Next 50 Index Fund - Direct Plan - Growth",2024-01-31,15.1477
149936,"Axis Nifty Midcap 50 Index Fund - Direct Plan - Growth Option",2024-01-31,16.4854
150738,"Tata Nifty Midcap 150 Momentum 50 Index Fund - Growth - Direct Plan",2024-01-31,15.5968
150892,"Edelweiss Nifty Smallcap 250 Index Fund - Direct Plan - Growth",2024-01-31,15.574
151781,"Kotak Nifty 200 Momentum 30 Index Fund - Direct Plan - Growth Option",2024-01-31,13.648
118482,"BANDHAN Nifty 50 Index Fund-Direct Plan-Growth",2024-02-01,47.3017
147625,"Motilal Oswal Nifty 500 Index Fund - Direct Plan",2024-02-01,22.663
148945,"SBI Nifty Next 50 Index Fund - Direct Plan - Growth",2024-02-01,15.2056
149936,"Axis Nifty Midcap 50 Index Fund - Direct Plan - Growth Option",2024-02-01,16.378
150738,"Tata Nifty Midcap 150 Momentum 50 Index Fund - Growth - Direct Plan",2024-02-01,15.449
150892,"Edelweiss Nifty Smallcap 250 Index Fund - Direct Plan - Growth",2024-02-01,15.5945
151781,"Kotak Nifty 200 Momentum 30 Index Fund - Direct Plan - Growth Option",2024-02-01,13.554
118482,"BANDHAN Nifty 50 Index Fund-Direct Plan-Growth",2024-02-02,47.6427
147625,"Motilal Oswal Nifty 500 Index Fund - Direct Plan",2024-02-02,22.8159
148945,"SBI Nifty Next 50 Index Fund - Direct Plan - Growth",2024-02-02,15.3237
149936,"Axis Nifty Midcap 50 Index Fund - Direct Plan - Growth Option",2024-02-02,16.5333
150738,"Tata Nifty Midcap 150 Momentum 50 Index Fund - Growth - Direct Plan",2024-02-02,15.5975
150892,"Edelweiss Nifty Smallcap 250 Index Fund - Direct Plan - Growth",2024-02-02,15.6891
151781,"Kotak Nifty 200 Momentum 30 Index Fund - Direct Plan - Growth Option",2024-02-02,13.705
118482,"BANDHAN Nifty 50 Index Fund-Direct Plan-Growth",2024-02-05,47.4637
147625,"Motilal Oswal Nifty 500 Index Fund - Direct Plan",2024-02-05,22.75
148945,"SBI Nifty Next 50 Index Fund - Direct Plan - Growth",2024-02-05,15.2493
149936,"Axis Nifty Midcap 50 Index Fund - Direct Plan - Growth Option",2024-02-05,16.5851
150738,"Tata Nifty Midcap 150 Momentum 50 Index Fund - Growth - Direct Plan",2024-02-05,15.7046
150892,"Edelweiss Nifty Smallcap 250 Index Fund - Direct Plan - Growth",2024-02-05,15.6809
151781,"Kotak Nifty 200 Momentum 30 Index Fund - Direct Plan - Growth Option",2024-02-05,13.765
118482,"BANDHAN Nifty 50 Index Fund-Direct Plan-Growth",2024-02-06,47.8121
147625,"Motilal Oswal Nifty 500 Index Fund - Direct Plan",2024-02-06,22.9583
148945,"SBI Nifty Next 50 Index Fund - Direct Plan - Growth",2024-02-06,15.4694
149936,"Axis Nifty Midcap 50 Index Fund - Direct Plan - Growth Option",2024-02-06,16.7813
150738,"Tata Nifty Midcap 150 Momentum 50 Index Fund - Growth - Direct Plan",2024-02-06,15.817
150892,"Edelweiss Nifty Smallcap 250 Index Fund - Direct Plan - Growth",2024-02-06,15.8275
151781,"Kotak Nifty 200 Momentum 30 Index Fund - Direct Plan - Growth Option",2024-02-06,13.883
118482,"BANDHAN Nifty 50 Index Fund-Direct Plan-Growth",2024-02-07,47.8144
147625,"Motilal Oswal Nifty 500 Index Fund - Direct Plan",2024-02-07,23.0455
148945,"SBI Nifty Next 50 Index Fund - Direct Plan - Growth",2024-02-07,15.7223
149936,"Axis Nifty Midcap 50 Index Fund - Direct Plan - Growth Option",2024-02-07,16.8641
150738,"Tata Nifty Midcap 150 Momentum 50 Index Fund - Growth - Direct Plan",2024-02-07,15.9042
150892,"Edelweiss Nifty Smallcap 250 Index Fund - Direct Plan - Growth",2024-02-07,15.9104
151781,"Kotak Nifty 200 Momentum 30 Index Fund - Direct Plan - Growth Option",2024-02-07,14.047
118482,"BANDHAN Nifty 50 Index Fund-Direct Plan-Growth",2024-02-08,47.3792
147625,"Motilal Oswal Nifty 500 Index Fund - Direct Plan",2024-02-08,22.914
148945,"SBI Nifty Next 50 Index Fund - Direct Plan - Growth",2024-02-08,15.7978
149936,"Axis Nifty Midcap 50 Index Fund - Direct Plan - Growth Option",2024-02-08,16.8848
150738,"Tata Nifty Midcap 150 Momentum 50 Index Fund - Growth - Direct Plan",2024-02-08,15.9411
150892,"Edelweiss Nifty Smallcap 250 Index Fund - Direct Plan - Growth",2024-02-08,15.8419
151781,"Kotak Nifty 200 Momentum 30 Index Fund - Direct Plan - Growth Option",2024-02-08,14.134
118482,"BANDHAN Nifty 50 Index Fund-Direct Plan-Growth",2024-02-09,47.5242
147625,"Motilal Oswal Nifty 500 Index Fund - Direct Plan",2024-02-09,22.8861
148945,"SBI Nifty Next 50 Index Fund - Direct Plan - Growth",2024-02-09,15.7382
149936,"Axis Nifty Midcap 50 Index Fund - Direct Plan - Growth Option",2024-02-09,16.756
150738,"Tata Nifty Midcap 150 Momentum 50 Index Fund - Growth - Direct Plan",2024-02-09,15.6695
150892,"Edelweiss Nifty Smallcap 250 Index Fund - Direct Plan - Growth",2024-02-09,15.6435
151781,"Kotak Nifty 200 Momentum 30 Index Fund - Direct Plan - Growth Option",2024-02-09,13.959
118482,"BANDHAN Nifty 50 Index Fund-Direct Plan-Growth",2024-02-12,47.1611
147625,"Motilal Oswal Nifty 500 Index Fund - Direct Plan",2024-02-12,22.5581
148945,"SBI Nifty Next 50 Index Fund - Direct Plan - Growth",2024-02-12,15.436
149936,"Axis Nifty Midcap 50 Index Fund - Direct Plan - Growth Option",2024-02-12,16.4405
150738,"Tata Nifty Midcap 150 Momentum 50 Index Fund - Growth - Direct Plan",2024-02-12,15.2099
150892,"Edelweiss Nifty Smallcap 250 Index Fund - Direct Plan - Growth",2024-02-12,15.0973
151781,"Kotak Nifty 200 Momentum 30 Index Fund - Direct Plan - Growth Option",2024-02-12,13.683
118482,"BANDHAN Nifty 50 Index Fund-Direct Plan-Growth",2024-02-13,47.4379
147625,"Motilal Oswal Nifty 500 Index Fund - Direct Plan",2024-02-13,22.6814
148945,"SBI Nifty Next 50 Index Fund - Direct Plan - Growth",2024-02-13,15.5911
149936,"Axis Nifty Midcap 50 Index Fund - Direct Plan - Growth Option",2024-02-13,16.5112
150738,"Tata Nifty Midcap 150 Momentum 50 Index Fund - Growth - Direct Plan",2024-02-13,15.256
150892,"Edelweiss Nifty Smallcap 250 Index Fund - Direct Plan - Growth",2024-02-13,15.1511
151781,"Kotak Nifty 200 Momentum 30 Index Fund - Direct Plan - Growth Option",2024-02-13,13.812
118482,"BANDHAN Nifty 50 Index Fund-Direct Plan-Growth",2024-02-14,47.6476
147625,"Motilal Oswal Nifty 500 Index Fund - Direct Plan",2024-02-14,22.8411
148945,"SBI Nifty Next 50 Index Fund - Direct Plan - Growth",2024-02-14,15.8044
149936,"Axis Nifty Midcap 50 Index Fund - Direct Plan - Growth Option",2024-02-14,16.6769
150738,"Tata Nifty Midcap 150 Momentum 50 Index Fund - Growth - Direct Plan",2024-02-14,15.4047
150892,"Edelweiss Nifty Smallcap 250 Index Fund - Direct Plan - Growth",2024-02-14,15.3436
151781,"Kotak Nifty 200 Momentum 30 Index Fund - Direct Plan - Growth Option",2024-02-14,14.013
118482,"BANDHAN Nifty 50 Index Fund-Direct Plan-Growth",2024-02-15,47.8129
147625,"Motilal Oswal Nifty 500 Index Fund - Direct Plan",2024-02-15,22.9756
148945,"SBI Nifty Next 50 Index Fund - Direct Plan - Growth",2024-02-15,15.9449
149936,"Axis Nifty Midcap 50 Index Fund - Direct Plan - Growth Option",2024-02-15,16.8426
150738,"Tata Nifty Midcap 150 Momentum 50 Index Fund - Growth - Direct Plan",2024-02-15,15.6042
150892,"Edelweiss Nifty Smallcap 250 Index Fund - Direct Plan - Growth",2024-02-15,15.5218
151781,"Kotak Nifty 200 Momentum 30 Index Fund - Direct Plan - Growth Option",2024-02-15,14.168
118482,"BANDHAN Nifty 50 Index Fund-Direct Plan-Growth",2024-02-16,48.1035
147625,"Motilal Oswal Nifty 500 Index Fund - Direct Plan",2024-02-16,23.1257
148945,"SBI Nifty Next 50 Index Fund - Direct Plan - Growth",2024-02-16,16.0542
149936,"Axis Nifty Midcap 50 Index Fund - Direct Plan - Growth Option",2024-02-16,16.991
150738,"Tata Nifty Midcap 150 Momentum 50 Index Fund - Growth - Direct Plan",2024-02-16,15.7795
150892,"Edelweiss Nifty Smallcap 250 Index Fund - Direct Plan - Growth",2024-02-16,15.6254
151781,"Kotak Nifty 200 Momentum 30 Index Fund - Direct Plan - Growth Option",2024-02-16,14.328
118482,"BANDHAN Nifty 50 Index Fund-Direct Plan-Growth",2024-02-19,48.2822
147625,"Motilal Oswal Nifty 500 Index Fund - Direct Plan",2024-02-19,23.2125
148945,"SBI Nifty Next 50 Index Fund - Direct Plan - Growth",2024-02-19,16.0715
149936,"Axis Nifty Midcap 50 Index Fund - Direct Plan - Growth Option",2024-02-19,16.9749
150738,"Tata Nifty Midcap 150 Momentum 50 Index Fund - Growth - Direct Plan",2024-02-19,15.8257
150892,"Edelweiss Nifty Smallcap 250 Index Fund - Direct Plan - Growth",2024-02-19,15.6996
151781,"Kotak Nifty 200 Momentum 30 Index Fund - Direct Plan - Growth Option",2024-02-19,14.275
118482,"BANDHAN Nifty 50 Index Fund-Direct Plan-Growth",2024-02-20,48.451
147625,"Motilal Oswal Nifty 500 Index Fund - Direct Plan",2024-02-20,23.251
148945,"SBI Nifty Next 50 Index Fund - Direct Plan - Growth",2024-02-20,16.0904
149936,"Axis Nifty Midcap 50 Index Fund - Direct Plan - Growth Option",2024-02-20,16.9384
150738,"Tata Nifty Midcap 150 Momentum 50 Index Fund - Growth - Direct Plan",2024-02-20,15.8233
150892,"Edelweiss Nifty Smallcap 250 Index Fund - Direct Plan - Growth",2024-02-20,15.6373
151781,"Kotak Nifty 200 Momentum 30 Index Fund - Direct Plan - Growth Option",2024-02-20,14.222
118482,"BANDHAN Nifty 50 Index Fund-Direct Plan-Growth",2024-02-21,48.1417
147625,"Motilal Oswal Nifty 500 Index Fund - Direct Plan",2024-02-21,23.0872
148945,"SBI Nifty Next 50 Index Fund - Direct Plan - Growth",2024-02-21,16.0035
149936,"Axis Nifty Midcap 50 Index Fund - Direct Plan - Growth Option",2024-02-21,16.7371
150738,"Tata Nifty Midcap 150 Momentum 50 Index Fund - Growth - Direct Plan",2024-02-21,15.6723
150892,"Edelweiss Nifty Smallcap 250 Index Fund - Direct Plan - Growth",2024-02-21,15.516
151781,"Kotak Nifty 200 Momentum 30 Index Fund - Direct Plan - Growth Option",2024-02-21,14.032
118482,"BANDHAN Nifty 50 Index Fund-Direct Plan-Growth",2024-02-22,48.495
147625,"Motilal Oswal Nifty 500 Index Fund - Direct Plan",2024-02-22,23.2657
148945,"SBI Nifty Next 50 Index Fund - Direct Plan - Growth",2024-02-22,16.1712
149936,"Axis Nifty Midcap 50 Index Fund - Direct Plan - Growth Option",2024-02-22,16.9196
150738,"Tata Nifty Midcap 150 Momentum 50 Index Fund - Growth - Direct Plan",2024-02-22,15.7511
150892,"Edelweiss Nifty Smallcap 250 Index Fund - Direct Plan - Growth",2024-02-22,15.6097
151781,"Kotak Nifty 200 Momentum 30 Index Fund - Direct Plan - Growth Option",2024-02-22,14.218
118482,"BANDHAN Nifty 50 Index Fund-Direct Plan-Growth",2024-02-23,48.4845
147625,"Motilal Oswal Nifty 500 Index Fund - Direct Plan",2024-02-23,23.2999
148945,"SBI Nifty Next 50 Index Fund - Direct Plan - Growth",2024-02-23,16.215
149936,"Axis Nifty Midcap 50 Index Fund - Direct Plan - Growth Option",2024-02-23,17.0416
150738,"Tata Nifty Midcap 150 Momentum 50 Index Fund - Growth - Direct Plan",2024-02-23,15.8167
150892,"Edelweiss Nifty Smallcap 250 Index Fund - Direct Plan - Growth",2024-02-23,15.7007
151781,"Kotak Nifty 200 Momentum 30 Index Fund - Direct Plan - Growth Option",2024-02-23,14.263
118482,"BANDHAN Nifty 50 Index Fund-Direct Plan-Growth",2024-02-26,48.2865
147625,"Motilal Oswal Nifty 500 Index Fund - Direct Plan",2024-02-26,23.2333
148945,"SBI Nifty Next 50 Index Fund - Direct Plan - Growth",2024-02-26,16.2269
149936,"Axis Nifty Midcap 50 Index Fund - Direct Plan - Growth Option",2024-02-26,16.9406
150738,"Tata Nifty Midcap 150 Momentum 50 Index Fund - Growth - Direct Plan",2024-02-26,15.7717
150892,"Edelweiss Nifty Smallcap 250 Index Fund - Direct Plan - Growth",2024-02-26,15.6738
151781,"Kotak Nifty 200 Momentum 30 Index Fund - Direct Plan - Growth Option",2024-02-26,14.238
118482,"BANDHAN Nifty 50 Index Fund-Direct Plan-Growth",2024-02-27,48.4525
147625,"Motilal Oswal Nifty 500 Index Fund - Direct Plan",2024-02-27,23.2756
148945,"SBI Nifty Next 50 Index Fund - Direct Plan - Growth",2024-02-27,16.2137
149936,"Axis Nifty Midcap 50 Index Fund - Direct Plan - Growth Option",2024-02-27,16.8856
150738,"Tata Nifty Midcap 150 Momentum 50 Index Fund - Growth - Direct Plan",2024-02-27,15.7539
150892,"Edelweiss Nifty Smallcap 250 Index Fund - Direct Plan - Growth",2024-02-27,15.7133
151781,"Kotak Nifty 200 Momentum 30 Index Fund - Direct Plan - Growth Option",2024-02-27,14.23
118482,"BANDHAN Nifty 50 Index Fund-Direct Plan-Growth",2024-02-28,47.9133
147625,"Motilal Oswal Nifty 500 Index Fund - Direct Plan",2024-02-28,22.9631
148945,"SBI Nifty Next 50 Index Fund - Direct Plan - Growth",2024-02-28,16.0043
149936,"Axis Nifty Midcap 50 Index Fund - Direct Plan - Growth Option",2024-02-28,16.5088
150738,"Tata Nifty Midcap 150 Momentum 50 Index Fund - Growth - Direct Plan",2024-02-28,15.5417
150892,"Edelweiss Nifty Smallcap 250 Index Fund - Direct Plan - Growth",2024-02-28,15.4171
151781,"Kotak Nifty 200 Momentum 30 Index Fund - Direct Plan - Growth Option",2024-02-28,14.042
118482,"BANDHAN Nifty 50 Index Fund-Direct Plan-Growth",2024-02-29,47.9822
147625,"Motilal Oswal Nifty 500 Index Fund - Direct Plan",2024-02-29,23.0427
148945,"SBI Nifty Next 50 Index Fund - Direct Plan - Growth",2024-02-29,16.1697
149936,"Axis Nifty Midcap 50 Index Fund - Direct Plan - Growth Option",2024-02-29,16.6622
150738,"Tata Nifty Midcap 150 Momentum 50 Index Fund - Growth - Direct Plan",2024-02-29,15.5718
150892,"Edelweiss Nifty Smallcap 250 Index Fund - Direct Plan - Growth",2024-02-29,15.4887
151781,"Kotak Nifty 200 Momentum 30 Index Fund - Direct Plan - Growth Option",2024-02-29,14.107
118482,"BANDHAN Nifty 50 Index Fund-Direct Plan-Growth",2024-03-01,48.7581
147625,"Motilal Oswal Nifty 500 Index Fund - Direct Plan",2024-03-01,23.3405
148945,"SBI Nifty Next 50 Index Fund - Direct Plan - Growth",2024-03-01,16.3107
149936,"Axis Nifty Midcap 50 Index Fund - Direct Plan - Growth Option",2024-03-01,16.8445
150738,"Tata Nifty Midcap 150 Momentum 50 Index Fund - Growth - Direct Plan",2024-03-01,15.6932
150892,"Edelweiss Nifty Smallcap 250 Index Fund - Direct Plan - Growth",2024-03-01,15.5888
151781,"Kotak Nifty 200 Momentum 30 Index Fund - Direct Plan - Growth Option",2024-03-01,14.337
118482,"BANDHAN Nifty 50 Index Fund-Direct Plan-Growth",2024-03-04,48.9029
147625,"Motilal Oswal Nifty 500 Index Fund - Direct Plan",2024-03-04,23.4343
148945,"SBI Nifty Next 50 Index Fund - Direct Plan - Growth",2024-03-04,16.4302
149936,"Axis Nifty Midcap 50 Index Fund - Direct Plan - Growth Option",2024-03-04,17.0316
150738,"Tata Nifty Midcap 150 Momentum 50 Index Fund - Growth - Direct Plan",2024-03-04,15.915
150892,"Edelweiss Nifty Smallcap 250 Index Fund - Direct Plan - Growth",2024-03-04,15.6049
151781,"Kotak Nifty 200 Momentum 30 Index Fund - Direct Plan - Growth Option",2024-03-04,14.631
118482,"BANDHAN Nifty 50 Index Fund-Direct Plan-Growth",2024-03-05,48.7953
147625,"Motilal Oswal Nifty 500 Index Fund - Direct Plan",2024-03-05,23.3768
148945,"SBI Nifty Next 50 Index Fund - Direct Plan - Growth",2024-03-05,16.4403
149936,"Axis Nifty Midcap 50 Index Fund - Direct Plan - Growth Option",2024-03-05,16.9499
150738,"Tata Nifty Midcap 150 Momentum 50 Index Fund - Growth - Direct Plan",2024-03-05,15.8962
150892,"Edelweiss Nifty Smallcap 250 Index Fund - Direct Plan - Growth",2024-03-05,15.5048
151781,"Kotak Nifty 200 Momentum 30 Index Fund - Direct Plan - Growth Option",2024-03-05,14.693
118482,"BANDHAN Nifty 50 Index Fund-Direct Plan-Growth",2024-03-06,49.0503
147625,"Motilal Oswal Nifty 500 Index Fund - Direct Plan",2024-03-06,23.3733
148945,"SBI Nifty Next 50 Index Fund - Direct Plan - Growth",2024-03-06,16.3952
149936,"Axis Nifty Midcap 50 Index Fund - Direct Plan - Growth Option",2024-03-06,16.863
150738,"Tata Nifty Midcap 150 Momentum 50 Index Fund - Growth - Direct Plan",2024-03-06,15.8202
150892,"Edelweiss Nifty Smallcap 250 Index Fund - Direct Plan - Growth",2024-03-06,15.1999
151781,"Kotak Nifty 200 Momentum 30 Index Fund - Direct Plan - Growth Option",2024-03-06,14.68
118482,"BANDHAN Nifty 50 Index Fund-Direct Plan-Growth",2024-03-07,49.0928
147625,"Motilal Oswal Nifty 500 Index Fund - Direct Plan",2024-03-07,23.4373
148945,"SBI Nifty Next 50 Index Fund - Direct Plan - Growth",2024-03-07,16.5368
149936,"Axis Nifty Midcap 50 Index Fund - Direct Plan - Growth Option",2024-03-07,16.9022
150738,"Tata Nifty Midcap 150 Momentum 50 Index Fund - Growth - Direct Plan",2024-03-07,15.8533
150892,"Edelweiss Nifty Smallcap 250 Index Fund - Direct Plan - Growth",2024-03-07,15.3225
151781,"Kotak Nifty 200 Momentum 30 Index Fund - Direct Plan - Growth Option",2024-03-07,14.795
118482,"BANDHAN Nifty 50 Index Fund-Direct Plan-Growth",2024-03-11,48.7415
147625,"Motilal Oswal Nifty 500 Index Fund - Direct Plan",2024-03-11,23.2691
148945,"SBI Nifty Next 50 Index Fund - Direct Plan - Growth",2024-03-11,16.5327
149936,"Axis Nifty Midcap 50 Index Fund - Direct Plan - Growth Option",2024-03-11,16.815
150738,"Tata Nifty Midcap 150 Momentum 50 Index Fund - Growth - Direct Plan",2024-03-11,15.8584
150892,"Edelweiss Nifty Smallcap 250 Index Fund - Direct Plan - Growth",2024-03-11,15.0137
151781,"Kotak Nifty 200 Momentum 30 Index Fund - Direct Plan - Growth Option",2024-03-11,14.768
118482,"BANDHAN Nifty 50 Index Fund-Direct Plan-Growth",2024-03-12,48.7478
147625,"Motilal Oswal Nifty 500 Index Fund - Direct Plan",2024-03-12,23.1344
148945,"SBI Nifty Next 50 Index Fund - Direct Plan - Growth",2024-03-12,16.2766
149936,"Axis Nifty Midcap 50 Index Fund - Direct Plan - Growth Option",2024-03-12,16.626
150738,"Tata Nifty Midcap 150 Momentum 50 Index Fund - Growth - Direct Plan",2024-03-12,15.6359
150892,"Edelweiss Nifty Smallcap 250 Index Fund - Direct Plan - Growth",2024-03-12,14.7066
151781,"Kotak Nifty 200 Momentum 30 Index Fund - Direct Plan - Growth Option",2024-03-12,14.549
118482,"BANDHAN Nifty 50 Index Fund-Direct Plan-Growth",2024-03-13,48.0076
147625,"Motilal Oswal Nifty 500 Index Fund - Direct Plan",2024-03-13,22.5319
148945,"SBI Nifty Next 50 Index Fund - Direct Plan - Growth",2024-03-13,15.6661
149936,"Axis Nifty Midcap 50 Index Fund - Direct Plan - Growth Option",2024-03-13,15.9883
150738,"Tata Nifty Midcap 150 Momentum 50 Index Fund - Growth - Direct Plan",2024-03-13,14.9115
150892,"Edelweiss Nifty Smallcap 250 Index Fund - Direct Plan - Growth",2024-03-13,13.9498
151781,"Kotak Nifty 200 Momentum 30 Index Fund - Direct Plan - Growth Option",2024-03-13,13.953
118482,"BANDHAN Nifty 50 Index Fund-Direct Plan-Growth",2024-03-14,48.3397
147625,"Motilal Oswal Nifty 500 Index Fund - Direct Plan",2024-03-14,22.8411
148945,"SBI Nifty Next 50 Index Fund - Direct Plan - Growth",2024-03-14,16.0415
149936,"Axis Nifty Midcap 50 Index Fund - Direct Plan - Growth Option",2024-03-14,16.2494
150738,"Tata Nifty Midcap 150 Momentum 50 Index Fund - Growth - Direct Plan",2024-03-14,15.2754
150892,"Edelweiss Nifty Smallcap 250 Index Fund - Direct Plan - Growth",2024-03-14,14.3834
151781,"Kotak Nifty 200 Momentum 30 Index Fund - Direct Plan - Growth Option",2024-03-14,14.165
118482,"BANDHAN Nifty 50 Index Fund-Direct Plan-Growth",2024-03-15,48.071
147625,"Motilal Oswal Nifty 500 Index Fund - Direct Plan",2024-03-15,22.7365
148945,"SBI Nifty Next 50 Index Fund - Direct Plan - Growth",2024-03-15,15.9149
149936,"Axis Nifty Midcap 50 Index Fund - Direct Plan - Growth Option",2024-03-15,16.1748
150738,"Tata Nifty Midcap 150 Momentum 50 Index Fund - Growth - Direct Plan",2024-03-15,15.1702
150892,"Edelweiss Nifty Smallcap 250 Index Fund - Direct Plan - Growth",2024-03-15,14.4137
151781,"Kotak Nifty 200 Momentum 30 Index Fund - Direct Plan - Growth Option",2024-03-15,13.925
118482,"BANDHAN Nifty 50 Index Fund-Direct Plan-Growth",2024-03-18,48.1411
147625,"Motilal Oswal Nifty 500 Index Fund - Direct Plan",2024-03-18,22.757
148945,"SBI Nifty Next 50 Index Fund - Direct Plan - Growth",2024-03-18,16.014
149936,"Axis Nifty Midcap 50 Index Fund - Direct Plan - Growth Option",2024-03-18,16.0011
150738,"Tata Nifty Midcap 150 Momentum 50 Index Fund - Growth - Direct Plan",2024-03-18,15.1542
150892,"Edelweiss Nifty Smallcap 250 Index Fund - Direct Plan - Growth",2024-03-18,14.3706
151781,"Kotak Nifty 200 Momentum 30 Index Fund - Direct Plan - Growth Option",2024-03-18,13.98
118482,"BANDHAN Nifty 50 Index Fund-Direct Plan-Growth",2024-03-19,47.6219
147625,"Motilal Oswal Nifty 500 Index Fund - Direct Plan",2024-03-19,22.4901
148945,"SBI Nifty Next 50 Index Fund - Direct Plan - Growth",2024-03-19,15.7361
149936,"Axis Nifty Midcap 50 Index Fund - Direct Plan - Growth Option",2024-03-19,15.7378
150738,"Tata Nifty Midcap 150 Momentum 50 Index Fund - Growth - Direct Plan",2024-03-19,14.9921
150892,"Edelweiss Nifty Smallcap 250 Index Fund - Direct Plan - Growth",2024-03-19,14.2031
151781,"Kotak Nifty 200 Momentum 30 Index Fund - Direct Plan - Growth Option",2024-03-19,13.751
118482,"BANDHAN Nifty 50 Index Fund-Direct Plan-Growth",2024-03-20,47.6688
147625,"Motilal Oswal Nifty 500 Index Fund - Direct Plan",2024-03-20,22.5146
148945,"SBI Nifty Next 50 Index Fund - Direct Plan - Growth",2024-03-20,15.785
149936,"Axis Nifty Midcap 50 Index Fund - Direct Plan - Growth Option",2024-03-20,15.7296
150738,"Tata Nifty Midcap 150 Momentum 50 Index Fund - Growth - Direct Plan",2024-03-20,15.0064
150892,"Edelweiss Nifty Smallcap 250 Index Fund - Direct Plan - Growth",2024-03-20,14.218
151781,"Kotak Nifty 200 Momentum 30 Index Fund - Direct Plan - Growth Option",2024-03-20,13.752
118482,"BANDHAN Nifty 50 Index Fund-Direct Plan-Growth",2024-03-21,48.0452
147625,"Motilal Oswal Nifty 500 Index Fund - Direct Plan",2024-03-21,22.8184
148945,"SBI Nifty Next 50 Index Fund - Direct Plan - Growth",2024-03-21,16.1513
149936,"Axis Nifty Midcap 50 Index Fund - Direct Plan - Growth Option",2024-03-21,16.1295
150738,"Tata Nifty Midcap 150 Momentum 50 Index Fund - Growth - Direct Plan",2024-03-21,15.3784
150892,"Edelweiss Nifty Smallcap 250 Index Fund - Direct Plan - Growth",2024-03-21,14.5416
151781,"Kotak Nifty 200 Momentum 30 Index Fund - Direct Plan - Growth Option",2024-03-21,14.117
118482,"BANDHAN Nifty 50 Index Fund-Direct Plan-Growth",2024-03-22,48.2322
147625,"Motilal Oswal Nifty 500 Index Fund - Direct Plan",2024-03-22,22.9308
148945,"SBI Nifty Next 50 Index Fund - Direct Plan - Growth",2024-03-22,16.2277
149936,"Axis Nifty Midcap 50 Index Fund - Direct Plan - Growth Option",2024-03-22,16.1649
150738,"Tata Nifty Midcap 150 Momentum 50 Index Fund - Growth - Direct Plan",2024-03-22,15.5011
150892,"Edelweiss Nifty Smallcap 250 Index Fund - Direct Plan - Growth",2024-03-22,14.6588
151781,"Kotak Nifty 200 Momentum 30 Index Fund - Direct Plan - Growth Option",2024-03-22,14.228
118482,"BANDHAN Nifty 50 Index Fund-Direct Plan-Growth",2024-03-26,48.0309
147625,"Motilal Oswal Nifty 500 Index Fund - Direct Plan",2024-03-26,22.9422
148945,"SBI Nifty Next 50 Index Fund - Direct Plan - Growth",2024-03-26,16.3951
149936,"Axis Nifty Midcap 50 Index Fund - Direct Plan - Growth Option",2024-03-26,16.337
150738,"Tata Nifty Midcap 150 Momentum 50 Index Fund - Growth - Direct Plan",2024-03-26,15.7423
150892,"Edelweiss Nifty Smallcap 250 Index Fund - Direct Plan - Growth",2024-03-26,14.6649
151781,"Kotak Nifty 200 Momentum 30 Index Fund - Direct Plan - Growth Option",2024-03-26,14.356
118482,"BANDHAN Nifty 50 Index Fund-Direct Plan-Growth",2024-03-27,48.2887
147625,"Motilal Oswal Nifty 500 Index Fund - Direct Plan",2024-03-27,23.0364
148945,"SBI Nifty Next 50 Index Fund - Direct Plan - Growth",2024-03-27,16.421
149936,"Axis Nifty Midcap 50 Index Fund - Direct Plan - Growth Option",2024-03-27,16.3092
150738,"Tata Nifty Midcap 150 Momentum 50 Index Fund - Growth - Direct Plan",2024-03-27,15.7435
150892,"Edelweiss Nifty Smallcap 250 Index Fund - Direct Plan - Growth",2024-03-27,14.8068
151781,"Kotak Nifty 200 Momentum 30 Index Fund - Direct Plan - Growth Option",2024-03-27,14.305
118482,"BANDHAN Nifty 50 Index Fund-Direct Plan-Growth",2024-03-28,48.7316
147625,"Motilal Oswal Nifty 500 Index Fund - Direct Plan",2024-03-28,23.2273
148945,"SBI Nifty Next 50 Index Fund - Direct Plan - Growth",2024-03-28,16.6216
149936,"Axis Nifty Midcap 50 Index Fund - Direct Plan - Growth Option",2024-03-28,16.3863
150738,"Tata Nifty Midcap 150 Momentum 50 Index Fund - Growth - Direct Plan",2024-03-28,15.8023
150892,"Edelweiss Nifty Smallcap 250 Index Fund - Direct Plan - Growth",2024-03-28,14.8551
151781,"Kotak Nifty 200 Momentum 30 Index Fund - Direct Plan - Growth Option",2024-03-28,14.486
118482,"BANDHAN Nifty 50 Index Fund-Direct Plan-Growth",2024-03-31,48.7307
147625,"Motilal Oswal Nifty 500 Index Fund - Direct Plan",2024-03-31,23.2268
148945,"SBI Nifty Next 50 Index Fund - Direct Plan - Growth",2024-03-31,16.6212
149936,"Axis Nifty Midcap 50 Index Fund - Direct Plan - Growth Option",2024-03-31,16.3861
150738,"Tata Nifty Midcap 150 Momentum 50 Index Fund - Growth - Direct Plan",2024-03-31,15.8019
150892,"Edelweiss Nifty Smallcap 250 Index Fund - Direct Plan - Growth",2024-03-31,14.8551
151781,"Kotak Nifty 200 Momentum 30 Index Fund - Direct Plan - Growth Option",2024-03-31,14.485
118482,"BANDHAN Nifty 50 Index Fund-Direct Plan-Growth",2024-04-01,49.0253
147625,"Motilal Oswal Nifty 500 Index Fund - Direct Plan",2024-04-01,23.4988
148945,"SBI Nifty Next 50 Index Fund - Direct Plan - Growth",2024-04-01,16.8979
149936,"Axis Nifty Midcap 50 Index Fund - Direct Plan - Growth Option",2024-04-01,16.6828
150738,"Tata Nifty Midcap 150 Momentum 50 Index Fund - Growth - Direct Plan",2024-04-01,16.0873
150892,"Edelweiss Nifty Smallcap 250 Index Fund - Direct Plan - Growth",2024-04-01,15.3033
151781,"Kotak Nifty 200 Momentum 30 Index Fund - Direct Plan - Growth Option",2024-04-01,14.676
118482,"BANDHAN Nifty 50 Index Fund-Direct Plan-Growth",2024-04-02,49.0063
147625,"Motilal Oswal Nifty 500 Index Fund - Direct Plan",2024-04-02,23.5872
148945,"SBI Nifty Next 50 Index Fund - Direct Plan - Growth",2024-04-02,17.0676
149936,"Axis Nifty Midcap 50 Index Fund - Direct Plan - Growth Option",2024-04-02,16.8624
150738,"Tata Nifty Midcap 150 Momentum 50 Index Fund - Growth - Direct Plan",2024-04-02,16.1952
150892,"Edelweiss Nifty Smallcap 250 Index Fund - Direct Plan - Growth",2024-04-02,15.453
151781,"Kotak Nifty 200 Momentum 30 Index Fund - Direct Plan - Growth Option",2024-04-02,14.782
118482,"BANDHAN Nifty 50 Index Fund-Direct Plan-Growth",2024-04-03,48.9651
147625,"Motilal Oswal Nifty 500 Index Fund - Direct Plan",2024-04-03,23.628
148945,"SBI Nifty Next 50 Index Fund - Direct Plan - Growth",2024-04-03,17.1139
149936,"Axis Nifty Midcap 50 Index Fund - Direct Plan - Growth Option",2024-04-03,16.9025
150738,"Tata Nifty Midcap 150 Momentum 50 Index Fund - Growth - Direct Plan",2024-04-03,16.2617
150892,"Edelweiss Nifty Smallcap 250 Index Fund - Direct Plan - Growth",2024-04-03,15.6148
151781,"Kotak Nifty 200 Momentum 30 Index Fund - Direct Plan - Growth Option",2024-04-03,14.823
118482,"BANDHAN Nifty 50 Index Fund-Direct Plan-Growth",2024-04-04,49.1393
147625,"Motilal Oswal Nifty 500 Index Fund - Direct Plan",2024-04-04,23.6938
148945,"SBI Nifty Next 50 Index Fund - Direct Plan - Growth",2024-04-04,17.0412
149936,"Axis Nifty Midcap 50 Index Fund - Direct Plan - Growth Option",2024-04-04,16.8851
150738,"Tata Nifty Midcap 150 Momentum 50 Index Fund - Growth - Direct Plan",2024-04-04,16.242
150892,"Edelweiss Nifty Smallcap 250 Index Fund - Direct Plan - Growth",2024-04-04,15.7112
151781,"Kotak Nifty 200 Momentum 30 Index Fund - Direct Plan - Growth Option",2024-04-04,14.805
118482,"BANDHAN Nifty 50 Index Fund-Direct Plan-Growth",2024-04-05,49.1371
147625,"Motilal Oswal Nifty 500 Index Fund - Direct Plan",2024-04-05,23.751
148945,"SBI Nifty Next 50 Index Fund - Direct Plan - Growth",2024-04-05,17.1883
149936,"Axis Nifty Midcap 50 Index Fund - Direct Plan - Growth Option",2024-04-05,16.9298
150738,"Tata Nifty Midcap 150 Momentum 50 Index Fund - Growth - Direct Plan",2024-04-05,16.3262
150892,"Edelweiss Nifty Smallcap 250 Index Fund - Direct Plan - Growth",2024-04-05,15.8028
151781,"Kotak Nifty 200 Momentum 30 Index Fund - Direct Plan - Growth Option",2024-04-05,14.83
118482,"BANDHAN Nifty 50 Index Fund-Direct Plan-Growth",2024-04-08,49.4689
147625,"Motilal Oswal Nifty 500 Index Fund - Direct Plan",2024-04-08,23.8691
148945,"SBI Nifty Next 50 Index Fund - Direct Plan - Growth",2024-04-08,17.2694
149936,"Axis Nifty Midcap 50 Index Fund - Direct Plan - Growth Option",2024-04-08,16.9038
150738,"Tata Nifty Midcap 150 Momentum 50 Index Fund - Growth - Direct Plan",2024-04-08,16.3527
150892,"Edelweiss Nifty Smallcap 250 Index Fund - Direct Plan - Growth",2024-04-08,15.8419
151781,"Kotak Nifty 200 Momentum 30 Index Fund - Direct Plan - Growth Option",2024-04-08,14.856
118482,"BANDHAN Nifty 50 Index Fund-Direct Plan-Growth",2024-04-09,49.4174
147625,"Motilal Oswal Nifty 500 Index Fund - Direct Plan",2024-04-09,23.8363
148945,"SBI Nifty Next 50 Index Fund - Direct Plan - Growth",2024-04-09,17.2144
149936,"Axis Nifty Midcap 50 Index Fund - Direct Plan - Growth Option",2024-04-09,16.8852
150738,"Tata Nifty Midcap 150 Momentum 50 Index Fund - Growth - Direct Plan",2024-04-09,16.2988
150892,"Edelweiss Nifty Smallcap 250 Index Fund - Direct Plan - Growth",2024-04-09,15.8488
151781,"Kotak Nifty 200 Momentum 30 Index Fund - Direct Plan - Growth Option",2024-04-09,14.757
118482,"BANDHAN Nifty 50 Index Fund-Direct Plan-Growth",2024-04-10,49.6595
147625,"Motilal Oswal Nifty 500 Index Fund - Direct Plan",2024-04-10,23.9789
148945,"SBI Nifty Next 50 Index Fund - Direct Plan - Growth",2024-04-10,17.3597
149936,"Axis Nifty Midcap 50 Index Fund - Direct Plan - Growth Option",2024-04-10,17.0739
150738,"Tata Nifty Midcap 150 Momentum 50 Index Fund - Growth - Direct Plan",2024-04-10,16.3799
150892,"Edelweiss Nifty Smallcap 250 Index Fund - Direct Plan - Growth",2024-04-10,15.9427
151781,"Kotak Nifty 200 Momentum 30 Index Fund - Direct Plan - Growth Option",2024-04-10,14.874
118482,"BANDHAN Nifty 50 Index Fund-Direct Plan-Growth",2024-04-12,49.1485
147625,"Motilal Oswal Nifty 500 Index Fund - Direct Plan",2024-04-12,23.7843
148945,"SBI Nifty Next 50 Index Fund - Direct Plan - Growth",2024-04-12,17.2888
149936,"Axis Nifty Midcap 50 Index Fund - Direct Plan - Growth Option",2024-04-12,17.0145
150738,"Tata Nifty Midcap 150 Momentum 50 Index Fund - Growth - Direct Plan",2024-04-12,16.2397
150892,"Edelweiss Nifty Smallcap 250 Index Fund - Direct Plan - Growth",2024-04-12,15.8782
151781,"Kotak Nifty 200 Momentum 30 Index Fund - Direct Plan - Growth Option",2024-04-12,14.823
118482,"BANDHAN Nifty 50 Index Fund-Direct Plan-Growth",2024-04-15,48.6103
147625,"Motilal Oswal Nifty 500 Index Fund - Direct Plan",2024-04-15,23.4779
148945,"SBI Nifty Next 50 Index Fund - Direct Plan - Growth",2024-04-15,16.9979
149936,"Axis Nifty Midcap 50 Index Fund - Direct Plan - Growth Option",2024-04-15,16.7631
150738,"Tata Nifty Midcap 150 Momentum 50 Index Fund - Growth - Direct Plan",2024-04-15,16.0598
150892,"Edelweiss Nifty Smallcap 250 Index Fund - Direct Plan - Growth",2024-04-15,15.6349
151781,"Kotak Nifty 200 Momentum 30 Index Fund - Direct Plan - Growth Option",2024-04-15,14.646
118482,"BANDHAN Nifty 50 Index Fund-Direct Plan-Growth",2024-04-16,48.3375
147625,"Motilal Oswal Nifty 500 Index Fund - Direct Plan",2024-04-16,23.4138
148945,"SBI Nifty Next 50 Index Fund - Direct Plan - Growth",2024-04-16,17.0112
149936,"Axis Nifty Midcap 50 Index Fund - Direct Plan - Growth Option",2024-04-16,16.6715
150738,"Tata Nifty Midcap 150 Momentum 50 Index Fund - Growth - Direct Plan",2024-04-16,16.09
150892,"Edelweiss Nifty Smallcap 250 Index Fund - Direct Plan - Growth",2024-04-16,15.7353
151781,"Kotak Nifty 200 Momentum 30 Index Fund - Direct Plan - Growth Option",2024-04-16,14.646
118482,"BANDHAN Nifty 50 Index Fund-Direct Plan-Growth",2024-04-18,48.0055
147625,"Motilal Oswal Nifty 500 Index Fund - Direct Plan",2024-04-18,23.3007
148945,"SBI Nifty Next 50 Index Fund - Direct Plan - Growth",2024-04-18,16.9922
149936,"Axis Nifty Midcap 50 Index Fund - Direct Plan - Growth Option",2024-04-18,16.5767
150738,"Tata Nifty Midcap 150 Momentum 50 Index Fund - Growth - Direct Plan",2024-04-18,16.0433
150892,"Edelweiss Nifty Smallcap 250 Index Fund - Direct Plan - Growth",2024-04-18,15.732
151781,"Kotak Nifty 200 Momentum 30 Index Fund - Direct Plan - Growth Option",2024-04-18,14.521
118482,"BANDHAN Nifty 50 Index Fund-Direct Plan-Growth",2024-04-19,48.335
147625,"Motilal Oswal Nifty 500 Index Fund - Direct Plan",2024-04-19,23.37
148945,"SBI Nifty Next 50 Index Fund - Direct Plan - Growth",2024-04-19,16.9642
149936,"Axis Nifty Midcap 50 Index Fund - Direct Plan - Growth Option",2024-04-19,16.4663
150738,"Tata Nifty Midcap 150 Momentum 50 Index Fund - Growth - Direct Plan",2024-04-19,15.9777
150892,"Edelweiss Nifty Smallcap 250 Index Fund - Direct Plan - Growth",2024-04-19,15.7127
151781,"Kotak Nifty 200 Momentum 30 Index Fund - Direct Plan - Growth Option",2024-04-19,14.456
118482,"BANDHAN Nifty 50 Index Fund-Direct Plan-Growth",2024-04-22,48.7472
147625,"Motilal Oswal Nifty 500 Index Fund - Direct Plan",2024-04-22,23.5867
148945,"SBI Nifty Next 50 Index Fund - Direct Plan - Growth",2024-04-22,17.1819
149936,"Axis Nifty Midcap 50 Index Fund - Direct Plan - Growth Option",2024-04-22,16.5693
150738,"Tata Nifty Midcap 150 Momentum 50 Index Fund - Growth - Direct Plan",2024-04-22,16.0824
150892,"Edelweiss Nifty Smallcap 250 Index Fund - Direct Plan - Growth",2024-04-22,15.8938
151781,"Kotak Nifty 200 Momentum 30 Index Fund - Direct Plan - Growth Option",2024-04-22,14.631
118482,"BANDHAN Nifty 50 Index Fund-Direct Plan-Growth",2024-04-23,48.816
147625,"Motilal Oswal Nifty 500 Index Fund - Direct Plan",2024-04-23,23.6755
148945,"SBI Nifty Next 50 Index Fund - Direct Plan - Growth",2024-04-23,17.2132
149936,"Axis Nifty Midcap 50 Index Fund - Direct Plan - Growth Option",2024-04-23,16.6887
150738,"Tata Nifty Midcap 150 Momentum 50 Index Fund - Growth - Direct Plan",2024-04-23,16.198
150892,"Edelweiss Nifty Smallcap 250 Index Fund - Direct Plan - Growth",2024-04-23,16.0461
151781,"Kotak Nifty 200 Momentum 30 Index Fund - Direct Plan - Growth Option",2024-04-23,14.672
118482,"BANDHAN Nifty 50 Index Fund-Direct Plan-Growth",2024-04-24,48.8907
147625,"Motilal Oswal Nifty 500 Index Fund - Direct Plan",2024-04-24,23.7647
148945,"SBI Nifty Next 50 Index Fund - Direct Plan - Growth",2024-04-24,17.3443
149936,"Axis Nifty Midcap 50 Index Fund - Direct Plan - Growth Option",2024-04-24,16.8351
150738,"Tata Nifty Midcap 150 Momentum 50 Index Fund - Growth - Direct Plan",2024-04-24,16.3926
150892,"Edelweiss Nifty Smallcap 250 Index Fund - Direct Plan - Growth",2024-04-24,16.1742
151781,"Kotak Nifty 200 Momentum 30 Index Fund - Direct Plan - Growth Option",2024-04-24,14.803
118482,"BANDHAN Nifty 50 Index Fund-Direct Plan-Growth",2024-04-25,49.2566
147625,"Motilal Oswal Nifty 500 Index Fund - Direct Plan",2024-04-25,23.9217
148945,"SBI Nifty Next 50 Index Fund - Direct Plan - Growth",2024-04-25,17.4612
149936,"Axis Nifty Midcap 50 Index Fund - Direct Plan - Growth Option",2024-04-25,16.9105
150738,"Tata Nifty Midcap 150 Momentum 50 Index Fund - Growth - Direct Plan",2024-04-25,16.535
150892,"Edelweiss Nifty Smallcap 250 Index Fund - Direct Plan - Growth",2024-04-25,16.3087
151781,"Kotak Nifty 200 Momentum 30 Index Fund - Direct Plan - Growth Option",2024-04-25,15.054
118482,"BANDHAN Nifty 50 Index Fund-Direct Plan-Growth",2024-04-26,48.9285
147625,"Motilal Oswal Nifty 500 Index Fund - Direct Plan",2024-04-26,23.8593
148945,"SBI Nifty Next 50 Index Fund - Direct Plan - Growth",2024-04-26,17.579
149936,"Axis Nifty Midcap 50 Index Fund - Direct Plan - Growth Option",2024-04-26,17.0543
150738,"Tata Nifty Midcap 150 Momentum 50 Index Fund - Growth - Direct Plan",2024-04-26,16.6586
150892,"Edelweiss Nifty Smallcap 250 Index Fund - Direct Plan - Growth",2024-04-26,16.3861
151781,"Kotak Nifty 200 Momentum 30 Index Fund - Direct Plan - Growth Option",2024-04-26,15.144
118482,"BANDHAN Nifty 50 Index Fund-Direct Plan-Growth",2024-04-29,49.4152
147625,"Motilal Oswal Nifty 500 Index Fund - Direct Plan",2024-04-29,24.0358
148945,"SBI Nifty Next 50 Index Fund - Direct Plan - Growth",2024-04-29,17.6754
149936,"Axis Nifty Midcap 50 Index Fund - Direct Plan - Growth Option",2024-04-29,17.1384
150738,"Tata Nifty Midcap 150 Momentum 50 Index Fund - Growth - Direct Plan",2024-04-29,16.8159
150892,"Edelweiss Nifty Smallcap 250 Index Fund - Direct Plan - Growth",2024-04-29,16.3964
151781,"Kotak Nifty 200 Momentum 30 Index Fund - Direct Plan - Growth Option",2024-04-29,15.161
118482,"BANDHAN Nifty 50 Index Fund-Direct Plan-Growth",2024-04-30,49.3311
147625,"Motilal Oswal Nifty 500 Index Fund - Direct Plan",2024-04-30,24.0412
148945,"SBI Nifty Next 50 Index Fund - Direct Plan - Growth",2024-04-30,17.7883
149936,"Axis Nifty Midcap 50 Index Fund - Direct Plan - Growth Option",2024-04-30,17.1494
150738,"Tata Nifty Midcap 150 Momentum 50 Index Fund - Growth - Direct Plan",2024-04-30,16.9959
150892,"Edelweiss Nifty Smallcap 250 Index Fund - Direct Plan - Growth",2024-04-30,16.4051
151781,"Kotak Nifty 200 Momentum 30 Index Fund - Direct Plan - Growth Option",2024-04-30,15.311
118482,"BANDHAN Nifty 50 Index Fund-Direct Plan-Growth",2024-05-02,49.4255
147625,"Motilal Oswal Nifty 500 Index Fund - Direct Plan",2024-05-02,24.1399
148945,"SBI Nifty Next 50 Index Fund - Direct Plan - Growth",2024-05-02,18.0917
149936,"Axis Nifty Midcap 50 Index Fund - Direct Plan - Growth Option",2024-05-02,17.2479
150738,"Tata Nifty Midcap 150 Momentum 50 Index Fund - Growth - Direct Plan",2024-05-02,17.2269
150892,"Edelweiss Nifty Smallcap 250 Index Fund - Direct Plan - Growth",2024-05-02,16.4201
151781,"Kotak Nifty 200 Momentum 30 Index Fund - Direct Plan - Growth Option",2024-05-02,15.595
118482,"BANDHAN Nifty 50 Index Fund-Direct Plan-Growth",2024-05-03,49.0498
147625,"Motilal Oswal Nifty 500 Index Fund - Direct Plan",2024-05-03,23.9983
148945,"SBI Nifty Next 50 Index Fund - Direct Plan - Growth",2024-05-03,18.0274
149936,"Axis Nifty Midcap 50 Index Fund - Direct Plan - Growth Option",2024-05-03,17.1822
150738,"Tata Nifty Midcap 150 Momentum 50 Index Fund - Growth - Direct Plan",2024-05-03,17.2943
150892,"Edelweiss Nifty Smallcap 250 Index Fund - Direct Plan - Growth",2024-05-03,16.3649
151781,"Kotak Nifty 200 Momentum 30 Index Fund - Direct Plan - Growth Option",2024-05-03,15.599
118482,"BANDHAN Nifty 50 Index Fund-Direct Plan-Growth",2024-05-06,48.9773
147625,"Motilal Oswal Nifty 500 Index Fund - Direct Plan",2024-05-06,23.8899
148945,"SBI Nifty Next 50 Index Fund - Direct Plan - Growth",2024-05-06,17.7988
149936,"Axis Nifty Midcap 50 Index Fund - Direct Plan - Growth Option",2024-05-06,17.1443
150738,"Tata Nifty Midcap 150 Momentum 50 Index Fund - Growth - Direct Plan",2024-05-06,17.15
150892,"Edelweiss Nifty Smallcap 250 Index Fund - Direct Plan - Growth",2024-05-06,16.183
151781,"Kotak Nifty 200 Momentum 30 Index Fund - Direct Plan - Growth Option",2024-05-06,15.381
118482,"BANDHAN Nifty 50 Index Fund-Direct Plan-Growth",2024-05-07,48.6812
147625,"Motilal Oswal Nifty 500 Index Fund - Direct Plan",2024-05-07,23.6308
148945,"SBI Nifty Next 50 Index Fund - Direct Plan - Growth",2024-05-07,17.5249
149936,"Axis Nifty Midcap 50 Index Fund - Direct Plan - Growth Option",2024-05-07,16.8033
150738,"Tata Nifty Midcap 150 Momentum 50 Index Fund - Growth - Direct Plan",2024-05-07,16.7046
150892,"Edelweiss Nifty Smallcap 250 Index Fund - Direct Plan - Growth",2024-05-07,15.8957
151781,"Kotak Nifty 200 Momentum 30 Index Fund - Direct Plan - Growth Option",2024-05-07,15.039
118482,"BANDHAN Nifty 50 Index Fund-Direct Plan-Growth",2024-05-08,48.681
147625,"Motilal Oswal Nifty 500 Index Fund - Direct Plan",2024-05-08,23.7094
148945,"SBI Nifty Next 50 Index Fund - Direct Plan - Growth",2024-05-08,17.7567
149936,"Axis Nifty Midcap 50 Index Fund - Direct Plan - Growth Option",2024-05-08,16.967
150738,"Tata Nifty Midcap 150 Momentum 50 Index Fund - Growth - Direct Plan",2024-05-08,16.9412
150892,"Edelweiss Nifty Smallcap 250 Index Fund - Direct Plan - Growth",2024-05-08,15.9744
151781,"Kotak Nifty 200 Momentum 30 Index Fund - Direct Plan - Growth Option",2024-05-08,15.317
118482,"BANDHAN Nifty 50 Index Fund-Direct Plan-Growth",2024-05-09,47.9289
147625,"Motilal Oswal Nifty 500 Index Fund - Direct Plan",2024-05-09,23.2971
148945,"SBI Nifty Next 50 Index Fund - Direct Plan - Growth",2024-05-09,17.3801
149936,"Axis Nifty Midcap 50 Index Fund - Direct Plan - Growth Option",2024-05-09,16.6608
150738,"Tata Nifty Midcap 150 Momentum 50 Index Fund - Growth - Direct Plan",2024-05-09,16.5908
150892,"Edelweiss Nifty Smallcap 250 Index Fund - Direct Plan - Growth",2024-05-09,15.5521
151781,"Kotak Nifty 200 Momentum 30 Index Fund - Direct Plan - Growth Option",2024-05-09,15.027
118482,"BANDHAN Nifty 50 Index Fund-Direct Plan-Growth",2024-05-10,48.2138
147625,"Motilal Oswal Nifty 500 Index Fund - Direct Plan",2024-05-10,23.4603
148945,"SBI Nifty Next 50 Index Fund - Direct Plan - Growth",2024-05-10,17.5231
149936,"Axis Nifty Midcap 50 Index Fund - Direct Plan - Growth Option",2024-05-10,16.8455
150738,"Tata Nifty Midcap 150 Momentum 50 Index Fund - Growth - Direct Plan",2024-05-10,16.704
150892,"Edelweiss Nifty Smallcap 250 Index Fund - Direct Plan - Growth",2024-05-10,15.6549
151781,"Kotak Nifty 200 Momentum 30 Index Fund - Direct Plan - Growth Option",2024-05-10,15.187
118482,"BANDHAN Nifty 50 Index Fund-Direct Plan-Growth",2024-05-13,48.3193
147625,"Motilal Oswal Nifty 500 Index Fund - Direct Plan",2024-05-13,23.5076
148945,"SBI Nifty Next 50 Index Fund - Direct Plan - Growth",2024-05-13,17.6381
149936,"Axis Nifty Midcap 50 Index Fund - Direct Plan - Growth Option",2024-05-13,17.0314
150738,"Tata Nifty Midcap 150 Momentum 50 Index Fund - Growth - Direct Plan",2024-05-13,16.8617
150892,"Edelweiss Nifty Smallcap 250 Index Fund - Direct Plan - Growth",2024-05-13,15.5986
151781,"Kotak Nifty 200 Momentum 30 Index Fund - Direct Plan - Growth Option",2024-05-13,15.23
118482,"BANDHAN Nifty 50 Index Fund-Direct Plan-Growth",2024-05-14,48.5673
147625,"Motilal Oswal Nifty 500 Index Fund - Direct Plan",2024-05-14,23.7059
148945,"SBI Nifty Next 50 Index Fund - Direct Plan - Growth",2024-05-14,17.9018
149936,"Axis Nifty Midcap 50 Index Fund - Direct Plan - Growth Option",2024-05-14,17.1498
150738,"Tata Nifty Midcap 150 Momentum 50 Index Fund - Growth - Direct Plan",2024-05-14,17.0297
150892,"Edelweiss Nifty Smallcap 250 Index Fund - Direct Plan - Growth",2024-05-14,15.8723
151781,"Kotak Nifty 200 Momentum 30 Index Fund - Direct Plan - Growth Option",2024-05-14,15.392
118482,"BANDHAN Nifty 50 Index Fund-Direct Plan-Growth",2024-05-15,48.5295
147625,"Motilal Oswal Nifty 500 Index Fund - Direct Plan",2024-05-15,23.7726
148945,"SBI Nifty Next 50 Index Fund - Direct Plan - Growth",2024-05-15,17.9946
149936,"Axis Nifty Midcap 50 Index Fund - Direct Plan - Growth Option",2024-05-15,17.2708
150738,"Tata Nifty Midcap 150 Momentum 50 Index Fund - Growth - Direct Plan",2024-05-15,17.2168
150892,"Edelweiss Nifty Smallcap 250 Index Fund - Direct Plan - Growth",2024-05-15,15.9929
151781,"Kotak Nifty 200 Momentum 30 Index Fund - Direct Plan - Growth Option",2024-05-15,15.461
118482,"BANDHAN Nifty 50 Index Fund-Direct Plan-Growth",2024-05-16,48.9868
147625,"Motilal Oswal Nifty 500 Index Fund - Direct Plan",2024-05-16,23.9906
148945,"SBI Nifty Next 50 Index Fund - Direct Plan - Growth",2024-05-16,18.1798
149936,"Axis Nifty Midcap 50 Index Fund - Direct Plan - Growth Option",2024-05-16,17.4327
150738,"Tata Nifty Midcap 150 Momentum 50 Index Fund - Growth - Direct Plan",2024-05-16,17.4167
150892,"Edelweiss Nifty Smallcap 250 Index Fund - Direct Plan - Growth",2024-05-16,16.1113
151781,"Kotak Nifty 200 Momentum 30 Index Fund - Direct Plan - Growth Option",2024-05-16,15.708
118482,"BANDHAN Nifty 50 Index Fund-Direct Plan-Growth",2024-05-17,49.1225
147625,"Motilal Oswal Nifty 500 Index Fund - Direct Plan",2024-05-17,24.1455
148945,"SBI Nifty Next 50 Index Fund - Direct Plan - Growth",2024-05-17,18.3948
149936,"Axis Nifty Midcap 50 Index Fund - Direct Plan - Growth Option",2024-05-17,17.5754
150738,"Tata Nifty Midcap 150 Momentum 50 Index Fund - Growth - Direct Plan",2024-05-17,17.7064
150892,"Edelweiss Nifty Smallcap 250 Index Fund - Direct Plan - Growth",2024-05-17,16.3673
151781,"Kotak Nifty 200 Momentum 30 Index Fund - Direct Plan - Growth Option",2024-05-17,15.828
118482,"BANDHAN Nifty 50 Index Fund-Direct Plan-Growth",2024-05-21,49.2592
147625,"Motilal Oswal Nifty 500 Index Fund - Direct Plan",2024-05-21,24.2858
148945,"SBI Nifty Next 50 Index Fund - Direct Plan - Growth",2024-05-21,18.7059
149936,"Axis Nifty Midcap 50 Index Fund - Direct Plan - Growth Option",2024-05-21,17.6951
150738,"Tata Nifty Midcap 150 Momentum 50 Index Fund - Growth - Direct Plan",2024-05-21,17.9631
150892,"Edelweiss Nifty Smallcap 250 Index Fund - Direct Plan - Growth",2024-05-21,16.4449
151781,"Kotak Nifty 200 Momentum 30 Index Fund - Direct Plan - Growth Option",2024-05-21,16.124
118482,"BANDHAN Nifty 50 Index Fund-Direct Plan-Growth",2024-05-22,49.4351
147625,"Motilal Oswal Nifty 500 Index Fund - Direct Plan",2024-05-22,24.3515
148945,"SBI Nifty Next 50 Index Fund - Direct Plan - Growth",2024-05-22,18.7345
149936,"Axis Nifty Midcap 50 Index Fund - Direct Plan - Growth Option",2024-05-22,17.7002
150738,"Tata Nifty Midcap 150 Momentum 50 Index Fund - Growth - Direct Plan",2024-05-22,17.8941
150892,"Edelweiss Nifty Smallcap 250 Index Fund - Direct Plan - Growth",2024-05-22,16.4244
151781,"Kotak Nifty 200 Momentum 30 Index Fund - Direct Plan - Growth Option",2024-05-22,16.129
118482,"BANDHAN Nifty 50 Index Fund-Direct Plan-Growth",2024-05-23,50.2413
147625,"Motilal Oswal Nifty 500 Index Fund - Direct Plan",2024-05-23,24.6396
148945,"SBI Nifty Next 50 Index Fund - Direct Plan - Growth",2024-05-23,18.8691
149936,"Axis Nifty Midcap 50 Index Fund - Direct Plan - Growth Option",2024-05-23,17.7707
150738,"Tata Nifty Midcap 150 Momentum 50 Index Fund - Growth - Direct Plan",2024-05-23,17.9917
150892,"Edelweiss Nifty Smallcap 250 Index Fund - Direct Plan - Growth",2024-05-23,16.4646
151781,"Kotak Nifty 200 Momentum 30 Index Fund - Direct Plan - Growth Option",2024-05-23,16.233
118482,"BANDHAN Nifty 50 Index Fund-Direct Plan-Growth",2024-05-24,50.2205
147625,"Motilal Oswal Nifty 500 Index Fund - Direct Plan",2024-05-24,24.6335
148945,"SBI Nifty Next 50 Index Fund - Direct Plan - Growth",2024-05-24,18.9273
149936,"Axis Nifty Midcap 50 Index Fund - Direct Plan - Growth Option",2024-05-24,17.7521
150738,"Tata Nifty Midcap 150 Momentum 50 Index Fund - Growth - Direct Plan",2024-05-24,18.0404
150892,"Edelweiss Nifty Smallcap 250 Index Fund - Direct Plan - Growth",2024-05-24,16.4435
151781,"Kotak Nifty 200 Momentum 30 Index Fund - Direct Plan - Growth Option",2024-05-24,16.409
118482,"BANDHAN Nifty 50 Index Fund-Direct Plan-Growth",2024-05-27,50.1663
147625,"Motilal Oswal Nifty 500 Index Fund - Direct Plan",2024-05-27,24.6438
148945,"SBI Nifty Next 50 Index Fund - Direct Plan - Growth",2024-05-27,18.9551
149936,"Axis Nifty Midcap 50 Index Fund - Direct Plan - Growth Option",2024-05-27,17.8972
150738,"Tata Nifty Midcap 150 Momentum 50 Index Fund - Growth - Direct Plan",2024-05-27,18.1169
150892,"Edelweiss Nifty Smallcap 250 Index Fund - Direct Plan - Growth",2024-05-27,16.5153
151781,"Kotak Nifty 200 Momentum 30 Index Fund - Direct Plan - Growth Option",2024-05-27,16.41
118482,"BANDHAN Nifty 50 Index Fund-Direct Plan-Growth",2024-05-28,50.0698
147625,"Motilal Oswal Nifty 500 Index Fund - Direct Plan",2024-05-28,24.5227
148945,"SBI Nifty Next 50 Index Fund - Direct Plan - Growth",2024-05-28,18.7931
149936,"Axis Nifty Midcap 50 Index Fund - Direct Plan - Growth Option",2024-05-28,17.756
150738,"Tata Nifty Midcap 150 Momentum 50 Index Fund - Growth - Direct Plan",2024-05-28,17.9527
150892,"Edelweiss Nifty Smallcap 250 Index Fund - Direct Plan - Growth",2024-05-28,16.3463
151781,"Kotak Nifty 200 Momentum 30 Index Fund - Direct Plan - Growth Option",2024-05-28,16.326
118482,"BANDHAN Nifty 50 Index Fund-Direct Plan-Growth",2024-05-29,49.6701
147625,"Motilal Oswal Nifty 500 Index Fund - Direct Plan",2024-05-29,24.3727
148945,"SBI Nifty Next 50 Index Fund - Direct Plan - Growth",2024-05-29,18.6627
149936,"Axis Nifty Midcap 50 Index Fund - Direct Plan - Growth Option",2024-05-29,17.7235
150738,"Tata Nifty Midcap 150 Momentum 50 Index Fund - Growth - Direct Plan",2024-05-29,17.8446
150892,"Edelweiss Nifty Smallcap 250 Index Fund - Direct Plan - Growth",2024-05-29,16.3596
151781,"Kotak Nifty 200 Momentum 30 Index Fund - Direct Plan - Growth Option",2024-05-29,16.313
118482,"BANDHAN Nifty 50 Index Fund-Direct Plan-Growth",2024-05-30,49.1979
147625,"Motilal Oswal Nifty 500 Index Fund - Direct Plan",2024-05-30,24.1234
148945,"SBI Nifty Next 50 Index Fund - Direct Plan - Growth",2024-05-30,18.4671
149936,"Axis Nifty Midcap 50 Index Fund - Direct Plan - Growth Option",2024-05-30,17.4299
150738,"Tata Nifty Midcap 150 Momentum 50 Index Fund - Growth - Direct Plan",2024-05-30,17.6305
150892,"Edelweiss Nifty Smallcap 250 Index Fund - Direct Plan - Growth",2024-05-30,16.1172
151781,"Kotak Nifty 200 Momentum 30 Index Fund - Direct Plan - Growth Option",2024-05-30,16.075
118482,"BANDHAN Nifty 50 Index Fund-Direct Plan-Growth",2024-05-31,49.3391
147625,"Motilal Oswal Nifty 500 Index Fund - Direct Plan",2024-05-31,24.212
148945,"SBI Nifty Next 50 Index Fund - Direct Plan - Growth",2024-05-31,18.5148
149936,"Axis Nifty Midcap 50 Index Fund - Direct Plan - Growth Option",2024-05-31,17.4871
150738,"Tata Nifty Midcap 150 Momentum 50 Index Fund - Growth - Direct Plan",2024-05-31,17.7627
150892,"Edelweiss Nifty Smallcap 250 Index Fund - Direct Plan - Growth",2024-05-31,16.1957
151781,"Kotak Nifty 200 Momentum 30 Index Fund - Direct Plan - Growth Option",2024-05-31,16.056
118482,"BANDHAN Nifty 50 Index Fund-Direct Plan-Growth",2024-06-03,50.9368
147625,"Motilal Oswal Nifty 500 Index Fund - Direct Plan",2024-06-03,25.0035
148945,"SBI Nifty Next 50 Index Fund - Direct Plan - Growth",2024-06-03,19.3614
149936,"Axis Nifty Midcap 50 Index Fund - Direct Plan - Growth Option",2024-06-03,18.0576
150738,"Tata Nifty Midcap 150 Momentum 50 Index Fund - Growth - Direct Plan",2024-06-03,18.4694
150892,"Edelweiss Nifty Smallcap 250 Index Fund - Direct Plan - Growth",2024-06-03,16.5272
151781,"Kotak Nifty 200 Momentum 30 Index Fund - Direct Plan - Growth Option",2024-06-03,16.782
118482,"BANDHAN Nifty 50 Index Fund-Direct Plan-Growth",2024-06-04,47.9582
147625,"Motilal Oswal Nifty 500 Index Fund - Direct Plan",2024-06-04,23.3253
148945,"SBI Nifty Next 50 Index Fund - Direct Plan - Growth",2024-06-04,17.5554
149936,"Axis Nifty Midcap 50 Index Fund - Direct Plan - Growth Option",2024-06-04,16.6646
150738,"Tata Nifty Midcap 150 Momentum 50 Index Fund - Growth - Direct Plan",2024-06-04,16.8217
150892,"Edelweiss Nifty Smallcap 250 Index Fund - Direct Plan - Growth",2024-06-04,15.3055
151781,"Kotak Nifty 200 Momentum 30 Index Fund - Direct Plan - Growth Option",2024-06-04,15.147
118482,"BANDHAN Nifty 50 Index Fund-Direct Plan-Growth",2024-06-05,49.5495
147625,"Motilal Oswal Nifty 500 Index Fund - Direct Plan",2024-06-05,24.1602
148945,"SBI Nifty Next 50 Index Fund - Direct Plan - Growth",2024-06-05,18.3255
149936,"Axis Nifty Midcap 50 Index Fund - Direct Plan - Growth Option",2024-06-05,17.4946
150738,"Tata Nifty Midcap 150 Momentum 50 Index Fund - Growth - Direct Plan",2024-06-05,17.3595
150892,"Edelweiss Nifty Smallcap 250 Index Fund - Direct Plan - Growth",2024-06-05,15.8101
151781,"Kotak Nifty 200 Momentum 30 Index Fund - Direct Plan - Growth Option",2024-06-05,15.726
118482,"BANDHAN Nifty 50 Index Fund-Direct Plan-Growth",2024-06-06,49.9867
147625,"Motilal Oswal Nifty 500 Index Fund - Direct Plan",2024-06-06,24.5154
148945,"SBI Nifty Next 50 Index Fund - Direct Plan - Growth",2024-06-06,18.7052
149936,"Axis Nifty Midcap 50 Index Fund - Direct Plan - Growth Option",2024-06-06,17.814
150738,"Tata Nifty Midcap 150 Momentum 50 Index Fund - Growth - Direct Plan",2024-06-06,17.8395
150892,"Edelweiss Nifty Smallcap 250 Index Fund - Direct Plan - Growth",2024-06-06,16.3183
151781,"Kotak Nifty 200 Momentum 30 Index Fund - Direct Plan - Growth Option",2024-06-06,16.076
118482,"BANDHAN Nifty 50 Index Fund-Direct Plan-Growth",2024-06-07,51.0102
147625,"Motilal Oswal Nifty 500 Index Fund - Direct Plan",2024-06-07,24.9729
148945,"SBI Nifty Next 50 Index Fund - Direct Plan - Growth",2024-06-07,18.9795
149936,"Axis Nifty Midcap 50 Index Fund - Direct Plan - Growth Option",2024-06-07,18.091
150738,"Tata Nifty Midcap 150 Momentum 50 Index Fund - Growth - Direct Plan",2024-06-07,18.0809
150892,"Edelweiss Nifty Smallcap 250 Index Fund - Direct Plan - Growth",2024-06-07,16.6845
151781,"Kotak Nifty 200 Momentum 30 Index Fund - Direct Plan - Growth Option",2024-06-07,16.344
118482,"BANDHAN Nifty 50 Index Fund-Direct Plan-Growth",2024-06-10,50.9422
147625,"Motilal Oswal Nifty 500 Index Fund - Direct Plan",2024-06-10,25.0145
148945,"SBI Nifty Next 50 Index Fund - Direct Plan - Growth",2024-06-10,19.1224
149936,"Axis Nifty Midcap 50 Index Fund - Direct Plan - Growth Option",2024-06-10,18.037
150738,"Tata Nifty Midcap 150 Momentum 50 Index Fund - Growth - Direct Plan",2024-06-10,18.1994
150892,"Edelweiss Nifty Smallcap 250 Index Fund - Direct Plan - Growth",2024-06-10,16.904
151781,"Kotak Nifty 200 Momentum 30 Index Fund - Direct Plan - Growth Option",2024-06-10,16.432
118482,"BANDHAN Nifty 50 Index Fund-Direct Plan-Growth",2024-06-11,50.9659
147625,"Motilal Oswal Nifty 500 Index Fund - Direct Plan",2024-06-11,25.0616
148945,"SBI Nifty Next 50 Index Fund - Direct Plan - Growth",2024-06-11,19.1041
149936,"Axis Nifty Midcap 50 Index Fund - Direct Plan - Growth Option",2024-06-11,18.1867
150738,"Tata Nifty Midcap 150 Momentum 50 Index Fund - Growth - Direct Plan",2024-06-11,18.3498
150892,"Edelweiss Nifty Smallcap 250 Index Fund - Direct Plan - Growth",2024-06-11,17.0094
151781,"Kotak Nifty 200 Momentum 30 Index Fund - Direct Plan - Growth Option",2024-06-11,16.529
118482,"BANDHAN Nifty 50 Index Fund-Direct Plan-Growth",2024-06-12,51.0928
147625,"Motilal Oswal Nifty 500 Index Fund - Direct Plan",2024-06-12,25.1864
148945,"SBI Nifty Next 50 Index Fund - Direct Plan - Growth",2024-06-12,19.2475
149936,"Axis Nifty Midcap 50 Index Fund - Direct Plan - Growth Option",2024-06-12,18.4419
150738,"Tata Nifty Midcap 150 Momentum 50 Index Fund - Growth - Direct Plan",2024-06-12,18.4912
150892,"Edelweiss Nifty Smallcap 250 Index Fund - Direct Plan - Growth",2024-06-12,17.1689
151781,"Kotak Nifty 200 Momentum 30 Index Fund - Direct Plan - Growth Option",2024-06-12,16.661
118482,"BANDHAN Nifty 50 Index Fund-Direct Plan-Growth",2024-06-13,51.2586
147625,"Motilal Oswal Nifty 500 Index Fund - Direct Plan",2024-06-13,25.3162
148945,"SBI Nifty Next 50 Index Fund - Direct Plan - Growth",2024-06-13,19.4231
149936,"Axis Nifty Midcap 50 Index Fund - Direct Plan - Growth Option",2024-06-13,18.6044
150738,"Tata Nifty Midcap 150 Momentum 50 Index Fund - Growth - Direct Plan",2024-06-13,18.6252
150892,"Edelweiss Nifty Smallcap 250 Index Fund - Direct Plan - Growth",2024-06-13,17.3065
151781,"Kotak Nifty 200 Momentum 30 Index Fund - Direct Plan - Growth Option",2024-06-13,16.827
118482,"BANDHAN Nifty 50 Index Fund-Direct Plan-Growth",2024-06-14,51.4217
147625,"Motilal Oswal Nifty 500 Index Fund - Direct Plan",2024-06-14,25.482
148945,"SBI Nifty Next 50 Index Fund - Direct Plan - Growth",2024-06-14,19.7114
149936,"Axis Nifty Midcap 50 Index Fund - Direct Plan - Growth Option",2024-06-14,18.7805
150738,"Tata Nifty Midcap 150 Momentum 50 Index Fund - Growth - Direct Plan",2024-06-14,18.8484
150892,"Edelweiss Nifty Smallcap 250 Index Fund - Direct Plan - Growth",2024-06-14,17.4559
151781,"Kotak Nifty 200 Momentum 30 Index Fund - Direct Plan - Growth Option",2024-06-14,17.023
118482,"BANDHAN Nifty 50 Index Fund-Direct Plan-Growth",2024-06-18,51.6228
147625,"Motilal Oswal Nifty 500 Index Fund - Direct Plan",2024-06-18,25.6151
148945,"SBI Nifty Next 50 Index Fund - Direct Plan - Growth",2024-06-18,19.8349
149936,"Axis Nifty Midcap 50 Index Fund - Direct Plan - Growth Option",2024-06-18,18.8737
150738,"Tata Nifty Midcap 150 Momentum 50 Index Fund - Growth - Direct Plan",2024-06-18,18.9421
150892,"Edelweiss Nifty Smallcap 250 Index Fund - Direct Plan - Growth",2024-06-18,17.6243
151781,"Kotak Nifty 200 Momentum 30 Index Fund - Direct Plan - Growth Option",2024-06-18,17.077
118482,"BANDHAN Nifty 50 Index Fund-Direct Plan-Growth",2024-06-19,51.5331
147625,"Motilal Oswal Nifty 500 Index Fund - Direct Plan",2024-06-19,25.4958
148945,"SBI Nifty Next 50 Index Fund - Direct Plan - Growth",2024-06-19,19.6132
149936,"Axis Nifty Midcap 50 Index Fund - Direct Plan - Growth Option",2024-06-19,18.6942
150738,"Tata Nifty Midcap 150 Momentum 50 Index Fund - Growth - Direct Plan",2024-06-19,18.695
150892,"Edelweiss Nifty Smallcap 250 Index Fund - Direct Plan - Growth",2024-06-19,17.5569
151781,"Kotak Nifty 200 Momentum 30 Index Fund - Direct Plan - Growth Option",2024-06-19,16.777
118482,"BANDHAN Nifty 50 Index Fund-Direct Plan-Growth",2024-06-20,51.6615
147625,"Motilal Oswal Nifty 500 Index Fund - Direct Plan",2024-06-20,25.5923
148945,"SBI Nifty Next 50 Index Fund - Direct Plan - Growth",2024-06-20,19.6392
149936,"Axis Nifty Midcap 50 Index Fund - Direct Plan - Growth Option",2024-06-20,18.904
150738,"Tata Nifty Midcap 150 Momentum 50 Index Fund - Growth - Direct Plan",2024-06-20,18.8436
150892,"Edelweiss Nifty Smallcap 250 Index Fund - Direct Plan - Growth",2024-06-20,17.6714
151781,"Kotak Nifty 200 Momentum 30 Index Fund - Direct Plan - Growth Option",2024-06-20,16.761
118482,"BANDHAN Nifty 50 Index Fund-Direct Plan-Growth",2024-06-21,51.5238
147625,"Motilal Oswal Nifty 500 Index Fund - Direct Plan",2024-06-21,25.5165
148945,"SBI Nifty Next 50 Index Fund - Direct Plan - Growth",2024-06-21,19.5009
149936,"Axis Nifty Midcap 50 Index Fund - Direct Plan - Growth Option",2024-06-21,18.9128
150738,"Tata Nifty Midcap 150 Momentum 50 Index Fund - Growth - Direct Plan",2024-06-21,18.8159
150892,"Edelweiss Nifty Smallcap 250 Index Fund - Direct Plan - Growth",2024-06-21,17.6654
151781,"Kotak Nifty 200 Momentum 30 Index Fund - Direct Plan - Growth Option",2024-06-21,16.66
118482,"BANDHAN Nifty 50 Index Fund-Direct Plan-Growth",2024-06-24,51.6042
147625,"Motilal Oswal Nifty 500 Index Fund - Direct Plan",2024-06-24,25.5769
148945,"SBI Nifty Next 50 Index Fund - Direct Plan - Growth",2024-06-24,19.6459
149936,"Axis Nifty Midcap 50 Index Fund - Direct Plan - Growth Option",2024-06-24,19.0141
150738,"Tata Nifty Midcap 150 Momentum 50 Index Fund - Growth - Direct Plan",2024-06-24,18.7928
150892,"Edelweiss Nifty Smallcap 250 Index Fund - Direct Plan - Growth",2024-06-24,17.6684
151781,"Kotak Nifty 200 Momentum 30 Index Fund - Direct Plan - Growth Option",2024-06-24,16.747
118482,"BANDHAN Nifty 50 Index Fund-Direct Plan-Growth",2024-06-25,52.0043
147625,"Motilal Oswal Nifty 500 Index Fund - Direct Plan",2024-06-25,25.6705
148945,"SBI Nifty Next 50 Index Fund - Direct Plan - Growth",2024-06-25,19.5686
149936,"Axis Nifty Midcap 50 Index Fund - Direct Plan - Growth Option",2024-06-25,18.9562
150738,"Tata Nifty Midcap 150 Momentum 50 Index Fund - Growth - Direct Plan",2024-06-25,18.7363
150892,"Edelweiss Nifty Smallcap 250 Index Fund - Direct Plan - Growth",2024-06-25,17.681
151781,"Kotak Nifty 200 Momentum 30 Index Fund - Direct Plan - Growth Option",2024-06-25,16.676
118482,"BANDHAN Nifty 50 Index Fund-Direct Plan-Growth",2024-06-26,52.3263
147625,"Motilal Oswal Nifty 500 Index Fund - Direct Plan",2024-06-26,25.7464
148945,"SBI Nifty Next 50 Index Fund - Direct Plan - Growth",2024-06-26,19.534
149936,"Axis Nifty Midcap 50 Index Fund - Direct Plan - Growth Option",2024-06-26,18.8785
150738,"Tata Nifty Midcap 150 Momentum 50 Index Fund - Growth - Direct Plan",2024-06-26,18.5917
150892,"Edelweiss Nifty Smallcap 250 Index Fund - Direct Plan - Growth",2024-06-26,17.7182
151781,"Kotak Nifty 200 Momentum 30 Index Fund - Direct Plan - Growth Option",2024-06-26,16.57
118482,"BANDHAN Nifty 50 Index Fund-Direct Plan-Growth",2024-06-27,52.7116
147625,"Motilal Oswal Nifty 500 Index Fund - Direct Plan",2024-06-27,25.8616
148945,"SBI Nifty Next 50 Index Fund - Direct Plan - Growth",2024-06-27,19.5617
149936,"Axis Nifty Midcap 50 Index Fund - Direct Plan - Growth Option",2024-06-27,18.9336
150738,"Tata Nifty Midcap 150 Momentum 50 Index Fund - Growth - Direct Plan",2024-06-27,18.5093
150892,"Edelweiss Nifty Smallcap 250 Index Fund - Direct Plan - Growth",2024-06-27,17.6181
151781,"Kotak Nifty 200 Momentum 30 Index Fund - Direct Plan - Growth Option",2024-06-27,16.67
118482,"BANDHAN Nifty 50 Index Fund-Direct Plan-Growth",2024-06-28,52.6429
147625,"Motilal Oswal Nifty 500 Index Fund - Direct Plan",2024-06-28,25.8901
148945,"SBI Nifty Next 50 Index Fund - Direct Plan - Growth",2024-06-28,19.6175
149936,"Axis Nifty Midcap 50 Index Fund - Direct Plan - Growth Option",2024-06-28,19.017
150738,"Tata Nifty Midcap 150 Momentum 50 Index Fund - Growth - Direct Plan",2024-06-28,18.5875
150892,"Edelweiss Nifty Smallcap 250 Index Fund - Direct Plan - Growth",2024-06-28,17.7357
151781,"Kotak Nifty 200 Momentum 30 Index Fund - Direct Plan - Growth Option",2024-06-28,16.712
118482,"BANDHAN Nifty 50 Index Fund-Direct Plan-Growth",2024-06-30,52.6426
148945,"SBI Nifty Next 50 Index Fund - Direct Plan - Growth",2024-06-30,19.6172
150892,"Edelweiss Nifty Smallcap 250 Index Fund - Direct Plan - Growth",2024-06-30,17.7356
118482,"BANDHAN Nifty 50 Index Fund-Direct Plan-Growth",2024-07-01,52.9292
147625,"Motilal Oswal Nifty 500 Index Fund - Direct Plan",2024-07-01,26.0823
148945,"SBI Nifty Next 50 Index Fund - Direct Plan - Growth",2024-07-01,19.8014
149936,"Axis Nifty Midcap 50 Index Fund - Direct Plan - Growth Option",2024-07-01,19.1748
150738,"Tata Nifty Midcap 150 Momentum 50 Index Fund - Growth - Direct Plan",2024-07-01,18.6968
150892,"Edelweiss Nifty Smallcap 250 Index Fund - Direct Plan - Growth",2024-07-01,18.0004
151781,"Kotak Nifty 200 Momentum 30 Index Fund - Direct Plan - Growth Option",2024-07-01,16.885
118482,"BANDHAN Nifty 50 Index Fund-Direct Plan-Growth",2024-07-02,52.8894
147625,"Motilal Oswal Nifty 500 Index Fund - Direct Plan",2024-07-02,26.0251
148945,"SBI Nifty Next 50 Index Fund - Direct Plan - Growth",2024-07-02,19.6941
149936,"Axis Nifty Midcap 50 Index Fund - Direct Plan - Growth Option",2024-07-02,19.0191
150738,"Tata Nifty Midcap 150 Momentum 50 Index Fund - Growth - Direct Plan",2024-07-02,18.6182
150892,"Edelweiss Nifty Smallcap 250 Index Fund - Direct Plan - Growth",2024-07-02,17.971
151781,"Kotak Nifty 200 Momentum 30 Index Fund - Direct Plan - Growth Option",2024-07-02,16.783
118482,"BANDHAN Nifty 50 Index Fund-Direct Plan-Growth",2024-07-03,53.2445
147625,"Motilal Oswal Nifty 500 Index Fund - Direct Plan",2024-07-03,26.2238
148945,"SBI Nifty Next 50 Index Fund - Direct Plan - Growth",2024-07-03,19.907
149936,"Axis Nifty Midcap 50 Index Fund - Direct Plan - Growth Option",2024-07-03,19.2003
150738,"Tata Nifty Midcap 150 Momentum 50 Index Fund - Growth - Direct Plan",2024-07-03,18.8443
150892,"Edelweiss Nifty Smallcap 250 Index Fund - Direct Plan - Growth",2024-07-03,18.132
151781,"Kotak Nifty 200 Momentum 30 Index Fund - Direct Plan - Growth Option",2024-07-03,17.001
118482,"BANDHAN Nifty 50 Index Fund-Direct Plan-Growth",2024-07-04,53.2785
147625,"Motilal Oswal Nifty 500 Index Fund - Direct Plan",2024-07-04,26.2962
148945,"SBI Nifty Next 50 Index Fund - Direct Plan - Growth",2024-07-04,20.0039
149936,"Axis Nifty Midcap 50 Index Fund - Direct Plan - Growth Option",2024-07-04,19.3367
150738,"Tata Nifty Midcap 150 Momentum 50 Index Fund - Growth - Direct Plan",2024-07-04,19.0545
150892,"Edelweiss Nifty Smallcap 250 Index Fund - Direct Plan - Growth",2024-07-04,18.2325
151781,"Kotak Nifty 200 Momentum 30 Index Fund - Direct Plan - Growth Option",2024-07-04,17.176
118482,"BANDHAN Nifty 50 Index Fund-Direct Plan-Growth",2024-07-05,53.3359
147625,"Motilal Oswal Nifty 500 Index Fund - Direct Plan",2024-07-05,26.3842
148945,"SBI Nifty Next 50 Index Fund - Direct Plan - Growth",2024-07-05,20.1401
149936,"Axis Nifty Midcap 50 Index Fund - Direct Plan - Growth Option",2024-07-05,19.4861
150738,"Tata Nifty Midcap 150 Momentum 50 Index Fund - Growth - Direct Plan",2024-07-05,19.2309
150892,"Edelweiss Nifty Smallcap 250 Index Fund - Direct Plan - Growth",2024-07-05,18.3572
151781,"Kotak Nifty 200 Momentum 30 Index Fund - Direct Plan - Growth Option",2024-07-05,17.266
118482,"BANDHAN Nifty 50 Index Fund-Direct Plan-Growth",2024-07-08,53.3282
147625,"Motilal Oswal Nifty 500 Index Fund - Direct Plan",2024-07-08,26.3645
148945,"SBI Nifty Next 50 Index Fund - Direct Plan - Growth",2024-07-08,20.162
149936,"Axis Nifty Midcap 50 Index Fund - Direct Plan - Growth Option",2024-07-08,19.3553
150738,"Tata Nifty Midcap 150 Momentum 50 Index Fund - Growth - Direct Plan",2024-07-08,19.2408
150892,"Edelweiss Nifty Smallcap 250 Index Fund - Direct Plan - Growth",2024-07-08,18.3095
151781,"Kotak Nifty 200 Momentum 30 Index Fund - Direct Plan - Growth Option",2024-07-08,17.25
118482,"BANDHAN Nifty 50 Index Fund-Direct Plan-Growth",2024-07-09,53.5778
147625,"Motilal Oswal Nifty 500 Index Fund - Direct Plan",2024-07-09,26.476
148945,"SBI Nifty Next 50 Index Fund - Direct Plan - Growth",2024-07-09,20.2589
149936,"Axis Nifty Midcap 50 Index Fund - Direct Plan - Growth Option",2024-07-09,19.4045
150738,"Tata Nifty Midcap 150 Momentum 50 Index Fund - Growth - Direct Plan",2024-07-09,19.2776
150892,"Edelweiss Nifty Smallcap 250 Index Fund - Direct Plan - Growth",2024-07-09,18.3513
151781,"Kotak Nifty 200 Momentum 30 Index Fund - Direct Plan - Growth Option",2024-07-09,17.321
118482,"BANDHAN Nifty 50 Index Fund-Direct Plan-Growth",2024-07-10,53.3392
147625,"Motilal Oswal Nifty 500 Index Fund - Direct Plan",2024-07-10,26.3738
148945,"SBI Nifty Next 50 Index Fund - Direct Plan - Growth",2024-07-10,20.268
149936,"Axis Nifty Midcap 50 Index Fund - Direct Plan - Growth Option",2024-07-10,19.3085
150738,"Tata Nifty Midcap 150 Momentum 50 Index Fund - Growth - Direct Plan",2024-07-10,19.2388
150892,"Edelweiss Nifty Smallcap 250 Index Fund - Direct Plan - Growth",2024-07-10,18.2269
151781,"Kotak Nifty 200 Momentum 30 Index Fund - Direct Plan - Growth Option",2024-07-10,17.263
118482,"BANDHAN Nifty 50 Index Fund-Direct Plan-Growth",2024-07-11,53.3206
147625,"Motilal Oswal Nifty 500 Index Fund - Direct Plan",2024-07-11,26.4053
148945,"SBI Nifty Next 50 Index Fund - Direct Plan - Growth",2024-07-11,20.312
149936,"Axis Nifty Midcap 50 Index Fund - Direct Plan - Growth Option",2024-07-11,19.3306
150738,"Tata Nifty Midcap 150 Momentum 50 Index Fund - Growth - Direct Plan",2024-07-11,19.393
150892,"Edelweiss Nifty Smallcap 250 Index Fund - Direct Plan - Growth",2024-07-11,18.3372
151781,"Kotak Nifty 200 Momentum 30 Index Fund - Direct Plan - Growth Option",2024-07-11,17.304
118482,"BANDHAN Nifty 50 Index Fund-Direct Plan-Growth",2024-07-12,53.7311
147625,"Motilal Oswal Nifty 500 Index Fund - Direct Plan",2024-07-12,26.5101
148945,"SBI Nifty Next 50 Index Fund - Direct Plan - Growth",2024-07-12,20.2234
149936,"Axis Nifty Midcap 50 Index Fund - Direct Plan - Growth Option",2024-07-12,19.3207
150738,"Tata Nifty Midcap 150 Momentum 50 Index Fund - Growth - Direct Plan",2024-07-12,19.3245
150892,"Edelweiss Nifty Smallcap 250 Index Fund - Direct Plan - Growth",2024-07-12,18.3248
151781,"Kotak Nifty 200 Momentum 30 Index Fund - Direct Plan - Growth Option",2024-07-12,17.177
118482,"BANDHAN Nifty 50 Index Fund-Direct Plan-Growth",2024-07-15,53.9156
147625,"Motilal Oswal Nifty 500 Index Fund - Direct Plan",2024-07-15,26.6409
148945,"SBI Nifty Next 50 Index Fund - Direct Plan - Growth",2024-07-15,20.3968
149936,"Axis Nifty Midcap 50 Index Fund - Direct Plan - Growth Option",2024-07-15,19.4816
150738,"Tata Nifty Midcap 150 Momentum 50 Index Fund - Growth - Direct Plan",2024-07-15,19.4857
150892,"Edelweiss Nifty Smallcap 250 Index Fund - Direct Plan - Growth",2024-07-15,18.3892
151781,"Kotak Nifty 200 Momentum 30 Index Fund - Direct Plan - Growth Option",2024-07-15,17.314
118482,"BANDHAN Nifty 50 Index Fund-Direct Plan-Growth",2024-07-16,53.9773
147625,"Motilal Oswal Nifty 500 Index Fund - Direct Plan",2024-07-16,26.6342
148945,"SBI Nifty Next 50 Index Fund - Direct Plan - Growth",2024-07-16,20.2746
149936,"Axis Nifty Midcap 50 Index Fund - Direct Plan - Growth Option",2024-07-16,19.5034
150738,"Tata Nifty Midcap 150 Momentum 50 Index Fund - Growth - Direct Plan",2024-07-16,19.4487
150892,"Edelweiss Nifty Smallcap 250 Index Fund - Direct Plan - Growth",2024-07-16,18.4251
151781,"Kotak Nifty 200 Momentum 30 Index Fund - Direct Plan - Growth Option",2024-07-16,17.243
118482,"BANDHAN Nifty 50 Index Fund-Direct Plan-Growth",2024-07-18,54.3878
147625,"Motilal Oswal Nifty 500 Index Fund - Direct Plan",2024-07-18,26.6413
148945,"SBI Nifty Next 50 Index Fund - Direct Plan - Growth",2024-07-18,20.0527
149936,"Axis Nifty Midcap 50 Index Fund - Direct Plan - Growth Option",2024-07-18,19.3806
150738,"Tata Nifty Midcap 150 Momentum 50 Index Fund - Growth - Direct Plan",2024-07-18,19.0865
150892,"Edelweiss Nifty Smallcap 250 Index Fund - Direct Plan - Growth",2024-07-18,18.2225
151781,"Kotak Nifty 200 Momentum 30 Index Fund - Direct Plan - Growth Option",2024-07-18,16.968
118482,"BANDHAN Nifty 50 Index Fund-Direct Plan-Growth",2024-07-19,53.8035
147625,"Motilal Oswal Nifty 500 Index Fund - Direct Plan",2024-07-19,26.2298
148945,"SBI Nifty Next 50 Index Fund - Direct Plan - Growth",2024-07-19,19.574
149936,"Axis Nifty Midcap 50 Index Fund - Direct Plan - Growth Option",2024-07-19,18.8955
150738,"Tata Nifty Midcap 150 Momentum 50 Index Fund - Growth - Direct Plan",2024-07-19,18.6366
150892,"Edelweiss Nifty Smallcap 250 Index Fund - Direct Plan - Growth",2024-07-19,17.7978
151781,"Kotak Nifty 200 Momentum 30 Index Fund - Direct Plan - Growth Option",2024-07-19,16.45
118482,"BANDHAN Nifty 50 Index Fund-Direct Plan-Growth",2024-07-22,53.7558
147625,"Motilal Oswal Nifty 500 Index Fund - Direct Plan",2024-07-22,26.3324
148945,"SBI Nifty Next 50 Index Fund - Direct Plan - Growth",2024-07-22,19.8234
149936,"Axis Nifty Midcap 50 Index Fund - Direct Plan - Growth Option",2024-07-22,19.2192
150738,"Tata Nifty Midcap 150 Momentum 50 Index Fund - Growth - Direct Plan",2024-07-22,18.7896
150892,"Edelweiss Nifty Smallcap 250 Index Fund - Direct Plan - Growth",2024-07-22,17.9571
151781,"Kotak Nifty 200 Momentum 30 Index Fund - Direct Plan - Growth Option",2024-07-22,16.709
118482,"BANDHAN Nifty 50 Index Fund-Direct Plan-Growth",2024-07-23,53.6979
147625,"Motilal Oswal Nifty 500 Index Fund - Direct Plan",2024-07-23,26.2462
148945,"SBI Nifty Next 50 Index Fund - Direct Plan - Growth",2024-07-23,19.6503
149936,"Axis Nifty Midcap 50 Index Fund - Direct Plan - Growth Option",2024-07-23,19.191
150738,"Tata Nifty Midcap 150 Momentum 50 Index Fund - Growth - Direct Plan",2024-07-23,18.6222
150892,"Edelweiss Nifty Smallcap 250 Index Fund - Direct Plan - Growth",2024-07-23,17.8493
151781,"Kotak Nifty 200 Momentum 30 Index Fund - Direct Plan - Growth Option",2024-07-23,16.577
118482,"BANDHAN Nifty 50 Index Fund-Direct Plan-Growth",2024-07-24,53.5541
147625,"Motilal Oswal Nifty 500 Index Fund - Direct Plan",2024-07-24,26.311
148945,"SBI Nifty Next 50 Index Fund - Direct Plan - Growth",2024-07-24,19.7104
149936,"Axis Nifty Midcap 50 Index Fund - Direct Plan - Growth Option",2024-07-24,19.3567
150738,"Tata Nifty Midcap 150 Momentum 50 Index Fund - Growth - Direct Plan",2024-07-24,18.7565
150892,"Edelweiss Nifty Smallcap 250 Index Fund - Direct Plan - Growth",2024-07-24,18.1823
151781,"Kotak Nifty 200 Momentum 30 Index Fund - Direct Plan - Growth Option",2024-07-24,16.6
118482,"BANDHAN Nifty 50 Index Fund-Direct Plan-Growth",2024-07-25,53.5377
147625,"Motilal Oswal Nifty 500 Index Fund - Direct Plan",2024-07-25,26.3064
148945,"SBI Nifty Next 50 Index Fund - Direct Plan - Growth",2024-07-25,19.8104
149936,"Axis Nifty Midcap 50 Index Fund - Direct Plan - Growth Option",2024-07-25,19.3063
150738,"Tata Nifty Midcap 150 Momentum 50 Index Fund - Growth - Direct Plan",2024-07-25,18.7196
150892,"Edelweiss Nifty Smallcap 250 Index Fund - Direct Plan - Growth",2024-07-25,18.1321
151781,"Kotak Nifty 200 Momentum 30 Index Fund - Direct Plan - Growth Option",2024-07-25,16.699
118482,"BANDHAN Nifty 50 Index Fund-Direct Plan-Growth",2024-07-26,54.4751
147625,"Motilal Oswal Nifty 500 Index Fund - Direct Plan",2024-07-26,26.7371
148945,"SBI Nifty Next 50 Index Fund - Direct Plan - Growth",2024-07-26,20.14
149936,"Axis Nifty Midcap 50 Index Fund - Direct Plan - Growth Option",2024-07-26,19.7371
150738,"Tata Nifty Midcap 150 Momentum 50 Index Fund - Growth - Direct Plan",2024-07-26,19.0207
150892,"Edelweiss Nifty Smallcap 250 Index Fund - Direct Plan - Growth",2024-07-26,18.3041
151781,"Kotak Nifty 200 Momentum 30 Index Fund - Direct Plan - Growth Option",2024-07-26,17.141
118482,"BANDHAN Nifty 50 Index Fund-Direct Plan-Growth",2024-07-29,54.4773
147625,"Motilal Oswal Nifty 500 Index Fund - Direct Plan",2024-07-29,26.8543
148945,"SBI Nifty Next 50 Index Fund - Direct Plan - Growth",2024-07-29,20.3836
149936,"Axis Nifty Midcap 50 Index Fund - Direct Plan - Growth Option",2024-07-29,19.9295
150738,"Tata Nifty Midcap 150 Momentum 50 Index Fund - Growth - Direct Plan",2024-07-29,19.2704
150892,"Edelweiss Nifty Smallcap 250 Index Fund - Direct Plan - Growth",2024-07-29,18.4999
151781,"Kotak Nifty 200 Momentum 30 Index Fund - Direct Plan - Growth Option",2024-07-29,17.356
118482,"BANDHAN Nifty 50 Index Fund-Direct Plan-Growth",2024-07-30,54.5275
147625,"Motilal Oswal Nifty 500 Index Fund - Direct Plan",2024-07-30,26.909
148945,"SBI Nifty Next 50 Index Fund - Direct Plan - Growth",2024-07-30,20.3634
149936,"Axis Nifty Midcap 50 Index Fund - Direct Plan - Growth Option",2024-07-30,20.0414
150738,"Tata Nifty Midcap 150 Momentum 50 Index Fund - Growth - Direct Plan",2024-07-30,19.3396
150892,"Edelweiss Nifty Smallcap 250 Index Fund - Direct Plan - Growth",2024-07-30,18.6523
151781,"Kotak Nifty 200 Momentum 30 Index Fund - Direct Plan - Growth Option",2024-07-30,17.403
118482,"BANDHAN Nifty 50 Index Fund-Direct Plan-Growth",2024-07-31,54.7328
147625,"Motilal Oswal Nifty 500 Index Fund - Direct Plan",2024-07-31,27.0125
148945,"SBI Nifty Next 50 Index Fund - Direct Plan - Growth",2024-07-31,20.5234
149936,"Axis Nifty Midcap 50 Index Fund - Direct Plan - Growth Option",2024-07-31,20.1801
150738,"Tata Nifty Midcap 150 Momentum 50 Index Fund - Growth - Direct Plan",2024-07-31,19.4499
150892,"Edelweiss Nifty Smallcap 250 Index Fund - Direct Plan - Growth",2024-07-31,18.6162
151781,"Kotak Nifty 200 Momentum 30 Index Fund - Direct Plan - Growth Option",2024-07-31,17.534
118482,"BANDHAN Nifty 50 Index Fund-Direct Plan-Growth",2024-08-01,54.8661
147625,"Motilal Oswal Nifty 500 Index Fund - Direct Plan",2024-08-01,26.9857
148945,"SBI Nifty Next 50 Index Fund - Direct Plan - Growth",2024-08-01,20.388
149936,"Axis Nifty Midcap 50 Index Fund - Direct Plan - Growth Option",2024-08-01,19.9924
150738,"Tata Nifty Midcap 150 Momentum 50 Index Fund - Growth - Direct Plan",2024-08-01,19.3449
150892,"Edelweiss Nifty Smallcap 250 Index Fund - Direct Plan - Growth",2024-08-01,18.4901
151781,"Kotak Nifty 200 Momentum 30 Index Fund - Direct Plan - Growth Option",2024-08-01,17.435
118482,"BANDHAN Nifty 50 Index Fund-Direct Plan-Growth",2024-08-02,54.2181
147625,"Motilal Oswal Nifty 500 Index Fund - Direct Plan",2024-08-02,26.7074
148945,"SBI Nifty Next 50 Index Fund - Direct Plan - Growth",2024-08-02,20.1292
149936,"Axis Nifty Midcap 50 Index Fund - Direct Plan - Growth Option",2024-08-02,19.7085
150738,"Tata Nifty Midcap 150 Momentum 50 Index Fund - Growth - Direct Plan",2024-08-02,19.0251
150892,"Edelweiss Nifty Smallcap 250 Index Fund - Direct Plan - Growth",2024-08-02,18.3387
151781,"Kotak Nifty 200 Momentum 30 Index Fund - Direct Plan - Growth Option",2024-08-02,17.041
118482,"BANDHAN Nifty 50 Index Fund-Direct Plan-Growth",2024-08-05,52.775
147625,"Motilal Oswal Nifty 500 Index Fund - Direct Plan",2024-08-05,25.8863
148945,"SBI Nifty Next 50 Index Fund - Direct Plan - Growth",2024-08-05,19.475
149936,"Axis Nifty Midcap 50 Index Fund - Direct Plan - Growth Option",2024-08-05,19.0663
150738,"Tata Nifty Midcap 150 Momentum 50 Index Fund - Growth - Direct Plan",2024-08-05,18.271
150892,"Edelweiss Nifty Smallcap 250 Index Fund - Direct Plan - Growth",2024-08-05,17.5754
151781,"Kotak Nifty 200 Momentum 30 Index Fund - Direct Plan - Growth Option",2024-08-05,16.41
118482,"BANDHAN Nifty 50 Index Fund-Direct Plan-Growth",2024-08-06,52.6309
147625,"Motilal Oswal Nifty 500 Index Fund - Direct Plan",2024-08-06,25.7732
148945,"SBI Nifty Next 50 Index Fund - Direct Plan - Growth",2024-08-06,19.2953
149936,"Axis Nifty Midcap 50 Index Fund - Direct Plan - Growth Option",2024-08-06,18.9682
150738,"Tata Nifty Midcap 150 Momentum 50 Index Fund - Growth - Direct Plan",2024-08-06,18.1085
150892,"Edelweiss Nifty Smallcap 250 Index Fund - Direct Plan - Growth",2024-08-06,17.5076
151781,"Kotak Nifty 200 Momentum 30 Index Fund - Direct Plan - Growth Option",2024-08-06,16.26
118482,"BANDHAN Nifty 50 Index Fund-Direct Plan-Growth",2024-08-07,53.3177
147625,"Motilal Oswal Nifty 500 Index Fund - Direct Plan",2024-08-07,26.2446
148945,"SBI Nifty Next 50 Index Fund - Direct Plan - Growth",2024-08-07,19.8752
149936,"Axis Nifty Midcap 50 Index Fund - Direct Plan - Growth Option",2024-08-07,19.4765
150738,"Tata Nifty Midcap 150 Momentum 50 Index Fund - Growth - Direct Plan",2024-08-07,18.6178
150892,"Edelweiss Nifty Smallcap 250 Index Fund - Direct Plan - Growth",2024-08-07,17.9266
151781,"Kotak Nifty 200 Momentum 30 Index Fund - Direct Plan - Growth Option",2024-08-07,16.778
118482,"BANDHAN Nifty 50 Index Fund-Direct Plan-Growth",2024-08-08,52.9238
147625,"Motilal Oswal Nifty 500 Index Fund - Direct Plan",2024-08-08,26.0804
148945,"SBI Nifty Next 50 Index Fund - Direct Plan - Growth",2024-08-08,19.7171
149936,"Axis Nifty Midcap 50 Index Fund - Direct Plan - Growth Option",2024-08-08,19.4455
150738,"Tata Nifty Midcap 150 Momentum 50 Index Fund - Growth - Direct Plan",2024-08-08,18.53
150892,"Edelweiss Nifty Smallcap 250 Index Fund - Direct Plan - Growth",2024-08-08,17.8762
151781,"Kotak Nifty 200 Momentum 30 Index Fund - Direct Plan - Growth Option",2024-08-08,16.692
118482,"BANDHAN Nifty 50 Index Fund-Direct Plan-Growth",2024-08-09,53.4739
147625,"Motilal Oswal Nifty 500 Index Fund - Direct Plan",2024-08-09,26.3324
148945,"SBI Nifty Next 50 Index Fund - Direct Plan - Growth",2024-08-09,19.9656
149936,"Axis Nifty Midcap 50 Index Fund - Direct Plan - Growth Option",2024-08-09,19.5952
150738,"Tata Nifty Midcap 150 Momentum 50 Index Fund - Growth - Direct Plan",2024-08-09,18.7172
150892,"Edelweiss Nifty Smallcap 250 Index Fund - Direct Plan - Growth",2024-08-09,17.9947
151781,"Kotak Nifty 200 Momentum 30 Index Fund - Direct Plan - Growth Option",2024-08-09,17.004
118482,"BANDHAN Nifty 50 Index Fund-Direct Plan-Growth",2024-08-12,53.4638
147625,"Motilal Oswal Nifty 500 Index Fund - Direct Plan",2024-08-12,26.3334
148945,"SBI Nifty Next 50 Index Fund - Direct Plan - Growth",2024-08-12,19.8868
149936,"Axis Nifty Midcap 50 Index Fund - Direct Plan - Growth Option",2024-08-12,19.6196
150738,"Tata Nifty Midcap 150 Momentum 50 Index Fund - Growth - Direct Plan",2024-08-12,18.8476
150892,"Edelweiss Nifty Smallcap 250 Index Fund - Direct Plan - Growth",2024-08-12,18.0482
151781,"Kotak Nifty 200 Momentum 30 Index Fund - Direct Plan - Growth Option",2024-08-12,16.93
118482,"BANDHAN Nifty 50 Index Fund-Direct Plan-Growth",2024-08-13,53.0068
147625,"Motilal Oswal Nifty 500 Index Fund - Direct Plan",2024-08-13,26.0927
148945,"SBI Nifty Next 50 Index Fund - Direct Plan - Growth",2024-08-13,19.6605
149936,"Axis Nifty Midcap 50 Index Fund - Direct Plan - Growth Option",2024-08-13,19.4503
150738,"Tata Nifty Midcap 150 Momentum 50 Index Fund - Growth - Direct Plan",2024-08-13,18.7592
150892,"Edelweiss Nifty Smallcap 250 Index Fund - Direct Plan - Growth",2024-08-13,17.8264
151781,"Kotak Nifty 200 Momentum 30 Index Fund - Direct Plan - Growth Option",2024-08-13,16.738
118482,"BANDHAN Nifty 50 Index Fund-Direct Plan-Growth",2024-08-14,53.0171
147625,"Motilal Oswal Nifty 500 Index Fund - Direct Plan",2024-08-14,26.0558
148945,"SBI Nifty Next 50 Index Fund - Direct Plan - Growth",2024-08-14,19.6737
149936,"Axis Nifty Midcap 50 Index Fund - Direct Plan - Growth Option",2024-08-14,19.2909
150738,"Tata Nifty Midcap 150 Momentum 50 Index Fund - Growth - Direct Plan",2024-08-14,18.639
150892,"Edelweiss Nifty Smallcap 250 Index Fund - Direct Plan - Growth",2024-08-14,17.7289
151781,"Kotak Nifty 200 Momentum 30 Index Fund - Direct Plan - Growth Option",2024-08-14,16.699
118482,"BANDHAN Nifty 50 Index Fund-Direct Plan-Growth",2024-08-16,53.9001
147625,"Motilal Oswal Nifty 500 Index Fund - Direct Plan",2024-08-16,26.5006
148945,"SBI Nifty Next 50 Index Fund - Direct Plan - Growth",2024-08-16,20.0316
149936,"Axis Nifty Midcap 50 Index Fund - Direct Plan - Growth Option",2024-08-16,19.6835
150738,"Tata Nifty Midcap 150 Momentum 50 Index Fund - Growth - Direct Plan",2024-08-16,18.9562
150892,"Edelweiss Nifty Smallcap 250 Index Fund - Direct Plan - Growth",2024-08-16,18.0305
151781,"Kotak Nifty 200 Momentum 30 Index Fund - Direct Plan - Growth Option",2024-08-16,17.039
118482,"BANDHAN Nifty 50 Index Fund-Direct Plan-Growth",2024-08-19,53.9854
147625,"Motilal Oswal Nifty 500 Index Fund - Direct Plan",2024-08-19,26.6006
148945,"SBI Nifty Next 50 Index Fund - Direct Plan - Growth",2024-08-19,20.1485
149936,"Axis Nifty Midcap 50 Index Fund - Direct Plan - Growth Option",2024-08-19,19.6997
150738,"Tata Nifty Midcap 150 Momentum 50 Index Fund - Growth - Direct Plan",2024-08-19,19.0385
150892,"Edelweiss Nifty Smallcap 250 Index Fund - Direct Plan - Growth",2024-08-19,18.3072
151781,"Kotak Nifty 200 Momentum 30 Index Fund - Direct Plan - Growth Option",2024-08-19,17.091
118482,"BANDHAN Nifty 50 Index Fund-Direct Plan-Growth",2024-08-20,54.2589
147625,"Motilal Oswal Nifty 500 Index Fund - Direct Plan",2024-08-20,26.7625
148945,"SBI Nifty Next 50 Index Fund - Direct Plan - Growth",2024-08-20,20.3131
149936,"Axis Nifty Midcap 50 Index Fund - Direct Plan - Growth Option",2024-08-20,19.864
150738,"Tata Nifty Midcap 150 Momentum 50 Index Fund - Growth - Direct Plan",2024-08-20,19.2333
150892,"Edelweiss Nifty Smallcap 250 Index Fund - Direct Plan - Growth",2024-08-20,18.4081
151781,"Kotak Nifty 200 Momentum 30 Index Fund - Direct Plan - Growth Option",2024-08-20,17.2
118482,"BANDHAN Nifty 50 Index Fund-Direct Plan-Growth",2024-08-21,54.4153
147625,"Motilal Oswal Nifty 500 Index Fund - Direct Plan",2024-08-21,26.8641
148945,"SBI Nifty Next 50 Index Fund - Direct Plan - Growth",2024-08-21,20.372
149936,"Axis Nifty Midcap 50 Index Fund - Direct Plan - Growth Option",2024-08-21,19.9236
150738,"Tata Nifty Midcap 150 Momentum 50 Index Fund - Growth - Direct Plan",2024-08-21,19.2621
150892,"Edelweiss Nifty Smallcap 250 Index Fund - Direct Plan - Growth",2024-08-21,18.6112
151781,"Kotak Nifty 200 Momentum 30 Index Fund - Direct Plan - Growth Option",2024-08-21,17.269
118482,"BANDHAN Nifty 50 Index Fund-Direct Plan-Growth",2024-08-22,54.5057
147625,"Motilal Oswal Nifty 500 Index Fund - Direct Plan",2024-08-22,26.947
148945,"SBI Nifty Next 50 Index Fund - Direct Plan - Growth",2024-08-22,20.505
149936,"Axis Nifty Midcap 50 Index Fund - Direct Plan - Growth Option",2024-08-22,20.0819
150738,"Tata Nifty Midcap 150 Momentum 50 Index Fund - Growth - Direct Plan",2024-08-22,19.388
150892,"Edelweiss Nifty Smallcap 250 Index Fund - Direct Plan - Growth",2024-08-22,18.6702
151781,"Kotak Nifty 200 Momentum 30 Index Fund - Direct Plan - Growth Option",2024-08-22,17.302
118482,"BANDHAN Nifty 50 Index Fund-Direct Plan-Growth",2024-08-23,54.5359
147625,"Motilal Oswal Nifty 500 Index Fund - Direct Plan",2024-08-23,26.9246
148945,"SBI Nifty Next 50 Index Fund - Direct Plan - Growth",2024-08-23,20.4359
149936,"Axis Nifty Midcap 50 Index Fund - Direct Plan - Growth Option",2024-08-23,19.951
150738,"Tata Nifty Midcap 150 Momentum 50 Index Fund - Growth - Direct Plan",2024-08-23,19.2963
150892,"Edelweiss Nifty Smallcap 250 Index Fund - Direct Plan - Growth",2024-08-23,18.6948
151781,"Kotak Nifty 200 Momentum 30 Index Fund - Direct Plan - Growth Option",2024-08-23,17.36
118482,"BANDHAN Nifty 50 Index Fund-Direct Plan-Growth",2024-08-26,54.9466
147625,"Motilal Oswal Nifty 500 Index Fund - Direct Plan",2024-08-26,27.0885
148945,"SBI Nifty Next 50 Index Fund - Direct Plan - Growth",2024-08-26,20.5357
149936,"Axis Nifty Midcap 50 Index Fund - Direct Plan - Growth Option",2024-08-26,20.0652
150738,"Tata Nifty Midcap 150 Momentum 50 Index Fund - Growth - Direct Plan",2024-08-26,19.4659
150892,"Edelweiss Nifty Smallcap 250 Index Fund - Direct Plan - Growth",2024-08-26,18.7724
151781,"Kotak Nifty 200 Momentum 30 Index Fund - Direct Plan - Growth Option",2024-08-26,17.438
118482,"BANDHAN Nifty 50 Index Fund-Direct Plan-Growth",2024-08-27,54.9621
147625,"Motilal Oswal Nifty 500 Index Fund - Direct Plan",2024-08-27,27.1379
148945,"SBI Nifty Next 50 Index Fund - Direct Plan - Growth",2024-08-27,20.5575
149936,"Axis Nifty Midcap 50 Index Fund - Direct Plan - Growth Option",2024-08-27,20.0939
150738,"Tata Nifty Midcap 150 Momentum 50 Index Fund - Growth - Direct Plan",2024-08-27,19.4774
150892,"Edelweiss Nifty Smallcap 250 Index Fund - Direct Plan - Growth",2024-08-27,18.9166
151781,"Kotak Nifty 200 Momentum 30 Index Fund - Direct Plan - Growth Option",2024-08-27,17.437
118482,"BANDHAN Nifty 50 Index Fund-Direct Plan-Growth",2024-08-28,55.0379
147625,"Motilal Oswal Nifty 500 Index Fund - Direct Plan",2024-08-28,27.1505
148945,"SBI Nifty Next 50 Index Fund - Direct Plan - Growth",2024-08-28,20.6214
149936,"Axis Nifty Midcap 50 Index Fund - Direct Plan - Growth Option",2024-08-28,20.0998
150738,"Tata Nifty Midcap 150 Momentum 50 Index Fund - Growth - Direct Plan",2024-08-28,19.4944
150892,"Edelweiss Nifty Smallcap 250 Index Fund - Direct Plan - Growth",2024-08-28,18.8759
151781,"Kotak Nifty 200 Momentum 30 Index Fund - Direct Plan - Growth Option",2024-08-28,17.498
118482,"BANDHAN Nifty 50 Index Fund-Direct Plan-Growth",2024-08-29,55.2551
147625,"Motilal Oswal Nifty 500 Index Fund - Direct Plan",2024-08-29,27.1682
148945,"SBI Nifty Next 50 Index Fund - Direct Plan - Growth",2024-08-29,20.5702
149936,"Axis Nifty Midcap 50 Index Fund - Direct Plan - Growth Option",2024-08-29,20.0129
150738,"Tata Nifty Midcap 150 Momentum 50 Index Fund - Growth - Direct Plan",2024-08-29,19.4388
150892,"Edelweiss Nifty Smallcap 250 Index Fund - Direct Plan - Growth",2024-08-29,18.7687
151781,"Kotak Nifty 200 Momentum 30 Index Fund - Direct Plan - Growth Option",2024-08-29,17.52
118482,"BANDHAN Nifty 50 Index Fund-Direct Plan-Growth",2024-08-30,55.4391
147625,"Motilal Oswal Nifty 500 Index Fund - Direct Plan",2024-08-30,27.2888
148945,"SBI Nifty Next 50 Index Fund - Direct Plan - Growth",2024-08-30,20.6795
149936,"Axis Nifty Midcap 50 Index Fund - Direct Plan - Growth Option",2024-08-30,20.1387
150738,"Tata Nifty Midcap 150 Momentum 50 Index Fund - Growth - Direct Plan",2024-08-30,19.6776
150892,"Edelweiss Nifty Smallcap 250 Index Fund - Direct Plan - Growth",2024-08-30,18.8665
151781,"Kotak Nifty 200 Momentum 30 Index Fund - Direct Plan - Growth Option",2024-08-30,17.623
118482,"BANDHAN Nifty 50 Index Fund-Direct Plan-Growth",2024-08-31,55.439
148945,"SBI Nifty Next 50 Index Fund - Direct Plan - Growth",2024-08-31,20.6794
149936,"Axis Nifty Midcap 50 Index Fund - Direct Plan - Growth Option",2024-08-31,20.1386
118482,"BANDHAN Nifty 50 Index Fund-Direct Plan-Growth",2024-09-02,55.5325
147625,"Motilal Oswal Nifty 500 Index Fund - Direct Plan",2024-09-02,27.3187
148945,"SBI Nifty Next 50 Index Fund - Direct Plan - Growth",2024-09-02,20.6944
149936,"Axis Nifty Midcap 50 Index Fund - Direct Plan - Growth Option",2024-09-02,20.1026
150738,"Tata Nifty Midcap 150 Momentum 50 Index Fund - Growth - Direct Plan",2024-09-02,19.5181
150892,"Edelweiss Nifty Smallcap 250 Index Fund - Direct Plan - Growth",2024-09-02,18.8531
151781,"Kotak Nifty 200 Momentum 30 Index Fund - Direct Plan - Growth Option",2024-09-02,17.505
118482,"BANDHAN Nifty 50 Index Fund-Direct Plan-Growth",2024-09-03,55.5347
147625,"Motilal Oswal Nifty 500 Index Fund - Direct Plan",2024-09-03,27.3506
148945,"SBI Nifty Next 50 Index Fund - Direct Plan - Growth",2024-09-03,20.7157
149936,"Axis Nifty Midcap 50 Index Fund - Direct Plan - Growth Option",2024-09-03,20.1784
150738,"Tata Nifty Midcap 150 Momentum 50 Index Fund - Growth - Direct Plan",2024-09-03,19.5443
150892,"Edelweiss Nifty Smallcap 250 Index Fund - Direct Plan - Growth",2024-09-03,18.9637
151781,"Kotak Nifty 200 Momentum 30 Index Fund - Direct Plan - Growth Option",2024-09-03,17.545
118482,"BANDHAN Nifty 50 Index Fund-Direct Plan-Growth",2024-09-04,55.3563
147625,"Motilal Oswal Nifty 500 Index Fund - Direct Plan",2024-09-04,27.3051
148945,"SBI Nifty Next 50 Index Fund - Direct Plan - Growth",2024-09-04,20.7257
149936,"Axis Nifty Midcap 50 Index Fund - Direct Plan - Growth Option",2024-09-04,20.1499
150738,"Tata Nifty Midcap 150 Momentum 50 Index Fund - Growth - Direct Plan",2024-09-04,19.5103
150892,"Edelweiss Nifty Smallcap 250 Index Fund - Direct Plan - Growth",2024-09-04,19.0221
151781,"Kotak Nifty 200 Momentum 30 Index Fund - Direct Plan - Growth Option",2024-09-04,17.462
118482,"BANDHAN Nifty 50 Index Fund-Direct Plan-Growth",2024-09-05,55.2383
147625,"Motilal Oswal Nifty 500 Index Fund - Direct Plan",2024-09-05,27.3183
148945,"SBI Nifty Next 50 Index Fund - Direct Plan - Growth",2024-09-05,20.7352
149936,"Axis Nifty Midcap 50 Index Fund - Direct Plan - Growth Option",2024-09-05,20.2429
150738,"Tata Nifty Midcap 150 Momentum 50 Index Fund - Growth - Direct Plan",2024-09-05,19.4332
150892,"Edelweiss Nifty Smallcap 250 Index Fund - Direct Plan - Growth",2024-09-05,19.1854
151781,"Kotak Nifty 200 Momentum 30 Index Fund - Direct Plan - Growth Option",2024-09-05,17.389
118482,"BANDHAN Nifty 50 Index Fund-Direct Plan-Growth",2024-09-06,54.5939
147625,"Motilal Oswal Nifty 500 Index Fund - Direct Plan",2024-09-06,26.9912
148945,"SBI Nifty Next 50 Index Fund - Direct Plan - Growth",2024-09-06,20.4538
149936,"Axis Nifty Midcap 50 Index Fund - Direct Plan - Growth Option",2024-09-06,19.8877
150738,"Tata Nifty Midcap 150 Momentum 50 Index Fund - Growth - Direct Plan",2024-09-06,19.1139
150892,"Edelweiss Nifty Smallcap 250 Index Fund - Direct Plan - Growth",2024-09-06,18.9956
151781,"Kotak Nifty 200 Momentum 30 Index Fund - Direct Plan - Growth Option",2024-09-06,17.077
118482,"BANDHAN Nifty 50 Index Fund-Direct Plan-Growth",2024-09-09,54.7779
147625,"Motilal Oswal Nifty 500 Index Fund - Direct Plan",2024-09-09,27.0191
148945,"SBI Nifty Next 50 Index Fund - Direct Plan - Growth",2024-09-09,20.4839
149936,"Axis Nifty Midcap 50 Index Fund - Direct Plan - Growth Option",2024-09-09,19.7862
150738,"Tata Nifty Midcap 150 Momentum 50 Index Fund - Growth - Direct Plan",2024-09-09,19.0393
150892,"Edelweiss Nifty Smallcap 250 Index Fund - Direct Plan - Growth",2024-09-09,18.8398
151781,"Kotak Nifty 200 Momentum 30 Index Fund - Direct Plan - Growth Option",2024-09-09,16.983
118482,"BANDHAN Nifty 50 Index Fund-Direct Plan-Growth",2024-09-10,55.0076
147625,"Motilal Oswal Nifty 500 Index Fund - Direct Plan",2024-09-10,27.1815
148945,"SBI Nifty Next 50 Index Fund - Direct Plan - Growth",2024-09-10,20.5288
149936,"Axis Nifty Midcap 50 Index Fund - Direct Plan - Growth Option",2024-09-10,20.0664
150738,"Tata Nifty Midcap 150 Momentum 50 Index Fund - Growth - Direct Plan",2024-09-10,19.17
150892,"Edelweiss Nifty Smallcap 250 Index Fund - Direct Plan - Growth",2024-09-10,19.0765
151781,"Kotak Nifty 200 Momentum 30 Index Fund - Direct Plan - Growth Option",2024-09-10,17.104
118482,"BANDHAN Nifty 50 Index Fund-Direct Plan-Growth",2024-09-11,54.7381
147625,"Motilal Oswal Nifty 500 Index Fund - Direct Plan",2024-09-11,27.0524
148945,"SBI Nifty Next 50 Index Fund - Direct Plan - Growth",2024-09-11,20.4237
149936,"Axis Nifty Midcap 50 Index Fund - Direct Plan - Growth Option",2024-09-11,20.0451
150738,"Tata Nifty Midcap 150 Momentum 50 Index Fund - Growth - Direct Plan",2024-09-11,19.1075
150892,"Edelweiss Nifty Smallcap 250 Index Fund - Direct Plan - Growth",2024-09-11,18.9261
151781,"Kotak Nifty 200 Momentum 30 Index Fund - Direct Plan - Growth Option",2024-09-11,16.955
118482,"BANDHAN Nifty 50 Index Fund-Direct Plan-Growth",2024-09-12,55.7717
147625,"Motilal Oswal Nifty 500 Index Fund - Direct Plan",2024-09-12,27.4844
148945,"SBI Nifty Next 50 Index Fund - Direct Plan - Growth",2024-09-12,20.7224
149936,"Axis Nifty Midcap 50 Index Fund - Direct Plan - Growth Option",2024-09-12,20.3044
150738,"Tata Nifty Midcap 150 Momentum 50 Index Fund - Growth - Direct Plan",2024-09-12,19.3806
150892,"Edelweiss Nifty Smallcap 250 Index Fund - Direct Plan - Growth",2024-09-12,19.074
151781,"Kotak Nifty 200 Momentum 30 Index Fund - Direct Plan - Growth Option",2024-09-12,17.302
118482,"BANDHAN Nifty 50 Index Fund-Direct Plan-Growth",2024-09-13,55.7004
147625,"Motilal Oswal Nifty 500 Index Fund - Direct Plan",2024-09-13,27.5089
148945,"SBI Nifty Next 50 Index Fund - Direct Plan - Growth",2024-09-13,20.717
149936,"Axis Nifty Midcap 50 Index Fund - Direct Plan - Growth Option",2024-09-13,20.4468
150738,"Tata Nifty Midcap 150 Momentum 50 Index Fund - Growth - Direct Plan",2024-09-13,19.5511
150892,"Edelweiss Nifty Smallcap 250 Index Fund - Direct Plan - Growth",2024-09-13,19.2489
151781,"Kotak Nifty 200 Momentum 30 Index Fund - Direct Plan - Growth Option",2024-09-13,17.309
118482,"BANDHAN Nifty 50 Index Fund-Direct Plan-Growth",2024-09-16,55.7598
147625,"Motilal Oswal Nifty 500 Index Fund - Direct Plan",2024-09-16,27.5542
148945,"SBI Nifty Next 50 Index Fund - Direct Plan - Growth",2024-09-16,20.7265
149936,"Axis Nifty Midcap 50 Index Fund - Direct Plan - Growth Option",2024-09-16,20.4609
150738,"Tata Nifty Midcap 150 Momentum 50 Index Fund - Growth - Direct Plan",2024-09-16,19.8051
150892,"Edelweiss Nifty Smallcap 250 Index Fund - Direct Plan - Growth",2024-09-16,19.2828
151781,"Kotak Nifty 200 Momentum 30 Index Fund - Direct Plan - Growth Option",2024-09-16,17.359
118482,"BANDHAN Nifty 50 Index Fund-Direct Plan-Growth",2024-09-17,55.8365
147625,"Motilal Oswal Nifty 500 Index Fund - Direct Plan",2024-09-17,27.5566
148945,"SBI Nifty Next 50 Index Fund - Direct Plan - Growth",2024-09-17,20.6703
149936,"Axis Nifty Midcap 50 Index Fund - Direct Plan - Growth Option",2024-09-17,20.453
150738,"Tata Nifty Midcap 150 Momentum 50 Index Fund - Growth - Direct Plan",2024-09-17,19.807
150892,"Edelweiss Nifty Smallcap 250 Index Fund - Direct Plan - Growth",2024-09-17,19.2485
151781,"Kotak Nifty 200 Momentum 30 Index Fund - Direct Plan - Growth Option",2024-09-17,17.37
118482,"BANDHAN Nifty 50 Index Fund-Direct Plan-Growth",2024-09-18,55.7458
147625,"Motilal Oswal Nifty 500 Index Fund - Direct Plan",2024-09-18,27.4746
148945,"SBI Nifty Next 50 Index Fund - Direct Plan - Growth",2024-09-18,20.5812
149936,"Axis Nifty Midcap 50 Index Fund - Direct Plan - Growth Option",2024-09-18,20.2182
150738,"Tata Nifty Midcap 150 Momentum 50 Index Fund - Growth - Direct Plan",2024-09-18,19.7905
150892,"Edelweiss Nifty Smallcap 250 Index Fund - Direct Plan - Growth",2024-09-18,19.1838
151781,"Kotak Nifty 200 Momentum 30 Index Fund - Direct Plan - Growth Option",2024-09-18,17.288
118482,"BANDHAN Nifty 50 Index Fund-Direct Plan-Growth",2024-09-19,55.8297
147625,"Motilal Oswal Nifty 500 Index Fund - Direct Plan",2024-09-19,27.4237
148945,"SBI Nifty Next 50 Index Fund - Direct Plan - Growth",2024-09-19,20.4388
149936,"Axis Nifty Midcap 50 Index Fund - Direct Plan - Growth Option",2024-09-19,20.0952
150738,"Tata Nifty Midcap 150 Momentum 50 Index Fund - Growth - Direct Plan",2024-09-19,19.5521
150892,"Edelweiss Nifty Smallcap 250 Index Fund - Direct Plan - Growth",2024-09-19,18.9714
151781,"Kotak Nifty 200 Momentum 30 Index Fund - Direct Plan - Growth Option",2024-09-19,17.115
118482,"BANDHAN Nifty 50 Index Fund-Direct Plan-Growth",2024-09-20,56.6525
147625,"Motilal Oswal Nifty 500 Index Fund - Direct Plan",2024-09-20,27.8134
148945,"SBI Nifty Next 50 Index Fund - Direct Plan - Growth",2024-09-20,20.7296
149936,"Axis Nifty Midcap 50 Index Fund - Direct Plan - Growth Option",2024-09-20,20.315
150738,"Tata Nifty Midcap 150 Momentum 50 Index Fund - Growth - Direct Plan",2024-09-20,19.9587
150892,"Edelweiss Nifty Smallcap 250 Index Fund - Direct Plan - Growth",2024-09-20,19.1746
151781,"Kotak Nifty 200 Momentum 30 Index Fund - Direct Plan - Growth Option",2024-09-20,17.377
118482,"BANDHAN Nifty 50 Index Fund-Direct Plan-Growth",2024-09-23,56.9778
147625,"Motilal Oswal Nifty 500 Index Fund - Direct Plan",2024-09-23,28.0264
148945,"SBI Nifty Next 50 Index Fund - Direct Plan - Growth",2024-09-23,21.0654
149936,"Axis Nifty Midcap 50 Index Fund - Direct Plan - Growth Option",2024-09-23,20.5005
150738,"Tata Nifty Midcap 150 Momentum 50 Index Fund - Growth - Direct Plan",2024-09-23,20.1303
150892,"Edelweiss Nifty Smallcap 250 Index Fund - Direct Plan - Growth",2024-09-23,19.3382
151781,"Kotak Nifty 200 Momentum 30 Index Fund - Direct Plan - Growth Option",2024-09-23,17.714
118482,"BANDHAN Nifty 50 Index Fund-Direct Plan-Growth",2024-09-24,56.9807
147625,"Motilal Oswal Nifty 500 Index Fund - Direct Plan",2024-09-24,28.0383
148945,"SBI Nifty Next 50 Index Fund - Direct Plan - Growth",2024-09-24,21.0917
149936,"Axis Nifty Midcap 50 Index Fund - Direct Plan - Growth Option",2024-09-24,20.5836
150738,"Tata Nifty Midcap 150 Momentum 50 Index Fund - Growth - Direct Plan",2024-09-24,20.2401
150892,"Edelweiss Nifty Smallcap 250 Index Fund - Direct Plan - Growth",2024-09-24,19.2968
151781,"Kotak Nifty 200 Momentum 30 Index Fund - Direct Plan - Growth Option",2024-09-24,17.831
118482,"BANDHAN Nifty 50 Index Fund-Direct Plan-Growth",2024-09-25,57.1206
147625,"Motilal Oswal Nifty 500 Index Fund - Direct Plan",2024-09-25,28.0174
148945,"SBI Nifty Next 50 Index Fund - Direct Plan - Growth",2024-09-25,21.0137
149936,"Axis Nifty Midcap 50 Index Fund - Direct Plan - Growth Option",2024-09-25,20.4899
150738,"Tata Nifty Midcap 150 Momentum 50 Index Fund - Growth - Direct Plan",2024-09-25,20.0615
150892,"Edelweiss Nifty Smallcap 250 Index Fund - Direct Plan - Growth",2024-09-25,19.229
151781,"Kotak Nifty 200 Momentum 30 Index Fund - Direct Plan - Growth Option",2024-09-25,17.8
118482,"BANDHAN Nifty 50 Index Fund-Direct Plan-Growth",2024-09-26,57.5856
147625,"Motilal Oswal Nifty 500 Index Fund - Direct Plan",2024-09-26,28.1617
148945,"SBI Nifty Next 50 Index Fund - Direct Plan - Growth",2024-09-26,21.1699
149936,"Axis Nifty Midcap 50 Index Fund - Direct Plan - Growth Option",2024-09-26,20.5313
150738,"Tata Nifty Midcap 150 Momentum 50 Index Fund - Growth - Direct Plan",2024-09-26,20.004
150892,"Edelweiss Nifty Smallcap 250 Index Fund - Direct Plan - Growth",2024-09-26,19.1428
151781,"Kotak Nifty 200 Momentum 30 Index Fund - Direct Plan - Growth Option",2024-09-26,17.962
118482,"BANDHAN Nifty 50 Index Fund-Direct Plan-Growth",2024-09-27,57.4997
147625,"Motilal Oswal Nifty 500 Index Fund - Direct Plan",2024-09-27,28.1519
148945,"SBI Nifty Next 50 Index Fund - Direct Plan - Growth",2024-09-27,21.3579
149936,"Axis Nifty Midcap 50 Index Fund - Direct Plan - Growth Option",2024-09-27,20.5722
150738,"Tata Nifty Midcap 150 Momentum 50 Index Fund - Growth - Direct Plan",2024-09-27,19.9989
150892,"Edelweiss Nifty Smallcap 250 Index Fund - Direct Plan - Growth",2024-09-27,19.0947
151781,"Kotak Nifty 200 Momentum 30 Index Fund - Direct Plan - Growth Option",2024-09-27,18.102
118482,"BANDHAN Nifty 50 Index Fund-Direct Plan-Growth",2024-09-30,56.6905
147625,"Motilal Oswal Nifty 500 Index Fund - Direct Plan",2024-09-30,27.8714
148945,"SBI Nifty Next 50 Index Fund - Direct Plan - Growth",2024-09-30,21.1605
149936,"Axis Nifty Midcap 50 Index Fund - Direct Plan - Growth Option",2024-09-30,20.4452
150738,"Tata Nifty Midcap 150 Momentum 50 Index Fund - Growth - Direct Plan",2024-09-30,19.8719
150892,"Edelweiss Nifty Smallcap 250 Index Fund - Direct Plan - Growth",2024-09-30,19.1032
151781,"Kotak Nifty 200 Momentum 30 Index Fund - Direct Plan - Growth Option",2024-09-30,17.851
118482,"BANDHAN Nifty 50 Index Fund-Direct Plan-Growth",2024-10-01,56.6599
147625,"Motilal Oswal Nifty 500 Index Fund - Direct Plan",2024-10-01,27.9011
148945,"SBI Nifty Next 50 Index Fund - Direct Plan - Growth",2024-10-01,21.2121
149936,"Axis Nifty Midcap 50 Index Fund - Direct Plan - Growth Option",2024-10-01,20.528
150738,"Tata Nifty Midcap 150 Momentum 50 Index Fund - Growth - Direct Plan",2024-10-01,19.9495
150892,"Edelweiss Nifty Smallcap 250 Index Fund - Direct Plan - Growth",2024-10-01,19.2293
151781,"Kotak Nifty 200 Momentum 30 Index Fund - Direct Plan - Growth Option",2024-10-01,17.921
118482,"BANDHAN Nifty 50 Index Fund-Direct Plan-Growth",2024-10-03,55.4354
147625,"Motilal Oswal Nifty 500 Index Fund - Direct Plan",2024-10-03,27.3084
148945,"SBI Nifty Next 50 Index Fund - Direct Plan - Growth",2024-10-03,20.7079
149936,"Axis Nifty Midcap 50 Index Fund - Direct Plan - Growth Option",2024-10-03,20.0591
150738,"Tata Nifty Midcap 150 Momentum 50 Index Fund - Growth - Direct Plan",2024-10-03,19.4802
150892,"Edelweiss Nifty Smallcap 250 Index Fund - Direct Plan - Growth",2024-10-03,18.8635
151781,"Kotak Nifty 200 Momentum 30 Index Fund - Direct Plan - Growth Option",2024-10-03,17.495
118482,"BANDHAN Nifty 50 Index Fund-Direct Plan-Growth",2024-10-04,54.9183
147625,"Motilal Oswal Nifty 500 Index Fund - Direct Plan",2024-10-04,27.0548
148945,"SBI Nifty Next 50 Index Fund - Direct Plan - Growth",2024-10-04,20.4807
149936,"Axis Nifty Midcap 50 Index Fund - Direct Plan - Growth Option",2024-10-04,19.8469
150738,"Tata Nifty Midcap 150 Momentum 50 Index Fund - Growth - Direct Plan",2024-10-04,19.4415
150892,"Edelweiss Nifty Smallcap 250 Index Fund - Direct Plan - Growth",2024-10-04,18.7003
151781,"Kotak Nifty 200 Momentum 30 Index Fund - Direct Plan - Growth Option",2024-10-04,17.29
118482,"BANDHAN Nifty 50 Index Fund-Direct Plan-Growth",2024-10-07,54.4378
147625,"Motilal Oswal Nifty 500 Index Fund - Direct Plan",2024-10-07,26.6488
148945,"SBI Nifty Next 50 Index Fund - Direct Plan - Growth",2024-10-07,20.0042
149936,"Axis Nifty Midcap 50 Index Fund - Direct Plan - Growth Option",2024-10-07,19.5405
150738,"Tata Nifty Midcap 150 Momentum 50 Index Fund - Growth - Direct Plan",2024-10-07,18.9864
150892,"Edelweiss Nifty Smallcap 250 Index Fund - Direct Plan - Growth",2024-10-07,18.1752
151781,"Kotak Nifty 200 Momentum 30 Index Fund - Direct Plan - Growth Option",2024-10-07,16.963
118482,"BANDHAN Nifty 50 Index Fund-Direct Plan-Growth",2024-10-08,54.9128
147625,"Motilal Oswal Nifty 500 Index Fund - Direct Plan",2024-10-08,27.0281
148945,"SBI Nifty Next 50 Index Fund - Direct Plan - Growth",2024-10-08,20.4732
149936,"Axis Nifty Midcap 50 Index Fund - Direct Plan - Growth Option",2024-10-08,19.8721
150738,"Tata Nifty Midcap 150 Momentum 50 Index Fund - Growth - Direct Plan",2024-10-08,19.4795
150892,"Edelweiss Nifty Smallcap 250 Index Fund - Direct Plan - Growth",2024-10-08,18.5579
151781,"Kotak Nifty 200 Momentum 30 Index Fund - Direct Plan - Growth Option",2024-10-08,17.496
118482,"BANDHAN Nifty 50 Index Fund-Direct Plan-Growth",2024-10-09,54.8439
147625,"Motilal Oswal Nifty 500 Index Fund - Direct Plan",2024-10-09,27.1277
148945,"SBI Nifty Next 50 Index Fund - Direct Plan - Growth",2024-10-09,20.695
149936,"Axis Nifty Midcap 50 Index Fund - Direct Plan - Growth Option",2024-10-09,20.0406
150738,"Tata Nifty Midcap 150 Momentum 50 Index Fund - Growth - Direct Plan",2024-10-09,19.7421
150892,"Edelweiss Nifty Smallcap 250 Index Fund - Direct Plan - Growth",2024-10-09,18.7858
151781,"Kotak Nifty 200 Momentum 30 Index Fund - Direct Plan - Growth Option",2024-10-09,17.675
118482,"BANDHAN Nifty 50 Index Fund-Direct Plan-Growth",2024-10-10,54.8799
147625,"Motilal Oswal Nifty 500 Index Fund - Direct Plan",2024-10-10,27.1259
148945,"SBI Nifty Next 50 Index Fund - Direct Plan - Growth",2024-10-10,20.6593
149936,"Axis Nifty Midcap 50 Index Fund - Direct Plan - Growth Option",2024-10-10,19.9596
150738,"Tata Nifty Midcap 150 Momentum 50 Index Fund - Growth - Direct Plan",2024-10-10,19.7279
150892,"Edelweiss Nifty Smallcap 250 Index Fund - Direct Plan - Growth",2024-10-10,18.81
151781,"Kotak Nifty 200 Momentum 30 Index Fund - Direct Plan - Growth Option",2024-10-10,17.711
118482,"BANDHAN Nifty 50 Index Fund-Direct Plan-Growth",2024-10-11,54.8047
147625,"Motilal Oswal Nifty 500 Index Fund - Direct Plan",2024-10-11,27.1409
148945,"SBI Nifty Next 50 Index Fund - Direct Plan - Growth",2024-10-11,20.6866
149936,"Axis Nifty Midcap 50 Index Fund - Direct Plan - Growth Option",2024-10-11,20.0062
150738,"Tata Nifty Midcap 150 Momentum 50 Index Fund - Growth - Direct Plan",2024-10-11,19.8133
150892,"Edelweiss Nifty Smallcap 250 Index Fund - Direct Plan - Growth",2024-10-11,18.8984
151781,"Kotak Nifty 200 Momentum 30 Index Fund - Direct Plan - Growth Option",2024-10-11,17.741
118482,"BANDHAN Nifty 50 Index Fund-Direct Plan-Growth",2024-10-14,55.1635
147625,"Motilal Oswal Nifty 500 Index Fund - Direct Plan",2024-10-14,27.2735
148945,"SBI Nifty Next 50 Index Fund - Direct Plan - Growth",2024-10-14,20.7609
149936,"Axis Nifty Midcap 50 Index Fund - Direct Plan - Growth Option",2024-10-14,20.1225
150738,"Tata Nifty Midcap 150 Momentum 50 Index Fund - Growth - Direct Plan",2024-10-14,20.0121
150892,"Edelweiss Nifty Smallcap 250 Index Fund - Direct Plan - Growth",2024-10-14,18.9523
151781,"Kotak Nifty 200 Momentum 30 Index Fund - Direct Plan - Growth Option",2024-10-14,17.825
118482,"BANDHAN Nifty 50 Index Fund-Direct Plan-Growth",2024-10-15,55.0082
147625,"Motilal Oswal Nifty 500 Index Fund - Direct Plan",2024-10-15,27.2831
148945,"SBI Nifty Next 50 Index Fund - Direct Plan - Growth",2024-10-15,20.8177
149936,"Axis Nifty Midcap 50 Index Fund - Direct Plan - Growth Option",2024-10-15,20.1725
150738,"Tata Nifty Midcap 150 Momentum 50 Index Fund - Growth - Direct Plan",2024-10-15,20.0657
150892,"Edelweiss Nifty Smallcap 250 Index Fund - Direct Plan - Growth",2024-10-15,19.1613
151781,"Kotak Nifty 200 Momentum 30 Index Fund - Direct Plan - Growth Option",2024-10-15,17.827
118482,"BANDHAN Nifty 50 Index Fund-Direct Plan-Growth",2024-10-16,54.8192
147625,"Motilal Oswal Nifty 500 Index Fund - Direct Plan",2024-10-16,27.2112
148945,"SBI Nifty Next 50 Index Fund - Direct Plan - Growth",2024-10-16,20.7731
149936,"Axis Nifty Midcap 50 Index Fund - Direct Plan - Growth Option",2024-10-16,20.1724
150738,"Tata Nifty Midcap 150 Momentum 50 Index Fund - Growth - Direct Plan",2024-10-16,19.9932
150892,"Edelweiss Nifty Smallcap 250 Index Fund - Direct Plan - Growth",2024-10-16,19.2009
151781,"Kotak Nifty 200 Momentum 30 Index Fund - Direct Plan - Growth Option",2024-10-16,17.741
118482,"BANDHAN Nifty 50 Index Fund-Direct Plan-Growth",2024-10-17,54.3328
147625,"Motilal Oswal Nifty 500 Index Fund - Direct Plan",2024-10-17,26.871
148945,"SBI Nifty Next 50 Index Fund - Direct Plan - Growth",2024-10-17,20.3091
149936,"Axis Nifty Midcap 50 Index Fund - Direct Plan - Growth Option",2024-10-17,19.8589
150738,"Tata Nifty Midcap 150 Momentum 50 Index Fund - Growth - Direct Plan",2024-10-17,19.5722
150892,"Edelweiss Nifty Smallcap 250 Index Fund - Direct Plan - Growth",2024-10-17,18.9298
151781,"Kotak Nifty 200 Momentum 30 Index Fund - Direct Plan - Growth Option",2024-10-17,17.278
118482,"BANDHAN Nifty 50 Index Fund-Direct Plan-Growth",2024-10-18,54.5663
147625,"Motilal Oswal Nifty 500 Index Fund - Direct Plan",2024-10-18,26.9455
148945,"SBI Nifty Next 50 Index Fund - Direct Plan - Growth",2024-10-18,20.3858
149936,"Axis Nifty Midcap 50 Index Fund - Direct Plan - Growth Option",2024-10-18,19.9325
150738,"Tata Nifty Midcap 150 Momentum 50 Index Fund - Growth - Direct Plan",2024-10-18,19.6328
150892,"Edelweiss Nifty Smallcap 250 Index Fund - Direct Plan - Growth",2024-10-18,18.922
151781,"Kotak Nifty 200 Momentum 30 Index Fund - Direct Plan - Growth Option",2024-10-18,17.406
118482,"BANDHAN Nifty 50 Index Fund-Direct Plan-Growth",2024-10-21,54.4057
147625,"Motilal Oswal Nifty 500 Index Fund - Direct Plan",2024-10-21,26.7413
148945,"SBI Nifty Next 50 Index Fund - Direct Plan - Growth",2024-10-21,20.11
149936,"Axis Nifty Midcap 50 Index Fund - Direct Plan - Growth Option",2024-10-21,19.5409
150738,"Tata Nifty Midcap 150 Momentum 50 Index Fund - Growth - Direct Plan",2024-10-21,19.3216
150892,"Edelweiss Nifty Smallcap 250 Index Fund - Direct Plan - Growth",2024-10-21,18.6098
151781,"Kotak Nifty 200 Momentum 30 Index Fund - Direct Plan - Growth Option",2024-10-21,17.201
118482,"BANDHAN Nifty 50 Index Fund-Direct Plan-Growth",2024-10-22,53.7331
147625,"Motilal Oswal Nifty 500 Index Fund - Direct Plan",2024-10-22,26.2274
148945,"SBI Nifty Next 50 Index Fund - Direct Plan - Growth",2024-10-22,19.5266
149936,"Axis Nifty Midcap 50 Index Fund - Direct Plan - Growth Option",2024-10-22,19.0634
150738,"Tata Nifty Midcap 150 Momentum 50 Index Fund - Growth - Direct Plan",2024-10-22,18.7294
150892,"Edelweiss Nifty Smallcap 250 Index Fund - Direct Plan - Growth",2024-10-22,17.9253
151781,"Kotak Nifty 200 Momentum 30 Index Fund - Direct Plan - Growth Option",2024-10-22,16.737
118482,"BANDHAN Nifty 50 Index Fund-Direct Plan-Growth",2024-10-23,53.6525
147625,"Motilal Oswal Nifty 500 Index Fund - Direct Plan",2024-10-23,26.2578
148945,"SBI Nifty Next 50 Index Fund - Direct Plan - Growth",2024-10-23,19.4513
149936,"Axis Nifty Midcap 50 Index Fund - Direct Plan - Growth Option",2024-10-23,19.0916
150738,"Tata Nifty Midcap 150 Momentum 50 Index Fund - Growth - Direct Plan",2024-10-23,18.7515
150892,"Edelweiss Nifty Smallcap 250 Index Fund - Direct Plan - Growth",2024-10-23,18.112
151781,"Kotak Nifty 200 Momentum 30 Index Fund - Direct Plan - Growth Option",2024-10-23,16.61
118482,"BANDHAN Nifty 50 Index Fund-Direct Plan-Growth",2024-10-24,53.573
147625,"Motilal Oswal Nifty 500 Index Fund - Direct Plan",2024-10-24,26.1965
148945,"SBI Nifty Next 50 Index Fund - Direct Plan - Growth",2024-10-24,19.4351
149936,"Axis Nifty Midcap 50 Index Fund - Direct Plan - Growth Option",2024-10-24,18.9628
150738,"Tata Nifty Midcap 150 Momentum 50 Index Fund - Growth - Direct Plan",2024-10-24,18.6805
150892,"Edelweiss Nifty Smallcap 250 Index Fund - Direct Plan - Growth",2024-10-24,18.0042
151781,"Kotak Nifty 200 Momentum 30 Index Fund - Direct Plan - Growth Option",2024-10-24,16.635
118482,"BANDHAN Nifty 50 Index Fund-Direct Plan-Growth",2024-10-25,53.0926
147625,"Motilal Oswal Nifty 500 Index Fund - Direct Plan",2024-10-25,25.8656
148945,"SBI Nifty Next 50 Index Fund - Direct Plan - Growth",2024-10-25,19.1323
149936,"Axis Nifty Midcap 50 Index Fund - Direct Plan - Growth Option",2024-10-25,18.677
150738,"Tata Nifty Midcap 150 Momentum 50 Index Fund - Growth - Direct Plan",2024-10-25,18.2937
150892,"Edelweiss Nifty Smallcap 250 Index Fund - Direct Plan - Growth",2024-10-25,17.5934
151781,"Kotak Nifty 200 Momentum 30 Index Fund - Direct Plan - Growth Option",2024-10-25,16.281
118482,"BANDHAN Nifty 50 Index Fund-Direct Plan-Growth",2024-10-28,53.4397
147625,"Motilal Oswal Nifty 500 Index Fund - Direct Plan",2024-10-28,26.0388
148945,"SBI Nifty Next 50 Index Fund - Direct Plan - Growth",2024-10-28,19.2192
149936,"Axis Nifty Midcap 50 Index Fund - Direct Plan - Growth Option",2024-10-28,18.8274
150738,"Tata Nifty Midcap 150 Momentum 50 Index Fund - Growth - Direct Plan",2024-10-28,18.4278
150892,"Edelweiss Nifty Smallcap 250 Index Fund - Direct Plan - Growth",2024-10-28,17.7956
151781,"Kotak Nifty 200 Momentum 30 Index Fund - Direct Plan - Growth Option",2024-10-28,16.393
118482,"BANDHAN Nifty 50 Index Fund-Direct Plan-Growth",2024-10-29,53.7569
147625,"Motilal Oswal Nifty 500 Index Fund - Direct Plan",2024-10-29,26.2158
148945,"SBI Nifty Next 50 Index Fund - Direct Plan - Growth",2024-10-29,19.3584
149936,"Axis Nifty Midcap 50 Index Fund - Direct Plan - Growth Option",2024-10-29,18.9876
150738,"Tata Nifty Midcap 150 Momentum 50 Index Fund - Growth - Direct Plan",2024-10-29,18.6875
150892,"Edelweiss Nifty Smallcap 250 Index Fund - Direct Plan - Growth",2024-10-29,17.9267
151781,"Kotak Nifty 200 Momentum 30 Index Fund - Direct Plan - Growth Option",2024-10-29,16.563
118482,"BANDHAN Nifty 50 Index Fund-Direct Plan-Growth",2024-10-30,53.4802
147625,"Motilal Oswal Nifty 500 Index Fund - Direct Plan",2024-10-30,26.1647
148945,"SBI Nifty Next 50 Index Fund - Direct Plan - Growth",2024-10-30,19.2841
149936,"Axis Nifty Midcap 50 Index Fund - Direct Plan - Growth Option",2024-10-30,18.9519
150738,"Tata Nifty Midcap 150 Momentum 50 Index Fund - Growth - Direct Plan",2024-10-30,18.6774
150892,"Edelweiss Nifty Smallcap 250 Index Fund - Direct Plan - Growth",2024-10-30,18.1394
151781,"Kotak Nifty 200 Momentum 30 Index Fund - Direct Plan - Growth Option",2024-10-30,16.477
118482,"BANDHAN Nifty 50 Index Fund-Direct Plan-Growth",2024-10-31,53.193
147625,"Motilal Oswal Nifty 500 Index Fund - Direct Plan",2024-10-31,26.0986
148945,"SBI Nifty Next 50 Index Fund - Direct Plan - Growth",2024-10-31,19.1881
149936,"Axis Nifty Midcap 50 Index Fund - Direct Plan - Growth Option",2024-10-31,18.8217
150738,"Tata Nifty Midcap 150 Momentum 50 Index Fund - Growth - Direct Plan",2024-10-31,18.6751
150892,"Edelweiss Nifty Smallcap 250 Index Fund - Direct Plan - Growth",2024-10-31,18.4168
151781,"Kotak Nifty 200 Momentum 30 Index Fund - Direct Plan - Growth Option",2024-10-31,16.399
118482,"BANDHAN Nifty 50 Index Fund-Direct Plan-Growth",2024-11-04,52.7311
147625,"Motilal Oswal Nifty 500 Index Fund - Direct Plan",2024-11-04,25.9025
148945,"SBI Nifty Next 50 Index Fund - Direct Plan - Growth",2024-11-04,19.0521
149936,"Axis Nifty Midcap 50 Index Fund - Direct Plan - Growth Option",2024-11-04,18.7858
150738,"Tata Nifty Midcap 150 Momentum 50 Index Fund - Growth - Direct Plan",2024-11-04,18.5665
150892,"Edelweiss Nifty Smallcap 250 Index Fund - Direct Plan - Growth",2024-11-04,18.27
151781,"Kotak Nifty 200 Momentum 30 Index Fund - Direct Plan - Growth Option",2024-11-04,16.308
118482,"BANDHAN Nifty 50 Index Fund-Direct Plan-Growth",2024-11-05,53.207
147625,"Motilal Oswal Nifty 500 Index Fund - Direct Plan",2024-11-05,26.0871
148945,"SBI Nifty Next 50 Index Fund - Direct Plan - Growth",2024-11-05,19.1558
149936,"Axis Nifty Midcap 50 Index Fund - Direct Plan - Growth Option",2024-11-05,18.8876
150738,"Tata Nifty Midcap 150 Momentum 50 Index Fund - Growth - Direct Plan",2024-11-05,18.6517
150892,"Edelweiss Nifty Smallcap 250 Index Fund - Direct Plan - Growth",2024-11-05,18.3579
151781,"Kotak Nifty 200 Momentum 30 Index Fund - Direct Plan - Growth Option",2024-11-05,16.407
118482,"BANDHAN Nifty 50 Index Fund-Direct Plan-Growth",2024-11-06,53.8129
147625,"Motilal Oswal Nifty 500 Index Fund - Direct Plan",2024-11-06,26.4947
148945,"SBI Nifty Next 50 Index Fund - Direct Plan - Growth",2024-11-06,19.5915
149936,"Axis Nifty Midcap 50 Index Fund - Direct Plan - Growth Option",2024-11-06,19.3285
150738,"Tata Nifty Midcap 150 Momentum 50 Index Fund - Growth - Direct Plan",2024-11-06,19.1963
150892,"Edelweiss Nifty Smallcap 250 Index Fund - Direct Plan - Growth",2024-11-06,18.7051
151781,"Kotak Nifty 200 Momentum 30 Index Fund - Direct Plan - Growth Option",2024-11-06,16.73
118482,"BANDHAN Nifty 50 Index Fund-Direct Plan-Growth",2024-11-07,53.1905
147625,"Motilal Oswal Nifty 500 Index Fund - Direct Plan",2024-11-07,26.2373
148945,"SBI Nifty Next 50 Index Fund - Direct Plan - Growth",2024-11-07,19.3856
149936,"Axis Nifty Midcap 50 Index Fund - Direct Plan - Growth Option",2024-11-07,19.2054
150738,"Tata Nifty Midcap 150 Momentum 50 Index Fund - Growth - Direct Plan",2024-11-07,19.1998
150892,"Edelweiss Nifty Smallcap 250 Index Fund - Direct Plan - Growth",2024-11-07,18.589
151781,"Kotak Nifty 200 Momentum 30 Index Fund - Direct Plan - Growth Option",2024-11-07,16.476
118482,"BANDHAN Nifty 50 Index Fund-Direct Plan-Growth",2024-11-08,53.0779
147625,"Motilal Oswal Nifty 500 Index Fund - Direct Plan",2024-11-08,26.0541
148945,"SBI Nifty Next 50 Index Fund - Direct Plan - Growth",2024-11-08,19.1548
149936,"Axis Nifty Midcap 50 Index Fund - Direct Plan - Growth Option",2024-11-08,18.9642
150738,"Tata Nifty Midcap 150 Momentum 50 Index Fund - Growth - Direct Plan",2024-11-08,18.8437
150892,"Edelweiss Nifty Smallcap 250 Index Fund - Direct Plan - Growth",2024-11-08,18.3002
151781,"Kotak Nifty 200 Momentum 30 Index Fund - Direct Plan - Growth Option",2024-11-08,16.342
118482,"BANDHAN Nifty 50 Index Fund-Direct Plan-Growth",2024-11-11,53.0622
147625,"Motilal Oswal Nifty 500 Index Fund - Direct Plan",2024-11-11,25.9914
148945,"SBI Nifty Next 50 Index Fund - Direct Plan - Growth",2024-11-11,19.2091
149936,"Axis Nifty Midcap 50 Index Fund - Direct Plan - Growth Option",2024-11-11,18.8096
150738,"Tata Nifty Midcap 150 Momentum 50 Index Fund - Growth - Direct Plan",2024-11-11,18.7555
150892,"Edelweiss Nifty Smallcap 250 Index Fund - Direct Plan - Growth",2024-11-11,18.0822
151781,"Kotak Nifty 200 Momentum 30 Index Fund - Direct Plan - Growth Option",2024-11-11,16.368
118482,"BANDHAN Nifty 50 Index Fund-Direct Plan-Growth",2024-11-12,52.4957
147625,"Motilal Oswal Nifty 500 Index Fund - Direct Plan",2024-11-12,25.6928
148945,"SBI Nifty Next 50 Index Fund - Direct Plan - Growth",2024-11-12,18.7908
149936,"Axis Nifty Midcap 50 Index Fund - Direct Plan - Growth Option",2024-11-12,18.5827
150738,"Tata Nifty Midcap 150 Momentum 50 Index Fund - Growth - Direct Plan",2024-11-12,18.5947
150892,"Edelweiss Nifty Smallcap 250 Index Fund - Direct Plan - Growth",2024-11-12,17.8465
151781,"Kotak Nifty 200 Momentum 30 Index Fund - Direct Plan - Growth Option",2024-11-12,15.989
118482,"BANDHAN Nifty 50 Index Fund-Direct Plan-Growth",2024-11-13,51.7829
147625,"Motilal Oswal Nifty 500 Index Fund - Direct Plan",2024-11-13,25.2146
148945,"SBI Nifty Next 50 Index Fund - Direct Plan - Growth",2024-11-13,18.4209
149936,"Axis Nifty Midcap 50 Index Fund - Direct Plan - Growth Option",2024-11-13,18.1296
150738,"Tata Nifty Midcap 150 Momentum 50 Index Fund - Growth - Direct Plan",2024-11-13,18.0646
150892,"Edelweiss Nifty Smallcap 250 Index Fund - Direct Plan - Growth",2024-11-13,17.3009
151781,"Kotak Nifty 200 Momentum 30 Index Fund - Direct Plan - Growth Option",2024-11-13,15.675
118482,"BANDHAN Nifty 50 Index Fund-Direct Plan-Growth",2024-11-14,51.7347
147625,"Motilal Oswal Nifty 500 Index Fund - Direct Plan",2024-11-14,25.2736
148945,"SBI Nifty Next 50 Index Fund - Direct Plan - Growth",2024-11-14,18.5064
149936,"Axis Nifty Midcap 50 Index Fund - Direct Plan - Growth Option",2024-11-14,18.2291
150738,"Tata Nifty Midcap 150 Momentum 50 Index Fund - Growth - Direct Plan",2024-11-14,18.1545
150892,"Edelweiss Nifty Smallcap 250 Index Fund - Direct Plan - Growth",2024-11-14,17.438
151781,"Kotak Nifty 200 Momentum 30 Index Fund - Direct Plan - Growth Option",2024-11-14,15.645
118482,"BANDHAN Nifty 50 Index Fund-Direct Plan-Growth",2024-11-18,51.5606
147625,"Motilal Oswal Nifty 500 Index Fund - Direct Plan",2024-11-18,25.2003
148945,"SBI Nifty Next 50 Index Fund - Direct Plan - Growth",2024-11-18,18.5233
149936,"Axis Nifty Midcap 50 Index Fund - Direct Plan - Growth Option",2024-11-18,18.2661
150738,"Tata Nifty Midcap 150 Momentum 50 Index Fund - Growth - Direct Plan",2024-11-18,18.15
150892,"Edelweiss Nifty Smallcap 250 Index Fund - Direct Plan - Growth",2024-11-18,17.3259
151781,"Kotak Nifty 200 Momentum 30 Index Fund - Direct Plan - Growth Option",2024-11-18,15.63
118482,"BANDHAN Nifty 50 Index Fund-Direct Plan-Growth",2024-11-19,51.7036
147625,"Motilal Oswal Nifty 500 Index Fund - Direct Plan",2024-11-19,25.3218
148945,"SBI Nifty Next 50 Index Fund - Direct Plan - Growth",2024-11-19,18.6074
149936,"Axis Nifty Midcap 50 Index Fund - Direct Plan - Growth Option",2024-11-19,18.3966
150738,"Tata Nifty Midcap 150 Momentum 50 Index Fund - Growth - Direct Plan",2024-11-19,18.2902
150892,"Edelweiss Nifty Smallcap 250 Index Fund - Direct Plan - Growth",2024-11-19,17.4848
151781,"Kotak Nifty 200 Momentum 30 Index Fund - Direct Plan - Growth Option",2024-11-19,15.743
118482,"BANDHAN Nifty 50 Index Fund-Direct Plan-Growth",2024-11-21,51.3329
147625,"Motilal Oswal Nifty 500 Index Fund - Direct Plan",2024-11-21,25.1108
148945,"SBI Nifty Next 50 Index Fund - Direct Plan - Growth",2024-11-21,18.33
149936,"Axis Nifty Midcap 50 Index Fund - Direct Plan - Growth Option",2024-11-21,18.3752
150738,"Tata Nifty Midcap 150 Momentum 50 Index Fund - Growth - Direct Plan",2024-11-21,18.198
150892,"Edelweiss Nifty Smallcap 250 Index Fund - Direct Plan - Growth",2024-11-21,17.3836
151781,"Kotak Nifty 200 Momentum 30 Index Fund - Direct Plan - Growth Option",2024-11-21,15.494
118482,"BANDHAN Nifty 50 Index Fund-Direct Plan-Growth",2024-11-22,52.5577
147625,"Motilal Oswal Nifty 500 Index Fund - Direct Plan",2024-11-22,25.5754
148945,"SBI Nifty Next 50 Index Fund - Direct Plan - Growth",2024-11-22,18.6729
149936,"Axis Nifty Midcap 50 Index Fund - Direct Plan - Growth Option",2024-11-22,18.5997
150738,"Tata Nifty Midcap 150 Momentum 50 Index Fund - Growth - Direct Plan",2024-11-22,18.4133
150892,"Edelweiss Nifty Smallcap 250 Index Fund - Direct Plan - Growth",2024-11-22,17.5535
151781,"Kotak Nifty 200 Momentum 30 Index Fund - Direct Plan - Growth Option",2024-11-22,15.831
118482,"BANDHAN Nifty 50 Index Fund-Direct Plan-Growth",2024-11-25,53.2489
147625,"Motilal Oswal Nifty 500 Index Fund - Direct Plan",2024-11-25,25.9522
148945,"SBI Nifty Next 50 Index Fund - Direct Plan - Growth",2024-11-25,19.0416
149936,"Axis Nifty Midcap 50 Index Fund - Direct Plan - Growth Option",2024-11-25,18.9017
150738,"Tata Nifty Midcap 150 Momentum 50 Index Fund - Growth - Direct Plan",2024-11-25,18.8001
150892,"Edelweiss Nifty Smallcap 250 Index Fund - Direct Plan - Growth",2024-11-25,17.9242
151781,"Kotak Nifty 200 Momentum 30 Index Fund - Direct Plan - Growth Option",2024-11-25,16.158
118482,"BANDHAN Nifty 50 Index Fund-Direct Plan-Growth",2024-11-26,53.1885
147625,"Motilal Oswal Nifty 500 Index Fund - Direct Plan",2024-11-26,25.9626
148945,"SBI Nifty Next 50 Index Fund - Direct Plan - Growth",2024-11-26,19.0908
149936,"Axis Nifty Midcap 50 Index Fund - Direct Plan - Growth Option",2024-11-26,18.9398
150738,"Tata Nifty Midcap 150 Momentum 50 Index Fund - Growth - Direct Plan",2024-11-26,18.6865
150892,"Edelweiss Nifty Smallcap 250 Index Fund - Direct Plan - Growth",2024-11-26,18.0343
151781,"Kotak Nifty 200 Momentum 30 Index Fund - Direct Plan - Growth Option",2024-11-26,16.038
118482,"BANDHAN Nifty 50 Index Fund-Direct Plan-Growth",2024-11-27,53.365
147625,"Motilal Oswal Nifty 500 Index Fund - Direct Plan",2024-11-27,26.1112
148945,"SBI Nifty Next 50 Index Fund - Direct Plan - Growth",2024-11-27,19.2726
149936,"Axis Nifty Midcap 50 Index Fund - Direct Plan - Growth Option",2024-11-27,19.0542
150738,"Tata Nifty Midcap 150 Momentum 50 Index Fund - Growth - Direct Plan",2024-11-27,18.8036
150892,"Edelweiss Nifty Smallcap 250 Index Fund - Direct Plan - Growth",2024-11-27,18.2183
151781,"Kotak Nifty 200 Momentum 30 Index Fund - Direct Plan - Growth Option",2024-11-27,16.255
118482,"BANDHAN Nifty 50 Index Fund-Direct Plan-Growth",2024-11-28,52.5717
147625,"Motilal Oswal Nifty 500 Index Fund - Direct Plan",2024-11-28,25.9073
148945,"SBI Nifty Next 50 Index Fund - Direct Plan - Growth",2024-11-28,19.2913
149936,"Axis Nifty Midcap 50 Index Fund - Direct Plan - Growth Option",2024-11-28,18.9712
150738,"Tata Nifty Midcap 150 Momentum 50 Index Fund - Growth - Direct Plan",2024-11-28,18.8621
150892,"Edelweiss Nifty Smallcap 250 Index Fund - Direct Plan - Growth",2024-11-28,18.2442
151781,"Kotak Nifty 200 Momentum 30 Index Fund - Direct Plan - Growth Option",2024-11-28,16.129
118482,"BANDHAN Nifty 50 Index Fund-Direct Plan-Growth",2024-11-29,53.0483
147625,"Motilal Oswal Nifty 500 Index Fund - Direct Plan",2024-11-29,26.1064
148945,"SBI Nifty Next 50 Index Fund - Direct Plan - Growth",2024-11-29,19.4209
149936,"Axis Nifty Midcap 50 Index Fund - Direct Plan - Growth Option",2024-11-29,19.0141
150738,"Tata Nifty Midcap 150 Momentum 50 Index Fund - Growth - Direct Plan",2024-11-29,18.8843
150892,"Edelweiss Nifty Smallcap 250 Index Fund - Direct Plan - Growth",2024-11-29,18.3926
151781,"Kotak Nifty 200 Momentum 30 Index Fund - Direct Plan - Growth Option",2024-11-29,16.275
118482,"BANDHAN Nifty 50 Index Fund-Direct Plan-Growth",2024-11-30,53.0482
148945,"SBI Nifty Next 50 Index Fund - Direct Plan - Growth",2024-11-30,19.4208
149936,"Axis Nifty Midcap 50 Index Fund - Direct Plan - Growth Option",2024-11-30,19.014
118482,"BANDHAN Nifty 50 Index Fund-Direct Plan-Growth",2024-12-02,53.3666
147625,"Motilal Oswal Nifty 500 Index Fund - Direct Plan",2024-12-02,26.2773
148945,"SBI Nifty Next 50 Index Fund - Direct Plan - Growth",2024-12-02,19.5408
149936,"Axis Nifty Midcap 50 Index Fund - Direct Plan - Growth Option",2024-12-02,19.2871
150738,"Tata Nifty Midcap 150 Momentum 50 Index Fund - Growth - Direct Plan",2024-12-02,19.0875
150892,"Edelweiss Nifty Smallcap 250 Index Fund - Direct Plan - Growth",2024-12-02,18.5206
151781,"Kotak Nifty 200 Momentum 30 Index Fund - Direct Plan - Growth Option",2024-12-02,16.394
118482,"BANDHAN Nifty 50 Index Fund-Direct Plan-Growth",2024-12-03,53.7644
147625,"Motilal Oswal Nifty 500 Index Fund - Direct Plan",2024-12-03,26.4899
148945,"SBI Nifty Next 50 Index Fund - Direct Plan - Growth",2024-12-03,19.74
149936,"Axis Nifty Midcap 50 Index Fund - Direct Plan - Growth Option",2024-12-03,19.4473
150738,"Tata Nifty Midcap 150 Momentum 50 Index Fund - Growth - Direct Plan",2024-12-03,19.2546
150892,"Edelweiss Nifty Smallcap 250 Index Fund - Direct Plan - Growth",2024-12-03,18.6929
151781,"Kotak Nifty 200 Momentum 30 Index Fund - Direct Plan - Growth Option",2024-12-03,16.589
118482,"BANDHAN Nifty 50 Index Fund-Direct Plan-Growth",2024-12-04,53.7867
147625,"Motilal Oswal Nifty 500 Index Fund - Direct Plan",2024-12-04,26.5794
148945,"SBI Nifty Next 50 Index Fund - Direct Plan - Growth",2024-12-04,19.837
149936,"Axis Nifty Midcap 50 Index Fund - Direct Plan - Growth Option",2024-12-04,19.6429
150738,"Tata Nifty Midcap 150 Momentum 50 Index Fund - Growth - Direct Plan",2024-12-04,19.4792
150892,"Edelweiss Nifty Smallcap 250 Index Fund - Direct Plan - Growth",2024-12-04,18.8342
151781,"Kotak Nifty 200 Momentum 30 Index Fund - Direct Plan - Growth Option",2024-12-04,16.586
118482,"BANDHAN Nifty 50 Index Fund-Direct Plan-Growth",2024-12-05,54.3164
147625,"Motilal Oswal Nifty 500 Index Fund - Direct Plan",2024-12-05,26.7842
148945,"SBI Nifty Next 50 Index Fund - Direct Plan - Growth",2024-12-05,19.9034
149936,"Axis Nifty Midcap 50 Index Fund - Direct Plan - Growth Option",2024-12-05,19.7072
150738,"Tata Nifty Midcap 150 Momentum 50 Index Fund - Growth - Direct Plan",2024-12-05,19.6067
150892,"Edelweiss Nifty Smallcap 250 Index Fund - Direct Plan - Growth",2024-12-05,18.924
151781,"Kotak Nifty 200 Momentum 30 Index Fund - Direct Plan - Growth Option",2024-12-05,16.665
118482,"BANDHAN Nifty 50 Index Fund-Direct Plan-Growth",2024-12-06,54.2489
147625,"Motilal Oswal Nifty 500 Index Fund - Direct Plan",2024-12-06,26.8227
148945,"SBI Nifty Next 50 Index Fund - Direct Plan - Growth",2024-12-06,20.0551
149936,"Axis Nifty Midcap 50 Index Fund - Direct Plan - Growth Option",2024-12-06,19.7687
150738,"Tata Nifty Midcap 150 Momentum 50 Index Fund - Growth - Direct Plan",2024-12-06,19.8133
150892,"Edelweiss Nifty Smallcap 250 Index Fund - Direct Plan - Growth",2024-12-06,19.0262
151781,"Kotak Nifty 200 Momentum 30 Index Fund - Direct Plan - Growth Option",2024-12-06,16.775
118482,"BANDHAN Nifty 50 Index Fund-Direct Plan-Growth",2024-12-09,54.1192
147625,"Motilal Oswal Nifty 500 Index Fund - Direct Plan",2024-12-09,26.7995
148945,"SBI Nifty Next 50 Index Fund - Direct Plan - Growth",2024-12-09,19.9633
149936,"Axis Nifty Midcap 50 Index Fund - Direct Plan - Growth Option",2024-12-09,19.8745
150738,"Tata Nifty Midcap 150 Momentum 50 Index Fund - Growth - Direct Plan",2024-12-09,19.9476
150892,"Edelweiss Nifty Smallcap 250 Index Fund - Direct Plan - Growth",2024-12-09,19.0957
151781,"Kotak Nifty 200 Momentum 30 Index Fund - Direct Plan - Growth Option",2024-12-09,16.749
118482,"BANDHAN Nifty 50 Index Fund-Direct Plan-Growth",2024-12-10,54.0993
147625,"Motilal Oswal Nifty 500 Index Fund - Direct Plan",2024-12-10,26.8256
148945,"SBI Nifty Next 50 Index Fund - Direct Plan - Growth",2024-12-10,20.0698
149936,"Axis Nifty Midcap 50 Index Fund - Direct Plan - Growth Option",2024-12-10,19.9641
150738,"Tata Nifty Midcap 150 Momentum 50 Index Fund - Growth - Direct Plan",2024-12-10,19.9587
150892,"Edelweiss Nifty Smallcap 250 Index Fund - Direct Plan - Growth",2024-12-10,19.1516
151781,"Kotak Nifty 200 Momentum 30 Index Fund - Direct Plan - Growth Option",2024-12-10,16.741
118482,"BANDHAN Nifty 50 Index Fund-Direct Plan-Growth",2024-12-11,54.1689
147625,"Motilal Oswal Nifty 500 Index Fund - Direct Plan",2024-12-11,26.8751
148945,"SBI Nifty Next 50 Index Fund - Direct Plan - Growth",2024-12-11,20.1233
149936,"Axis Nifty Midcap 50 Index Fund - Direct Plan - Growth Option",2024-12-11,20.0285
150738,"Tata Nifty Midcap 150 Momentum 50 Index Fund - Growth - Direct Plan",2024-12-11,20.0923
150892,"Edelweiss Nifty Smallcap 250 Index Fund - Direct Plan - Growth",2024-12-11,19.2057
151781,"Kotak Nifty 200 Momentum 30 Index Fund - Direct Plan - Growth Option",2024-12-11,16.806
118482,"BANDHAN Nifty 50 Index Fund-Direct Plan-Growth",2024-12-12,53.9641
147625,"Motilal Oswal Nifty 500 Index Fund - Direct Plan",2024-12-12,26.7581
148945,"SBI Nifty Next 50 Index Fund - Direct Plan - Growth",2024-12-12,20.0655
149936,"Axis Nifty Midcap 50 Index Fund - Direct Plan - Growth Option",2024-12-12,19.9401
150738,"Tata Nifty Midcap 150 Momentum 50 Index Fund - Growth - Direct Plan",2024-12-12,20.0109
150892,"Edelweiss Nifty Smallcap 250 Index Fund - Direct Plan - Growth",2024-12-12,19.0266
151781,"Kotak Nifty 200 Momentum 30 Index Fund - Direct Plan - Growth Option",2024-12-12,16.699
118482,"BANDHAN Nifty 50 Index Fund-Direct Plan-Growth",2024-12-13,54.4467
147625,"Motilal Oswal Nifty 500 Index Fund - Direct Plan",2024-12-13,26.8757
148945,"SBI Nifty Next 50 Index Fund - Direct Plan - Growth",2024-12-13,20.0333
149936,"Axis Nifty Midcap 50 Index Fund - Direct Plan - Growth Option",2024-12-13,19.9308
150738,"Tata Nifty Midcap 150 Momentum 50 Index Fund - Growth - Direct Plan",2024-12-13,19.9151
150892,"Edelweiss Nifty Smallcap 250 Index Fund - Direct Plan - Growth",2024-12-13,18.9574
151781,"Kotak Nifty 200 Momentum 30 Index Fund - Direct Plan - Growth Option",2024-12-13,16.756
118482,"BANDHAN Nifty 50 Index Fund-Direct Plan-Growth",2024-12-16,54.2263
147625,"Motilal Oswal Nifty 500 Index Fund - Direct Plan",2024-12-16,26.8679
148945,"SBI Nifty Next 50 Index Fund - Direct Plan - Growth",2024-12-16,20.0849
149936,"Axis Nifty Midcap 50 Index Fund - Direct Plan - Growth Option",2024-12-16,20.0711
150738,"Tata Nifty Midcap 150 Momentum 50 Index Fund - Growth - Direct Plan",2024-12-16,20.1605
150892,"Edelweiss Nifty Smallcap 250 Index Fund - Direct Plan - Growth",2024-12-16,19.0402
151781,"Kotak Nifty 200 Momentum 30 Index Fund - Direct Plan - Growth Option",2024-12-16,16.815
118482,"BANDHAN Nifty 50 Index Fund-Direct Plan-Growth",2024-12-17,53.4959
147625,"Motilal Oswal Nifty 500 Index Fund - Direct Plan",2024-12-17,26.5727
148945,"SBI Nifty Next 50 Index Fund - Direct Plan - Growth",2024-12-17,19.819
149936,"Axis Nifty Midcap 50 Index Fund - Direct Plan - Growth Option",2024-12-17,19.971
150738,"Tata Nifty Midcap 150 Momentum 50 Index Fund - Growth - Direct Plan",2024-12-17,20.022
150892,"Edelweiss Nifty Smallcap 250 Index Fund - Direct Plan - Growth",2024-12-17,18.9343
151781,"Kotak Nifty 200 Momentum 30 Index Fund - Direct Plan - Growth Option",2024-12-17,16.562
118482,"BANDHAN Nifty 50 Index Fund-Direct Plan-Growth",2024-12-18,53.1941
147625,"Motilal Oswal Nifty 500 Index Fund - Direct Plan",2024-12-18,26.387
148945,"SBI Nifty Next 50 Index Fund - Direct Plan - Growth",2024-12-18,19.5612
149936,"Axis Nifty Midcap 50 Index Fund - Direct Plan - Growth Option",2024-12-18,19.8396
150738,"Tata Nifty Midcap 150 Momentum 50 Index Fund - Growth - Direct Plan",2024-12-18,19.8694
150892,"Edelweiss Nifty Smallcap 250 Index Fund - Direct Plan - Growth",2024-12-18,18.8062
151781,"Kotak Nifty 200 Momentum 30 Index Fund - Direct Plan - Growth Option",2024-12-18,16.375
118482,"BANDHAN Nifty 50 Index Fund-Direct Plan-Growth",2024-12-19,52.6505
147625,"Motilal Oswal Nifty 500 Index Fund - Direct Plan",2024-12-19,26.1774
148945,"SBI Nifty Next 50 Index Fund - Direct Plan - Growth",2024-12-19,19.3896
149936,"Axis Nifty Midcap 50 Index Fund - Direct Plan - Growth Option",2024-12-19,19.7686
150738,"Tata Nifty Midcap 150 Momentum 50 Index Fund - Growth - Direct Plan",2024-12-19,19.8186
150892,"Edelweiss Nifty Smallcap 250 Index Fund - Direct Plan - Growth",2024-12-19,18.7424
151781,"Kotak Nifty 200 Momentum 30 Index Fund - Direct Plan - Growth Option",2024-12-19,16.231
118482,"BANDHAN Nifty 50 Index Fund-Direct Plan-Growth",2024-12-20,51.8497
147625,"Motilal Oswal Nifty 500 Index Fund - Direct Plan",2024-12-20,25.68
148945,"SBI Nifty Next 50 Index Fund - Direct Plan - Growth",2024-12-20,18.8617
149936,"Axis Nifty Midcap 50 Index Fund - Direct Plan - Growth Option",2024-12-20,19.2346
150738,"Tata Nifty Midcap 150 Momentum 50 Index Fund - Growth - Direct Plan",2024-12-20,19.2383
150892,"Edelweiss Nifty Smallcap 250 Index Fund - Direct Plan - Growth",2024-12-20,18.3659
151781,"Kotak Nifty 200 Momentum 30 Index Fund - Direct Plan - Growth Option",2024-12-20,15.738
118482,"BANDHAN Nifty 50 Index Fund-Direct Plan-Growth",2024-12-23,52.2138
147625,"Motilal Oswal Nifty 500 Index Fund - Direct Plan",2024-12-23,25.7864
148945,"SBI Nifty Next 50 Index Fund - Direct Plan - Growth",2024-12-23,18.9124
149936,"Axis Nifty Midcap 50 Index Fund - Direct Plan - Growth Option",2024-12-23,19.3236
150738,"Tata Nifty Midcap 150 Momentum 50 Index Fund - Growth - Direct Plan",2024-12-23,19.3315
150892,"Edelweiss Nifty Smallcap 250 Index Fund - Direct Plan - Growth",2024-12-23,18.2874
151781,"Kotak Nifty 200 Momentum 30 Index Fund - Direct Plan - Growth Option",2024-12-23,15.794
118482,"BANDHAN Nifty 50 Index Fund-Direct Plan-Growth",2024-12-24,52.1569
147625,"Motilal Oswal Nifty 500 Index Fund - Direct Plan",2024-12-24,25.7772
148945,"SBI Nifty Next 50 Index Fund - Direct Plan - Growth",2024-12-24,18.9184
149936,"Axis Nifty Midcap 50 Index Fund - Direct Plan - Growth Option",2024-12-24,19.2891
150738,"Tata Nifty Midcap 150 Momentum 50 Index Fund - Growth - Direct Plan",2024-12-24,19.2528
150892,"Edelweiss Nifty Smallcap 250 Index Fund - Direct Plan - Growth",2024-12-24,18.3436
151781,"Kotak Nifty 200 Momentum 30 Index Fund - Direct Plan - Growth Option",2024-12-24,15.775
118482,"BANDHAN Nifty 50 Index Fund-Direct Plan-Growth",2024-12-26,52.2061
147625,"Motilal Oswal Nifty 500 Index Fund - Direct Plan",2024-12-26,25.8089
148945,"SBI Nifty Next 50 Index Fund - Direct Plan - Growth",2024-12-26,19.003
149936,"Axis Nifty Midcap 50 Index Fund - Direct Plan - Growth Option",2024-12-26,19.3327
150738,"Tata Nifty Midcap 150 Momentum 50 Index Fund - Growth - Direct Plan",2024-12-26,19.2999
150892,"Edelweiss Nifty Smallcap 250 Index Fund - Direct Plan - Growth",2024-12-26,18.3382
151781,"Kotak Nifty 200 Momentum 30 Index Fund - Direct Plan - Growth Option",2024-12-26,15.918
118482,"BANDHAN Nifty 50 Index Fund-Direct Plan-Growth",2024-12-27,52.345
147625,"Motilal Oswal Nifty 500 Index Fund - Direct Plan",2024-12-27,25.8258
148945,"SBI Nifty Next 50 Index Fund - Direct Plan - Growth",2024-12-27,18.8357
149936,"Axis Nifty Midcap 50 Index Fund - Direct Plan - Growth Option",2024-12-27,19.28
150738,"Tata Nifty Midcap 150 Momentum 50 Index Fund - Growth - Direct Plan",2024-12-27,19.2057
150892,"Edelweiss Nifty Smallcap 250 Index Fund - Direct Plan - Growth",2024-12-27,18.3875
151781,"Kotak Nifty 200 Momentum 30 Index Fund - Direct Plan - Growth Option",2024-12-27,15.848
118482,"BANDHAN Nifty 50 Index Fund-Direct Plan-Growth",2024-12-30,51.9739
147625,"Motilal Oswal Nifty 500 Index Fund - Direct Plan",2024-12-30,25.7241
148945,"SBI Nifty Next 50 Index Fund - Direct Plan - Growth",2024-12-30,18.7011
149936,"Axis Nifty Midcap 50 Index Fund - Direct Plan - Growth Option",2024-12-30,19.413
150738,"Tata Nifty Midcap 150 Momentum 50 Index Fund - Growth - Direct Plan",2024-12-30,19.0054
150892,"Edelweiss Nifty Smallcap 250 Index Fund - Direct Plan - Growth",2024-12-30,18.306
151781,"Kotak Nifty 200 Momentum 30 Index Fund - Direct Plan - Growth Option",2024-12-30,15.598
118482,"BANDHAN Nifty 50 Index Fund-Direct Plan-Growth",2024-12-31,51.9735
147625,"Motilal Oswal Nifty 500 Index Fund - Direct Plan",2024-12-31,25.745
148945,"SBI Nifty Next 50 Index Fund - Direct Plan - Growth",2024-12-31,18.6804
149936,"Axis Nifty Midcap 50 Index Fund - Direct Plan - Growth Option",2024-12-31,19.3448
150738,"Tata Nifty Midcap 150 Momentum 50 Index Fund - Growth - Direct Plan",2024-12-31,19.0056
150892,"Edelweiss Nifty Smallcap 250 Index Fund - Direct Plan - Growth",2024-12-31,18.4239
151781,"Kotak Nifty 200 Momentum 30 Index Fund - Direct Plan - Growth Option",2024-12-31,15.589
118482,"BANDHAN Nifty 50 Index Fund-Direct Plan-Growth",2025-01-01,52.1889
147625,"Motilal Oswal Nifty 500 Index Fund - Direct Plan",2025-01-01,25.8672
148945,"SBI Nifty Next 50 Index Fund - Direct Plan - Growth",2025-01-01,18.7516
149936,"Axis Nifty Midcap 50 Index Fund - Direct Plan - Growth Option",2025-01-01,19.4388
150738,"Tata Nifty Midcap 150 Momentum 50 Index Fund - Growth - Direct Plan",2025-01-01,19.0784
150892,"Edelweiss Nifty Smallcap 250 Index Fund - Direct Plan - Growth",2025-01-01,18.5858
151781,"Kotak Nifty 200 Momentum 30 Index Fund - Direct Plan - Growth Option",2025-01-01,15.629
118482,"BANDHAN Nifty 50 Index Fund-Direct Plan-Growth",2025-01-02,53.1685
147625,"Motilal Oswal Nifty 500 Index Fund - Direct Plan",2025-01-02,26.2552
148945,"SBI Nifty Next 50 Index Fund - Direct Plan - Growth",2025-01-02,18.9866
149936,"Axis Nifty Midcap 50 Index Fund - Direct Plan - Growth Option",2025-01-02,19.6681
150738,"Tata Nifty Midcap 150 Momentum 50 Index Fund - Growth - Direct Plan",2025-01-02,19.2976
150892,"Edelweiss Nifty Smallcap 250 Index Fund - Direct Plan - Growth",2025-01-02,18.6881
151781,"Kotak Nifty 200 Momentum 30 Index Fund - Direct Plan - Growth Option",2025-01-02,15.911
118482,"BANDHAN Nifty 50 Index Fund-Direct Plan-Growth",2025-01-03,52.7641
147625,"Motilal Oswal Nifty 500 Index Fund - Direct Plan",2025-01-03,26.1268
148945,"SBI Nifty Next 50 Index Fund - Direct Plan - Growth",2025-01-03,19.0109
149936,"Axis Nifty Midcap 50 Index Fund - Direct Plan - Growth Option",2025-01-03,19.5953
150738,"Tata Nifty Midcap 150 Momentum 50 Index Fund - Growth - Direct Plan",2025-01-03,19.2355
150892,"Edelweiss Nifty Smallcap 250 Index Fund - Direct Plan - Growth",2025-01-03,18.6519
151781,"Kotak Nifty 200 Momentum 30 Index Fund - Direct Plan - Growth Option",2025-01-03,15.776
118482,"BANDHAN Nifty 50 Index Fund-Direct Plan-Growth",2025-01-06,51.9092
147625,"Motilal Oswal Nifty 500 Index Fund - Direct Plan",2025-01-06,25.5716
148945,"SBI Nifty Next 50 Index Fund - Direct Plan - Growth",2025-01-06,18.4078
149936,"Axis Nifty Midcap 50 Index Fund - Direct Plan - Growth Option",2025-01-06,19.0728
150738,"Tata Nifty Midcap 150 Momentum 50 Index Fund - Growth - Direct Plan",2025-01-06,18.7533
150892,"Edelweiss Nifty Smallcap 250 Index Fund - Direct Plan - Growth",2025-01-06,18.1154
151781,"Kotak Nifty 200 Momentum 30 Index Fund - Direct Plan - Growth Option",2025-01-06,15.437
118482,"BANDHAN Nifty 50 Index Fund-Direct Plan-Growth",2025-01-07,52.1108
147625,"Motilal Oswal Nifty 500 Index Fund - Direct Plan",2025-01-07,25.705
148945,"SBI Nifty Next 50 Index Fund - Direct Plan - Growth",2025-01-07,18.3918
149936,"Axis Nifty Midcap 50 Index Fund - Direct Plan - Growth Option",2025-01-07,19.2172
150738,"Tata Nifty Midcap 150 Momentum 50 Index Fund - Growth - Direct Plan",2025-01-07,18.9297
150892,"Edelweiss Nifty Smallcap 250 Index Fund - Direct Plan - Growth",2025-01-07,18.3705
151781,"Kotak Nifty 200 Momentum 30 Index Fund - Direct Plan - Growth Option",2025-01-07,15.401
118482,"BANDHAN Nifty 50 Index Fund-Direct Plan-Growth",2025-01-08,52.0689
147625,"Motilal Oswal Nifty 500 Index Fund - Direct Plan",2025-01-08,25.5787
148945,"SBI Nifty Next 50 Index Fund - Direct Plan - Growth",2025-01-08,18.2444
149936,"Axis Nifty Midcap 50 Index Fund - Direct Plan - Growth Option",2025-01-08,19.0048
150738,"Tata Nifty Midcap 150 Momentum 50 Index Fund - Growth - Direct Plan",2025-01-08,18.6211
150892,"Edelweiss Nifty Smallcap 250 Index Fund - Direct Plan - Growth",2025-01-08,18.1167
151781,"Kotak Nifty 200 Momentum 30 Index Fund - Direct Plan - Growth Option",2025-01-08,15.152
118482,"BANDHAN Nifty 50 Index Fund-Direct Plan-Growth",2025-01-09,51.7116
147625,"Motilal Oswal Nifty 500 Index Fund - Direct Plan",2025-01-09,25.3658
148945,"SBI Nifty Next 50 Index Fund - Direct Plan - Growth",2025-01-09,18.0121
149936,"Axis Nifty Midcap 50 Index Fund - Direct Plan - Growth Option",2025-01-09,18.8627
150738,"Tata Nifty Midcap 150 Momentum 50 Index Fund - Growth - Direct Plan",2025-01-09,18.3006
150892,"Edelweiss Nifty Smallcap 250 Index Fund - Direct Plan - Growth",2025-01-09,17.9057
151781,"Kotak Nifty 200 Momentum 30 Index Fund - Direct Plan - Growth Option",2025-01-09,14.966
118482,"BANDHAN Nifty 50 Index Fund-Direct Plan-Growth",2025-01-10,51.5026
147625,"Motilal Oswal Nifty 500 Index Fund - Direct Plan",2025-01-10,25.081
148945,"SBI Nifty Next 50 Index Fund - Direct Plan - Growth",2025-01-10,17.6548
149936,"Axis Nifty Midcap 50 Index Fund - Direct Plan - Growth Option",2025-01-10,18.4902
150738,"Tata Nifty Midcap 150 Momentum 50 Index Fund - Growth - Direct Plan",2025-01-10,17.9102
150892,"Edelweiss Nifty Smallcap 250 Index Fund - Direct Plan - Growth",2025-01-10,17.4689
151781,"Kotak Nifty 200 Momentum 30 Index Fund - Direct Plan - Growth Option",2025-01-10,14.851
118482,"BANDHAN Nifty 50 Index Fund-Direct Plan-Growth",2025-01-13,50.7427
147625,"Motilal Oswal Nifty 500 Index Fund - Direct Plan",2025-01-13,24.4424
148945,"SBI Nifty Next 50 Index Fund - Direct Plan - Growth",2025-01-13,16.8921
149936,"Axis Nifty Midcap 50 Index Fund - Direct Plan - Growth Option",2025-01-13,17.7447
150738,"Tata Nifty Midcap 150 Momentum 50 Index Fund - Growth - Direct Plan",2025-01-13,17.1026
150892,"Edelweiss Nifty Smallcap 250 Index Fund - Direct Plan - Growth",2025-01-13,16.7704
151781,"Kotak Nifty 200 Momentum 30 Index Fund - Direct Plan - Growth Option",2025-01-13,14.304
118482,"BANDHAN Nifty 50 Index Fund-Direct Plan-Growth",2025-01-14,50.9403
147625,"Motilal Oswal Nifty 500 Index Fund - Direct Plan",2025-01-14,24.7152
148945,"SBI Nifty Next 50 Index Fund - Direct Plan - Growth",2025-01-14,17.3321
149936,"Axis Nifty Midcap 50 Index Fund - Direct Plan - Growth Option",2025-01-14,18.1319
150738,"Tata Nifty Midcap 150 Momentum 50 Index Fund - Growth - Direct Plan",2025-01-14,17.4522
150892,"Edelweiss Nifty Smallcap 250 Index Fund - Direct Plan - Growth",2025-01-14,17.0427
151781,"Kotak Nifty 200 Momentum 30 Index Fund - Direct Plan - Growth Option",2025-01-14,14.424
118482,"BANDHAN Nifty 50 Index Fund-Direct Plan-Growth",2025-01-15,51.0215
147625,"Motilal Oswal Nifty 500 Index Fund - Direct Plan",2025-01-15,24.7958
148945,"SBI Nifty Next 50 Index Fund - Direct Plan - Growth",2025-01-15,17.4847
149936,"Axis Nifty Midcap 50 Index Fund - Direct Plan - Growth Option",2025-01-15,18.2144
150738,"Tata Nifty Midcap 150 Momentum 50 Index Fund - Growth - Direct Plan",2025-01-15,17.5345
150892,"Edelweiss Nifty Smallcap 250 Index Fund - Direct Plan - Growth",2025-01-15,17.132
151781,"Kotak Nifty 200 Momentum 30 Index Fund - Direct Plan - Growth Option",2025-01-15,14.553
118482,"BANDHAN Nifty 50 Index Fund-Direct Plan-Growth",2025-01-16,51.2381
147625,"Motilal Oswal Nifty 500 Index Fund - Direct Plan",2025-01-16,24.9833
148945,"SBI Nifty Next 50 Index Fund - Direct Plan - Growth",2025-01-16,17.7388
149936,"Axis Nifty Midcap 50 Index Fund - Direct Plan - Growth Option",2025-01-16,18.3267
150738,"Tata Nifty Midcap 150 Momentum 50 Index Fund - Growth - Direct Plan",2025-01-16,17.6936
150892,"Edelweiss Nifty Smallcap 250 Index Fund - Direct Plan - Growth",2025-01-16,17.3388
151781,"Kotak Nifty 200 Momentum 30 Index Fund - Direct Plan - Growth Option",2025-01-16,14.606
118482,"BANDHAN Nifty 50 Index Fund-Direct Plan-Growth",2025-01-17,51.0465
147625,"Motilal Oswal Nifty 500 Index Fund - Direct Plan",2025-01-17,24.9573
148945,"SBI Nifty Next 50 Index Fund - Direct Plan - Growth",2025-01-17,17.8731
149936,"Axis Nifty Midcap 50 Index Fund - Direct Plan - Growth Option",2025-01-17,18.3364
150738,"Tata Nifty Midcap 150 Momentum 50 Index Fund - Growth - Direct Plan",2025-01-17,17.6175
150892,"Edelweiss Nifty Smallcap 250 Index Fund - Direct Plan - Growth",2025-01-17,17.331
151781,"Kotak Nifty 200 Momentum 30 Index Fund - Direct Plan - Growth Option",2025-01-17,14.558
118482,"BANDHAN Nifty 50 Index Fund-Direct Plan-Growth",2025-01-20,51.3572
147625,"Motilal Oswal Nifty 500 Index Fund - Direct Plan",2025-01-20,25.1051
148945,"SBI Nifty Next 50 Index Fund - Direct Plan - Growth",2025-01-20,17.8876
149936,"Axis Nifty Midcap 50 Index Fund - Direct Plan - Growth Option",2025-01-20,18.5279
150738,"Tata Nifty Midcap 150 Momentum 50 Index Fund - Growth - Direct Plan",2025-01-20,17.7512
150892,"Edelweiss Nifty Smallcap 250 Index Fund - Direct Plan - Growth",2025-01-20,17.4764
151781,"Kotak Nifty 200 Momentum 30 Index Fund - Direct Plan - Growth Option",2025-01-20,14.58
118482,"BANDHAN Nifty 50 Index Fund-Direct Plan-Growth",2025-01-21,50.6534
147625,"Motilal Oswal Nifty 500 Index Fund - Direct Plan",2025-01-21,24.6731
148945,"SBI Nifty Next 50 Index Fund - Direct Plan - Growth",2025-01-21,17.4204
149936,"Axis Nifty Midcap 50 Index Fund - Direct Plan - Growth Option",2025-01-21,18.1218
150738,"Tata Nifty Midcap 150 Momentum 50 Index Fund - Growth - Direct Plan",2025-01-21,17.1981
150892,"Edelweiss Nifty Smallcap 250 Index Fund - Direct Plan - Growth",2025-01-21,17.1043
151781,"Kotak Nifty 200 Momentum 30 Index Fund - Direct Plan - Growth Option",2025-01-21,14.066
118482,"BANDHAN Nifty 50 Index Fund-Direct Plan-Growth",2025-01-22,50.9405
147625,"Motilal Oswal Nifty 500 Index Fund - Direct Plan",2025-01-22,24.6311
148945,"SBI Nifty Next 50 Index Fund - Direct Plan - Growth",2025-01-22,17.2726
149936,"Axis Nifty Midcap 50 Index Fund - Direct Plan - Growth Option",2025-01-22,17.8941
150738,"Tata Nifty Midcap 150 Momentum 50 Index Fund - Growth - Direct Plan",2025-01-22,16.942
150892,"Edelweiss Nifty Smallcap 250 Index Fund - Direct Plan - Growth",2025-01-22,16.8284
151781,"Kotak Nifty 200 Momentum 30 Index Fund - Direct Plan - Growth Option",2025-01-22,14.029
118482,"BANDHAN Nifty 50 Index Fund-Direct Plan-Growth",2025-01-23,51.0503
147625,"Motilal Oswal Nifty 500 Index Fund - Direct Plan",2025-01-23,24.7936
148945,"SBI Nifty Next 50 Index Fund - Direct Plan - Growth",2025-01-23,17.4469
149936,"Axis Nifty Midcap 50 Index Fund - Direct Plan - Growth Option",2025-01-23,18.1759
150738,"Tata Nifty Midcap 150 Momentum 50 Index Fund - Growth - Direct Plan",2025-01-23,17.3869
150892,"Edelweiss Nifty Smallcap 250 Index Fund - Direct Plan - Growth",2025-01-23,16.964
151781,"Kotak Nifty 200 Momentum 30 Index Fund - Direct Plan - Growth Option",2025-01-23,14.361
118482,"BANDHAN Nifty 50 Index Fund-Direct Plan-Growth",2025-01-24,50.8013
147625,"Motilal Oswal Nifty 500 Index Fund - Direct Plan",2025-01-24,24.5417
148945,"SBI Nifty Next 50 Index Fund - Direct Plan - Growth",2025-01-24,17.1705
149936,"Axis Nifty Midcap 50 Index Fund - Direct Plan - Growth Option",2025-01-24,17.9572
150738,"Tata Nifty Midcap 150 Momentum 50 Index Fund - Growth - Direct Plan",2025-01-24,17.1205
150892,"Edelweiss Nifty Smallcap 250 Index Fund - Direct Plan - Growth",2025-01-24,16.5989
151781,"Kotak Nifty 200 Momentum 30 Index Fund - Direct Plan - Growth Option",2025-01-24,14.212
118482,"BANDHAN Nifty 50 Index Fund-Direct Plan-Growth",2025-01-27,50.2224
147625,"Motilal Oswal Nifty 500 Index Fund - Direct Plan",2025-01-27,24.073
148945,"SBI Nifty Next 50 Index Fund - Direct Plan - Growth",2025-01-27,16.6862
149936,"Axis Nifty Midcap 50 Index Fund - Direct Plan - Growth Option",2025-01-27,17.4737
150738,"Tata Nifty Midcap 150 Momentum 50 Index Fund - Growth - Direct Plan",2025-01-27,16.5498
150892,"Edelweiss Nifty Smallcap 250 Index Fund - Direct Plan - Growth",2025-01-27,15.9921
151781,"Kotak Nifty 200 Momentum 30 Index Fund - Direct Plan - Growth Option",2025-01-27,13.794
118482,"BANDHAN Nifty 50 Index Fund-Direct Plan-Growth",2025-01-28,50.5034
147625,"Motilal Oswal Nifty 500 Index Fund - Direct Plan",2025-01-28,24.0888
148945,"SBI Nifty Next 50 Index Fund - Direct Plan - Growth",2025-01-28,16.736
149936,"Axis Nifty Midcap 50 Index Fund - Direct Plan - Growth Option",2025-01-28,17.3697
150738,"Tata Nifty Midcap 150 Momentum 50 Index Fund - Growth - Direct Plan",2025-01-28,16.2483
150892,"Edelweiss Nifty Smallcap 250 Index Fund - Direct Plan - Growth",2025-01-28,15.7004
151781,"Kotak Nifty 200 Momentum 30 Index Fund - Direct Plan - Growth Option",2025-01-28,13.619
118482,"BANDHAN Nifty 50 Index Fund-Direct Plan-Growth",2025-01-29,50.9607
147625,"Motilal Oswal Nifty 500 Index Fund - Direct Plan",2025-01-29,24.4591
148945,"SBI Nifty Next 50 Index Fund - Direct Plan - Growth",2025-01-29,17.0741
149936,"Axis Nifty Midcap 50 Index Fund - Direct Plan - Growth Option",2025-01-29,17.7679
150738,"Tata Nifty Midcap 150 Momentum 50 Index Fund - Growth - Direct Plan",2025-01-29,16.7459
150892,"Edelweiss Nifty Smallcap 250 Index Fund - Direct Plan - Growth",2025-01-29,16.1953
151781,"Kotak Nifty 200 Momentum 30 Index Fund - Direct Plan - Growth Option",2025-01-29,13.968
118482,"BANDHAN Nifty 50 Index Fund-Direct Plan-Growth",2025-01-30,51.1504
147625,"Motilal Oswal Nifty 500 Index Fund - Direct Plan",2025-01-30,24.5193
148945,"SBI Nifty Next 50 Index Fund - Direct Plan - Growth",2025-01-30,17.089
149936,"Axis Nifty Midcap 50 Index Fund - Direct Plan - Growth Option",2025-01-30,17.771
150738,"Tata Nifty Midcap 150 Momentum 50 Index Fund - Growth - Direct Plan",2025-01-30,16.5766
150892,"Edelweiss Nifty Smallcap 250 Index Fund - Direct Plan - Growth",2025-01-30,16.1657
151781,"Kotak Nifty 200 Momentum 30 Index Fund - Direct Plan - Growth Option",2025-01-30,13.878
153219,"DSP BSE SENSEX Next 30 Index Fund - Direct - Growth",2025-01-30,9.993
118482,"BANDHAN Nifty 50 Index Fund-Direct Plan-Growth",2025-01-31,51.733
147625,"Motilal Oswal Nifty 500 Index Fund - Direct Plan",2025-01-31,24.8499
148945,"SBI Nifty Next 50 Index Fund - Direct Plan - Growth",2025-01-31,17.3476
149936,"Axis Nifty Midcap 50 Index Fund - Direct Plan - Growth Option",2025-01-31,18.1042
150738,"Tata Nifty Midcap 150 Momentum 50 Index Fund - Growth - Direct Plan",2025-01-31,16.8645
150892,"Edelweiss Nifty Smallcap 250 Index Fund - Direct Plan - Growth",2025-01-31,16.4416
151781,"Kotak Nifty 200 Momentum 30 Index Fund - Direct Plan - Growth Option",2025-01-31,14.032
153219,"DSP BSE SENSEX Next 30 Index Fund - Direct - Growth",2025-01-31,10.1964
118482,"BANDHAN Nifty 50 Index Fund-Direct Plan-Growth",2025-02-03,51.4085
147625,"Motilal Oswal Nifty 500 Index Fund - Direct Plan",2025-02-03,24.6451
148945,"SBI Nifty Next 50 Index Fund - Direct Plan - Growth",2025-02-03,17.2136
149936,"Axis Nifty Midcap 50 Index Fund - Direct Plan - Growth Option",2025-02-03,17.9598
150738,"Tata Nifty Midcap 150 Momentum 50 Index Fund - Growth - Direct Plan",2025-02-03,16.7221
150892,"Edelweiss Nifty Smallcap 250 Index Fund - Direct Plan - Growth",2025-02-03,16.2765
151781,"Kotak Nifty 200 Momentum 30 Index Fund - Direct Plan - Growth Option",2025-02-03,14.093
153219,"DSP BSE SENSEX Next 30 Index Fund - Direct - Growth",2025-02-03,10.0486
118482,"BANDHAN Nifty 50 Index Fund-Direct Plan-Growth",2025-02-04,52.2395
147625,"Motilal Oswal Nifty 500 Index Fund - Direct Plan",2025-02-04,25.0189
148945,"SBI Nifty Next 50 Index Fund - Direct Plan - Growth",2025-02-04,17.4785
149936,"Axis Nifty Midcap 50 Index Fund - Direct Plan - Growth Option",2025-02-04,18.2523
150738,"Tata Nifty Midcap 150 Momentum 50 Index Fund - Growth - Direct Plan",2025-02-04,17.0346
150892,"Edelweiss Nifty Smallcap 250 Index Fund - Direct Plan - Growth",2025-02-04,16.4596
151781,"Kotak Nifty 200 Momentum 30 Index Fund - Direct Plan - Growth Option",2025-02-04,14.281
153219,"DSP BSE SENSEX Next 30 Index Fund - Direct - Growth",2025-02-04,10.1597
118482,"BANDHAN Nifty 50 Index Fund-Direct Plan-Growth",2025-02-05,52.1449
147625,"Motilal Oswal Nifty 500 Index Fund - Direct Plan",2025-02-05,25.0844
148945,"SBI Nifty Next 50 Index Fund - Direct Plan - Growth",2025-02-05,17.5929
149936,"Axis Nifty Midcap 50 Index Fund - Direct Plan - Growth Option",2025-02-05,18.3554
150738,"Tata Nifty Midcap 150 Momentum 50 Index Fund - Growth - Direct Plan",2025-02-05,17.2517
150892,"Edelweiss Nifty Smallcap 250 Index Fund - Direct Plan - Growth",2025-02-05,16.7171
151781,"Kotak Nifty 200 Momentum 30 Index Fund - Direct Plan - Growth Option",2025-02-05,14.365
153219,"DSP BSE SENSEX Next 30 Index Fund - Direct - Growth",2025-02-05,10.2353
118482,"BANDHAN Nifty 50 Index Fund-Direct Plan-Growth",2025-02-06,51.9458
147625,"Motilal Oswal Nifty 500 Index Fund - Direct Plan",2025-02-06,24.9576
148945,"SBI Nifty Next 50 Index Fund - Direct Plan - Growth",2025-02-06,17.4619
149936,"Axis Nifty Midcap 50 Index Fund - Direct Plan - Growth Option",2025-02-06,18.1221
150738,"Tata Nifty Midcap 150 Momentum 50 Index Fund - Growth - Direct Plan",2025-02-06,16.9738
150892,"Edelweiss Nifty Smallcap 250 Index Fund - Direct Plan - Growth",2025-02-06,16.7112
151781,"Kotak Nifty 200 Momentum 30 Index Fund - Direct Plan - Growth Option",2025-02-06,14.186
153219,"DSP BSE SENSEX Next 30 Index Fund - Direct - Growth",2025-02-06,10.1303
118482,"BANDHAN Nifty 50 Index Fund-Direct Plan-Growth",2025-02-07,51.8712
147625,"Motilal Oswal Nifty 500 Index Fund - Direct Plan",2025-02-07,24.9339
148945,"SBI Nifty Next 50 Index Fund - Direct Plan - Growth",2025-02-07,17.4665
149936,"Axis Nifty Midcap 50 Index Fund - Direct Plan - Growth Option",2025-02-07,18.1831
150738,"Tata Nifty Midcap 150 Momentum 50 Index Fund - Growth - Direct Plan",2025-02-07,17.0969
150892,"Edelweiss Nifty Smallcap 250 Index Fund - Direct Plan - Growth",2025-02-07,16.648
151781,"Kotak Nifty 200 Momentum 30 Index Fund - Direct Plan - Growth Option",2025-02-07,14.337
153219,"DSP BSE SENSEX Next 30 Index Fund - Direct - Growth",2025-02-07,10.1732
118482,"BANDHAN Nifty 50 Index Fund-Direct Plan-Growth",2025-02-10,51.4785
147625,"Motilal Oswal Nifty 500 Index Fund - Direct Plan",2025-02-10,24.6177
148945,"SBI Nifty Next 50 Index Fund - Direct Plan - Growth",2025-02-10,17.147
149936,"Axis Nifty Midcap 50 Index Fund - Direct Plan - Growth Option",2025-02-10,17.7734
150738,"Tata Nifty Midcap 150 Momentum 50 Index Fund - Growth - Direct Plan",2025-02-10,16.6866
150892,"Edelweiss Nifty Smallcap 250 Index Fund - Direct Plan - Growth",2025-02-10,16.2937
151781,"Kotak Nifty 200 Momentum 30 Index Fund - Direct Plan - Growth Option",2025-02-10,14.074
153219,"DSP BSE SENSEX Next 30 Index Fund - Direct - Growth",2025-02-10,10.0127
118482,"BANDHAN Nifty 50 Index Fund-Direct Plan-Growth",2025-02-11,50.797
147625,"Motilal Oswal Nifty 500 Index Fund - Direct Plan",2025-02-11,24.1339
148945,"SBI Nifty Next 50 Index Fund - Direct Plan - Growth",2025-02-11,16.7179
149936,"Axis Nifty Midcap 50 Index Fund - Direct Plan - Growth Option",2025-02-11,17.2689
150738,"Tata Nifty Midcap 150 Momentum 50 Index Fund - Growth - Direct Plan",2025-02-11,16.1257
150892,"Edelweiss Nifty Smallcap 250 Index Fund - Direct Plan - Growth",2025-02-11,15.7375
151781,"Kotak Nifty 200 Momentum 30 Index Fund - Direct Plan - Growth Option",2025-02-11,13.741
153219,"DSP BSE SENSEX Next 30 Index Fund - Direct - Growth",2025-02-11,9.8116
118482,"BANDHAN Nifty 50 Index Fund-Direct Plan-Growth",2025-02-12,50.768
147625,"Motilal Oswal Nifty 500 Index Fund - Direct Plan",2025-02-12,24.0937
148945,"SBI Nifty Next 50 Index Fund - Direct Plan - Growth",2025-02-12,16.7174
149936,"Axis Nifty Midcap 50 Index Fund - Direct Plan - Growth Option",2025-02-12,17.2262
150738,"Tata Nifty Midcap 150 Momentum 50 Index Fund - Growth - Direct Plan",2025-02-12,16.0627
150892,"Edelweiss Nifty Smallcap 250 Index Fund - Direct Plan - Growth",2025-02-12,15.6271
151781,"Kotak Nifty 200 Momentum 30 Index Fund - Direct Plan - Growth Option",2025-02-12,13.702
153219,"DSP BSE SENSEX Next 30 Index Fund - Direct - Growth",2025-02-12,9.8143
118482,"BANDHAN Nifty 50 Index Fund-Direct Plan-Growth",2025-02-13,50.7374
147625,"Motilal Oswal Nifty 500 Index Fund - Direct Plan",2025-02-13,24.0904
148945,"SBI Nifty Next 50 Index Fund - Direct Plan - Growth",2025-02-13,16.7539
149936,"Axis Nifty Midcap 50 Index Fund - Direct Plan - Growth Option",2025-02-13,17.2726
150738,"Tata Nifty Midcap 150 Momentum 50 Index Fund - Growth - Direct Plan",2025-02-13,16.0612
150892,"Edelweiss Nifty Smallcap 250 Index Fund - Direct Plan - Growth",2025-02-13,15.5724
151781,"Kotak Nifty 200 Momentum 30 Index Fund - Direct Plan - Growth Option",2025-02-13,13.721
153219,"DSP BSE SENSEX Next 30 Index Fund - Direct - Growth",2025-02-13,9.8191
118482,"BANDHAN Nifty 50 Index Fund-Direct Plan-Growth",2025-02-14,50.5129
147625,"Motilal Oswal Nifty 500 Index Fund - Direct Plan",2025-02-14,23.7801
148945,"SBI Nifty Next 50 Index Fund - Direct Plan - Growth",2025-02-14,16.3764
149936,"Axis Nifty Midcap 50 Index Fund - Direct Plan - Growth Option",2025-02-14,16.8796
150738,"Tata Nifty Midcap 150 Momentum 50 Index Fund - Growth - Direct Plan",2025-02-14,15.6409
150892,"Edelweiss Nifty Smallcap 250 Index Fund - Direct Plan - Growth",2025-02-14,15.0587
151781,"Kotak Nifty 200 Momentum 30 Index Fund - Direct Plan - Growth Option",2025-02-14,13.442
153219,"DSP BSE SENSEX Next 30 Index Fund - Direct - Growth",2025-02-14,9.6224
118482,"BANDHAN Nifty 50 Index Fund-Direct Plan-Growth",2025-02-17,50.5791
147625,"Motilal Oswal Nifty 500 Index Fund - Direct Plan",2025-02-17,23.8026
148945,"SBI Nifty Next 50 Index Fund - Direct Plan - Growth",2025-02-17,16.3456
149936,"Axis Nifty Midcap 50 Index Fund - Direct Plan - Growth Option",2025-02-17,16.9633
150738,"Tata Nifty Midcap 150 Momentum 50 Index Fund - Growth - Direct Plan",2025-02-17,15.6929
150892,"Edelweiss Nifty Smallcap 250 Index Fund - Direct Plan - Growth",2025-02-17,15.0242
151781,"Kotak Nifty 200 Momentum 30 Index Fund - Direct Plan - Growth Option",2025-02-17,13.407
153219,"DSP BSE SENSEX Next 30 Index Fund - Direct - Growth",2025-02-17,9.6645
118482,"BANDHAN Nifty 50 Index Fund-Direct Plan-Growth",2025-02-18,50.5476
147625,"Motilal Oswal Nifty 500 Index Fund - Direct Plan",2025-02-18,23.7563
148945,"SBI Nifty Next 50 Index Fund - Direct Plan - Growth",2025-02-18,16.3499
149936,"Axis Nifty Midcap 50 Index Fund - Direct Plan - Growth Option",2025-02-18,16.9638
150738,"Tata Nifty Midcap 150 Momentum 50 Index Fund - Growth - Direct Plan",2025-02-18,15.6766
150892,"Edelweiss Nifty Smallcap 250 Index Fund - Direct Plan - Growth",2025-02-18,14.8173
151781,"Kotak Nifty 200 Momentum 30 Index Fund - Direct Plan - Growth Option",2025-02-18,13.424
153219,"DSP BSE SENSEX Next 30 Index Fund - Direct - Growth",2025-02-18,9.6552
153272,"UTI Nifty Midsmallcap 400 Momentum Quality 100 Index Fund - Direct Plan - Growth Option",2025-02-18,9.7227
118482,"BANDHAN Nifty 50 Index Fund-Direct Plan-Growth",2025-02-19,50.5202
147625,"Motilal Oswal Nifty 500 Index Fund - Direct Plan",2025-02-19,23.8943
148945,"SBI Nifty Next 50 Index Fund - Direct Plan - Growth",2025-02-19,16.5442
149936,"Axis Nifty Midcap 50 Index Fund - Direct Plan - Growth Option",2025-02-19,17.1648
150738,"Tata Nifty Midcap 150 Momentum 50 Index Fund - Growth - Direct Plan",2025-02-19,15.9241
150892,"Edelweiss Nifty Smallcap 250 Index Fund - Direct Plan - Growth",2025-02-19,15.1501
151781,"Kotak Nifty 200 Momentum 30 Index Fund - Direct Plan - Growth Option",2025-02-19,13.525
153219,"DSP BSE SENSEX Next 30 Index Fund - Direct - Growth",2025-02-19,9.7237
153272,"UTI Nifty Midsmallcap 400 Momentum Quality 100 Index Fund - Direct Plan - Growth Option",2025-02-19,9.9237
118482,"BANDHAN Nifty 50 Index Fund-Direct Plan-Growth",2025-02-20,50.4765
147625,"Motilal Oswal Nifty 500 Index Fund - Direct Plan",2025-02-20,24.0092
148945,"SBI Nifty Next 50 Index Fund - Direct Plan - Growth",2025-02-20,16.7876
149936,"Axis Nifty Midcap 50 Index Fund - Direct Plan - Growth Option",2025-02-20,17.3587
150738,"Tata Nifty Midcap 150 Momentum 50 Index Fund - Growth - Direct Plan",2025-02-20,16.1504
150892,"Edelweiss Nifty Smallcap 250 Index Fund - Direct Plan - Growth",2025-02-20,15.3351
151781,"Kotak Nifty 200 Momentum 30 Index Fund - Direct Plan - Growth Option",2025-02-20,13.642
153219,"DSP BSE SENSEX Next 30 Index Fund - Direct - Growth",2025-02-20,9.8353
153272,"UTI Nifty Midsmallcap 400 Momentum Quality 100 Index Fund - Direct Plan - Growth Option",2025-02-20,10.0743
118482,"BANDHAN Nifty 50 Index Fund-Direct Plan-Growth",2025-02-21,50.2182
147625,"Motilal Oswal Nifty 500 Index Fund - Direct Plan",2025-02-21,23.8475
148945,"SBI Nifty Next 50 Index Fund - Direct Plan - Growth",2025-02-21,16.6302
149936,"Axis Nifty Midcap 50 Index Fund - Direct Plan - Growth Option",2025-02-21,17.14
150738,"Tata Nifty Midcap 150 Momentum 50 Index Fund - Growth - Direct Plan",2025-02-21,15.9194
150892,"Edelweiss Nifty Smallcap 250 Index Fund - Direct Plan - Growth",2025-02-21,15.2502
151781,"Kotak Nifty 200 Momentum 30 Index Fund - Direct Plan - Growth Option",2025-02-21,13.414
153219,"DSP BSE SENSEX Next 30 Index Fund - Direct - Growth",2025-02-21,9.7978
153272,"UTI Nifty Midsmallcap 400 Momentum Quality 100 Index Fund - Direct Plan - Growth Option",2025-02-21,9.9377
118482,"BANDHAN Nifty 50 Index Fund-Direct Plan-Growth",2025-02-24,49.6838
147625,"Motilal Oswal Nifty 500 Index Fund - Direct Plan",2025-02-24,23.5923
148945,"SBI Nifty Next 50 Index Fund - Direct Plan - Growth",2025-02-24,16.4336
149936,"Axis Nifty Midcap 50 Index Fund - Direct Plan - Growth Option",2025-02-24,16.9943
150738,"Tata Nifty Midcap 150 Momentum 50 Index Fund - Growth - Direct Plan",2025-02-24,15.757
150892,"Edelweiss Nifty Smallcap 250 Index Fund - Direct Plan - Growth",2025-02-24,15.0664
151781,"Kotak Nifty 200 Momentum 30 Index Fund - Direct Plan - Growth Option",2025-02-24,13.236
153219,"DSP BSE SENSEX Next 30 Index Fund - Direct - Growth",2025-02-24,9.7187
153272,"UTI Nifty Midsmallcap 400 Momentum Quality 100 Index Fund - Direct Plan - Growth Option",2025-02-24,9.8582
118482,"BANDHAN Nifty 50 Index Fund-Direct Plan-Growth",2025-02-25,49.6709
147625,"Motilal Oswal Nifty 500 Index Fund - Direct Plan",2025-02-25,23.5351
148945,"SBI Nifty Next 50 Index Fund - Direct Plan - Growth",2025-02-25,16.3125
149936,"Axis Nifty Midcap 50 Index Fund - Direct Plan - Growth Option",2025-02-25,16.8985
150738,"Tata Nifty Midcap 150 Momentum 50 Index Fund - Growth - Direct Plan",2025-02-25,15.6624
150892,"Edelweiss Nifty Smallcap 250 Index Fund - Direct Plan - Growth",2025-02-25,14.9991
151781,"Kotak Nifty 200 Momentum 30 Index Fund - Direct Plan - Growth Option",2025-02-25,13.2
153219,"DSP BSE SENSEX Next 30 Index Fund - Direct - Growth",2025-02-25,9.6031
153272,"UTI Nifty Midsmallcap 400 Momentum Quality 100 Index Fund - Direct Plan - Growth Option",2025-02-25,9.7966
118482,"BANDHAN Nifty 50 Index Fund-Direct Plan-Growth",2025-02-27,49.665
147625,"Motilal Oswal Nifty 500 Index Fund - Direct Plan",2025-02-27,23.4162
148945,"SBI Nifty Next 50 Index Fund - Direct Plan - Growth",2025-02-27,16.1624
149936,"Axis Nifty Midcap 50 Index Fund - Direct Plan - Growth Option",2025-02-27,16.7556
150738,"Tata Nifty Midcap 150 Momentum 50 Index Fund - Growth - Direct Plan",2025-02-27,15.3869
150892,"Edelweiss Nifty Smallcap 250 Index Fund - Direct Plan - Growth",2025-02-27,14.7487
151781,"Kotak Nifty 200 Momentum 30 Index Fund - Direct Plan - Growth Option",2025-02-27,13.084
153219,"DSP BSE SENSEX Next 30 Index Fund - Direct - Growth",2025-02-27,9.542
153272,"UTI Nifty Midsmallcap 400 Momentum Quality 100 Index Fund - Direct Plan - Growth Option",2025-02-27,9.589
118482,"BANDHAN Nifty 50 Index Fund-Direct Plan-Growth",2025-02-28,48.7392
147625,"Motilal Oswal Nifty 500 Index Fund - Direct Plan",2025-02-28,22.9168
148945,"SBI Nifty Next 50 Index Fund - Direct Plan - Growth",2025-02-28,15.6978
149936,"Axis Nifty Midcap 50 Index Fund - Direct Plan - Growth Option",2025-02-28,16.4107
150738,"Tata Nifty Midcap 150 Momentum 50 Index Fund - Growth - Direct Plan",2025-02-28,15.0079
150892,"Edelweiss Nifty Smallcap 250 Index Fund - Direct Plan - Growth",2025-02-28,14.3794
151781,"Kotak Nifty 200 Momentum 30 Index Fund - Direct Plan - Growth Option",2025-02-28,12.679
153219,"DSP BSE SENSEX Next 30 Index Fund - Direct - Growth",2025-02-28,9.3447
153272,"UTI Nifty Midsmallcap 400 Momentum Quality 100 Index Fund - Direct Plan - Growth Option",2025-02-28,9.3509
118482,"BANDHAN Nifty 50 Index Fund-Direct Plan-Growth",2025-03-03,48.7266
147625,"Motilal Oswal Nifty 500 Index Fund - Direct Plan",2025-03-03,22.9351
148945,"SBI Nifty Next 50 Index Fund - Direct Plan - Growth",2025-03-03,15.8583
149936,"Axis Nifty Midcap 50 Index Fund - Direct Plan - Growth Option",2025-03-03,16.4861
150738,"Tata Nifty Midcap 150 Momentum 50 Index Fund - Growth - Direct Plan",2025-03-03,15.0589
150892,"Edelweiss Nifty Smallcap 250 Index Fund - Direct Plan - Growth",2025-03-03,14.2872
151781,"Kotak Nifty 200 Momentum 30 Index Fund - Direct Plan - Growth Option",2025-03-03,12.77
153219,"DSP BSE SENSEX Next 30 Index Fund - Direct - Growth",2025-03-03,9.4442
153272,"UTI Nifty Midsmallcap 400 Momentum Quality 100 Index Fund - Direct Plan - Growth Option",2025-03-03,9.3379
118482,"BANDHAN Nifty 50 Index Fund-Direct Plan-Growth",2025-03-04,48.6457
147625,"Motilal Oswal Nifty 500 Index Fund - Direct Plan",2025-03-04,22.959
148945,"SBI Nifty Next 50 Index Fund - Direct Plan - Growth",2025-03-04,15.9462
149936,"Axis Nifty Midcap 50 Index Fund - Direct Plan - Growth Option",2025-03-04,16.476
150738,"Tata Nifty Midcap 150 Momentum 50 Index Fund - Growth - Direct Plan",2025-03-04,15.0668
150892,"Edelweiss Nifty Smallcap 250 Index Fund - Direct Plan - Growth",2025-03-04,14.4515
151781,"Kotak Nifty 200 Momentum 30 Index Fund - Direct Plan - Growth Option",2025-03-04,12.718
153219,"DSP BSE SENSEX Next 30 Index Fund - Direct - Growth",2025-03-04,9.4945
153272,"UTI Nifty Midsmallcap 400 Momentum Quality 100 Index Fund - Direct Plan - Growth Option",2025-03-04,9.372
118482,"BANDHAN Nifty 50 Index Fund-Direct Plan-Growth",2025-03-05,49.2063
147625,"Motilal Oswal Nifty 500 Index Fund - Direct Plan",2025-03-05,23.3491
148945,"SBI Nifty Next 50 Index Fund - Direct Plan - Growth",2025-03-05,16.3516
149936,"Axis Nifty Midcap 50 Index Fund - Direct Plan - Growth Option",2025-03-05,16.8846
150738,"Tata Nifty Midcap 150 Momentum 50 Index Fund - Growth - Direct Plan",2025-03-05,15.4908
150892,"Edelweiss Nifty Smallcap 250 Index Fund - Direct Plan - Growth",2025-03-05,14.8425
151781,"Kotak Nifty 200 Momentum 30 Index Fund - Direct Plan - Growth Option",2025-03-05,13.027
153219,"DSP BSE SENSEX Next 30 Index Fund - Direct - Growth",2025-03-05,9.6883
153272,"UTI Nifty Midsmallcap 400 Momentum Quality 100 Index Fund - Direct Plan - Growth Option",2025-03-05,9.6268
118482,"BANDHAN Nifty 50 Index Fund-Direct Plan-Growth",2025-03-06,49.6627
147625,"Motilal Oswal Nifty 500 Index Fund - Direct Plan",2025-03-06,23.5684
148945,"SBI Nifty Next 50 Index Fund - Direct Plan - Growth",2025-03-06,16.5364
149936,"Axis Nifty Midcap 50 Index Fund - Direct Plan - Growth Option",2025-03-06,16.9403
150738,"Tata Nifty Midcap 150 Momentum 50 Index Fund - Growth - Direct Plan",2025-03-06,15.4619
150892,"Edelweiss Nifty Smallcap 250 Index Fund - Direct Plan - Growth",2025-03-06,15.0626
151781,"Kotak Nifty 200 Momentum 30 Index Fund - Direct Plan - Growth Option",2025-03-06,13.024
153219,"DSP BSE SENSEX Next 30 Index Fund - Direct - Growth",2025-03-06,9.8129
153272,"UTI Nifty Midsmallcap 400 Momentum Quality 100 Index Fund - Direct Plan - Growth Option",2025-03-06,9.6974
118482,"BANDHAN Nifty 50 Index Fund-Direct Plan-Growth",2025-03-07,49.6803
147625,"Motilal Oswal Nifty 500 Index Fund - Direct Plan",2025-03-07,23.5643
148945,"SBI Nifty Next 50 Index Fund - Direct Plan - Growth",2025-03-07,16.4642
149936,"Axis Nifty Midcap 50 Index Fund - Direct Plan - Growth Option",2025-03-07,16.8663
150738,"Tata Nifty Midcap 150 Momentum 50 Index Fund - Growth - Direct Plan",2025-03-07,15.3261
150892,"Edelweiss Nifty Smallcap 250 Index Fund - Direct Plan - Growth",2025-03-07,15.1658
151781,"Kotak Nifty 200 Momentum 30 Index Fund - Direct Plan - Growth Option",2025-03-07,12.918
153219,"DSP BSE SENSEX Next 30 Index Fund - Direct - Growth",2025-03-07,9.8022
153272,"UTI Nifty Midsmallcap 400 Momentum Quality 100 Index Fund - Direct Plan - Growth Option",2025-03-07,9.6822
118482,"BANDHAN Nifty 50 Index Fund-Direct Plan-Growth",2025-03-10,49.4768
147625,"Motilal Oswal Nifty 500 Index Fund - Direct Plan",2025-03-10,23.3603
148945,"SBI Nifty Next 50 Index Fund - Direct Plan - Growth",2025-03-10,16.2215
149936,"Axis Nifty Midcap 50 Index Fund - Direct Plan - Growth Option",2025-03-10,16.6075
150738,"Tata Nifty Midcap 150 Momentum 50 Index Fund - Growth - Direct Plan",2025-03-10,15.0689
150892,"Edelweiss Nifty Smallcap 250 Index Fund - Direct Plan - Growth",2025-03-10,14.8773
151781,"Kotak Nifty 200 Momentum 30 Index Fund - Direct Plan - Growth Option",2025-03-10,12.724
153219,"DSP BSE SENSEX Next 30 Index Fund - Direct - Growth",2025-03-10,9.6769
153272,"UTI Nifty Midsmallcap 400 Momentum Quality 100 Index Fund - Direct Plan - Growth Option",2025-03-10,9.4741
118482,"BANDHAN Nifty 50 Index Fund-Direct Plan-Growth",2025-03-11,49.5618
147625,"Motilal Oswal Nifty 500 Index Fund - Direct Plan",2025-03-11,23.4022
148945,"SBI Nifty Next 50 Index Fund - Direct Plan - Growth",2025-03-11,16.3045
149936,"Axis Nifty Midcap 50 Index Fund - Direct Plan - Growth Option",2025-03-11,16.7612
150738,"Tata Nifty Midcap 150 Momentum 50 Index Fund - Growth - Direct Plan",2025-03-11,15.1716
150892,"Edelweiss Nifty Smallcap 250 Index Fund - Direct Plan - Growth",2025-03-11,14.7805
151781,"Kotak Nifty 200 Momentum 30 Index Fund - Direct Plan - Growth Option",2025-03-11,12.807
153219,"DSP BSE SENSEX Next 30 Index Fund - Direct - Growth",2025-03-11,9.7773
153272,"UTI Nifty Midsmallcap 400 Momentum Quality 100 Index Fund - Direct Plan - Growth Option",2025-03-11,9.4741
118482,"BANDHAN Nifty 50 Index Fund-Direct Plan-Growth",2025-03-12,49.5014
147625,"Motilal Oswal Nifty 500 Index Fund - Direct Plan",2025-03-12,23.3578
148945,"SBI Nifty Next 50 Index Fund - Direct Plan - Growth",2025-03-12,16.3052
149936,"Axis Nifty Midcap 50 Index Fund - Direct Plan - Growth Option",2025-03-12,16.6496
150738,"Tata Nifty Midcap 150 Momentum 50 Index Fund - Growth - Direct Plan",2025-03-12,15.086
150892,"Edelweiss Nifty Smallcap 250 Index Fund - Direct Plan - Growth",2025-03-12,14.7407
151781,"Kotak Nifty 200 Momentum 30 Index Fund - Direct Plan - Growth Option",2025-03-12,12.723
153219,"DSP BSE SENSEX Next 30 Index Fund - Direct - Growth",2025-03-12,9.7601
153272,"UTI Nifty Midsmallcap 400 Momentum Quality 100 Index Fund - Direct Plan - Growth Option",2025-03-12,9.4194
118482,"BANDHAN Nifty 50 Index Fund-Direct Plan-Growth",2025-03-13,49.3397
147625,"Motilal Oswal Nifty 500 Index Fund - Direct Plan",2025-03-13,23.2562
148945,"SBI Nifty Next 50 Index Fund - Direct Plan - Growth",2025-03-13,16.2221
149936,"Axis Nifty Midcap 50 Index Fund - Direct Plan - Growth Option",2025-03-13,16.5156
150738,"Tata Nifty Midcap 150 Momentum 50 Index Fund - Growth - Direct Plan",2025-03-13,14.9945
150892,"Edelweiss Nifty Smallcap 250 Index Fund - Direct Plan - Growth",2025-03-13,14.6388
151781,"Kotak Nifty 200 Momentum 30 Index Fund - Direct Plan - Growth Option",2025-03-13,12.648
153219,"DSP BSE SENSEX Next 30 Index Fund - Direct - Growth",2025-03-13,9.7083
153272,"UTI Nifty Midsmallcap 400 Momentum Quality 100 Index Fund - Direct Plan - Growth Option",2025-03-13,9.3793
118482,"BANDHAN Nifty 50 Index Fund-Direct Plan-Growth",2025-03-17,49.5849
147625,"Motilal Oswal Nifty 500 Index Fund - Direct Plan",2025-03-17,23.3851
148945,"SBI Nifty Next 50 Index Fund - Direct Plan - Growth",2025-03-17,16.34
149936,"Axis Nifty Midcap 50 Index Fund - Direct Plan - Growth Option",2025-03-17,16.6596
150738,"Tata Nifty Midcap 150 Momentum 50 Index Fund - Growth - Direct Plan",2025-03-17,15.1269
150892,"Edelweiss Nifty Smallcap 250 Index Fund - Direct Plan - Growth",2025-03-17,14.6864
151781,"Kotak Nifty 200 Momentum 30 Index Fund - Direct Plan - Growth Option",2025-03-17,12.752
153219,"DSP BSE SENSEX Next 30 Index Fund - Direct - Growth",2025-03-17,9.7983
153272,"UTI Nifty Midsmallcap 400 Momentum Quality 100 Index Fund - Direct Plan - Growth Option",2025-03-17,9.4486
118482,"BANDHAN Nifty 50 Index Fund-Direct Plan-Growth",2025-03-18,50.3017
147625,"Motilal Oswal Nifty 500 Index Fund - Direct Plan",2025-03-18,23.8101
148945,"SBI Nifty Next 50 Index Fund - Direct Plan - Growth",2025-03-18,16.7702
149936,"Axis Nifty Midcap 50 Index Fund - Direct Plan - Growth Option",2025-03-18,17.0136
150738,"Tata Nifty Midcap 150 Momentum 50 Index Fund - Growth - Direct Plan",2025-03-18,15.5415
150892,"Edelweiss Nifty Smallcap 250 Index Fund - Direct Plan - Growth",2025-03-18,15.0723
151781,"Kotak Nifty 200 Momentum 30 Index Fund - Direct Plan - Growth Option",2025-03-18,13.07
153219,"DSP BSE SENSEX Next 30 Index Fund - Direct - Growth",2025-03-18,9.9771
153272,"UTI Nifty Midsmallcap 400 Momentum Quality 100 Index Fund - Direct Plan - Growth Option",2025-03-18,9.6813
118482,"BANDHAN Nifty 50 Index Fund-Direct Plan-Growth",2025-03-19,50.4631
147625,"Motilal Oswal Nifty 500 Index Fund - Direct Plan",2025-03-19,24.0497
148945,"SBI Nifty Next 50 Index Fund - Direct Plan - Growth",2025-03-19,17.0441
149936,"Axis Nifty Midcap 50 Index Fund - Direct Plan - Growth Option",2025-03-19,17.4352
150738,"Tata Nifty Midcap 150 Momentum 50 Index Fund - Growth - Direct Plan",2025-03-19,15.9693
150892,"Edelweiss Nifty Smallcap 250 Index Fund - Direct Plan - Growth",2025-03-19,15.3685
151781,"Kotak Nifty 200 Momentum 30 Index Fund - Direct Plan - Growth Option",2025-03-19,13.197
153219,"DSP BSE SENSEX Next 30 Index Fund - Direct - Growth",2025-03-19,10.1048
153272,"UTI Nifty Midsmallcap 400 Momentum Quality 100 Index Fund - Direct Plan - Growth Option",2025-03-19,9.8938
118482,"BANDHAN Nifty 50 Index Fund-Direct Plan-Growth",2025-03-20,51.0864
147625,"Motilal Oswal Nifty 500 Index Fund - Direct Plan",2025-03-20,24.2865
148945,"SBI Nifty Next 50 Index Fund - Direct Plan - Growth",2025-03-20,17.1418
149936,"Axis Nifty Midcap 50 Index Fund - Direct Plan - Growth Option",2025-03-20,17.5441
150738,"Tata Nifty Midcap 150 Momentum 50 Index Fund - Growth - Direct Plan",2025-03-20,16.0418
150892,"Edelweiss Nifty Smallcap 250 Index Fund - Direct Plan - Growth",2025-03-20,15.4885
151781,"Kotak Nifty 200 Momentum 30 Index Fund - Direct Plan - Growth Option",2025-03-20,13.318
153219,"DSP BSE SENSEX Next 30 Index Fund - Direct - Growth",2025-03-20,10.2245
153272,"UTI Nifty Midsmallcap 400 Momentum Quality 100 Index Fund - Direct Plan - Growth Option",2025-03-20,9.9084
118482,"BANDHAN Nifty 50 Index Fund-Direct Plan-Growth",2025-03-21,51.4378
147625,"Motilal Oswal Nifty 500 Index Fund - Direct Plan",2025-03-21,24.5214
148945,"SBI Nifty Next 50 Index Fund - Direct Plan - Growth",2025-03-21,17.293
149936,"Axis Nifty Midcap 50 Index Fund - Direct Plan - Growth Option",2025-03-21,17.7264
150738,"Tata Nifty Midcap 150 Momentum 50 Index Fund - Growth - Direct Plan",2025-03-21,16.2814
150892,"Edelweiss Nifty Smallcap 250 Index Fund - Direct Plan - Growth",2025-03-21,15.8188
151781,"Kotak Nifty 200 Momentum 30 Index Fund - Direct Plan - Growth Option",2025-03-21,13.408
153219,"DSP BSE SENSEX Next 30 Index Fund - Direct - Growth",2025-03-21,10.2852
153272,"UTI Nifty Midsmallcap 400 Momentum Quality 100 Index Fund - Direct Plan - Growth Option",2025-03-21,10.0418
118482,"BANDHAN Nifty 50 Index Fund-Direct Plan-Growth",2025-03-24,52.1156
147625,"Motilal Oswal Nifty 500 Index Fund - Direct Plan",2025-03-24,24.8254
148945,"SBI Nifty Next 50 Index Fund - Direct Plan - Growth",2025-03-24,17.5079
149936,"Axis Nifty Midcap 50 Index Fund - Direct Plan - Growth Option",2025-03-24,17.9733
150738,"Tata Nifty Midcap 150 Momentum 50 Index Fund - Growth - Direct Plan",2025-03-24,16.5498
150892,"Edelweiss Nifty Smallcap 250 Index Fund - Direct Plan - Growth",2025-03-24,15.9739
151781,"Kotak Nifty 200 Momentum 30 Index Fund - Direct Plan - Growth Option",2025-03-24,13.567
153219,"DSP BSE SENSEX Next 30 Index Fund - Direct - Growth",2025-03-24,10.3709
153272,"UTI Nifty Midsmallcap 400 Momentum Quality 100 Index Fund - Direct Plan - Growth Option",2025-03-24,10.1568
118482,"BANDHAN Nifty 50 Index Fund-Direct Plan-Growth",2025-03-25,52.1382
147625,"Motilal Oswal Nifty 500 Index Fund - Direct Plan",2025-03-25,24.7097
148945,"SBI Nifty Next 50 Index Fund - Direct Plan - Growth",2025-03-25,17.2507
149936,"Axis Nifty Midcap 50 Index Fund - Direct Plan - Growth Option",2025-03-25,17.7676
150738,"Tata Nifty Midcap 150 Momentum 50 Index Fund - Growth - Direct Plan",2025-03-25,16.3941
150892,"Edelweiss Nifty Smallcap 250 Index Fund - Direct Plan - Growth",2025-03-25,15.7582
151781,"Kotak Nifty 200 Momentum 30 Index Fund - Direct Plan - Growth Option",2025-03-25,13.444
153219,"DSP BSE SENSEX Next 30 Index Fund - Direct - Growth",2025-03-25,10.3151
153272,"UTI Nifty Midsmallcap 400 Momentum Quality 100 Index Fund - Direct Plan - Growth Option",2025-03-25,10.0327
118482,"BANDHAN Nifty 50 Index Fund-Direct Plan-Growth",2025-03-26,51.7377
147625,"Motilal Oswal Nifty 500 Index Fund - Direct Plan",2025-03-26,24.5237
148945,"SBI Nifty Next 50 Index Fund - Direct Plan - Growth",2025-03-26,17.1889
149936,"Axis Nifty Midcap 50 Index Fund - Direct Plan - Growth Option",2025-03-26,17.6555
150738,"Tata Nifty Midcap 150 Momentum 50 Index Fund - Growth - Direct Plan",2025-03-26,16.2278
150892,"Edelweiss Nifty Smallcap 250 Index Fund - Direct Plan - Growth",2025-03-26,15.5359
151781,"Kotak Nifty 200 Momentum 30 Index Fund - Direct Plan - Growth Option",2025-03-26,13.381
153219,"DSP BSE SENSEX Next 30 Index Fund - Direct - Growth",2025-03-26,10.2677
153272,"UTI Nifty Midsmallcap 400 Momentum Quality 100 Index Fund - Direct Plan - Growth Option",2025-03-26,9.9607
118482,"BANDHAN Nifty 50 Index Fund-Direct Plan-Growth",2025-03-27,51.9674
147625,"Motilal Oswal Nifty 500 Index Fund - Direct Plan",2025-03-27,24.6854
148945,"SBI Nifty Next 50 Index Fund - Direct Plan - Growth",2025-03-27,17.4529
149936,"Axis Nifty Midcap 50 Index Fund - Direct Plan - Growth Option",2025-03-27,17.6811
150738,"Tata Nifty Midcap 150 Momentum 50 Index Fund - Growth - Direct Plan",2025-03-27,16.3883
150892,"Edelweiss Nifty Smallcap 250 Index Fund - Direct Plan - Growth",2025-03-27,15.6717
151781,"Kotak Nifty 200 Momentum 30 Index Fund - Direct Plan - Growth Option",2025-03-27,13.46
153219,"DSP BSE SENSEX Next 30 Index Fund - Direct - Growth",2025-03-27,10.3789
153272,"UTI Nifty Midsmallcap 400 Momentum Quality 100 Index Fund - Direct Plan - Growth Option",2025-03-27,10.0608
118482,"BANDHAN Nifty 50 Index Fund-Direct Plan-Growth",2025-03-28,51.8072
147625,"Motilal Oswal Nifty 500 Index Fund - Direct Plan",2025-03-28,24.6069
148945,"SBI Nifty Next 50 Index Fund - Direct Plan - Growth",2025-03-28,17.3439
149936,"Axis Nifty Midcap 50 Index Fund - Direct Plan - Growth Option",2025-03-28,17.6445
150738,"Tata Nifty Midcap 150 Momentum 50 Index Fund - Growth - Direct Plan",2025-03-28,16.4063
150892,"Edelweiss Nifty Smallcap 250 Index Fund - Direct Plan - Growth",2025-03-28,15.6617
151781,"Kotak Nifty 200 Momentum 30 Index Fund - Direct Plan - Growth Option",2025-03-28,13.389
153219,"DSP BSE SENSEX Next 30 Index Fund - Direct - Growth",2025-03-28,10.3289
153272,"UTI Nifty Midsmallcap 400 Momentum Quality 100 Index Fund - Direct Plan - Growth Option",2025-03-28,10.1027
118482,"BANDHAN Nifty 50 Index Fund-Direct Plan-Growth",2025-03-31,51.8069
147625,"Motilal Oswal Nifty 500 Index Fund - Direct Plan",2025-03-31,24.6067
148945,"SBI Nifty Next 50 Index Fund - Direct Plan - Growth",2025-03-31,17.3435
149936,"Axis Nifty Midcap 50 Index Fund - Direct Plan - Growth Option",2025-03-31,17.6442
150738,"Tata Nifty Midcap 150 Momentum 50 Index Fund - Growth - Direct Plan",2025-03-31,16.4059
150892,"Edelweiss Nifty Smallcap 250 Index Fund - Direct Plan - Growth",2025-03-31,15.6616
151781,"Kotak Nifty 200 Momentum 30 Index Fund - Direct Plan - Growth Option",2025-03-31,13.389
153219,"DSP BSE SENSEX Next 30 Index Fund - Direct - Growth",2025-03-31,10.3288
153272,"UTI Nifty Midsmallcap 400 Momentum Quality 100 Index Fund - Direct Plan - Growth Option",2025-03-31,10.1025
118482,"BANDHAN Nifty 50 Index Fund-Direct Plan-Growth",2025-04-01,51.0277
147625,"Motilal Oswal Nifty 500 Index Fund - Direct Plan",2025-04-01,24.2969
148945,"SBI Nifty Next 50 Index Fund - Direct Plan - Growth",2025-04-01,17.1588
149936,"Axis Nifty Midcap 50 Index Fund - Direct Plan - Growth Option",2025-04-01,17.4747
150738,"Tata Nifty Midcap 150 Momentum 50 Index Fund - Growth - Direct Plan",2025-04-01,16.1325
150892,"Edelweiss Nifty Smallcap 250 Index Fund - Direct Plan - Growth",2025-04-01,15.5864
151781,"Kotak Nifty 200 Momentum 30 Index Fund - Direct Plan - Growth Option",2025-04-01,13.146
153219,"DSP BSE SENSEX Next 30 Index Fund - Direct - Growth",2025-04-01,10.3094
153272,"UTI Nifty Midsmallcap 400 Momentum Quality 100 Index Fund - Direct Plan - Growth Option",2025-04-01,9.9508
118482,"BANDHAN Nifty 50 Index Fund-Direct Plan-Growth",2025-04-02,51.3947
147625,"Motilal Oswal Nifty 500 Index Fund - Direct Plan",2025-04-02,24.5216
148945,"SBI Nifty Next 50 Index Fund - Direct Plan - Growth",2025-04-02,17.3553
149936,"Axis Nifty Midcap 50 Index Fund - Direct Plan - Growth Option",2025-04-02,17.7706
150738,"Tata Nifty Midcap 150 Momentum 50 Index Fund - Growth - Direct Plan",2025-04-02,16.4483
150892,"Edelweiss Nifty Smallcap 250 Index Fund - Direct Plan - Growth",2025-04-02,15.7412
151781,"Kotak Nifty 200 Momentum 30 Index Fund - Direct Plan - Growth Option",2025-04-02,13.371
153219,"DSP BSE SENSEX Next 30 Index Fund - Direct - Growth",2025-04-02,10.3883
153272,"UTI Nifty Midsmallcap 400 Momentum Quality 100 Index Fund - Direct Plan - Growth Option",2025-04-02,10.1125
118482,"BANDHAN Nifty 50 Index Fund-Direct Plan-Growth",2025-04-03,51.2134
147625,"Motilal Oswal Nifty 500 Index Fund - Direct Plan",2025-04-03,24.4959
148945,"SBI Nifty Next 50 Index Fund - Direct Plan - Growth",2025-04-03,17.3607
149936,"Axis Nifty Midcap 50 Index Fund - Direct Plan - Growth Option",2025-04-03,17.7633
150738,"Tata Nifty Midcap 150 Momentum 50 Index Fund - Growth - Direct Plan",2025-04-03,16.3722
150892,"Edelweiss Nifty Smallcap 250 Index Fund - Direct Plan - Growth",2025-04-03,15.8502
151781,"Kotak Nifty 200 Momentum 30 Index Fund - Direct Plan - Growth Option",2025-04-03,13.217
153219,"DSP BSE SENSEX Next 30 Index Fund - Direct - Growth",2025-04-03,10.3825
153272,"UTI Nifty Midsmallcap 400 Momentum Quality 100 Index Fund - Direct Plan - Growth Option",2025-04-03,10.0701
118482,"BANDHAN Nifty 50 Index Fund-Direct Plan-Growth",2025-04-04,50.4517
147625,"Motilal Oswal Nifty 500 Index Fund - Direct Plan",2025-04-04,23.9912
148945,"SBI Nifty Next 50 Index Fund - Direct Plan - Growth",2025-04-04,16.9112
149936,"Axis Nifty Midcap 50 Index Fund - Direct Plan - Growth Option",2025-04-04,17.2546
150738,"Tata Nifty Midcap 150 Momentum 50 Index Fund - Growth - Direct Plan",2025-04-04,15.8303
150892,"Edelweiss Nifty Smallcap 250 Index Fund - Direct Plan - Growth",2025-04-04,15.3269
151781,"Kotak Nifty 200 Momentum 30 Index Fund - Direct Plan - Growth Option",2025-04-04,12.804
153219,"DSP BSE SENSEX Next 30 Index Fund - Direct - Growth",2025-04-04,10.0911
153272,"UTI Nifty Midsmallcap 400 Momentum Quality 100 Index Fund - Direct Plan - Growth Option",2025-04-04,9.7143
118482,"BANDHAN Nifty 50 Index Fund-Direct Plan-Growth",2025-04-07,48.8145
147625,"Motilal Oswal Nifty 500 Index Fund - Direct Plan",2025-04-07,23.1847
148945,"SBI Nifty Next 50 Index Fund - Direct Plan - Growth",2025-04-07,16.3817
149936,"Axis Nifty Midcap 50 Index Fund - Direct Plan - Growth Option",2025-04-07,16.6755
150738,"Tata Nifty Midcap 150 Momentum 50 Index Fund - Growth - Direct Plan",2025-04-07,15.2298
150892,"Edelweiss Nifty Smallcap 250 Index Fund - Direct Plan - Growth",2025-04-07,14.7143
151781,"Kotak Nifty 200 Momentum 30 Index Fund - Direct Plan - Growth Option",2025-04-07,12.382
153219,"DSP BSE SENSEX Next 30 Index Fund - Direct - Growth",2025-04-07,9.6788
153272,"UTI Nifty Midsmallcap 400 Momentum Quality 100 Index Fund - Direct Plan - Growth Option",2025-04-07,9.3462
118482,"BANDHAN Nifty 50 Index Fund-Direct Plan-Growth",2025-04-08,49.6382
147625,"Motilal Oswal Nifty 500 Index Fund - Direct Plan",2025-04-08,23.6165
148945,"SBI Nifty Next 50 Index Fund - Direct Plan - Growth",2025-04-08,16.7274
149936,"Axis Nifty Midcap 50 Index Fund - Direct Plan - Growth Option",2025-04-08,17.0443
150738,"Tata Nifty Midcap 150 Momentum 50 Index Fund - Growth - Direct Plan",2025-04-08,15.6509
150892,"Edelweiss Nifty Smallcap 250 Index Fund - Direct Plan - Growth",2025-04-08,15.0316
151781,"Kotak Nifty 200 Momentum 30 Index Fund - Direct Plan - Growth Option",2025-04-08,12.66
153219,"DSP BSE SENSEX Next 30 Index Fund - Direct - Growth",2025-04-08,9.9092
153272,"UTI Nifty Midsmallcap 400 Momentum Quality 100 Index Fund - Direct Plan - Growth Option",2025-04-08,9.5615
118482,"BANDHAN Nifty 50 Index Fund-Direct Plan-Growth",2025-04-09,49.337
147625,"Motilal Oswal Nifty 500 Index Fund - Direct Plan",2025-04-09,23.4732
148945,"SBI Nifty Next 50 Index Fund - Direct Plan - Growth",2025-04-09,16.6878
149936,"Axis Nifty Midcap 50 Index Fund - Direct Plan - Growth Option",2025-04-09,17.0048
150738,"Tata Nifty Midcap 150 Momentum 50 Index Fund - Growth - Direct Plan",2025-04-09,15.5214
150892,"Edelweiss Nifty Smallcap 250 Index Fund - Direct Plan - Growth",2025-04-09,14.8726
151781,"Kotak Nifty 200 Momentum 30 Index Fund - Direct Plan - Growth Option",2025-04-09,12.483
153219,"DSP BSE SENSEX Next 30 Index Fund - Direct - Growth",2025-04-09,9.8435
153272,"UTI Nifty Midsmallcap 400 Momentum Quality 100 Index Fund - Direct Plan - Growth Option",2025-04-09,9.4824
118482,"BANDHAN Nifty 50 Index Fund-Direct Plan-Growth",2025-04-11,50.2821
147625,"Motilal Oswal Nifty 500 Index Fund - Direct Plan",2025-04-11,23.9294
148945,"SBI Nifty Next 50 Index Fund - Direct Plan - Growth",2025-04-11,16.91
149936,"Axis Nifty Midcap 50 Index Fund - Direct Plan - Growth Option",2025-04-11,17.2898
150738,"Tata Nifty Midcap 150 Momentum 50 Index Fund - Growth - Direct Plan",2025-04-11,15.8398
150892,"Edelweiss Nifty Smallcap 250 Index Fund - Direct Plan - Growth",2025-04-11,15.3291
151781,"Kotak Nifty 200 Momentum 30 Index Fund - Direct Plan - Growth Option",2025-04-11,12.775
153219,"DSP BSE SENSEX Next 30 Index Fund - Direct - Growth",2025-04-11,10.0655
153272,"UTI Nifty Midsmallcap 400 Momentum Quality 100 Index Fund - Direct Plan - Growth Option",2025-04-11,9.7415
118482,"BANDHAN Nifty 50 Index Fund-Direct Plan-Growth",2025-04-15,51.3823
147625,"Motilal Oswal Nifty 500 Index Fund - Direct Plan",2025-04-15,24.5359
148945,"SBI Nifty Next 50 Index Fund - Direct Plan - Growth",2025-04-15,17.4321
149936,"Axis Nifty Midcap 50 Index Fund - Direct Plan - Growth Option",2025-04-15,17.7641
150738,"Tata Nifty Midcap 150 Momentum 50 Index Fund - Growth - Direct Plan",2025-04-15,16.3584
150892,"Edelweiss Nifty Smallcap 250 Index Fund - Direct Plan - Growth",2025-04-15,15.7965
151781,"Kotak Nifty 200 Momentum 30 Index Fund - Direct Plan - Growth Option",2025-04-15,13.133
153219,"DSP BSE SENSEX Next 30 Index Fund - Direct - Growth",2025-04-15,10.3268
153272,"UTI Nifty Midsmallcap 400 Momentum Quality 100 Index Fund - Direct Plan - Growth Option",2025-04-15,10.0749
118482,"BANDHAN Nifty 50 Index Fund-Direct Plan-Growth",2025-04-16,51.6214
147625,"Motilal Oswal Nifty 500 Index Fund - Direct Plan",2025-04-16,24.6798
148945,"SBI Nifty Next 50 Index Fund - Direct Plan - Growth",2025-04-16,17.5487
149936,"Axis Nifty Midcap 50 Index Fund - Direct Plan - Growth Option",2025-04-16,17.8563
150738,"Tata Nifty Midcap 150 Momentum 50 Index Fund - Growth - Direct Plan",2025-04-16,16.4471
150892,"Edelweiss Nifty Smallcap 250 Index Fund - Direct Plan - Growth",2025-04-16,15.9454
151781,"Kotak Nifty 200 Momentum 30 Index Fund - Direct Plan - Growth Option",2025-04-16,13.186
153219,"DSP BSE SENSEX Next 30 Index Fund - Direct - Growth",2025-04-16,10.3901
153272,"UTI Nifty Midsmallcap 400 Momentum Quality 100 Index Fund - Direct Plan - Growth Option",2025-04-16,10.116
118482,"BANDHAN Nifty 50 Index Fund-Direct Plan-Growth",2025-04-17,52.5342
147625,"Motilal Oswal Nifty 500 Index Fund - Direct Plan",2025-04-17,24.9991
148945,"SBI Nifty Next 50 Index Fund - Direct Plan - Growth",2025-04-17,17.6742
149936,"Axis Nifty Midcap 50 Index Fund - Direct Plan - Growth Option",2025-04-17,17.9686
150738,"Tata Nifty Midcap 150 Momentum 50 Index Fund - Growth - Direct Plan",2025-04-17,16.5679
150892,"Edelweiss Nifty Smallcap 250 Index Fund - Direct Plan - Growth",2025-04-17,16.0175
151781,"Kotak Nifty 200 Momentum 30 Index Fund - Direct Plan - Growth Option",2025-04-17,13.323
153219,"DSP BSE SENSEX Next 30 Index Fund - Direct - Growth",2025-04-17,10.4754
153272,"UTI Nifty Midsmallcap 400 Momentum Quality 100 Index Fund - Direct Plan - Growth Option",2025-04-17,10.1858
118482,"BANDHAN Nifty 50 Index Fund-Direct Plan-Growth",2025-04-21,53.1369
147625,"Motilal Oswal Nifty 500 Index Fund - Direct Plan",2025-04-21,25.3725
148945,"SBI Nifty Next 50 Index Fund - Direct Plan - Growth",2025-04-21,17.9903
149936,"Axis Nifty Midcap 50 Index Fund - Direct Plan - Growth Option",2025-04-21,18.4084
150738,"Tata Nifty Midcap 150 Momentum 50 Index Fund - Growth - Direct Plan",2025-04-21,16.93
150892,"Edelweiss Nifty Smallcap 250 Index Fund - Direct Plan - Growth",2025-04-21,16.3276
151781,"Kotak Nifty 200 Momentum 30 Index Fund - Direct Plan - Growth Option",2025-04-21,13.633
153219,"DSP BSE SENSEX Next 30 Index Fund - Direct - Growth",2025-04-21,10.6263
153272,"UTI Nifty Midsmallcap 400 Momentum Quality 100 Index Fund - Direct Plan - Growth Option",2025-04-21,10.4404
118482,"BANDHAN Nifty 50 Index Fund-Direct Plan-Growth",2025-04-22,53.2286
147625,"Motilal Oswal Nifty 500 Index Fund - Direct Plan",2025-04-22,25.4639
148945,"SBI Nifty Next 50 Index Fund - Direct Plan - Growth",2025-04-22,18.0292
149936,"Axis Nifty Midcap 50 Index Fund - Direct Plan - Growth Option",2025-04-22,18.6033
150738,"Tata Nifty Midcap 150 Momentum 50 Index Fund - Growth - Direct Plan",2025-04-22,17.1021
150892,"Edelweiss Nifty Smallcap 250 Index Fund - Direct Plan - Growth",2025-04-22,16.4583
151781,"Kotak Nifty 200 Momentum 30 Index Fund - Direct Plan - Growth Option",2025-04-22,13.704
153219,"DSP BSE SENSEX Next 30 Index Fund - Direct - Growth",2025-04-22,10.6293
153272,"UTI Nifty Midsmallcap 400 Momentum Quality 100 Index Fund - Direct Plan - Growth Option",2025-04-22,10.5554
118482,"BANDHAN Nifty 50 Index Fund-Direct Plan-Growth",2025-04-23,53.5846
147625,"Motilal Oswal Nifty 500 Index Fund - Direct Plan",2025-04-23,25.6397
148945,"SBI Nifty Next 50 Index Fund - Direct Plan - Growth",2025-04-23,18.1533
149936,"Axis Nifty Midcap 50 Index Fund - Direct Plan - Growth Option",2025-04-23,18.8311
150738,"Tata Nifty Midcap 150 Momentum 50 Index Fund - Growth - Direct Plan",2025-04-23,17.3012
150892,"Edelweiss Nifty Smallcap 250 Index Fund - Direct Plan - Growth",2025-04-23,16.505
151781,"Kotak Nifty 200 Momentum 30 Index Fund - Direct Plan - Growth Option",2025-04-23,13.962
153219,"DSP BSE SENSEX Next 30 Index Fund - Direct - Growth",2025-04-23,10.6921
153272,"UTI Nifty Midsmallcap 400 Momentum Quality 100 Index Fund - Direct Plan - Growth Option",2025-04-23,10.7054
118482,"BANDHAN Nifty 50 Index Fund-Direct Plan-Growth",2025-04-24,53.4034
147625,"Motilal Oswal Nifty 500 Index Fund - Direct Plan",2025-04-24,25.574
148945,"SBI Nifty Next 50 Index Fund - Direct Plan - Growth",2025-04-24,18.126
149936,"Axis Nifty Midcap 50 Index Fund - Direct Plan - Growth Option",2025-04-24,18.7992
150738,"Tata Nifty Midcap 150 Momentum 50 Index Fund - Growth - Direct Plan",2025-04-24,17.2203
150892,"Edelweiss Nifty Smallcap 250 Index Fund - Direct Plan - Growth",2025-04-24,16.4967
151781,"Kotak Nifty 200 Momentum 30 Index Fund - Direct Plan - Growth Option",2025-04-24,13.968
153219,"DSP BSE SENSEX Next 30 Index Fund - Direct - Growth",2025-04-24,10.6792
153272,"UTI Nifty Midsmallcap 400 Momentum Quality 100 Index Fund - Direct Plan - Growth Option",2025-04-24,10.6788
118482,"BANDHAN Nifty 50 Index Fund-Direct Plan-Growth",2025-04-25,52.9466
147625,"Motilal Oswal Nifty 500 Index Fund - Direct Plan",2025-04-25,25.1908
148945,"SBI Nifty Next 50 Index Fund - Direct Plan - Growth",2025-04-25,17.6895
149936,"Axis Nifty Midcap 50 Index Fund - Direct Plan - Growth Option",2025-04-25,18.3452
150738,"Tata Nifty Midcap 150 Momentum 50 Index Fund - Growth - Direct Plan",2025-04-25,16.8073
150892,"Edelweiss Nifty Smallcap 250 Index Fund - Direct Plan - Growth",2025-04-25,16.0912
151781,"Kotak Nifty 200 Momentum 30 Index Fund - Direct Plan - Growth Option",2025-04-25,13.725
153219,"DSP BSE SENSEX Next 30 Index Fund - Direct - Growth",2025-04-25,10.4691
153272,"UTI Nifty Midsmallcap 400 Momentum Quality 100 Index Fund - Direct Plan - Growth Option",2025-04-25,10.4401
118482,"BANDHAN Nifty 50 Index Fund-Direct Plan-Growth",2025-04-28,53.5922
147625,"Motilal Oswal Nifty 500 Index Fund - Direct Plan",2025-04-28,25.4856
148945,"SBI Nifty Next 50 Index Fund - Direct Plan - Growth",2025-04-28,17.8895
149936,"Axis Nifty Midcap 50 Index Fund - Direct Plan - Growth Option",2025-04-28,18.6692
150738,"Tata Nifty Midcap 150 Momentum 50 Index Fund - Growth - Direct Plan",2025-04-28,17.1021
150892,"Edelweiss Nifty Smallcap 250 Index Fund - Direct Plan - Growth",2025-04-28,16.177
151781,"Kotak Nifty 200 Momentum 30 Index Fund - Direct Plan - Growth Option",2025-04-28,13.885
153219,"DSP BSE SENSEX Next 30 Index Fund - Direct - Growth",2025-04-28,10.603
153272,"UTI Nifty Midsmallcap 400 Momentum Quality 100 Index Fund - Direct Plan - Growth Option",2025-04-28,10.5846
118482,"BANDHAN Nifty 50 Index Fund-Direct Plan-Growth",2025-04-29,53.6085
147625,"Motilal Oswal Nifty 500 Index Fund - Direct Plan",2025-04-29,25.4977
148945,"SBI Nifty Next 50 Index Fund - Direct Plan - Growth",2025-04-29,17.8478
149936,"Axis Nifty Midcap 50 Index Fund - Direct Plan - Growth Option",2025-04-29,18.7139
150738,"Tata Nifty Midcap 150 Momentum 50 Index Fund - Growth - Direct Plan",2025-04-29,17.145
150892,"Edelweiss Nifty Smallcap 250 Index Fund - Direct Plan - Growth",2025-04-29,16.2105
151781,"Kotak Nifty 200 Momentum 30 Index Fund - Direct Plan - Growth Option",2025-04-29,13.992
153219,"DSP BSE SENSEX Next 30 Index Fund - Direct - Growth",2025-04-29,10.5841
153272,"UTI Nifty Midsmallcap 400 Momentum Quality 100 Index Fund - Direct Plan - Growth Option",2025-04-29,10.6279
118482,"BANDHAN Nifty 50 Index Fund-Direct Plan-Growth",2025-04-30,53.6045
147625,"Motilal Oswal Nifty 500 Index Fund - Direct Plan",2025-04-30,25.4027
148945,"SBI Nifty Next 50 Index Fund - Direct Plan - Growth",2025-04-30,17.7422
149936,"Axis Nifty Midcap 50 Index Fund - Direct Plan - Growth Option",2025-04-30,18.5585
150738,"Tata Nifty Midcap 150 Momentum 50 Index Fund - Growth - Direct Plan",2025-04-30,17.029
150892,"Edelweiss Nifty Smallcap 250 Index Fund - Direct Plan - Growth",2025-04-30,15.9204
151781,"Kotak Nifty 200 Momentum 30 Index Fund - Direct Plan - Growth Option",2025-04-30,13.946
153219,"DSP BSE SENSEX Next 30 Index Fund - Direct - Growth",2025-04-30,10.5215
153272,"UTI Nifty Midsmallcap 400 Momentum Quality 100 Index Fund - Direct Plan - Growth Option",2025-04-30,10.5016
118482,"BANDHAN Nifty 50 Index Fund-Direct Plan-Growth",2025-05-02,53.6317
147625,"Motilal Oswal Nifty 500 Index Fund - Direct Plan",2025-05-02,25.375
148945,"SBI Nifty Next 50 Index Fund - Direct Plan - Growth",2025-05-02,17.7216
149936,"Axis Nifty Midcap 50 Index Fund - Direct Plan - Growth Option",2025-05-02,18.3913
150738,"Tata Nifty Midcap 150 Momentum 50 Index Fund - Growth - Direct Plan",2025-05-02,16.8719
150892,"Edelweiss Nifty Smallcap 250 Index Fund - Direct Plan - Growth",2025-05-02,15.915
151781,"Kotak Nifty 200 Momentum 30 Index Fund - Direct Plan - Growth Option",2025-05-02,13.907
153219,"DSP BSE SENSEX Next 30 Index Fund - Direct - Growth",2025-05-02,10.4373
153272,"UTI Nifty Midsmallcap 400 Momentum Quality 100 Index Fund - Direct Plan - Growth Option",2025-05-02,10.4263
118482,"BANDHAN Nifty 50 Index Fund-Direct Plan-Growth",2025-05-05,53.8833
147625,"Motilal Oswal Nifty 500 Index Fund - Direct Plan",2025-05-05,25.5919
148945,"SBI Nifty Next 50 Index Fund - Direct Plan - Growth",2025-05-05,17.99
149936,"Axis Nifty Midcap 50 Index Fund - Direct Plan - Growth Option",2025-05-05,18.7208
150738,"Tata Nifty Midcap 150 Momentum 50 Index Fund - Growth - Direct Plan",2025-05-05,17.1969
150892,"Edelweiss Nifty Smallcap 250 Index Fund - Direct Plan - Growth",2025-05-05,16.095
151781,"Kotak Nifty 200 Momentum 30 Index Fund - Direct Plan - Growth Option",2025-05-05,14.111
153219,"DSP BSE SENSEX Next 30 Index Fund - Direct - Growth",2025-05-05,10.5703
153272,"UTI Nifty Midsmallcap 400 Momentum Quality 100 Index Fund - Direct Plan - Growth Option",2025-05-05,10.6066
118482,"BANDHAN Nifty 50 Index Fund-Direct Plan-Growth",2025-05-06,53.7037
147625,"Motilal Oswal Nifty 500 Index Fund - Direct Plan",2025-05-06,25.3168
148945,"SBI Nifty Next 50 Index Fund - Direct Plan - Growth",2025-05-06,17.5548
149936,"Axis Nifty Midcap 50 Index Fund - Direct Plan - Growth Option",2025-05-06,18.3233
150738,"Tata Nifty Midcap 150 Momentum 50 Index Fund - Growth - Direct Plan",2025-05-06,16.7845
150892,"Edelweiss Nifty Smallcap 250 Index Fund - Direct Plan - Growth",2025-05-06,15.7362
151781,"Kotak Nifty 200 Momentum 30 Index Fund - Direct Plan - Growth Option",2025-05-06,13.904
153219,"DSP BSE SENSEX Next 30 Index Fund - Direct - Growth",2025-05-06,10.3997
153272,"UTI Nifty Midsmallcap 400 Momentum Quality 100 Index Fund - Direct Plan - Growth Option",2025-05-06,10.3855
118482,"BANDHAN Nifty 50 Index Fund-Direct Plan-Growth",2025-05-07,53.7801
147625,"Motilal Oswal Nifty 500 Index Fund - Direct Plan",2025-05-07,25.4505
148945,"SBI Nifty Next 50 Index Fund - Direct Plan - Growth",2025-05-07,17.6403
149936,"Axis Nifty Midcap 50 Index Fund - Direct Plan - Growth Option",2025-05-07,18.6752
150738,"Tata Nifty Midcap 150 Momentum 50 Index Fund - Growth - Direct Plan",2025-05-07,17.0506
150892,"Edelweiss Nifty Smallcap 250 Index Fund - Direct Plan - Growth",2025-05-07,15.9255
151781,"Kotak Nifty 200 Momentum 30 Index Fund - Direct Plan - Growth Option",2025-05-07,14.043
153219,"DSP BSE SENSEX Next 30 Index Fund - Direct - Growth",2025-05-07,10.4315
153272,"UTI Nifty Midsmallcap 400 Momentum Quality 100 Index Fund - Direct Plan - Growth Option",2025-05-07,10.5165
118482,"BANDHAN Nifty 50 Index Fund-Direct Plan-Growth",2025-05-08,53.4701
147625,"Motilal Oswal Nifty 500 Index Fund - Direct Plan",2025-05-08,25.1844
148945,"SBI Nifty Next 50 Index Fund - Direct Plan - Growth",2025-05-08,17.2622
149936,"Axis Nifty Midcap 50 Index Fund - Direct Plan - Growth Option",2025-05-08,18.3017
150738,"Tata Nifty Midcap 150 Momentum 50 Index Fund - Growth - Direct Plan",2025-05-08,16.7692
150892,"Edelweiss Nifty Smallcap 250 Index Fund - Direct Plan - Growth",2025-05-08,15.7368
151781,"Kotak Nifty 200 Momentum 30 Index Fund - Direct Plan - Growth Option",2025-05-08,13.851
153219,"DSP BSE SENSEX Next 30 Index Fund - Direct - Growth",2025-05-08,10.2548
153272,"UTI Nifty Midsmallcap 400 Momentum Quality 100 Index Fund - Direct Plan - Growth Option",2025-05-08,10.39
153470,"Nippon India Nifty 500 Quality 50 Index Fund - Direct Plan - Growth Option",2025-05-08,9.8749
118482,"BANDHAN Nifty 50 Index Fund-Direct Plan-Growth",2025-05-09,52.886
147625,"Motilal Oswal Nifty 500 Index Fund - Direct Plan",2025-05-09,24.9919
148945,"SBI Nifty Next 50 Index Fund - Direct Plan - Growth",2025-05-09,17.1979
149936,"Axis Nifty Midcap 50 Index Fund - Direct Plan - Growth Option",2025-05-09,18.3013
150738,"Tata Nifty Midcap 150 Momentum 50 Index Fund - Growth - Direct Plan",2025-05-09,16.7193
150892,"Edelweiss Nifty Smallcap 250 Index Fund - Direct Plan - Growth",2025-05-09,15.6338
151781,"Kotak Nifty 200 Momentum 30 Index Fund - Direct Plan - Growth Option",2025-05-09,13.759
153219,"DSP BSE SENSEX Next 30 Index Fund - Direct - Growth",2025-05-09,10.2239
153272,"UTI Nifty Midsmallcap 400 Momentum Quality 100 Index Fund - Direct Plan - Growth Option",2025-05-09,10.3538
153470,"Nippon India Nifty 500 Quality 50 Index Fund - Direct Plan - Growth Option",2025-05-09,9.8838
118482,"BANDHAN Nifty 50 Index Fund-Direct Plan-Growth",2025-05-12,54.9051
147625,"Motilal Oswal Nifty 500 Index Fund - Direct Plan",2025-05-12,25.9552
148945,"SBI Nifty Next 50 Index Fund - Direct Plan - Growth",2025-05-12,17.8995
149936,"Axis Nifty Midcap 50 Index Fund - Direct Plan - Growth Option",2025-05-12,19.0597
150738,"Tata Nifty Midcap 150 Momentum 50 Index Fund - Growth - Direct Plan",2025-05-12,17.4661
150892,"Edelweiss Nifty Smallcap 250 Index Fund - Direct Plan - Growth",2025-05-12,16.2596
151781,"Kotak Nifty 200 Momentum 30 Index Fund - Direct Plan - Growth Option",2025-05-12,14.34
153219,"DSP BSE SENSEX Next 30 Index Fund - Direct - Growth",2025-05-12,10.6524
153272,"UTI Nifty Midsmallcap 400 Momentum Quality 100 Index Fund - Direct Plan - Growth Option",2025-05-12,10.8056
153470,"Nippon India Nifty 500 Quality 50 Index Fund - Direct Plan - Growth Option",2025-05-12,10.3019
118482,"BANDHAN Nifty 50 Index Fund-Direct Plan-Growth",2025-05-13,54.142
147625,"Motilal Oswal Nifty 500 Index Fund - Direct Plan",2025-05-13,25.7688
148945,"SBI Nifty Next 50 Index Fund - Direct Plan - Growth",2025-05-13,17.8978
149936,"Axis Nifty Midcap 50 Index Fund - Direct Plan - Growth Option",2025-05-13,19.0671
150738,"Tata Nifty Midcap 150 Momentum 50 Index Fund - Growth - Direct Plan",2025-05-13,17.5503
150892,"Edelweiss Nifty Smallcap 250 Index Fund - Direct Plan - Growth",2025-05-13,16.3949
151781,"Kotak Nifty 200 Momentum 30 Index Fund - Direct Plan - Growth Option",2025-05-13,14.288
153219,"DSP BSE SENSEX Next 30 Index Fund - Direct - Growth",2025-05-13,10.6231
153272,"UTI Nifty Midsmallcap 400 Momentum Quality 100 Index Fund - Direct Plan - Growth Option",2025-05-13,10.8837
153470,"Nippon India Nifty 500 Quality 50 Index Fund - Direct Plan - Growth Option",2025-05-13,10.3068
118482,"BANDHAN Nifty 50 Index Fund-Direct Plan-Growth",2025-05-14,54.337
147625,"Motilal Oswal Nifty 500 Index Fund - Direct Plan",2025-05-14,25.9419
148945,"SBI Nifty Next 50 Index Fund - Direct Plan - Growth",2025-05-14,18.0281
149936,"Axis Nifty Midcap 50 Index Fund - Direct Plan - Growth Option",2025-05-14,19.2146
150738,"Tata Nifty Midcap 150 Momentum 50 Index Fund - Growth - Direct Plan",2025-05-14,17.7271
150892,"Edelweiss Nifty Smallcap 250 Index Fund - Direct Plan - Growth",2025-05-14,16.6247
151781,"Kotak Nifty 200 Momentum 30 Index Fund - Direct Plan - Growth Option",2025-05-14,14.43
153219,"DSP BSE SENSEX Next 30 Index Fund - Direct - Growth",2025-05-14,10.7059
153272,"UTI Nifty Midsmallcap 400 Momentum Quality 100 Index Fund - Direct Plan - Growth Option",2025-05-14,10.9979
153470,"Nippon India Nifty 500 Quality 50 Index Fund - Direct Plan - Growth Option",2025-05-14,10.4369
118482,"BANDHAN Nifty 50 Index Fund-Direct Plan-Growth",2025-05-15,55.2074
147625,"Motilal Oswal Nifty 500 Index Fund - Direct Plan",2025-05-15,26.2753
148945,"SBI Nifty Next 50 Index Fund - Direct Plan - Growth",2025-05-15,18.2165
149936,"Axis Nifty Midcap 50 Index Fund - Direct Plan - Growth Option",2025-05-15,19.3152
150738,"Tata Nifty Midcap 150 Momentum 50 Index Fund - Growth - Direct Plan",2025-05-15,17.7811
150892,"Edelweiss Nifty Smallcap 250 Index Fund - Direct Plan - Growth",2025-05-15,16.7508
151781,"Kotak Nifty 200 Momentum 30 Index Fund - Direct Plan - Growth Option",2025-05-15,14.585
153219,"DSP BSE SENSEX Next 30 Index Fund - Direct - Growth",2025-05-15,10.9005
153272,"UTI Nifty Midsmallcap 400 Momentum Quality 100 Index Fund - Direct Plan - Growth Option",2025-05-15,11.0773
153470,"Nippon India Nifty 500 Quality 50 Index Fund - Direct Plan - Growth Option",2025-05-15,10.5929
118482,"BANDHAN Nifty 50 Index Fund-Direct Plan-Growth",2025-05-16,55.1438
147625,"Motilal Oswal Nifty 500 Index Fund - Direct Plan",2025-05-16,26.3786
148945,"SBI Nifty Next 50 Index Fund - Direct Plan - Growth",2025-05-16,18.4508
149936,"Axis Nifty Midcap 50 Index Fund - Direct Plan - Growth Option",2025-05-16,19.4504
150738,"Tata Nifty Midcap 150 Momentum 50 Index Fund - Growth - Direct Plan",2025-05-16,17.9113
150892,"Edelweiss Nifty Smallcap 250 Index Fund - Direct Plan - Growth",2025-05-16,17.0078
151781,"Kotak Nifty 200 Momentum 30 Index Fund - Direct Plan - Growth Option",2025-05-16,14.603
153219,"DSP BSE SENSEX Next 30 Index Fund - Direct - Growth",2025-05-16,10.965
153272,"UTI Nifty Midsmallcap 400 Momentum Quality 100 Index Fund - Direct Plan - Growth Option",2025-05-16,11.2237
153470,"Nippon India Nifty 500 Quality 50 Index Fund - Direct Plan - Growth Option",2025-05-16,10.7838
118482,"BANDHAN Nifty 50 Index Fund-Direct Plan-Growth",2025-05-19,54.9796
147625,"Motilal Oswal Nifty 500 Index Fund - Direct Plan",2025-05-19,26.3724
148945,"SBI Nifty Next 50 Index Fund - Direct Plan - Growth",2025-05-19,18.5402
149936,"Axis Nifty Midcap 50 Index Fund - Direct Plan - Growth Option",2025-05-19,19.4503
150738,"Tata Nifty Midcap 150 Momentum 50 Index Fund - Growth - Direct Plan",2025-05-19,17.9396
150892,"Edelweiss Nifty Smallcap 250 Index Fund - Direct Plan - Growth",2025-05-19,17.1225
151781,"Kotak Nifty 200 Momentum 30 Index Fund - Direct Plan - Growth Option",2025-05-19,14.569
153219,"DSP BSE SENSEX Next 30 Index Fund - Direct - Growth",2025-05-19,10.9485
153272,"UTI Nifty Midsmallcap 400 Momentum Quality 100 Index Fund - Direct Plan - Growth Option",2025-05-19,11.2603
153470,"Nippon India Nifty 500 Quality 50 Index Fund - Direct Plan - Growth Option",2025-05-19,10.7765
118482,"BANDHAN Nifty 50 Index Fund-Direct Plan-Growth",2025-05-20,54.4032
147625,"Motilal Oswal Nifty 500 Index Fund - Direct Plan",2025-05-20,26.0491
148945,"SBI Nifty Next 50 Index Fund - Direct Plan - Growth",2025-05-20,18.1988
149936,"Axis Nifty Midcap 50 Index Fund - Direct Plan - Growth Option",2025-05-20,19.1514
150738,"Tata Nifty Midcap 150 Momentum 50 Index Fund - Growth - Direct Plan",2025-05-20,17.6585
150892,"Edelweiss Nifty Smallcap 250 Index Fund - Direct Plan - Growth",2025-05-20,16.969
151781,"Kotak Nifty 200 Momentum 30 Index Fund - Direct Plan - Growth Option",2025-05-20,14.373
153219,"DSP BSE SENSEX Next 30 Index Fund - Direct - Growth",2025-05-20,10.7901
153272,"UTI Nifty Midsmallcap 400 Momentum Quality 100 Index Fund - Direct Plan - Growth Option",2025-05-20,11.1261
153470,"Nippon India Nifty 500 Quality 50 Index Fund - Direct Plan - Growth Option",2025-05-20,10.6238
118482,"BANDHAN Nifty 50 Index Fund-Direct Plan-Growth",2025-05-21,54.6884
147625,"Motilal Oswal Nifty 500 Index Fund - Direct Plan",2025-05-21,26.2165
148945,"SBI Nifty Next 50 Index Fund - Direct Plan - Growth",2025-05-21,18.4114
149936,"Axis Nifty Midcap 50 Index Fund - Direct Plan - Growth Option",2025-05-21,19.262
150738,"Tata Nifty Midcap 150 Momentum 50 Index Fund - Growth - Direct Plan",2025-05-21,17.7584
150892,"Edelweiss Nifty Smallcap 250 Index Fund - Direct Plan - Growth",2025-05-21,17.0398
151781,"Kotak Nifty 200 Momentum 30 Index Fund - Direct Plan - Growth Option",2025-05-21,14.509
153219,"DSP BSE SENSEX Next 30 Index Fund - Direct - Growth",2025-05-21,10.8768
153272,"UTI Nifty Midsmallcap 400 Momentum Quality 100 Index Fund - Direct Plan - Growth Option",2025-05-21,11.1681
153470,"Nippon India Nifty 500 Quality 50 Index Fund - Direct Plan - Growth Option",2025-05-21,10.7521
118482,"BANDHAN Nifty 50 Index Fund-Direct Plan-Growth",2025-05-22,54.2394
147625,"Motilal Oswal Nifty 500 Index Fund - Direct Plan",2025-05-22,26.0612
148945,"SBI Nifty Next 50 Index Fund - Direct Plan - Growth",2025-05-22,18.3501
149936,"Axis Nifty Midcap 50 Index Fund - Direct Plan - Growth Option",2025-05-22,19.1133
150738,"Tata Nifty Midcap 150 Momentum 50 Index Fund - Growth - Direct Plan",2025-05-22,17.7108
150892,"Edelweiss Nifty Smallcap 250 Index Fund - Direct Plan - Growth",2025-05-22,17.0391
151781,"Kotak Nifty 200 Momentum 30 Index Fund - Direct Plan - Growth Option",2025-05-22,14.371
153219,"DSP BSE SENSEX Next 30 Index Fund - Direct - Growth",2025-05-22,10.7988
153272,"UTI Nifty Midsmallcap 400 Momentum Quality 100 Index Fund - Direct Plan - Growth Option",2025-05-22,11.0959
153470,"Nippon India Nifty 500 Quality 50 Index Fund - Direct Plan - Growth Option",2025-05-22,10.7049
118482,"BANDHAN Nifty 50 Index Fund-Direct Plan-Growth",2025-05-23,54.7755
147625,"Motilal Oswal Nifty 500 Index Fund - Direct Plan",2025-05-23,26.2756
148945,"SBI Nifty Next 50 Index Fund - Direct Plan - Growth",2025-05-23,18.4586
149936,"Axis Nifty Midcap 50 Index Fund - Direct Plan - Growth Option",2025-05-23,19.2615
150738,"Tata Nifty Midcap 150 Momentum 50 Index Fund - Growth - Direct Plan",2025-05-23,17.8252
150892,"Edelweiss Nifty Smallcap 250 Index Fund - Direct Plan - Growth",2025-05-23,17.1391
151781,"Kotak Nifty 200 Momentum 30 Index Fund - Direct Plan - Growth Option",2025-05-23,14.474
153219,"DSP BSE SENSEX Next 30 Index Fund - Direct - Growth",2025-05-23,10.9007
153272,"UTI Nifty Midsmallcap 400 Momentum Quality 100 Index Fund - Direct Plan - Growth Option",2025-05-23,11.1608
153470,"Nippon India Nifty 500 Quality 50 Index Fund - Direct Plan - Growth Option",2025-05-23,10.7832
118482,"BANDHAN Nifty 50 Index Fund-Direct Plan-Growth",2025-05-26,55.1011
147625,"Motilal Oswal Nifty 500 Index Fund - Direct Plan",2025-05-26,26.4221
148945,"SBI Nifty Next 50 Index Fund - Direct Plan - Growth",2025-05-26,18.5343
149936,"Axis Nifty Midcap 50 Index Fund - Direct Plan - Growth Option",2025-05-26,19.3681
150738,"Tata Nifty Midcap 150 Momentum 50 Index Fund - Growth - Direct Plan",2025-05-26,17.9115
150892,"Edelweiss Nifty Smallcap 250 Index Fund - Direct Plan - Growth",2025-05-26,17.2306
151781,"Kotak Nifty 200 Momentum 30 Index Fund - Direct Plan - Growth Option",2025-05-26,14.564
153219,"DSP BSE SENSEX Next 30 Index Fund - Direct - Growth",2025-05-26,10.9685
153272,"UTI Nifty Midsmallcap 400 Momentum Quality 100 Index Fund - Direct Plan - Growth Option",2025-05-26,11.2084
153470,"Nippon India Nifty 500 Quality 50 Index Fund - Direct Plan - Growth Option",2025-05-26,10.8754
118482,"BANDHAN Nifty 50 Index Fund-Direct Plan-Growth",2025-05-27,54.7156
147625,"Motilal Oswal Nifty 500 Index Fund - Direct Plan",2025-05-27,26.3165
148945,"SBI Nifty Next 50 Index Fund - Direct Plan - Growth",2025-05-27,18.4842
149936,"Axis Nifty Midcap 50 Index Fund - Direct Plan - Growth Option",2025-05-27,19.3717
150738,"Tata Nifty Midcap 150 Momentum 50 Index Fund - Growth - Direct Plan",2025-05-27,17.8915
150892,"Edelweiss Nifty Smallcap 250 Index Fund - Direct Plan - Growth",2025-05-27,17.2505
151781,"Kotak Nifty 200 Momentum 30 Index Fund - Direct Plan - Growth Option",2025-05-27,14.499
153219,"DSP BSE SENSEX Next 30 Index Fund - Direct - Growth",2025-05-27,10.941
153272,"UTI Nifty Midsmallcap 400 Momentum Quality 100 Index Fund - Direct Plan - Growth Option",2025-05-27,11.2008
153470,"Nippon India Nifty 500 Quality 50 Index Fund - Direct Plan - Growth Option",2025-05-27,10.8636
118482,"BANDHAN Nifty 50 Index Fund-Direct Plan-Growth",2025-05-28,54.5885
147625,"Motilal Oswal Nifty 500 Index Fund - Direct Plan",2025-05-28,26.284
148945,"SBI Nifty Next 50 Index Fund - Direct Plan - Growth",2025-05-28,18.4305
149936,"Axis Nifty Midcap 50 Index Fund - Direct Plan - Growth Option",2025-05-28,19.3224
150738,"Tata Nifty Midcap 150 Momentum 50 Index Fund - Growth - Direct Plan",2025-05-28,17.8439
150892,"Edelweiss Nifty Smallcap 250 Index Fund - Direct Plan - Growth",2025-05-28,17.3215
151781,"Kotak Nifty 200 Momentum 30 Index Fund - Direct Plan - Growth Option",2025-05-28,14.432
153219,"DSP BSE SENSEX Next 30 Index Fund - Direct - Growth",2025-05-28,10.8903
153272,"UTI Nifty Midsmallcap 400 Momentum Quality 100 Index Fund - Direct Plan - Growth Option",2025-05-28,11.2132
153470,"Nippon India Nifty 500 Quality 50 Index Fund - Direct Plan - Growth Option",2025-05-28,10.9074
118482,"BANDHAN Nifty 50 Index Fund-Direct Plan-Growth",2025-05-29,54.7698
147625,"Motilal Oswal Nifty 500 Index Fund - Direct Plan",2025-05-29,26.3791
148945,"SBI Nifty Next 50 Index Fund - Direct Plan - Growth",2025-05-29,18.4571
149936,"Axis Nifty Midcap 50 Index Fund - Direct Plan - Growth Option",2025-05-29,19.4572
150738,"Tata Nifty Midcap 150 Momentum 50 Index Fund - Growth - Direct Plan",2025-05-29,18.0026
150892,"Edelweiss Nifty Smallcap 250 Index Fund - Direct Plan - Growth",2025-05-29,17.3971
151781,"Kotak Nifty 200 Momentum 30 Index Fund - Direct Plan - Growth Option",2025-05-29,14.556
153219,"DSP BSE SENSEX Next 30 Index Fund - Direct - Growth",2025-05-29,10.9106
153272,"UTI Nifty Midsmallcap 400 Momentum Quality 100 Index Fund - Direct Plan - Growth Option",2025-05-29,11.3084
153470,"Nippon India Nifty 500 Quality 50 Index Fund - Direct Plan - Growth Option",2025-05-29,10.9481
118482,"BANDHAN Nifty 50 Index Fund-Direct Plan-Growth",2025-05-30,54.6312
147625,"Motilal Oswal Nifty 500 Index Fund - Direct Plan",2025-05-30,26.3236
148945,"SBI Nifty Next 50 Index Fund - Direct Plan - Growth",2025-05-30,18.3655
149936,"Axis Nifty Midcap 50 Index Fund - Direct Plan - Growth Option",2025-05-30,19.4058
150738,"Tata Nifty Midcap 150 Momentum 50 Index Fund - Growth - Direct Plan",2025-05-30,17.9816
150892,"Edelweiss Nifty Smallcap 250 Index Fund - Direct Plan - Growth",2025-05-30,17.4542
151781,"Kotak Nifty 200 Momentum 30 Index Fund - Direct Plan - Growth Option",2025-05-30,14.546
153219,"DSP BSE SENSEX Next 30 Index Fund - Direct - Growth",2025-05-30,10.8053
153272,"UTI Nifty Midsmallcap 400 Momentum Quality 100 Index Fund - Direct Plan - Growth Option",2025-05-30,11.3022
153470,"Nippon India Nifty 500 Quality 50 Index Fund - Direct Plan - Growth Option",2025-05-30,10.8566
118482,"BANDHAN Nifty 50 Index Fund-Direct Plan-Growth",2025-05-31,54.631
148945,"SBI Nifty Next 50 Index Fund - Direct Plan - Growth",2025-05-31,18.3654
149936,"Axis Nifty Midcap 50 Index Fund - Direct Plan - Growth Option",2025-05-31,19.4056
118482,"BANDHAN Nifty 50 Index Fund-Direct Plan-Growth",2025-06-02,54.5555
147625,"Motilal Oswal Nifty 500 Index Fund - Direct Plan",2025-06-02,26.3609
148945,"SBI Nifty Next 50 Index Fund - Direct Plan - Growth",2025-06-02,18.4418
149936,"Axis Nifty Midcap 50 Index Fund - Direct Plan - Growth Option",2025-06-02,19.5452
150738,"Tata Nifty Midcap 150 Momentum 50 Index Fund - Growth - Direct Plan",2025-06-02,18.0409
150892,"Edelweiss Nifty Smallcap 250 Index Fund - Direct Plan - Growth",2025-06-02,17.5792
151781,"Kotak Nifty 200 Momentum 30 Index Fund - Direct Plan - Growth Option",2025-06-02,14.548
153219,"DSP BSE SENSEX Next 30 Index Fund - Direct - Growth",2025-06-02,10.8029
153272,"UTI Nifty Midsmallcap 400 Momentum Quality 100 Index Fund - Direct Plan - Growth Option",2025-06-02,11.3353
153470,"Nippon India Nifty 500 Quality 50 Index Fund - Direct Plan - Growth Option",2025-06-02,10.9035
118482,"BANDHAN Nifty 50 Index Fund-Direct Plan-Growth",2025-06-03,54.191
147625,"Motilal Oswal Nifty 500 Index Fund - Direct Plan",2025-06-03,26.2245
148945,"SBI Nifty Next 50 Index Fund - Direct Plan - Growth",2025-06-03,18.3404
149936,"Axis Nifty Midcap 50 Index Fund - Direct Plan - Growth Option",2025-06-03,19.4701
150738,"Tata Nifty Midcap 150 Momentum 50 Index Fund - Growth - Direct Plan",2025-06-03,18.0489
150892,"Edelweiss Nifty Smallcap 250 Index Fund - Direct Plan - Growth",2025-06-03,17.5982
151781,"Kotak Nifty 200 Momentum 30 Index Fund - Direct Plan - Growth Option",2025-06-03,14.511
153219,"DSP BSE SENSEX Next 30 Index Fund - Direct - Growth",2025-06-03,10.7524
153272,"UTI Nifty Midsmallcap 400 Momentum Quality 100 Index Fund - Direct Plan - Growth Option",2025-06-03,11.3583
153470,"Nippon India Nifty 500 Quality 50 Index Fund - Direct Plan - Growth Option",2025-06-03,10.8683
118482,"BANDHAN Nifty 50 Index Fund-Direct Plan-Growth",2025-06-04,54.3832
147625,"Motilal Oswal Nifty 500 Index Fund - Direct Plan",2025-06-04,26.3415
148945,"SBI Nifty Next 50 Index Fund - Direct Plan - Growth",2025-06-04,18.3939
149936,"Axis Nifty Midcap 50 Index Fund - Direct Plan - Growth Option",2025-06-04,19.6429
150738,"Tata Nifty Midcap 150 Momentum 50 Index Fund - Growth - Direct Plan",2025-06-04,18.2762
150892,"Edelweiss Nifty Smallcap 250 Index Fund - Direct Plan - Growth",2025-06-04,17.691
151781,"Kotak Nifty 200 Momentum 30 Index Fund - Direct Plan - Growth Option",2025-06-04,14.656
153219,"DSP BSE SENSEX Next 30 Index Fund - Direct - Growth",2025-06-04,10.7686
153272,"UTI Nifty Midsmallcap 400 Momentum Quality 100 Index Fund - Direct Plan - Growth Option",2025-06-04,11.4589
153470,"Nippon India Nifty 500 Quality 50 Index Fund - Direct Plan - Growth Option",2025-06-04,10.9429
118482,"BANDHAN Nifty 50 Index Fund-Direct Plan-Growth",2025-06-05,54.671
147625,"Motilal Oswal Nifty 500 Index Fund - Direct Plan",2025-06-05,26.4875
148945,"SBI Nifty Next 50 Index Fund - Direct Plan - Growth",2025-06-05,18.4709
149936,"Axis Nifty Midcap 50 Index Fund - Direct Plan - Growth Option",2025-06-05,19.7653
150738,"Tata Nifty Midcap 150 Momentum 50 Index Fund - Growth - Direct Plan",2025-06-05,18.4279
150892,"Edelweiss Nifty Smallcap 250 Index Fund - Direct Plan - Growth",2025-06-05,17.808
151781,"Kotak Nifty 200 Momentum 30 Index Fund - Direct Plan - Growth Option",2025-06-05,14.821
153219,"DSP BSE SENSEX Next 30 Index Fund - Direct - Growth",2025-06-05,10.8394
153272,"UTI Nifty Midsmallcap 400 Momentum Quality 100 Index Fund - Direct Plan - Growth Option",2025-06-05,11.5804
153470,"Nippon India Nifty 500 Quality 50 Index Fund - Direct Plan - Growth Option",2025-06-05,11.0239
118482,"BANDHAN Nifty 50 Index Fund-Direct Plan-Growth",2025-06-06,55.2264
147625,"Motilal Oswal Nifty 500 Index Fund - Direct Plan",2025-06-06,26.754
148945,"SBI Nifty Next 50 Index Fund - Direct Plan - Growth",2025-06-06,18.7054
149936,"Axis Nifty Midcap 50 Index Fund - Direct Plan - Growth Option",2025-06-06,20.0973
150738,"Tata Nifty Midcap 150 Momentum 50 Index Fund - Growth - Direct Plan",2025-06-06,18.5915
150892,"Edelweiss Nifty Smallcap 250 Index Fund - Direct Plan - Growth",2025-06-06,17.9245
151781,"Kotak Nifty 200 Momentum 30 Index Fund - Direct Plan - Growth Option",2025-06-06,14.923
153219,"DSP BSE SENSEX Next 30 Index Fund - Direct - Growth",2025-06-06,10.9701
153272,"UTI Nifty Midsmallcap 400 Momentum Quality 100 Index Fund - Direct Plan - Growth Option",2025-06-06,11.6138
153470,"Nippon India Nifty 500 Quality 50 Index Fund - Direct Plan - Growth Option",2025-06-06,11.0655
118482,"BANDHAN Nifty 50 Index Fund-Direct Plan-Growth",2025-06-09,55.4465
147625,"Motilal Oswal Nifty 500 Index Fund - Direct Plan",2025-06-09,26.9444
148945,"SBI Nifty Next 50 Index Fund - Direct Plan - Growth",2025-06-09,18.9389
149936,"Axis Nifty Midcap 50 Index Fund - Direct Plan - Growth Option",2025-06-09,20.3221
150738,"Tata Nifty Midcap 150 Momentum 50 Index Fund - Growth - Direct Plan",2025-06-09,18.8059
150892,"Edelweiss Nifty Smallcap 250 Index Fund - Direct Plan - Growth",2025-06-09,18.162
151781,"Kotak Nifty 200 Momentum 30 Index Fund - Direct Plan - Growth Option",2025-06-09,15.028
153219,"DSP BSE SENSEX Next 30 Index Fund - Direct - Growth",2025-06-09,11.0953
153272,"UTI Nifty Midsmallcap 400 Momentum Quality 100 Index Fund - Direct Plan - Growth Option",2025-06-09,11.7446
153470,"Nippon India Nifty 500 Quality 50 Index Fund - Direct Plan - Growth Option",2025-06-09,11.1945
118482,"BANDHAN Nifty 50 Index Fund-Direct Plan-Growth",2025-06-10,55.4531
147625,"Motilal Oswal Nifty 500 Index Fund - Direct Plan",2025-06-10,26.9563
148945,"SBI Nifty Next 50 Index Fund - Direct Plan - Growth",2025-06-10,18.9604
149936,"Axis Nifty Midcap 50 Index Fund - Direct Plan - Growth Option",2025-06-10,20.3146
150738,"Tata Nifty Midcap 150 Momentum 50 Index Fund - Growth - Direct Plan",2025-06-10,18.8369
150892,"Edelweiss Nifty Smallcap 250 Index Fund - Direct Plan - Growth",2025-06-10,18.1921
151781,"Kotak Nifty 200 Momentum 30 Index Fund - Direct Plan - Growth Option",2025-06-10,15.093
153219,"DSP BSE SENSEX Next 30 Index Fund - Direct - Growth",2025-06-10,11.1239
153272,"UTI Nifty Midsmallcap 400 Momentum Quality 100 Index Fund - Direct Plan - Growth Option",2025-06-10,11.7826
153470,"Nippon India Nifty 500 Quality 50 Index Fund - Direct Plan - Growth Option",2025-06-10,11.27
118482,"BANDHAN Nifty 50 Index Fund-Direct Plan-Growth",2025-06-11,55.5349
147625,"Motilal Oswal Nifty 500 Index Fund - Direct Plan",2025-06-11,26.9542
148945,"SBI Nifty Next 50 Index Fund - Direct Plan - Growth",2025-06-11,18.9188
149936,"Axis Nifty Midcap 50 Index Fund - Direct Plan - Growth Option",2025-06-11,20.2346
150738,"Tata Nifty Midcap 150 Momentum 50 Index Fund - Growth - Direct Plan",2025-06-11,18.7466
150892,"Edelweiss Nifty Smallcap 250 Index Fund - Direct Plan - Growth",2025-06-11,18.1761
151781,"Kotak Nifty 200 Momentum 30 Index Fund - Direct Plan - Growth Option",2025-06-11,15.069
153219,"DSP BSE SENSEX Next 30 Index Fund - Direct - Growth",2025-06-11,11.1315
153272,"UTI Nifty Midsmallcap 400 Momentum Quality 100 Index Fund - Direct Plan - Growth Option",2025-06-11,11.6909
153470,"Nippon India Nifty 500 Quality 50 Index Fund - Direct Plan - Growth Option",2025-06-11,11.2472
118482,"BANDHAN Nifty 50 Index Fund-Direct Plan-Growth",2025-06-12,54.9773
147625,"Motilal Oswal Nifty 500 Index Fund - Direct Plan",2025-06-12,26.6186
148945,"SBI Nifty Next 50 Index Fund - Direct Plan - Growth",2025-06-12,18.5792
149936,"Axis Nifty Midcap 50 Index Fund - Direct Plan - Growth Option",2025-06-12,19.9376
150738,"Tata Nifty Midcap 150 Momentum 50 Index Fund - Growth - Direct Plan",2025-06-12,18.4176
150892,"Edelweiss Nifty Smallcap 250 Index Fund - Direct Plan - Growth",2025-06-12,17.9164
151781,"Kotak Nifty 200 Momentum 30 Index Fund - Direct Plan - Growth Option",2025-06-12,14.844
153219,"DSP BSE SENSEX Next 30 Index Fund - Direct - Growth",2025-06-12,10.968
153272,"UTI Nifty Midsmallcap 400 Momentum Quality 100 Index Fund - Direct Plan - Growth Option",2025-06-12,11.4872
153470,"Nippon India Nifty 500 Quality 50 Index Fund - Direct Plan - Growth Option",2025-06-12,11.0343
118482,"BANDHAN Nifty 50 Index Fund-Direct Plan-Growth",2025-06-13,54.606
147625,"Motilal Oswal Nifty 500 Index Fund - Direct Plan",2025-06-13,26.4586
148945,"SBI Nifty Next 50 Index Fund - Direct Plan - Growth",2025-06-13,18.4292
149936,"Axis Nifty Midcap 50 Index Fund - Direct Plan - Growth Option",2025-06-13,19.8817
150738,"Tata Nifty Midcap 150 Momentum 50 Index Fund - Growth - Direct Plan",2025-06-13,18.3569
150892,"Edelweiss Nifty Smallcap 250 Index Fund - Direct Plan - Growth",2025-06-13,17.8457
151781,"Kotak Nifty 200 Momentum 30 Index Fund - Direct Plan - Growth Option",2025-06-13,14.791
153219,"DSP BSE SENSEX Next 30 Index Fund - Direct - Growth",2025-06-13,10.915
153272,"UTI Nifty Midsmallcap 400 Momentum Quality 100 Index Fund - Direct Plan - Growth Option",2025-06-13,11.4421
153470,"Nippon India Nifty 500 Quality 50 Index Fund - Direct Plan - Growth Option",2025-06-13,10.977
118482,"BANDHAN Nifty 50 Index Fund-Direct Plan-Growth",2025-06-16,55.1078
147625,"Motilal Oswal Nifty 500 Index Fund - Direct Plan",2025-06-16,26.6762
148945,"SBI Nifty Next 50 Index Fund - Direct Plan - Growth",2025-06-16,18.5646
149936,"Axis Nifty Midcap 50 Index Fund - Direct Plan - Growth Option",2025-06-16,20.0674
150738,"Tata Nifty Midcap 150 Momentum 50 Index Fund - Growth - Direct Plan",2025-06-16,18.5192
150892,"Edelweiss Nifty Smallcap 250 Index Fund - Direct Plan - Growth",2025-06-16,17.9344
151781,"Kotak Nifty 200 Momentum 30 Index Fund - Direct Plan - Growth Option",2025-06-16,14.963
153219,"DSP BSE SENSEX Next 30 Index Fund - Direct - Growth",2025-06-16,11.0406
153272,"UTI Nifty Midsmallcap 400 Momentum Quality 100 Index Fund - Direct Plan - Growth Option",2025-06-16,11.5171
153470,"Nippon India Nifty 500 Quality 50 Index Fund - Direct Plan - Growth Option",2025-06-16,11.0434
118482,"BANDHAN Nifty 50 Index Fund-Direct Plan-Growth",2025-06-17,54.9026
147625,"Motilal Oswal Nifty 500 Index Fund - Direct Plan",2025-06-17,26.5456
148945,"SBI Nifty Next 50 Index Fund - Direct Plan - Growth",2025-06-17,18.4336
149936,"Axis Nifty Midcap 50 Index Fund - Direct Plan - Growth Option",2025-06-17,19.9482
150738,"Tata Nifty Midcap 150 Momentum 50 Index Fund - Growth - Direct Plan",2025-06-17,18.4817
150892,"Edelweiss Nifty Smallcap 250 Index Fund - Direct Plan - Growth",2025-06-17,17.8111
151781,"Kotak Nifty 200 Momentum 30 Index Fund - Direct Plan - Growth Option",2025-06-17,14.894
153219,"DSP BSE SENSEX Next 30 Index Fund - Direct - Growth",2025-06-17,10.9442
153272,"UTI Nifty Midsmallcap 400 Momentum Quality 100 Index Fund - Direct Plan - Growth Option",2025-06-17,11.4872
153470,"Nippon India Nifty 500 Quality 50 Index Fund - Direct Plan - Growth Option",2025-06-17,11.0287
118482,"BANDHAN Nifty 50 Index Fund-Direct Plan-Growth",2025-06-18,54.8114
147625,"Motilal Oswal Nifty 500 Index Fund - Direct Plan",2025-06-18,26.4806
148945,"SBI Nifty Next 50 Index Fund - Direct Plan - Growth",2025-06-18,18.3763
149936,"Axis Nifty Midcap 50 Index Fund - Direct Plan - Growth Option",2025-06-18,19.8517
150738,"Tata Nifty Midcap 150 Momentum 50 Index Fund - Growth - Direct Plan",2025-06-18,18.3821
150892,"Edelweiss Nifty Smallcap 250 Index Fund - Direct Plan - Growth",2025-06-18,17.776
151781,"Kotak Nifty 200 Momentum 30 Index Fund - Direct Plan - Growth Option",2025-06-18,14.889
153219,"DSP BSE SENSEX Next 30 Index Fund - Direct - Growth",2025-06-18,10.9203
153272,"UTI Nifty Midsmallcap 400 Momentum Quality 100 Index Fund - Direct Plan - Growth Option",2025-06-18,11.4299
153470,"Nippon India Nifty 500 Quality 50 Index Fund - Direct Plan - Growth Option",2025-06-18,10.9826
118482,"BANDHAN Nifty 50 Index Fund-Direct Plan-Growth",2025-06-19,54.7698
147625,"Motilal Oswal Nifty 500 Index Fund - Direct Plan",2025-06-19,26.2958
148945,"SBI Nifty Next 50 Index Fund - Direct Plan - Growth",2025-06-19,18.1163
149936,"Axis Nifty Midcap 50 Index Fund - Direct Plan - Growth Option",2025-06-19,19.5295
150738,"Tata Nifty Midcap 150 Momentum 50 Index Fund - Growth - Direct Plan",2025-06-19,18.0852
150892,"Edelweiss Nifty Smallcap 250 Index Fund - Direct Plan - Growth",2025-06-19,17.4336
151781,"Kotak Nifty 200 Momentum 30 Index Fund - Direct Plan - Growth Option",2025-06-19,14.765
153219,"DSP BSE SENSEX Next 30 Index Fund - Direct - Growth",2025-06-19,10.864
153272,"UTI Nifty Midsmallcap 400 Momentum Quality 100 Index Fund - Direct Plan - Growth Option",2025-06-19,11.2465
153470,"Nippon India Nifty 500 Quality 50 Index Fund - Direct Plan - Growth Option",2025-06-19,10.798
118482,"BANDHAN Nifty 50 Index Fund-Direct Plan-Growth",2025-06-20,55.4737
147625,"Motilal Oswal Nifty 500 Index Fund - Direct Plan",2025-06-20,26.6169
148945,"SBI Nifty Next 50 Index Fund - Direct Plan - Growth",2025-06-20,18.3627
149936,"Axis Nifty Midcap 50 Index Fund - Direct Plan - Growth Option",2025-06-20,19.8419
150738,"Tata Nifty Midcap 150 Momentum 50 Index Fund - Growth - Direct Plan",2025-06-20,18.4199
150892,"Edelweiss Nifty Smallcap 250 Index Fund - Direct Plan - Growth",2025-06-20,17.5413
151781,"Kotak Nifty 200 Momentum 30 Index Fund - Direct Plan - Growth Option",2025-06-20,15.02
153219,"DSP BSE SENSEX Next 30 Index Fund - Direct - Growth",2025-06-20,11.0225
153272,"UTI Nifty Midsmallcap 400 Momentum Quality 100 Index Fund - Direct Plan - Growth Option",2025-06-20,11.3912
153470,"Nippon India Nifty 500 Quality 50 Index Fund - Direct Plan - Growth Option",2025-06-20,10.9206
118482,"BANDHAN Nifty 50 Index Fund-Direct Plan-Growth",2025-06-23,55.1741
147625,"Motilal Oswal Nifty 500 Index Fund - Direct Plan",2025-06-23,26.5745
148945,"SBI Nifty Next 50 Index Fund - Direct Plan - Growth",2025-06-23,18.3761
149936,"Axis Nifty Midcap 50 Index Fund - Direct Plan - Growth Option",2025-06-23,19.9185
150738,"Tata Nifty Midcap 150 Momentum 50 Index Fund - Growth - Direct Plan",2025-06-23,18.4808
150892,"Edelweiss Nifty Smallcap 250 Index Fund - Direct Plan - Growth",2025-06-23,17.6791
151781,"Kotak Nifty 200 Momentum 30 Index Fund - Direct Plan - Growth Option",2025-06-23,15.031
153219,"DSP BSE SENSEX Next 30 Index Fund - Direct - Growth",2025-06-23,11.0323
153272,"UTI Nifty Midsmallcap 400 Momentum Quality 100 Index Fund - Direct Plan - Growth Option",2025-06-23,11.4936
153470,"Nippon India Nifty 500 Quality 50 Index Fund - Direct Plan - Growth Option",2025-06-23,10.9712
118482,"BANDHAN Nifty 50 Index Fund-Direct Plan-Growth",2025-06-24,55.3336
147625,"Motilal Oswal Nifty 500 Index Fund - Direct Plan",2025-06-24,26.7051
148945,"SBI Nifty Next 50 Index Fund - Direct Plan - Growth",2025-06-24,18.5416
149936,"Axis Nifty Midcap 50 Index Fund - Direct Plan - Growth Option",2025-06-24,20.086
150738,"Tata Nifty Midcap 150 Momentum 50 Index Fund - Growth - Direct Plan",2025-06-24,18.5874
150892,"Edelweiss Nifty Smallcap 250 Index Fund - Direct Plan - Growth",2025-06-24,17.8162
151781,"Kotak Nifty 200 Momentum 30 Index Fund - Direct Plan - Growth Option",2025-06-24,15.043
153219,"DSP BSE SENSEX Next 30 Index Fund - Direct - Growth",2025-06-24,11.0997
153272,"UTI Nifty Midsmallcap 400 Momentum Quality 100 Index Fund - Direct Plan - Growth Option",2025-06-24,11.5647
153470,"Nippon India Nifty 500 Quality 50 Index Fund - Direct Plan - Growth Option",2025-06-24,11.0481
118482,"BANDHAN Nifty 50 Index Fund-Direct Plan-Growth",2025-06-25,55.7753
147625,"Motilal Oswal Nifty 500 Index Fund - Direct Plan",2025-06-25,26.9169
148945,"SBI Nifty Next 50 Index Fund - Direct Plan - Growth",2025-06-25,18.6294
149936,"Axis Nifty Midcap 50 Index Fund - Direct Plan - Growth Option",2025-06-25,20.1787
150738,"Tata Nifty Midcap 150 Momentum 50 Index Fund - Growth - Direct Plan",2025-06-25,18.6974
150892,"Edelweiss Nifty Smallcap 250 Index Fund - Direct Plan - Growth",2025-06-25,18.1016
151781,"Kotak Nifty 200 Momentum 30 Index Fund - Direct Plan - Growth Option",2025-06-25,15.133
153219,"DSP BSE SENSEX Next 30 Index Fund - Direct - Growth",2025-06-25,11.1612
153272,"UTI Nifty Midsmallcap 400 Momentum Quality 100 Index Fund - Direct Plan - Growth Option",2025-06-25,11.6085
153470,"Nippon India Nifty 500 Quality 50 Index Fund - Direct Plan - Growth Option",2025-06-25,11.0834
118482,"BANDHAN Nifty 50 Index Fund-Direct Plan-Growth",2025-06-26,56.4457
147625,"Motilal Oswal Nifty 500 Index Fund - Direct Plan",2025-06-26,27.1712
148945,"SBI Nifty Next 50 Index Fund - Direct Plan - Growth",2025-06-26,18.8005
149936,"Axis Nifty Midcap 50 Index Fund - Direct Plan - Growth Option",2025-06-26,20.3128
150738,"Tata Nifty Midcap 150 Momentum 50 Index Fund - Growth - Direct Plan",2025-06-26,18.7586
150892,"Edelweiss Nifty Smallcap 250 Index Fund - Direct Plan - Growth",2025-06-26,18.148
151781,"Kotak Nifty 200 Momentum 30 Index Fund - Direct Plan - Growth Option",2025-06-26,15.211
153219,"DSP BSE SENSEX Next 30 Index Fund - Direct - Growth",2025-06-26,11.2963
153272,"UTI Nifty Midsmallcap 400 Momentum Quality 100 Index Fund - Direct Plan - Growth Option",2025-06-26,11.6395
153470,"Nippon India Nifty 500 Quality 50 Index Fund - Direct Plan - Growth Option",2025-06-26,11.1461
118482,"BANDHAN Nifty 50 Index Fund-Direct Plan-Growth",2025-06-27,56.7274
147625,"Motilal Oswal Nifty 500 Index Fund - Direct Plan",2025-06-27,27.3144
148945,"SBI Nifty Next 50 Index Fund - Direct Plan - Growth",2025-06-27,18.9157
149936,"Axis Nifty Midcap 50 Index Fund - Direct Plan - Growth Option",2025-06-27,20.3318
150738,"Tata Nifty Midcap 150 Momentum 50 Index Fund - Growth - Direct Plan",2025-06-27,18.7255
150892,"Edelweiss Nifty Smallcap 250 Index Fund - Direct Plan - Growth",2025-06-27,18.2955
151781,"Kotak Nifty 200 Momentum 30 Index Fund - Direct Plan - Growth Option",2025-06-27,15.194
153219,"DSP BSE SENSEX Next 30 Index Fund - Direct - Growth",2025-06-27,11.3555
153272,"UTI Nifty Midsmallcap 400 Momentum Quality 100 Index Fund - Direct Plan - Growth Option",2025-06-27,11.6577
153470,"Nippon India Nifty 500 Quality 50 Index Fund - Direct Plan - Growth Option",2025-06-27,11.2149
118482,"BANDHAN Nifty 50 Index Fund-Direct Plan-Growth",2025-06-30,56.4606
147625,"Motilal Oswal Nifty 500 Index Fund - Direct Plan",2025-06-30,27.311
148945,"SBI Nifty Next 50 Index Fund - Direct Plan - Growth",2025-06-30,18.9953
149936,"Axis Nifty Midcap 50 Index Fund - Direct Plan - Growth Option",2025-06-30,20.4346
150738,"Tata Nifty Midcap 150 Momentum 50 Index Fund - Growth - Direct Plan",2025-06-30,18.8538
150892,"Edelweiss Nifty Smallcap 250 Index Fund - Direct Plan - Growth",2025-06-30,18.4592
151781,"Kotak Nifty 200 Momentum 30 Index Fund - Direct Plan - Growth Option",2025-06-30,15.217
153219,"DSP BSE SENSEX Next 30 Index Fund - Direct - Growth",2025-06-30,11.3581
153272,"UTI Nifty Midsmallcap 400 Momentum Quality 100 Index Fund - Direct Plan - Growth Option",2025-06-30,11.7214
153470,"Nippon India Nifty 500 Quality 50 Index Fund - Direct Plan - Growth Option",2025-06-30,11.2719
118482,"BANDHAN Nifty 50 Index Fund-Direct Plan-Growth",2025-07-01,56.515
147625,"Motilal Oswal Nifty 500 Index Fund - Direct Plan",2025-07-01,27.309
148945,"SBI Nifty Next 50 Index Fund - Direct Plan - Growth",2025-07-01,18.9765
149936,"Axis Nifty Midcap 50 Index Fund - Direct Plan - Growth Option",2025-07-01,20.4401
150738,"Tata Nifty Midcap 150 Momentum 50 Index Fund - Growth - Direct Plan",2025-07-01,18.7641
150892,"Edelweiss Nifty Smallcap 250 Index Fund - Direct Plan - Growth",2025-07-01,18.4254
151781,"Kotak Nifty 200 Momentum 30 Index Fund - Direct Plan - Growth Option",2025-07-01,15.222
153219,"DSP BSE SENSEX Next 30 Index Fund - Direct - Growth",2025-07-01,11.3675
153272,"UTI Nifty Midsmallcap 400 Momentum Quality 100 Index Fund - Direct Plan - Growth Option",2025-07-01,11.6388
153470,"Nippon India Nifty 500 Quality 50 Index Fund - Direct Plan - Growth Option",2025-07-01,11.2177
118482,"BANDHAN Nifty 50 Index Fund-Direct Plan-Growth",2025-07-02,56.3197
147625,"Motilal Oswal Nifty 500 Index Fund - Direct Plan",2025-07-02,27.2303
148945,"SBI Nifty Next 50 Index Fund - Direct Plan - Growth",2025-07-02,18.9212
149936,"Axis Nifty Midcap 50 Index Fund - Direct Plan - Growth Option",2025-07-02,20.426
150738,"Tata Nifty Midcap 150 Momentum 50 Index Fund - Growth - Direct Plan",2025-07-02,18.704
150892,"Edelweiss Nifty Smallcap 250 Index Fund - Direct Plan - Growth",2025-07-02,18.354
151781,"Kotak Nifty 200 Momentum 30 Index Fund - Direct Plan - Growth Option",2025-07-02,15.131
153219,"DSP BSE SENSEX Next 30 Index Fund - Direct - Growth",2025-07-02,11.3302
153272,"UTI Nifty Midsmallcap 400 Momentum Quality 100 Index Fund - Direct Plan - Growth Option",2025-07-02,11.6032
153470,"Nippon India Nifty 500 Quality 50 Index Fund - Direct Plan - Growth Option",2025-07-02,11.1483
118482,"BANDHAN Nifty 50 Index Fund-Direct Plan-Growth",2025-07-03,56.2134
147625,"Motilal Oswal Nifty 500 Index Fund - Direct Plan",2025-07-03,27.2008
148945,"SBI Nifty Next 50 Index Fund - Direct Plan - Growth",2025-07-03,18.8182
149936,"Axis Nifty Midcap 50 Index Fund - Direct Plan - Growth Option",2025-07-03,20.4508
150738,"Tata Nifty Midcap 150 Momentum 50 Index Fund - Growth - Direct Plan",2025-07-03,18.7095
150892,"Edelweiss Nifty Smallcap 250 Index Fund - Direct Plan - Growth",2025-07-03,18.4212
151781,"Kotak Nifty 200 Momentum 30 Index Fund - Direct Plan - Growth Option",2025-07-03,15.031
153219,"DSP BSE SENSEX Next 30 Index Fund - Direct - Growth",2025-07-03,11.2868
153272,"UTI Nifty Midsmallcap 400 Momentum Quality 100 Index Fund - Direct Plan - Growth Option",2025-07-03,11.6521
153470,"Nippon India Nifty 500 Quality 50 Index Fund - Direct Plan - Growth Option",2025-07-03,11.1982
118482,"BANDHAN Nifty 50 Index Fund-Direct Plan-Growth",2025-07-04,56.3502
147625,"Motilal Oswal Nifty 500 Index Fund - Direct Plan",2025-07-04,27.2531
148945,"SBI Nifty Next 50 Index Fund - Direct Plan - Growth",2025-07-04,18.8874
149936,"Axis Nifty Midcap 50 Index Fund - Direct Plan - Growth Option",2025-07-04,20.4327
150738,"Tata Nifty Midcap 150 Momentum 50 Index Fund - Growth - Direct Plan",2025-07-04,18.6714
150892,"Edelweiss Nifty Smallcap 250 Index Fund - Direct Plan - Growth",2025-07-04,18.4271
151781,"Kotak Nifty 200 Momentum 30 Index Fund - Direct Plan - Growth Option",2025-07-04,14.999
153219,"DSP BSE SENSEX Next 30 Index Fund - Direct - Growth",2025-07-04,11.2982
153272,"UTI Nifty Midsmallcap 400 Momentum Quality 100 Index Fund - Direct Plan - Growth Option",2025-07-04,11.6398
153470,"Nippon India Nifty 500 Quality 50 Index Fund - Direct Plan - Growth Option",2025-07-04,11.2174
118482,"BANDHAN Nifty 50 Index Fund-Direct Plan-Growth",2025-07-07,56.3531
147625,"Motilal Oswal Nifty 500 Index Fund - Direct Plan",2025-07-07,27.2406
148945,"SBI Nifty Next 50 Index Fund - Direct Plan - Growth",2025-07-07,18.9192
149936,"Axis Nifty Midcap 50 Index Fund - Direct Plan - Growth Option",2025-07-07,20.3959
150738,"Tata Nifty Midcap 150 Momentum 50 Index Fund - Growth - Direct Plan",2025-07-07,18.5983
150892,"Edelweiss Nifty Smallcap 250 Index Fund - Direct Plan - Growth",2025-07-07,18.3897
151781,"Kotak Nifty 200 Momentum 30 Index Fund - Direct Plan - Growth Option",2025-07-07,14.97
153219,"DSP BSE SENSEX Next 30 Index Fund - Direct - Growth",2025-07-07,11.2992
153272,"UTI Nifty Midsmallcap 400 Momentum Quality 100 Index Fund - Direct Plan - Growth Option",2025-07-07,11.6097
153470,"Nippon India Nifty 500 Quality 50 Index Fund - Direct Plan - Growth Option",2025-07-07,11.2213
118482,"BANDHAN Nifty 50 Index Fund-Direct Plan-Growth",2025-07-08,56.4915
147625,"Motilal Oswal Nifty 500 Index Fund - Direct Plan",2025-07-08,27.2662
148945,"SBI Nifty Next 50 Index Fund - Direct Plan - Growth",2025-07-08,18.9172
149936,"Axis Nifty Midcap 50 Index Fund - Direct Plan - Growth Option",2025-07-08,20.3536
150738,"Tata Nifty Midcap 150 Momentum 50 Index Fund - Growth - Direct Plan",2025-07-08,18.5225
150892,"Edelweiss Nifty Smallcap 250 Index Fund - Direct Plan - Growth",2025-07-08,18.3466
151781,"Kotak Nifty 200 Momentum 30 Index Fund - Direct Plan - Growth Option",2025-07-08,14.992
153219,"DSP BSE SENSEX Next 30 Index Fund - Direct - Growth",2025-07-08,11.2982
153272,"UTI Nifty Midsmallcap 400 Momentum Quality 100 Index Fund - Direct Plan - Growth Option",2025-07-08,11.5411
153470,"Nippon India Nifty 500 Quality 50 Index Fund - Direct Plan - Growth Option",2025-07-08,11.2023
118482,"BANDHAN Nifty 50 Index Fund-Direct Plan-Growth",2025-07-09,56.3889
147625,"Motilal Oswal Nifty 500 Index Fund - Direct Plan",2025-07-09,27.2487
148945,"SBI Nifty Next 50 Index Fund - Direct Plan - Growth",2025-07-09,18.9058
149936,"Axis Nifty Midcap 50 Index Fund - Direct Plan - Growth Option",2025-07-09,20.3256
150738,"Tata Nifty Midcap 150 Momentum 50 Index Fund - Growth - Direct Plan",2025-07-09,18.5419
150892,"Edelweiss Nifty Smallcap 250 Index Fund - Direct Plan - Growth",2025-07-09,18.4476
151781,"Kotak Nifty 200 Momentum 30 Index Fund - Direct Plan - Growth Option",2025-07-09,15.014
153219,"DSP BSE SENSEX Next 30 Index Fund - Direct - Growth",2025-07-09,11.2701
153272,"UTI Nifty Midsmallcap 400 Momentum Quality 100 Index Fund - Direct Plan - Growth Option",2025-07-09,11.5936
153470,"Nippon India Nifty 500 Quality 50 Index Fund - Direct Plan - Growth Option",2025-07-09,11.2185
118482,"BANDHAN Nifty 50 Index Fund-Direct Plan-Growth",2025-07-10,56.1241
147625,"Motilal Oswal Nifty 500 Index Fund - Direct Plan",2025-07-10,27.15
148945,"SBI Nifty Next 50 Index Fund - Direct Plan - Growth",2025-07-10,18.8631
149936,"Axis Nifty Midcap 50 Index Fund - Direct Plan - Growth Option",2025-07-10,20.2315
150738,"Tata Nifty Midcap 150 Momentum 50 Index Fund - Growth - Direct Plan",2025-07-10,18.4628
150892,"Edelweiss Nifty Smallcap 250 Index Fund - Direct Plan - Growth",2025-07-10,18.4353
151781,"Kotak Nifty 200 Momentum 30 Index Fund - Direct Plan - Growth Option",2025-07-10,14.905
153219,"DSP BSE SENSEX Next 30 Index Fund - Direct - Growth",2025-07-10,11.2167
153272,"UTI Nifty Midsmallcap 400 Momentum Quality 100 Index Fund - Direct Plan - Growth Option",2025-07-10,11.5129
153470,"Nippon India Nifty 500 Quality 50 Index Fund - Direct Plan - Growth Option",2025-07-10,11.1786
118482,"BANDHAN Nifty 50 Index Fund-Direct Plan-Growth",2025-07-11,55.6728
147625,"Motilal Oswal Nifty 500 Index Fund - Direct Plan",2025-07-11,26.9339
148945,"SBI Nifty Next 50 Index Fund - Direct Plan - Growth",2025-07-11,18.7094
149936,"Axis Nifty Midcap 50 Index Fund - Direct Plan - Growth Option",2025-07-11,19.9997
150738,"Tata Nifty Midcap 150 Momentum 50 Index Fund - Growth - Direct Plan",2025-07-11,18.2353
150892,"Edelweiss Nifty Smallcap 250 Index Fund - Direct Plan - Growth",2025-07-11,18.3076
151781,"Kotak Nifty 200 Momentum 30 Index Fund - Direct Plan - Growth Option",2025-07-11,14.749
153219,"DSP BSE SENSEX Next 30 Index Fund - Direct - Growth",2025-07-11,11.1404
153272,"UTI Nifty Midsmallcap 400 Momentum Quality 100 Index Fund - Direct Plan - Growth Option",2025-07-11,11.4161
153470,"Nippon India Nifty 500 Quality 50 Index Fund - Direct Plan - Growth Option",2025-07-11,11.0733
118482,"BANDHAN Nifty 50 Index Fund-Direct Plan-Growth",2025-07-14,55.5232
147625,"Motilal Oswal Nifty 500 Index Fund - Direct Plan",2025-07-14,26.9641
148945,"SBI Nifty Next 50 Index Fund - Direct Plan - Growth",2025-07-14,18.7971
149936,"Axis Nifty Midcap 50 Index Fund - Direct Plan - Growth Option",2025-07-14,20.1675
150738,"Tata Nifty Midcap 150 Momentum 50 Index Fund - Growth - Direct Plan",2025-07-14,18.3193
150892,"Edelweiss Nifty Smallcap 250 Index Fund - Direct Plan - Growth",2025-07-14,18.4767
151781,"Kotak Nifty 200 Momentum 30 Index Fund - Direct Plan - Growth Option",2025-07-14,14.778
153219,"DSP BSE SENSEX Next 30 Index Fund - Direct - Growth",2025-07-14,11.1579
153272,"UTI Nifty Midsmallcap 400 Momentum Quality 100 Index Fund - Direct Plan - Growth Option",2025-07-14,11.468
153470,"Nippon India Nifty 500 Quality 50 Index Fund - Direct Plan - Growth Option",2025-07-14,11.1014
118482,"BANDHAN Nifty 50 Index Fund-Direct Plan-Growth",2025-07-15,55.7735
147625,"Motilal Oswal Nifty 500 Index Fund - Direct Plan",2025-07-15,27.1258
148945,"SBI Nifty Next 50 Index Fund - Direct Plan - Growth",2025-07-15,18.9187
149936,"Axis Nifty Midcap 50 Index Fund - Direct Plan - Growth Option",2025-07-15,20.3654
150738,"Tata Nifty Midcap 150 Momentum 50 Index Fund - Growth - Direct Plan",2025-07-15,18.4774
150892,"Edelweiss Nifty Smallcap 250 Index Fund - Direct Plan - Growth",2025-07-15,18.6263
151781,"Kotak Nifty 200 Momentum 30 Index Fund - Direct Plan - Growth Option",2025-07-15,14.858
153219,"DSP BSE SENSEX Next 30 Index Fund - Direct - Growth",2025-07-15,11.2263
153272,"UTI Nifty Midsmallcap 400 Momentum Quality 100 Index Fund - Direct Plan - Growth Option",2025-07-15,11.6026
153470,"Nippon India Nifty 500 Quality 50 Index Fund - Direct Plan - Growth Option",2025-07-15,11.2051
118482,"BANDHAN Nifty 50 Index Fund-Direct Plan-Growth",2025-07-16,55.8146
147625,"Motilal Oswal Nifty 500 Index Fund - Direct Plan",2025-07-16,27.1542
148945,"SBI Nifty Next 50 Index Fund - Direct Plan - Growth",2025-07-16,18.9578
149936,"Axis Nifty Midcap 50 Index Fund - Direct Plan - Growth Option",2025-07-16,20.3562
150738,"Tata Nifty Midcap 150 Momentum 50 Index Fund - Growth - Direct Plan",2025-07-16,18.4649
150892,"Edelweiss Nifty Smallcap 250 Index Fund - Direct Plan - Growth",2025-07-16,18.6588
151781,"Kotak Nifty 200 Momentum 30 Index Fund - Direct Plan - Growth Option",2025-07-16,14.849
153219,"DSP BSE SENSEX Next 30 Index Fund - Direct - Growth",2025-07-16,11.2309
153272,"UTI Nifty Midsmallcap 400 Momentum Quality 100 Index Fund - Direct Plan - Growth Option",2025-07-16,11.5848
153470,"Nippon India Nifty 500 Quality 50 Index Fund - Direct Plan - Growth Option",2025-07-16,11.181
118482,"BANDHAN Nifty 50 Index Fund-Direct Plan-Growth",2025-07-17,55.5924
147625,"Motilal Oswal Nifty 500 Index Fund - Direct Plan",2025-07-17,27.0933
148945,"SBI Nifty Next 50 Index Fund - Direct Plan - Growth",2025-07-17,18.9139
149936,"Axis Nifty Midcap 50 Index Fund - Direct Plan - Growth Option",2025-07-17,20.3211
150738,"Tata Nifty Midcap 150 Momentum 50 Index Fund - Growth - Direct Plan",2025-07-17,18.4126
150892,"Edelweiss Nifty Smallcap 250 Index Fund - Direct Plan - Growth",2025-07-17,18.7093
151781,"Kotak Nifty 200 Momentum 30 Index Fund - Direct Plan - Growth Option",2025-07-17,14.738
153219,"DSP BSE SENSEX Next 30 Index Fund - Direct - Growth",2025-07-17,11.2074
153272,"UTI Nifty Midsmallcap 400 Momentum Quality 100 Index Fund - Direct Plan - Growth Option",2025-07-17,11.5811
153470,"Nippon India Nifty 500 Quality 50 Index Fund - Direct Plan - Growth Option",2025-07-17,11.1964
118482,"BANDHAN Nifty 50 Index Fund-Direct Plan-Growth",2025-07-18,55.3058
147625,"Motilal Oswal Nifty 500 Index Fund - Direct Plan",2025-07-18,26.9367
148945,"SBI Nifty Next 50 Index Fund - Direct Plan - Growth",2025-07-18,18.7824
149936,"Axis Nifty Midcap 50 Index Fund - Direct Plan - Growth Option",2025-07-18,20.2027
150738,"Tata Nifty Midcap 150 Momentum 50 Index Fund - Growth - Direct Plan",2025-07-18,18.2561
150892,"Edelweiss Nifty Smallcap 250 Index Fund - Direct Plan - Growth",2025-07-18,18.5857
151781,"Kotak Nifty 200 Momentum 30 Index Fund - Direct Plan - Growth Option",2025-07-18,14.646
153219,"DSP BSE SENSEX Next 30 Index Fund - Direct - Growth",2025-07-18,11.165
153272,"UTI Nifty Midsmallcap 400 Momentum Quality 100 Index Fund - Direct Plan - Growth Option",2025-07-18,11.4859
153470,"Nippon India Nifty 500 Quality 50 Index Fund - Direct Plan - Growth Option",2025-07-18,11.1407
118482,"BANDHAN Nifty 50 Index Fund-Direct Plan-Growth",2025-07-21,55.5753
147625,"Motilal Oswal Nifty 500 Index Fund - Direct Plan",2025-07-21,27.0557
148945,"SBI Nifty Next 50 Index Fund - Direct Plan - Growth",2025-07-21,18.8591
149936,"Axis Nifty Midcap 50 Index Fund - Direct Plan - Growth Option",2025-07-21,20.332
150738,"Tata Nifty Midcap 150 Momentum 50 Index Fund - Growth - Direct Plan",2025-07-21,18.3866
150892,"Edelweiss Nifty Smallcap 250 Index Fund - Direct Plan - Growth",2025-07-21,18.5657
151781,"Kotak Nifty 200 Momentum 30 Index Fund - Direct Plan - Growth Option",2025-07-21,14.8
153219,"DSP BSE SENSEX Next 30 Index Fund - Direct - Growth",2025-07-21,11.1802
153272,"UTI Nifty Midsmallcap 400 Momentum Quality 100 Index Fund - Direct Plan - Growth Option",2025-07-21,11.5507
153470,"Nippon India Nifty 500 Quality 50 Index Fund - Direct Plan - Growth Option",2025-07-21,11.1916
118482,"BANDHAN Nifty 50 Index Fund-Direct Plan-Growth",2025-07-22,55.5093
147625,"Motilal Oswal Nifty 500 Index Fund - Direct Plan",2025-07-22,26.9891
148945,"SBI Nifty Next 50 Index Fund - Direct Plan - Growth",2025-07-22,18.7904
149936,"Axis Nifty Midcap 50 Index Fund - Direct Plan - Growth Option",2025-07-22,20.1727
150738,"Tata Nifty Midcap 150 Momentum 50 Index Fund - Growth - Direct Plan",2025-07-22,18.3978
150892,"Edelweiss Nifty Smallcap 250 Index Fund - Direct Plan - Growth",2025-07-22,18.5024
151781,"Kotak Nifty 200 Momentum 30 Index Fund - Direct Plan - Growth Option",2025-07-22,14.825
153219,"DSP BSE SENSEX Next 30 Index Fund - Direct - Growth",2025-07-22,11.1181
153272,"UTI Nifty Midsmallcap 400 Momentum Quality 100 Index Fund - Direct Plan - Growth Option",2025-07-22,11.5067
153470,"Nippon India Nifty 500 Quality 50 Index Fund - Direct Plan - Growth Option",2025-07-22,11.1546
118482,"BANDHAN Nifty 50 Index Fund-Direct Plan-Growth",2025-07-23,55.8601
147625,"Motilal Oswal Nifty 500 Index Fund - Direct Plan",2025-07-23,27.1137
148945,"SBI Nifty Next 50 Index Fund - Direct Plan - Growth",2025-07-23,18.8227
149936,"Axis Nifty Midcap 50 Index Fund - Direct Plan - Growth Option",2025-07-23,20.2612
150738,"Tata Nifty Midcap 150 Momentum 50 Index Fund - Growth - Direct Plan",2025-07-23,18.4893
150892,"Edelweiss Nifty Smallcap 250 Index Fund - Direct Plan - Growth",2025-07-23,18.5277
151781,"Kotak Nifty 200 Momentum 30 Index Fund - Direct Plan - Growth Option",2025-07-23,14.889
153219,"DSP BSE SENSEX Next 30 Index Fund - Direct - Growth",2025-07-23,11.1728
153272,"UTI Nifty Midsmallcap 400 Momentum Quality 100 Index Fund - Direct Plan - Growth Option",2025-07-23,11.5092
153470,"Nippon India Nifty 500 Quality 50 Index Fund - Direct Plan - Growth Option",2025-07-23,11.1481
118482,"BANDHAN Nifty 50 Index Fund-Direct Plan-Growth",2025-07-24,55.5156
147625,"Motilal Oswal Nifty 500 Index Fund - Direct Plan",2025-07-24,26.9681
148945,"SBI Nifty Next 50 Index Fund - Direct Plan - Growth",2025-07-24,18.7799
149936,"Axis Nifty Midcap 50 Index Fund - Direct Plan - Growth Option",2025-07-24,20.1067
150738,"Tata Nifty Midcap 150 Momentum 50 Index Fund - Growth - Direct Plan",2025-07-24,18.3946
150892,"Edelweiss Nifty Smallcap 250 Index Fund - Direct Plan - Growth",2025-07-24,18.4071
151781,"Kotak Nifty 200 Momentum 30 Index Fund - Direct Plan - Growth Option",2025-07-24,14.752
153219,"DSP BSE SENSEX Next 30 Index Fund - Direct - Growth",2025-07-24,11.1319
153272,"UTI Nifty Midsmallcap 400 Momentum Quality 100 Index Fund - Direct Plan - Growth Option",2025-07-24,11.3666
153470,"Nippon India Nifty 500 Quality 50 Index Fund - Direct Plan - Growth Option",2025-07-24,10.9546
118482,"BANDHAN Nifty 50 Index Fund-Direct Plan-Growth",2025-07-25,55.0416
147625,"Motilal Oswal Nifty 500 Index Fund - Direct Plan",2025-07-25,26.6472
148945,"SBI Nifty Next 50 Index Fund - Direct Plan - Growth",2025-07-25,18.4962
149936,"Axis Nifty Midcap 50 Index Fund - Direct Plan - Growth Option",2025-07-25,19.8287
150738,"Tata Nifty Midcap 150 Momentum 50 Index Fund - Growth - Direct Plan",2025-07-25,18.12
150892,"Edelweiss Nifty Smallcap 250 Index Fund - Direct Plan - Growth",2025-07-25,18.0429
151781,"Kotak Nifty 200 Momentum 30 Index Fund - Direct Plan - Growth Option",2025-07-25,14.607
153219,"DSP BSE SENSEX Next 30 Index Fund - Direct - Growth",2025-07-25,11.0355
153272,"UTI Nifty Midsmallcap 400 Momentum Quality 100 Index Fund - Direct Plan - Growth Option",2025-07-25,11.1833
153470,"Nippon India Nifty 500 Quality 50 Index Fund - Direct Plan - Growth Option",2025-07-25,10.7551
118482,"BANDHAN Nifty 50 Index Fund-Direct Plan-Growth",2025-07-28,54.7034
147625,"Motilal Oswal Nifty 500 Index Fund - Direct Plan",2025-07-28,26.4558
148945,"SBI Nifty Next 50 Index Fund - Direct Plan - Growth",2025-07-28,18.3946
149936,"Axis Nifty Midcap 50 Index Fund - Direct Plan - Growth Option",2025-07-28,19.7314
150738,"Tata Nifty Midcap 150 Momentum 50 Index Fund - Growth - Direct Plan",2025-07-28,17.9671
150892,"Edelweiss Nifty Smallcap 250 Index Fund - Direct Plan - Growth",2025-07-28,17.8191
151781,"Kotak Nifty 200 Momentum 30 Index Fund - Direct Plan - Growth Option",2025-07-28,14.472
153219,"DSP BSE SENSEX Next 30 Index Fund - Direct - Growth",2025-07-28,11.0053
153272,"UTI Nifty Midsmallcap 400 Momentum Quality 100 Index Fund - Direct Plan - Growth Option",2025-07-28,11.061
153470,"Nippon India Nifty 500 Quality 50 Index Fund - Direct Plan - Growth Option",2025-07-28,10.6465
118482,"BANDHAN Nifty 50 Index Fund-Direct Plan-Growth",2025-07-29,55.0127
147625,"Motilal Oswal Nifty 500 Index Fund - Direct Plan",2025-07-29,26.6419
148945,"SBI Nifty Next 50 Index Fund - Direct Plan - Growth",2025-07-29,18.5661
149936,"Axis Nifty Midcap 50 Index Fund - Direct Plan - Growth Option",2025-07-29,19.8913
150738,"Tata Nifty Midcap 150 Momentum 50 Index Fund - Growth - Direct Plan",2025-07-29,18.0763
150892,"Edelweiss Nifty Smallcap 250 Index Fund - Direct Plan - Growth",2025-07-29,17.9809
151781,"Kotak Nifty 200 Momentum 30 Index Fund - Direct Plan - Growth Option",2025-07-29,14.488
153219,"DSP BSE SENSEX Next 30 Index Fund - Direct - Growth",2025-07-29,11.0997
153272,"UTI Nifty Midsmallcap 400 Momentum Quality 100 Index Fund - Direct Plan - Growth Option",2025-07-29,11.1664
153470,"Nippon India Nifty 500 Quality 50 Index Fund - Direct Plan - Growth Option",2025-07-29,10.7334
118482,"BANDHAN Nifty 50 Index Fund-Direct Plan-Growth",2025-07-30,55.0874
147625,"Motilal Oswal Nifty 500 Index Fund - Direct Plan",2025-07-30,26.6722
148945,"SBI Nifty Next 50 Index Fund - Direct Plan - Growth",2025-07-30,18.5813
149936,"Axis Nifty Midcap 50 Index Fund - Direct Plan - Growth Option",2025-07-30,19.8689
150738,"Tata Nifty Midcap 150 Momentum 50 Index Fund - Growth - Direct Plan",2025-07-30,18.1674
150892,"Edelweiss Nifty Smallcap 250 Index Fund - Direct Plan - Growth",2025-07-30,17.9631
151781,"Kotak Nifty 200 Momentum 30 Index Fund - Direct Plan - Growth Option",2025-07-30,14.468
153219,"DSP BSE SENSEX Next 30 Index Fund - Direct - Growth",2025-07-30,11.089
153272,"UTI Nifty Midsmallcap 400 Momentum Quality 100 Index Fund - Direct Plan - Growth Option",2025-07-30,11.2138
153470,"Nippon India Nifty 500 Quality 50 Index Fund - Direct Plan - Growth Option",2025-07-30,10.763
118482,"BANDHAN Nifty 50 Index Fund-Direct Plan-Growth",2025-07-31,54.8957
147625,"Motilal Oswal Nifty 500 Index Fund - Direct Plan",2025-07-31,26.5372
148945,"SBI Nifty Next 50 Index Fund - Direct Plan - Growth",2025-07-31,18.4957
149936,"Axis Nifty Midcap 50 Index Fund - Direct Plan - Growth Option",2025-07-31,19.6819
150738,"Tata Nifty Midcap 150 Momentum 50 Index Fund - Growth - Direct Plan",2025-07-31,18.0582
150892,"Edelweiss Nifty Smallcap 250 Index Fund - Direct Plan - Growth",2025-07-31,17.8026
151781,"Kotak Nifty 200 Momentum 30 Index Fund - Direct Plan - Growth Option",2025-07-31,14.43
153219,"DSP BSE SENSEX Next 30 Index Fund - Direct - Growth",2025-07-31,11.0654
153272,"UTI Nifty Midsmallcap 400 Momentum Quality 100 Index Fund - Direct Plan - Growth Option",2025-07-31,11.1113
153470,"Nippon India Nifty 500 Quality 50 Index Fund - Direct Plan - Growth Option",2025-07-31,10.6965
118482,"BANDHAN Nifty 50 Index Fund-Direct Plan-Growth",2025-08-01,54.4603
147625,"Motilal Oswal Nifty 500 Index Fund - Direct Plan",2025-08-01,26.2647
148945,"SBI Nifty Next 50 Index Fund - Direct Plan - Growth",2025-08-01,18.2538
149936,"Axis Nifty Midcap 50 Index Fund - Direct Plan - Growth Option",2025-08-01,19.3842
150738,"Tata Nifty Midcap 150 Momentum 50 Index Fund - Growth - Direct Plan",2025-08-01,17.8385
150892,"Edelweiss Nifty Smallcap 250 Index Fund - Direct Plan - Growth",2025-08-01,17.5151
151781,"Kotak Nifty 200 Momentum 30 Index Fund - Direct Plan - Growth Option",2025-08-01,14.258
153219,"DSP BSE SENSEX Next 30 Index Fund - Direct - Growth",2025-08-01,10.9132
153272,"UTI Nifty Midsmallcap 400 Momentum Quality 100 Index Fund - Direct Plan - Growth Option",2025-08-01,10.9881
153470,"Nippon India Nifty 500 Quality 50 Index Fund - Direct Plan - Growth Option",2025-08-01,10.5991
118482,"BANDHAN Nifty 50 Index Fund-Direct Plan-Growth",2025-08-04,54.8075
147625,"Motilal Oswal Nifty 500 Index Fund - Direct Plan",2025-08-04,26.482
148945,"SBI Nifty Next 50 Index Fund - Direct Plan - Growth",2025-08-04,18.4622
149936,"Axis Nifty Midcap 50 Index Fund - Direct Plan - Growth Option",2025-08-04,19.6436
150738,"Tata Nifty Midcap 150 Momentum 50 Index Fund - Growth - Direct Plan",2025-08-04,18.0293
150892,"Edelweiss Nifty Smallcap 250 Index Fund - Direct Plan - Growth",2025-08-04,17.6869
151781,"Kotak Nifty 200 Momentum 30 Index Fund - Direct Plan - Growth Option",2025-08-04,14.434
153219,"DSP BSE SENSEX Next 30 Index Fund - Direct - Growth",2025-08-04,11.0317
153272,"UTI Nifty Midsmallcap 400 Momentum Quality 100 Index Fund - Direct Plan - Growth Option",2025-08-04,11.1065
153470,"Nippon India Nifty 500 Quality 50 Index Fund - Direct Plan - Growth Option",2025-08-04,10.7029
118482,"BANDHAN Nifty 50 Index Fund-Direct Plan-Growth",2025-08-05,54.6453
147625,"Motilal Oswal Nifty 500 Index Fund - Direct Plan",2025-08-05,26.4111
148945,"SBI Nifty Next 50 Index Fund - Direct Plan - Growth",2025-08-05,18.4216
149936,"Axis Nifty Midcap 50 Index Fund - Direct Plan - Growth Option",2025-08-05,19.5305
150738,"Tata Nifty Midcap 150 Momentum 50 Index Fund - Growth - Direct Plan",2025-08-05,18.0266
150892,"Edelweiss Nifty Smallcap 250 Index Fund - Direct Plan - Growth",2025-08-05,17.6314
151781,"Kotak Nifty 200 Momentum 30 Index Fund - Direct Plan - Growth Option",2025-08-05,14.408
153219,"DSP BSE SENSEX Next 30 Index Fund - Direct - Growth",2025-08-05,11.0387
153272,"UTI Nifty Midsmallcap 400 Momentum Quality 100 Index Fund - Direct Plan - Growth Option",2025-08-05,11.0926
153470,"Nippon India Nifty 500 Quality 50 Index Fund - Direct Plan - Growth Option",2025-08-05,10.6829
118482,"BANDHAN Nifty 50 Index Fund-Direct Plan-Growth",2025-08-06,54.4846
147625,"Motilal Oswal Nifty 500 Index Fund - Direct Plan",2025-08-06,26.2608
148945,"SBI Nifty Next 50 Index Fund - Direct Plan - Growth",2025-08-06,18.2617
149936,"Axis Nifty Midcap 50 Index Fund - Direct Plan - Growth Option",2025-08-06,19.3743
150738,"Tata Nifty Midcap 150 Momentum 50 Index Fund - Growth - Direct Plan",2025-08-06,17.8312
150892,"Edelweiss Nifty Smallcap 250 Index Fund - Direct Plan - Growth",2025-08-06,17.4213
151781,"Kotak Nifty 200 Momentum 30 Index Fund - Direct Plan - Growth Option",2025-08-06,14.345
153219,"DSP BSE SENSEX Next 30 Index Fund - Direct - Growth",2025-08-06,10.9614
153272,"UTI Nifty Midsmallcap 400 Momentum Quality 100 Index Fund - Direct Plan - Growth Option",2025-08-06,10.9756
153470,"Nippon India Nifty 500 Quality 50 Index Fund - Direct Plan - Growth Option",2025-08-06,10.5896
118482,"BANDHAN Nifty 50 Index Fund-Direct Plan-Growth",2025-08-07,54.533
147625,"Motilal Oswal Nifty 500 Index Fund - Direct Plan",2025-08-07,26.2932
148945,"SBI Nifty Next 50 Index Fund - Direct Plan - Growth",2025-08-07,18.3047
149936,"Axis Nifty Midcap 50 Index Fund - Direct Plan - Growth Option",2025-08-07,19.4702
150738,"Tata Nifty Midcap 150 Momentum 50 Index Fund - Growth - Direct Plan",2025-08-07,17.8991
150892,"Edelweiss Nifty Smallcap 250 Index Fund - Direct Plan - Growth",2025-08-07,17.4091
151781,"Kotak Nifty 200 Momentum 30 Index Fund - Direct Plan - Growth Option",2025-08-07,14.391
153219,"DSP BSE SENSEX Next 30 Index Fund - Direct - Growth",2025-08-07,10.9604
153272,"UTI Nifty Midsmallcap 400 Momentum Quality 100 Index Fund - Direct Plan - Growth Option",2025-08-07,11.0092
153470,"Nippon India Nifty 500 Quality 50 Index Fund - Direct Plan - Growth Option",2025-08-07,10.6046
118482,"BANDHAN Nifty 50 Index Fund-Direct Plan-Growth",2025-08-08,54.0215
147625,"Motilal Oswal Nifty 500 Index Fund - Direct Plan",2025-08-08,26.0049
148945,"SBI Nifty Next 50 Index Fund - Direct Plan - Growth",2025-08-08,18.0785
149936,"Axis Nifty Midcap 50 Index Fund - Direct Plan - Growth Option",2025-08-08,19.1706
150738,"Tata Nifty Midcap 150 Momentum 50 Index Fund - Growth - Direct Plan",2025-08-08,17.6335
150892,"Edelweiss Nifty Smallcap 250 Index Fund - Direct Plan - Growth",2025-08-08,17.1927
151781,"Kotak Nifty 200 Momentum 30 Index Fund - Direct Plan - Growth Option",2025-08-08,14.181
153219,"DSP BSE SENSEX Next 30 Index Fund - Direct - Growth",2025-08-08,10.8197
153272,"UTI Nifty Midsmallcap 400 Momentum Quality 100 Index Fund - Direct Plan - Growth Option",2025-08-08,10.8196
153470,"Nippon India Nifty 500 Quality 50 Index Fund - Direct Plan - Growth Option",2025-08-08,10.4699
118482,"BANDHAN Nifty 50 Index Fund-Direct Plan-Growth",2025-08-11,54.5121
147625,"Motilal Oswal Nifty 500 Index Fund - Direct Plan",2025-08-11,26.2248
148945,"SBI Nifty Next 50 Index Fund - Direct Plan - Growth",2025-08-11,18.2898
149936,"Axis Nifty Midcap 50 Index Fund - Direct Plan - Growth Option",2025-08-11,19.3357
150738,"Tata Nifty Midcap 150 Momentum 50 Index Fund - Growth - Direct Plan",2025-08-11,17.796
150892,"Edelweiss Nifty Smallcap 250 Index Fund - Direct Plan - Growth",2025-08-11,17.2719
151781,"Kotak Nifty 200 Momentum 30 Index Fund - Direct Plan - Growth Option",2025-08-11,14.31
153219,"DSP BSE SENSEX Next 30 Index Fund - Direct - Growth",2025-08-11,10.948
153272,"UTI Nifty Midsmallcap 400 Momentum Quality 100 Index Fund - Direct Plan - Growth Option",2025-08-11,10.8727
153470,"Nippon India Nifty 500 Quality 50 Index Fund - Direct Plan - Growth Option",2025-08-11,10.5057
118482,"BANDHAN Nifty 50 Index Fund-Direct Plan-Growth",2025-08-12,54.3358
147625,"Motilal Oswal Nifty 500 Index Fund - Direct Plan",2025-08-12,26.161
148945,"SBI Nifty Next 50 Index Fund - Direct Plan - Growth",2025-08-12,18.2732
149936,"Axis Nifty Midcap 50 Index Fund - Direct Plan - Growth Option",2025-08-12,19.2553
150738,"Tata Nifty Midcap 150 Momentum 50 Index Fund - Growth - Direct Plan",2025-08-12,17.7153
150892,"Edelweiss Nifty Smallcap 250 Index Fund - Direct Plan - Growth",2025-08-12,17.2763
151781,"Kotak Nifty 200 Momentum 30 Index Fund - Direct Plan - Growth Option",2025-08-12,14.224
153219,"DSP BSE SENSEX Next 30 Index Fund - Direct - Growth",2025-08-12,10.9301
153272,"UTI Nifty Midsmallcap 400 Momentum Quality 100 Index Fund - Direct Plan - Growth Option",2025-08-12,10.8152
153470,"Nippon India Nifty 500 Quality 50 Index Fund - Direct Plan - Growth Option",2025-08-12,10.4661
118482,"BANDHAN Nifty 50 Index Fund-Direct Plan-Growth",2025-08-13,54.6281
147625,"Motilal Oswal Nifty 500 Index Fund - Direct Plan",2025-08-13,26.312
148945,"SBI Nifty Next 50 Index Fund - Direct Plan - Growth",2025-08-13,18.3871
149936,"Axis Nifty Midcap 50 Index Fund - Direct Plan - Growth Option",2025-08-13,19.427
150738,"Tata Nifty Midcap 150 Momentum 50 Index Fund - Growth - Direct Plan",2025-08-13,17.8328
150892,"Edelweiss Nifty Smallcap 250 Index Fund - Direct Plan - Growth",2025-08-13,17.3877
151781,"Kotak Nifty 200 Momentum 30 Index Fund - Direct Plan - Growth Option",2025-08-13,14.404
153219,"DSP BSE SENSEX Next 30 Index Fund - Direct - Growth",2025-08-13,11.0729
153272,"UTI Nifty Midsmallcap 400 Momentum Quality 100 Index Fund - Direct Plan - Growth Option",2025-08-13,10.8741
153470,"Nippon India Nifty 500 Quality 50 Index Fund - Direct Plan - Growth Option",2025-08-13,10.5219
118482,"BANDHAN Nifty 50 Index Fund-Direct Plan-Growth",2025-08-14,54.6742
147625,"Motilal Oswal Nifty 500 Index Fund - Direct Plan",2025-08-14,26.2991
148945,"SBI Nifty Next 50 Index Fund - Direct Plan - Growth",2025-08-14,18.3591
149936,"Axis Nifty Midcap 50 Index Fund - Direct Plan - Growth Option",2025-08-14,19.3473
150738,"Tata Nifty Midcap 150 Momentum 50 Index Fund - Growth - Direct Plan",2025-08-14,17.8389
150892,"Edelweiss Nifty Smallcap 250 Index Fund - Direct Plan - Growth",2025-08-14,17.3174
151781,"Kotak Nifty 200 Momentum 30 Index Fund - Direct Plan - Growth Option",2025-08-14,14.434
153219,"DSP BSE SENSEX Next 30 Index Fund - Direct - Growth",2025-08-14,11.0412
153272,"UTI Nifty Midsmallcap 400 Momentum Quality 100 Index Fund - Direct Plan - Growth Option",2025-08-14,10.8825
153470,"Nippon India Nifty 500 Quality 50 Index Fund - Direct Plan - Growth Option",2025-08-14,10.4733
118482,"BANDHAN Nifty 50 Index Fund-Direct Plan-Growth",2025-08-18,55.218
147625,"Motilal Oswal Nifty 500 Index Fund - Direct Plan",2025-08-18,26.5904
148945,"SBI Nifty Next 50 Index Fund - Direct Plan - Growth",2025-08-18,18.6075
149936,"Axis Nifty Midcap 50 Index Fund - Direct Plan - Growth Option",2025-08-18,19.6017
150738,"Tata Nifty Midcap 150 Momentum 50 Index Fund - Growth - Direct Plan",2025-08-18,18.041
150892,"Edelweiss Nifty Smallcap 250 Index Fund - Direct Plan - Growth",2025-08-18,17.5468
151781,"Kotak Nifty 200 Momentum 30 Index Fund - Direct Plan - Growth Option",2025-08-18,14.646
153219,"DSP BSE SENSEX Next 30 Index Fund - Direct - Growth",2025-08-18,11.1841
153272,"UTI Nifty Midsmallcap 400 Momentum Quality 100 Index Fund - Direct Plan - Growth Option",2025-08-18,10.9786
153470,"Nippon India Nifty 500 Quality 50 Index Fund - Direct Plan - Growth Option",2025-08-18,10.5648
118482,"BANDHAN Nifty 50 Index Fund-Direct Plan-Growth",2025-08-19,55.451
147625,"Motilal Oswal Nifty 500 Index Fund - Direct Plan",2025-08-19,26.7477
148945,"SBI Nifty Next 50 Index Fund - Direct Plan - Growth",2025-08-19,18.7472
149936,"Axis Nifty Midcap 50 Index Fund - Direct Plan - Growth Option",2025-08-19,19.7984
150738,"Tata Nifty Midcap 150 Momentum 50 Index Fund - Growth - Direct Plan",2025-08-19,18.1777
150892,"Edelweiss Nifty Smallcap 250 Index Fund - Direct Plan - Growth",2025-08-19,17.6794
151781,"Kotak Nifty 200 Momentum 30 Index Fund - Direct Plan - Growth Option",2025-08-19,14.656
153219,"DSP BSE SENSEX Next 30 Index Fund - Direct - Growth",2025-08-19,11.2038
153272,"UTI Nifty Midsmallcap 400 Momentum Quality 100 Index Fund - Direct Plan - Growth Option",2025-08-19,11.0243
153470,"Nippon India Nifty 500 Quality 50 Index Fund - Direct Plan - Growth Option",2025-08-19,10.6383
118482,"BANDHAN Nifty 50 Index Fund-Direct Plan-Growth",2025-08-20,55.6057
147625,"Motilal Oswal Nifty 500 Index Fund - Direct Plan",2025-08-20,26.8362
148945,"SBI Nifty Next 50 Index Fund - Direct Plan - Growth",2025-08-20,18.818
149936,"Axis Nifty Midcap 50 Index Fund - Direct Plan - Growth Option",2025-08-20,19.9106
150738,"Tata Nifty Midcap 150 Momentum 50 Index Fund - Growth - Direct Plan",2025-08-20,18.2826
150892,"Edelweiss Nifty Smallcap 250 Index Fund - Direct Plan - Growth",2025-08-20,17.7396
151781,"Kotak Nifty 200 Momentum 30 Index Fund - Direct Plan - Growth Option",2025-08-20,14.661
153219,"DSP BSE SENSEX Next 30 Index Fund - Direct - Growth",2025-08-20,11.2523
153272,"UTI Nifty Midsmallcap 400 Momentum Quality 100 Index Fund - Direct Plan - Growth Option",2025-08-20,11.1091
153470,"Nippon India Nifty 500 Quality 50 Index Fund - Direct Plan - Growth Option",2025-08-20,10.7056
118482,"BANDHAN Nifty 50 Index Fund-Direct Plan-Growth",2025-08-21,55.6849
147625,"Motilal Oswal Nifty 500 Index Fund - Direct Plan",2025-08-21,26.8312
148945,"SBI Nifty Next 50 Index Fund - Direct Plan - Growth",2025-08-21,18.7674
149936,"Axis Nifty Midcap 50 Index Fund - Direct Plan - Growth Option",2025-08-21,19.8185
150738,"Tata Nifty Midcap 150 Momentum 50 Index Fund - Growth - Direct Plan",2025-08-21,18.2032
150892,"Edelweiss Nifty Smallcap 250 Index Fund - Direct Plan - Growth",2025-08-21,17.7532
151781,"Kotak Nifty 200 Momentum 30 Index Fund - Direct Plan - Growth Option",2025-08-21,14.661
153219,"DSP BSE SENSEX Next 30 Index Fund - Direct - Growth",2025-08-21,11.2461
153272,"UTI Nifty Midsmallcap 400 Momentum Quality 100 Index Fund - Direct Plan - Growth Option",2025-08-21,11.0686
153470,"Nippon India Nifty 500 Quality 50 Index Fund - Direct Plan - Growth Option",2025-08-21,10.6741
118482,"BANDHAN Nifty 50 Index Fund-Direct Plan-Growth",2025-08-22,55.2111
147625,"Motilal Oswal Nifty 500 Index Fund - Direct Plan",2025-08-22,26.6657
148945,"SBI Nifty Next 50 Index Fund - Direct Plan - Growth",2025-08-22,18.6496
149936,"Axis Nifty Midcap 50 Index Fund - Direct Plan - Growth Option",2025-08-22,19.81
150738,"Tata Nifty Midcap 150 Momentum 50 Index Fund - Growth - Direct Plan",2025-08-22,18.1762
150892,"Edelweiss Nifty Smallcap 250 Index Fund - Direct Plan - Growth",2025-08-22,17.7265
151781,"Kotak Nifty 200 Momentum 30 Index Fund - Direct Plan - Growth Option",2025-08-22,14.625
153219,"DSP BSE SENSEX Next 30 Index Fund - Direct - Growth",2025-08-22,11.1704
153272,"UTI Nifty Midsmallcap 400 Momentum Quality 100 Index Fund - Direct Plan - Growth Option",2025-08-22,11.0645
153470,"Nippon India Nifty 500 Quality 50 Index Fund - Direct Plan - Growth Option",2025-08-22,10.6246
118482,"BANDHAN Nifty 50 Index Fund-Direct Plan-Growth",2025-08-25,55.4272
147625,"Motilal Oswal Nifty 500 Index Fund - Direct Plan",2025-08-25,26.7406
148945,"SBI Nifty Next 50 Index Fund - Direct Plan - Growth",2025-08-25,18.704
149936,"Axis Nifty Midcap 50 Index Fund - Direct Plan - Growth Option",2025-08-25,19.8405
150738,"Tata Nifty Midcap 150 Momentum 50 Index Fund - Growth - Direct Plan",2025-08-25,18.1464
150892,"Edelweiss Nifty Smallcap 250 Index Fund - Direct Plan - Growth",2025-08-25,17.7372
151781,"Kotak Nifty 200 Momentum 30 Index Fund - Direct Plan - Growth Option",2025-08-25,14.626
153219,"DSP BSE SENSEX Next 30 Index Fund - Direct - Growth",2025-08-25,11.1988
153272,"UTI Nifty Midsmallcap 400 Momentum Quality 100 Index Fund - Direct Plan - Growth Option",2025-08-25,11.0728
153470,"Nippon India Nifty 500 Quality 50 Index Fund - Direct Plan - Growth Option",2025-08-25,10.6572
118482,"BANDHAN Nifty 50 Index Fund-Direct Plan-Growth",2025-08-26,54.8605
147625,"Motilal Oswal Nifty 500 Index Fund - Direct Plan",2025-08-26,26.4124
148945,"SBI Nifty Next 50 Index Fund - Direct Plan - Growth",2025-08-26,18.453
149936,"Axis Nifty Midcap 50 Index Fund - Direct Plan - Growth Option",2025-08-26,19.4615
150738,"Tata Nifty Midcap 150 Momentum 50 Index Fund - Growth - Direct Plan",2025-08-26,17.8681
150892,"Edelweiss Nifty Smallcap 250 Index Fund - Direct Plan - Growth",2025-08-26,17.4083
151781,"Kotak Nifty 200 Momentum 30 Index Fund - Direct Plan - Growth Option",2025-08-26,14.392
153219,"DSP BSE SENSEX Next 30 Index Fund - Direct - Growth",2025-08-26,11.0749
153272,"UTI Nifty Midsmallcap 400 Momentum Quality 100 Index Fund - Direct Plan - Growth Option",2025-08-26,10.8698
153470,"Nippon India Nifty 500 Quality 50 Index Fund - Direct Plan - Growth Option",2025-08-26,10.5152
118482,"BANDHAN Nifty 50 Index Fund-Direct Plan-Growth",2025-08-28,54.3919
147625,"Motilal Oswal Nifty 500 Index Fund - Direct Plan",2025-08-28,26.1494
148945,"SBI Nifty Next 50 Index Fund - Direct Plan - Growth",2025-08-28,18.2159
149936,"Axis Nifty Midcap 50 Index Fund - Direct Plan - Growth Option",2025-08-28,19.2152
150738,"Tata Nifty Midcap 150 Momentum 50 Index Fund - Growth - Direct Plan",2025-08-28,17.63
150892,"Edelweiss Nifty Smallcap 250 Index Fund - Direct Plan - Growth",2025-08-28,17.2171
151781,"Kotak Nifty 200 Momentum 30 Index Fund - Direct Plan - Growth Option",2025-08-28,14.216
153219,"DSP BSE SENSEX Next 30 Index Fund - Direct - Growth",2025-08-28,10.9537
153272,"UTI Nifty Midsmallcap 400 Momentum Quality 100 Index Fund - Direct Plan - Growth Option",2025-08-28,10.7232
153470,"Nippon India Nifty 500 Quality 50 Index Fund - Direct Plan - Growth Option",2025-08-28,10.3848
118482,"BANDHAN Nifty 50 Index Fund-Direct Plan-Growth",2025-08-29,54.2275
147625,"Motilal Oswal Nifty 500 Index Fund - Direct Plan",2025-08-29,26.0582
148945,"SBI Nifty Next 50 Index Fund - Direct Plan - Growth",2025-08-29,18.1622
149936,"Axis Nifty Midcap 50 Index Fund - Direct Plan - Growth Option",2025-08-29,19.0906
150738,"Tata Nifty Midcap 150 Momentum 50 Index Fund - Growth - Direct Plan",2025-08-29,17.524
150892,"Edelweiss Nifty Smallcap 250 Index Fund - Direct Plan - Growth",2025-08-29,17.163
151781,"Kotak Nifty 200 Momentum 30 Index Fund - Direct Plan - Growth Option",2025-08-29,14.161
153219,"DSP BSE SENSEX Next 30 Index Fund - Direct - Growth",2025-08-29,10.9169
153272,"UTI Nifty Midsmallcap 400 Momentum Quality 100 Index Fund - Direct Plan - Growth Option",2025-08-29,10.6935
153470,"Nippon India Nifty 500 Quality 50 Index Fund - Direct Plan - Growth Option",2025-08-29,10.3951
118482,"BANDHAN Nifty 50 Index Fund-Direct Plan-Growth",2025-08-31,54.2273
148945,"SBI Nifty Next 50 Index Fund - Direct Plan - Growth",2025-08-31,18.162
149936,"Axis Nifty Midcap 50 Index Fund - Direct Plan - Growth Option",2025-08-31,19.0904
118482,"BANDHAN Nifty 50 Index Fund-Direct Plan-Growth",2025-09-01,54.6667
147625,"Motilal Oswal Nifty 500 Index Fund - Direct Plan",2025-09-01,26.348
148945,"SBI Nifty Next 50 Index Fund - Direct Plan - Growth",2025-09-01,18.4165
149936,"Axis Nifty Midcap 50 Index Fund - Direct Plan - Growth Option",2025-09-01,19.4768
150738,"Tata Nifty Midcap 150 Momentum 50 Index Fund - Growth - Direct Plan",2025-09-01,17.845
150892,"Edelweiss Nifty Smallcap 250 Index Fund - Direct Plan - Growth",2025-09-01,17.4036
151781,"Kotak Nifty 200 Momentum 30 Index Fund - Direct Plan - Growth Option",2025-09-01,14.359
153219,"DSP BSE SENSEX Next 30 Index Fund - Direct - Growth",2025-09-01,11.0697
153272,"UTI Nifty Midsmallcap 400 Momentum Quality 100 Index Fund - Direct Plan - Growth Option",2025-09-01,10.9043
153470,"Nippon India Nifty 500 Quality 50 Index Fund - Direct Plan - Growth Option",2025-09-01,10.5902
118482,"BANDHAN Nifty 50 Index Fund-Direct Plan-Growth",2025-09-02,54.5657
147625,"Motilal Oswal Nifty 500 Index Fund - Direct Plan",2025-09-02,26.3606
148945,"SBI Nifty Next 50 Index Fund - Direct Plan - Growth",2025-09-02,18.5122
149936,"Axis Nifty Midcap 50 Index Fund - Direct Plan - Growth Option",2025-09-02,19.5195
150738,"Tata Nifty Midcap 150 Momentum 50 Index Fund - Growth - Direct Plan",2025-09-02,17.8182
150892,"Edelweiss Nifty Smallcap 250 Index Fund - Direct Plan - Growth",2025-09-02,17.5073
151781,"Kotak Nifty 200 Momentum 30 Index Fund - Direct Plan - Growth Option",2025-09-02,14.341
153219,"DSP BSE SENSEX Next 30 Index Fund - Direct - Growth",2025-09-02,11.0938
153272,"UTI Nifty Midsmallcap 400 Momentum Quality 100 Index Fund - Direct Plan - Growth Option",2025-09-02,10.9287
153470,"Nippon India Nifty 500 Quality 50 Index Fund - Direct Plan - Growth Option",2025-09-02,10.6623
118482,"BANDHAN Nifty 50 Index Fund-Direct Plan-Growth",2025-09-03,54.8656
147625,"Motilal Oswal Nifty 500 Index Fund - Direct Plan",2025-09-03,26.523
148945,"SBI Nifty Next 50 Index Fund - Direct Plan - Growth",2025-09-03,18.6348
149936,"Axis Nifty Midcap 50 Index Fund - Direct Plan - Growth Option",2025-09-03,19.6255
150738,"Tata Nifty Midcap 150 Momentum 50 Index Fund - Growth - Direct Plan",2025-09-03,17.9258
150892,"Edelweiss Nifty Smallcap 250 Index Fund - Direct Plan - Growth",2025-09-03,17.6547
151781,"Kotak Nifty 200 Momentum 30 Index Fund - Direct Plan - Growth Option",2025-09-03,14.417
153219,"DSP BSE SENSEX Next 30 Index Fund - Direct - Growth",2025-09-03,11.176
153272,"UTI Nifty Midsmallcap 400 Momentum Quality 100 Index Fund - Direct Plan - Growth Option",2025-09-03,10.9852
153470,"Nippon India Nifty 500 Quality 50 Index Fund - Direct Plan - Growth Option",2025-09-03,10.6763
118482,"BANDHAN Nifty 50 Index Fund-Direct Plan-Growth",2025-09-04,54.9183
147625,"Motilal Oswal Nifty 500 Index Fund - Direct Plan",2025-09-04,26.4744
148945,"SBI Nifty Next 50 Index Fund - Direct Plan - Growth",2025-09-04,18.5487
149936,"Axis Nifty Midcap 50 Index Fund - Direct Plan - Growth Option",2025-09-04,19.52
150738,"Tata Nifty Midcap 150 Momentum 50 Index Fund - Growth - Direct Plan",2025-09-04,17.7512
150892,"Edelweiss Nifty Smallcap 250 Index Fund - Direct Plan - Growth",2025-09-04,17.538
151781,"Kotak Nifty 200 Momentum 30 Index Fund - Direct Plan - Growth Option",2025-09-04,14.37
153219,"DSP BSE SENSEX Next 30 Index Fund - Direct - Growth",2025-09-04,11.1264
153272,"UTI Nifty Midsmallcap 400 Momentum Quality 100 Index Fund - Direct Plan - Growth Option",2025-09-04,10.9316
153470,"Nippon India Nifty 500 Quality 50 Index Fund - Direct Plan - Growth Option",2025-09-04,10.6759
118482,"BANDHAN Nifty 50 Index Fund-Direct Plan-Growth",2025-09-05,54.933
147625,"Motilal Oswal Nifty 500 Index Fund - Direct Plan",2025-09-05,26.4852
148945,"SBI Nifty Next 50 Index Fund - Direct Plan - Growth",2025-09-05,18.5316
149936,"Axis Nifty Midcap 50 Index Fund - Direct Plan - Growth Option",2025-09-05,19.5476
150738,"Tata Nifty Midcap 150 Momentum 50 Index Fund - Growth - Direct Plan",2025-09-05,17.7388
150892,"Edelweiss Nifty Smallcap 250 Index Fund - Direct Plan - Growth",2025-09-05,17.5788
151781,"Kotak Nifty 200 Momentum 30 Index Fund - Direct Plan - Growth Option",2025-09-05,14.405
153219,"DSP BSE SENSEX Next 30 Index Fund - Direct - Growth",2025-09-05,11.1327
153272,"UTI Nifty Midsmallcap 400 Momentum Quality 100 Index Fund - Direct Plan - Growth Option",2025-09-05,10.9203
153470,"Nippon India Nifty 500 Quality 50 Index Fund - Direct Plan - Growth Option",2025-09-05,10.6455
118482,"BANDHAN Nifty 50 Index Fund-Direct Plan-Growth",2025-09-08,55.0036
147625,"Motilal Oswal Nifty 500 Index Fund - Direct Plan",2025-09-08,26.5428
148945,"SBI Nifty Next 50 Index Fund - Direct Plan - Growth",2025-09-08,18.6073
149936,"Axis Nifty Midcap 50 Index Fund - Direct Plan - Growth Option",2025-09-08,19.6363
150738,"Tata Nifty Midcap 150 Momentum 50 Index Fund - Growth - Direct Plan",2025-09-08,17.7859
150892,"Edelweiss Nifty Smallcap 250 Index Fund - Direct Plan - Growth",2025-09-08,17.6115
151781,"Kotak Nifty 200 Momentum 30 Index Fund - Direct Plan - Growth Option",2025-09-08,14.432
153219,"DSP BSE SENSEX Next 30 Index Fund - Direct - Growth",2025-09-08,11.1435
153272,"UTI Nifty Midsmallcap 400 Momentum Quality 100 Index Fund - Direct Plan - Growth Option",2025-09-08,10.9485
153470,"Nippon India Nifty 500 Quality 50 Index Fund - Direct Plan - Growth Option",2025-09-08,10.6728
118482,"BANDHAN Nifty 50 Index Fund-Direct Plan-Growth",2025-09-09,55.2154
147625,"Motilal Oswal Nifty 500 Index Fund - Direct Plan",2025-09-09,26.6242
148945,"SBI Nifty Next 50 Index Fund - Direct Plan - Growth",2025-09-09,18.6332
149936,"Axis Nifty Midcap 50 Index Fund - Direct Plan - Growth Option",2025-09-09,19.6904
150738,"Tata Nifty Midcap 150 Momentum 50 Index Fund - Growth - Direct Plan",2025-09-09,17.8261
150892,"Edelweiss Nifty Smallcap 250 Index Fund - Direct Plan - Growth",2025-09-09,17.6577
151781,"Kotak Nifty 200 Momentum 30 Index Fund - Direct Plan - Growth Option",2025-09-09,14.471
153219,"DSP BSE SENSEX Next 30 Index Fund - Direct - Growth",2025-09-09,11.1747
153272,"UTI Nifty Midsmallcap 400 Momentum Quality 100 Index Fund - Direct Plan - Growth Option",2025-09-09,10.9951
153470,"Nippon India Nifty 500 Quality 50 Index Fund - Direct Plan - Growth Option",2025-09-09,10.7051
118482,"BANDHAN Nifty 50 Index Fund-Direct Plan-Growth",2025-09-10,55.4472
147625,"Motilal Oswal Nifty 500 Index Fund - Direct Plan",2025-09-10,26.7693
148945,"SBI Nifty Next 50 Index Fund - Direct Plan - Growth",2025-09-10,18.7139
149936,"Axis Nifty Midcap 50 Index Fund - Direct Plan - Growth Option",2025-09-10,19.8766
150738,"Tata Nifty Midcap 150 Momentum 50 Index Fund - Growth - Direct Plan",2025-09-10,17.9993
150892,"Edelweiss Nifty Smallcap 250 Index Fund - Direct Plan - Growth",2025-09-10,17.7761
151781,"Kotak Nifty 200 Momentum 30 Index Fund - Direct Plan - Growth Option",2025-09-10,14.602
153219,"DSP BSE SENSEX Next 30 Index Fund - Direct - Growth",2025-09-10,11.2534
153272,"UTI Nifty Midsmallcap 400 Momentum Quality 100 Index Fund - Direct Plan - Growth Option",2025-09-10,11.1252
153470,"Nippon India Nifty 500 Quality 50 Index Fund - Direct Plan - Growth Option",2025-09-10,10.8904
118482,"BANDHAN Nifty 50 Index Fund-Direct Plan-Growth",2025-09-11,55.5188
147625,"Motilal Oswal Nifty 500 Index Fund - Direct Plan",2025-09-11,26.8021
148945,"SBI Nifty Next 50 Index Fund - Direct Plan - Growth",2025-09-11,18.7747
149936,"Axis Nifty Midcap 50 Index Fund - Direct Plan - Growth Option",2025-09-11,19.8946
150738,"Tata Nifty Midcap 150 Momentum 50 Index Fund - Growth - Direct Plan",2025-09-11,17.954
150892,"Edelweiss Nifty Smallcap 250 Index Fund - Direct Plan - Growth",2025-09-11,17.7747
151781,"Kotak Nifty 200 Momentum 30 Index Fund - Direct Plan - Growth Option",2025-09-11,14.563
153219,"DSP BSE SENSEX Next 30 Index Fund - Direct - Growth",2025-09-11,11.2712
153272,"UTI Nifty Midsmallcap 400 Momentum Quality 100 Index Fund - Direct Plan - Growth Option",2025-09-11,11.1001
153470,"Nippon India Nifty 500 Quality 50 Index Fund - Direct Plan - Growth Option",2025-09-11,10.8612
118482,"BANDHAN Nifty 50 Index Fund-Direct Plan-Growth",2025-09-12,55.7595
147625,"Motilal Oswal Nifty 500 Index Fund - Direct Plan",2025-09-12,26.9039
148945,"SBI Nifty Next 50 Index Fund - Direct Plan - Growth",2025-09-12,18.8351
149936,"Axis Nifty Midcap 50 Index Fund - Direct Plan - Growth Option",2025-09-12,19.9587
150738,"Tata Nifty Midcap 150 Momentum 50 Index Fund - Growth - Direct Plan",2025-09-12,18.0145
150892,"Edelweiss Nifty Smallcap 250 Index Fund - Direct Plan - Growth",2025-09-12,17.8312
151781,"Kotak Nifty 200 Momentum 30 Index Fund - Direct Plan - Growth Option",2025-09-12,14.694
153219,"DSP BSE SENSEX Next 30 Index Fund - Direct - Growth",2025-09-12,11.3216
153272,"UTI Nifty Midsmallcap 400 Momentum Quality 100 Index Fund - Direct Plan - Growth Option",2025-09-12,11.1673
153470,"Nippon India Nifty 500 Quality 50 Index Fund - Direct Plan - Growth Option",2025-09-12,10.8989
118482,"BANDHAN Nifty 50 Index Fund-Direct Plan-Growth",2025-09-15,55.6597
147625,"Motilal Oswal Nifty 500 Index Fund - Direct Plan",2025-09-15,26.9335
148945,"SBI Nifty Next 50 Index Fund - Direct Plan - Growth",2025-09-15,18.9475
149936,"Axis Nifty Midcap 50 Index Fund - Direct Plan - Growth Option",2025-09-15,20.0522
150738,"Tata Nifty Midcap 150 Momentum 50 Index Fund - Growth - Direct Plan",2025-09-15,18.0631
150892,"Edelweiss Nifty Smallcap 250 Index Fund - Direct Plan - Growth",2025-09-15,17.9448
151781,"Kotak Nifty 200 Momentum 30 Index Fund - Direct Plan - Growth Option",2025-09-15,14.713
153219,"DSP BSE SENSEX Next 30 Index Fund - Direct - Growth",2025-09-15,11.3116
153272,"UTI Nifty Midsmallcap 400 Momentum Quality 100 Index Fund - Direct Plan - Growth Option",2025-09-15,11.2074
153470,"Nippon India Nifty 500 Quality 50 Index Fund - Direct Plan - Growth Option",2025-09-15,10.9181
118482,"BANDHAN Nifty 50 Index Fund-Direct Plan-Growth",2025-09-16,56.0365
147625,"Motilal Oswal Nifty 500 Index Fund - Direct Plan",2025-09-16,27.1113
148945,"SBI Nifty Next 50 Index Fund - Direct Plan - Growth",2025-09-16,19.0573
149936,"Axis Nifty Midcap 50 Index Fund - Direct Plan - Growth Option",2025-09-16,20.1656
150738,"Tata Nifty Midcap 150 Momentum 50 Index Fund - Growth - Direct Plan",2025-09-16,18.1531
150892,"Edelweiss Nifty Smallcap 250 Index Fund - Direct Plan - Growth",2025-09-16,18.0771
151781,"Kotak Nifty 200 Momentum 30 Index Fund - Direct Plan - Growth Option",2025-09-16,14.777
153219,"DSP BSE SENSEX Next 30 Index Fund - Direct - Growth",2025-09-16,11.3501
153272,"UTI Nifty Midsmallcap 400 Momentum Quality 100 Index Fund - Direct Plan - Growth Option",2025-09-16,11.2979
153470,"Nippon India Nifty 500 Quality 50 Index Fund - Direct Plan - Growth Option",2025-09-16,10.9681
118482,"BANDHAN Nifty 50 Index Fund-Direct Plan-Growth",2025-09-17,56.2387
147625,"Motilal Oswal Nifty 500 Index Fund - Direct Plan",2025-09-17,27.1992
148945,"SBI Nifty Next 50 Index Fund - Direct Plan - Growth",2025-09-17,19.0975
149936,"Axis Nifty Midcap 50 Index Fund - Direct Plan - Growth Option",2025-09-17,20.1623
150738,"Tata Nifty Midcap 150 Momentum 50 Index Fund - Growth - Direct Plan",2025-09-17,18.1826
150892,"Edelweiss Nifty Smallcap 250 Index Fund - Direct Plan - Growth",2025-09-17,18.1693
151781,"Kotak Nifty 200 Momentum 30 Index Fund - Direct Plan - Growth Option",2025-09-17,14.784
153219,"DSP BSE SENSEX Next 30 Index Fund - Direct - Growth",2025-09-17,11.3644
153272,"UTI Nifty Midsmallcap 400 Momentum Quality 100 Index Fund - Direct Plan - Growth Option",2025-09-17,11.3492
153470,"Nippon India Nifty 500 Quality 50 Index Fund - Direct Plan - Growth Option",2025-09-17,11.0368
118482,"BANDHAN Nifty 50 Index Fund-Direct Plan-Growth",2025-09-18,56.4457
147625,"Motilal Oswal Nifty 500 Index Fund - Direct Plan",2025-09-18,27.2844
148945,"SBI Nifty Next 50 Index Fund - Direct Plan - Growth",2025-09-18,19.1491
149936,"Axis Nifty Midcap 50 Index Fund - Direct Plan - Growth Option",2025-09-18,20.2363
150738,"Tata Nifty Midcap 150 Momentum 50 Index Fund - Growth - Direct Plan",2025-09-18,18.2077
150892,"Edelweiss Nifty Smallcap 250 Index Fund - Direct Plan - Growth",2025-09-18,18.1809
151781,"Kotak Nifty 200 Momentum 30 Index Fund - Direct Plan - Growth Option",2025-09-18,14.846
153219,"DSP BSE SENSEX Next 30 Index Fund - Direct - Growth",2025-09-18,11.3954
153272,"UTI Nifty Midsmallcap 400 Momentum Quality 100 Index Fund - Direct Plan - Growth Option",2025-09-18,11.3582
153470,"Nippon India Nifty 500 Quality 50 Index Fund - Direct Plan - Growth Option",2025-09-18,11.054
118482,"BANDHAN Nifty 50 Index Fund-Direct Plan-Growth",2025-09-19,56.2312
147625,"Motilal Oswal Nifty 500 Index Fund - Direct Plan",2025-09-19,27.2473
148945,"SBI Nifty Next 50 Index Fund - Direct Plan - Growth",2025-09-19,19.2601
149936,"Axis Nifty Midcap 50 Index Fund - Direct Plan - Growth Option",2025-09-19,20.2061
150738,"Tata Nifty Midcap 150 Momentum 50 Index Fund - Growth - Direct Plan",2025-09-19,18.1316
150892,"Edelweiss Nifty Smallcap 250 Index Fund - Direct Plan - Growth",2025-09-19,18.2064
151781,"Kotak Nifty 200 Momentum 30 Index Fund - Direct Plan - Growth Option",2025-09-19,14.783
153219,"DSP BSE SENSEX Next 30 Index Fund - Direct - Growth",2025-09-19,11.41
153272,"UTI Nifty Midsmallcap 400 Momentum Quality 100 Index Fund - Direct Plan - Growth Option",2025-09-19,11.3387
153470,"Nippon India Nifty 500 Quality 50 Index Fund - Direct Plan - Growth Option",2025-09-19,11.0697
118482,"BANDHAN Nifty 50 Index Fund-Direct Plan-Growth",2025-09-22,55.9538
147625,"Motilal Oswal Nifty 500 Index Fund - Direct Plan",2025-09-22,27.1261
148945,"SBI Nifty Next 50 Index Fund - Direct Plan - Growth",2025-09-22,19.3242
149936,"Axis Nifty Midcap 50 Index Fund - Direct Plan - Growth Option",2025-09-22,20.0571
150738,"Tata Nifty Midcap 150 Momentum 50 Index Fund - Growth - Direct Plan",2025-09-22,18.0366
150892,"Edelweiss Nifty Smallcap 250 Index Fund - Direct Plan - Growth",2025-09-22,18.039
151781,"Kotak Nifty 200 Momentum 30 Index Fund - Direct Plan - Growth Option",2025-09-22,14.769
153219,"DSP BSE SENSEX Next 30 Index Fund - Direct - Growth",2025-09-22,11.3781
153272,"UTI Nifty Midsmallcap 400 Momentum Quality 100 Index Fund - Direct Plan - Growth Option",2025-09-22,11.2384
153470,"Nippon India Nifty 500 Quality 50 Index Fund - Direct Plan - Growth Option",2025-09-22,11.0471
118482,"BANDHAN Nifty 50 Index Fund-Direct Plan-Growth",2025-09-23,55.8808
147625,"Motilal Oswal Nifty 500 Index Fund - Direct Plan",2025-09-23,27.0609
148945,"SBI Nifty Next 50 Index Fund - Direct Plan - Growth",2025-09-23,19.236
149936,"Axis Nifty Midcap 50 Index Fund - Direct Plan - Growth Option",2025-09-23,20.0308
150738,"Tata Nifty Midcap 150 Momentum 50 Index Fund - Growth - Direct Plan",2025-09-23,17.96
150892,"Edelweiss Nifty Smallcap 250 Index Fund - Direct Plan - Growth",2025-09-23,17.9459
151781,"Kotak Nifty 200 Momentum 30 Index Fund - Direct Plan - Growth Option",2025-09-23,14.694
153219,"DSP BSE SENSEX Next 30 Index Fund - Direct - Growth",2025-09-23,11.3385
153272,"UTI Nifty Midsmallcap 400 Momentum Quality 100 Index Fund - Direct Plan - Growth Option",2025-09-23,11.1537
153470,"Nippon India Nifty 500 Quality 50 Index Fund - Direct Plan - Growth Option",2025-09-23,10.9515
118482,"BANDHAN Nifty 50 Index Fund-Direct Plan-Growth",2025-09-24,55.6308
147625,"Motilal Oswal Nifty 500 Index Fund - Direct Plan",2025-09-24,26.8902
148945,"SBI Nifty Next 50 Index Fund - Direct Plan - Growth",2025-09-24,19.0051
149936,"Axis Nifty Midcap 50 Index Fund - Direct Plan - Growth Option",2025-09-24,19.8169
150738,"Tata Nifty Midcap 150 Momentum 50 Index Fund - Growth - Direct Plan",2025-09-24,17.8092
150892,"Edelweiss Nifty Smallcap 250 Index Fund - Direct Plan - Growth",2025-09-24,17.8479
151781,"Kotak Nifty 200 Momentum 30 Index Fund - Direct Plan - Growth Option",2025-09-24,14.585
153219,"DSP BSE SENSEX Next 30 Index Fund - Direct - Growth",2025-09-24,11.2655
153272,"UTI Nifty Midsmallcap 400 Momentum Quality 100 Index Fund - Direct Plan - Growth Option",2025-09-24,11.0594
153470,"Nippon India Nifty 500 Quality 50 Index Fund - Direct Plan - Growth Option",2025-09-24,10.7852
118482,"BANDHAN Nifty 50 Index Fund-Direct Plan-Growth",2025-09-25,55.262
147625,"Motilal Oswal Nifty 500 Index Fund - Direct Plan",2025-09-25,26.7094
148945,"SBI Nifty Next 50 Index Fund - Direct Plan - Growth",2025-09-25,18.8628
149936,"Axis Nifty Midcap 50 Index Fund - Direct Plan - Growth Option",2025-09-25,19.6851
150738,"Tata Nifty Midcap 150 Momentum 50 Index Fund - Growth - Direct Plan",2025-09-25,17.6948
150892,"Edelweiss Nifty Smallcap 250 Index Fund - Direct Plan - Growth",2025-09-25,17.7298
151781,"Kotak Nifty 200 Momentum 30 Index Fund - Direct Plan - Growth Option",2025-09-25,14.48
153219,"DSP BSE SENSEX Next 30 Index Fund - Direct - Growth",2025-09-25,11.2086
153272,"UTI Nifty Midsmallcap 400 Momentum Quality 100 Index Fund - Direct Plan - Growth Option",2025-09-25,10.9913
153470,"Nippon India Nifty 500 Quality 50 Index Fund - Direct Plan - Growth Option",2025-09-25,10.738
118482,"BANDHAN Nifty 50 Index Fund-Direct Plan-Growth",2025-09-26,54.7376
147625,"Motilal Oswal Nifty 500 Index Fund - Direct Plan",2025-09-26,26.3508
148945,"SBI Nifty Next 50 Index Fund - Direct Plan - Growth",2025-09-26,18.5455
149936,"Axis Nifty Midcap 50 Index Fund - Direct Plan - Growth Option",2025-09-26,19.3169
150738,"Tata Nifty Midcap 150 Momentum 50 Index Fund - Growth - Direct Plan",2025-09-26,17.3337
150892,"Edelweiss Nifty Smallcap 250 Index Fund - Direct Plan - Growth",2025-09-26,17.3499
151781,"Kotak Nifty 200 Momentum 30 Index Fund - Direct Plan - Growth Option",2025-09-26,14.248
153219,"DSP BSE SENSEX Next 30 Index Fund - Direct - Growth",2025-09-26,11.0568
153272,"UTI Nifty Midsmallcap 400 Momentum Quality 100 Index Fund - Direct Plan - Growth Option",2025-09-26,10.7519
153470,"Nippon India Nifty 500 Quality 50 Index Fund - Direct Plan - Growth Option",2025-09-26,10.523
118482,"BANDHAN Nifty 50 Index Fund-Direct Plan-Growth",2025-09-29,54.6898
147625,"Motilal Oswal Nifty 500 Index Fund - Direct Plan",2025-09-29,26.3808
148945,"SBI Nifty Next 50 Index Fund - Direct Plan - Growth",2025-09-29,18.733
149936,"Axis Nifty Midcap 50 Index Fund - Direct Plan - Growth Option",2025-09-29,19.3599
150738,"Tata Nifty Midcap 150 Momentum 50 Index Fund - Growth - Direct Plan",2025-09-29,17.3414
150892,"Edelweiss Nifty Smallcap 250 Index Fund - Direct Plan - Growth",2025-09-29,17.3331
151781,"Kotak Nifty 200 Momentum 30 Index Fund - Direct Plan - Growth Option",2025-09-29,14.275
153219,"DSP BSE SENSEX Next 30 Index Fund - Direct - Growth",2025-09-29,11.0842
153272,"UTI Nifty Midsmallcap 400 Momentum Quality 100 Index Fund - Direct Plan - Growth Option",2025-09-29,10.7537
153470,"Nippon India Nifty 500 Quality 50 Index Fund - Direct Plan - Growth Option",2025-09-29,10.5226
118482,"BANDHAN Nifty 50 Index Fund-Direct Plan-Growth",2025-09-30,54.6361
147625,"Motilal Oswal Nifty 500 Index Fund - Direct Plan",2025-09-30,26.3746
148945,"SBI Nifty Next 50 Index Fund - Direct Plan - Growth",2025-09-30,18.7355
149936,"Axis Nifty Midcap 50 Index Fund - Direct Plan - Growth Option",2025-09-30,19.3544
150738,"Tata Nifty Midcap 150 Momentum 50 Index Fund - Growth - Direct Plan",2025-09-30,17.3115
150892,"Edelweiss Nifty Smallcap 250 Index Fund - Direct Plan - Growth",2025-09-30,17.3527
151781,"Kotak Nifty 200 Momentum 30 Index Fund - Direct Plan - Growth Option",2025-09-30,14.256
153219,"DSP BSE SENSEX Next 30 Index Fund - Direct - Growth",2025-09-30,11.1067
153272,"UTI Nifty Midsmallcap 400 Momentum Quality 100 Index Fund - Direct Plan - Growth Option",2025-09-30,10.6927
153470,"Nippon India Nifty 500 Quality 50 Index Fund - Direct Plan - Growth Option",2025-09-30,10.4768
118482,"BANDHAN Nifty 50 Index Fund-Direct Plan-Growth",2025-10-01,55.1359
147625,"Motilal Oswal Nifty 500 Index Fund - Direct Plan",2025-10-01,26.5996
148945,"SBI Nifty Next 50 Index Fund - Direct Plan - Growth",2025-10-01,18.8023
149936,"Axis Nifty Midcap 50 Index Fund - Direct Plan - Growth Option",2025-10-01,19.5224
150738,"Tata Nifty Midcap 150 Momentum 50 Index Fund - Growth - Direct Plan",2025-10-01,17.5163
150892,"Edelweiss Nifty Smallcap 250 Index Fund - Direct Plan - Growth",2025-10-01,17.5347
151781,"Kotak Nifty 200 Momentum 30 Index Fund - Direct Plan - Growth Option",2025-10-01,14.394
153219,"DSP BSE SENSEX Next 30 Index Fund - Direct - Growth",2025-10-01,11.2002
153272,"UTI Nifty Midsmallcap 400 Momentum Quality 100 Index Fund - Direct Plan - Growth Option",2025-10-01,10.8171
153470,"Nippon India Nifty 500 Quality 50 Index Fund - Direct Plan - Growth Option",2025-10-01,10.577
118482,"BANDHAN Nifty 50 Index Fund-Direct Plan-Growth",2025-10-03,55.2642
147625,"Motilal Oswal Nifty 500 Index Fund - Direct Plan",2025-10-03,26.7147
148945,"SBI Nifty Next 50 Index Fund - Direct Plan - Growth",2025-10-03,18.8763
149936,"Axis Nifty Midcap 50 Index Fund - Direct Plan - Growth Option",2025-10-03,19.6623
150738,"Tata Nifty Midcap 150 Momentum 50 Index Fund - Growth - Direct Plan",2025-10-03,17.6503
150892,"Edelweiss Nifty Smallcap 250 Index Fund - Direct Plan - Growth",2025-10-03,17.6856
151781,"Kotak Nifty 200 Momentum 30 Index Fund - Direct Plan - Growth Option",2025-10-03,14.444
153219,"DSP BSE SENSEX Next 30 Index Fund - Direct - Growth",2025-10-03,11.2253
153272,"UTI Nifty Midsmallcap 400 Momentum Quality 100 Index Fund - Direct Plan - Growth Option",2025-10-03,10.9212
153470,"Nippon India Nifty 500 Quality 50 Index Fund - Direct Plan - Growth Option",2025-10-03,10.6533
118482,"BANDHAN Nifty 50 Index Fund-Direct Plan-Growth",2025-10-06,55.6705
147625,"Motilal Oswal Nifty 500 Index Fund - Direct Plan",2025-10-06,26.8789
148945,"SBI Nifty Next 50 Index Fund - Direct Plan - Growth",2025-10-06,18.9407
149936,"Axis Nifty Midcap 50 Index Fund - Direct Plan - Growth Option",2025-10-06,19.9084
150738,"Tata Nifty Midcap 150 Momentum 50 Index Fund - Growth - Direct Plan",2025-10-06,17.9499
150892,"Edelweiss Nifty Smallcap 250 Index Fund - Direct Plan - Growth",2025-10-06,17.7008
151781,"Kotak Nifty 200 Momentum 30 Index Fund - Direct Plan - Growth Option",2025-10-06,14.668
153219,"DSP BSE SENSEX Next 30 Index Fund - Direct - Growth",2025-10-06,11.2765
153272,"UTI Nifty Midsmallcap 400 Momentum Quality 100 Index Fund - Direct Plan - Growth Option",2025-10-06,11.0091
153470,"Nippon India Nifty 500 Quality 50 Index Fund - Direct Plan - Growth Option",2025-10-06,10.7288
118482,"BANDHAN Nifty 50 Index Fund-Direct Plan-Growth",2025-10-07,55.7383
147625,"Motilal Oswal Nifty 500 Index Fund - Direct Plan",2025-10-07,26.9249
148945,"SBI Nifty Next 50 Index Fund - Direct Plan - Growth",2025-10-07,18.963
149936,"Axis Nifty Midcap 50 Index Fund - Direct Plan - Growth Option",2025-10-07,19.9948
150738,"Tata Nifty Midcap 150 Momentum 50 Index Fund - Growth - Direct Plan",2025-10-07,17.9783
150892,"Edelweiss Nifty Smallcap 250 Index Fund - Direct Plan - Growth",2025-10-07,17.7201
151781,"Kotak Nifty 200 Momentum 30 Index Fund - Direct Plan - Growth Option",2025-10-07,14.73
153219,"DSP BSE SENSEX Next 30 Index Fund - Direct - Growth",2025-10-07,11.2865
153272,"UTI Nifty Midsmallcap 400 Momentum Quality 100 Index Fund - Direct Plan - Growth Option",2025-10-07,11.0245
153470,"Nippon India Nifty 500 Quality 50 Index Fund - Direct Plan - Growth Option",2025-10-07,10.741
118482,"BANDHAN Nifty 50 Index Fund-Direct Plan-Growth",2025-10-08,55.6002
147625,"Motilal Oswal Nifty 500 Index Fund - Direct Plan",2025-10-08,26.8087
148945,"SBI Nifty Next 50 Index Fund - Direct Plan - Growth",2025-10-08,18.8162
149936,"Axis Nifty Midcap 50 Index Fund - Direct Plan - Growth Option",2025-10-08,19.848
150738,"Tata Nifty Midcap 150 Momentum 50 Index Fund - Growth - Direct Plan",2025-10-08,17.8968
150892,"Edelweiss Nifty Smallcap 250 Index Fund - Direct Plan - Growth",2025-10-08,17.6241
151781,"Kotak Nifty 200 Momentum 30 Index Fund - Direct Plan - Growth Option",2025-10-08,14.67
153219,"DSP BSE SENSEX Next 30 Index Fund - Direct - Growth",2025-10-08,11.2078
153272,"UTI Nifty Midsmallcap 400 Momentum Quality 100 Index Fund - Direct Plan - Growth Option",2025-10-08,10.9526
153470,"Nippon India Nifty 500 Quality 50 Index Fund - Direct Plan - Growth Option",2025-10-08,10.677
118482,"BANDHAN Nifty 50 Index Fund-Direct Plan-Growth",2025-10-09,55.9011
147625,"Motilal Oswal Nifty 500 Index Fund - Direct Plan",2025-10-09,26.9622
148945,"SBI Nifty Next 50 Index Fund - Direct Plan - Growth",2025-10-09,18.9212
149936,"Axis Nifty Midcap 50 Index Fund - Direct Plan - Growth Option",2025-10-09,20.0536
150738,"Tata Nifty Midcap 150 Momentum 50 Index Fund - Growth - Direct Plan",2025-10-09,18.0697
150892,"Edelweiss Nifty Smallcap 250 Index Fund - Direct Plan - Growth",2025-10-09,17.6773
151781,"Kotak Nifty 200 Momentum 30 Index Fund - Direct Plan - Growth Option",2025-10-09,14.812
153219,"DSP BSE SENSEX Next 30 Index Fund - Direct - Growth",2025-10-09,11.3108
153272,"UTI Nifty Midsmallcap 400 Momentum Quality 100 Index Fund - Direct Plan - Growth Option",2025-10-09,11.0347
153470,"Nippon India Nifty 500 Quality 50 Index Fund - Direct Plan - Growth Option",2025-10-09,10.7484
118482,"BANDHAN Nifty 50 Index Fund-Direct Plan-Growth",2025-10-10,56.1307
147625,"Motilal Oswal Nifty 500 Index Fund - Direct Plan",2025-10-10,27.0727
148945,"SBI Nifty Next 50 Index Fund - Direct Plan - Growth",2025-10-10,18.9672
149936,"Axis Nifty Midcap 50 Index Fund - Direct Plan - Growth Option",2025-10-10,20.166
150738,"Tata Nifty Midcap 150 Momentum 50 Index Fund - Growth - Direct Plan",2025-10-10,18.0873
150892,"Edelweiss Nifty Smallcap 250 Index Fund - Direct Plan - Growth",2025-10-10,17.7866
151781,"Kotak Nifty 200 Momentum 30 Index Fund - Direct Plan - Growth Option",2025-10-10,14.858
153219,"DSP BSE SENSEX Next 30 Index Fund - Direct - Growth",2025-10-10,11.3743
153272,"UTI Nifty Midsmallcap 400 Momentum Quality 100 Index Fund - Direct Plan - Growth Option",2025-10-10,11.0802
153470,"Nippon India Nifty 500 Quality 50 Index Fund - Direct Plan - Growth Option",2025-10-10,10.7694
118482,"BANDHAN Nifty 50 Index Fund-Direct Plan-Growth",2025-10-13,56.0015
147625,"Motilal Oswal Nifty 500 Index Fund - Direct Plan",2025-10-13,27.0229
148945,"SBI Nifty Next 50 Index Fund - Direct Plan - Growth",2025-10-13,18.9345
149936,"Axis Nifty Midcap 50 Index Fund - Direct Plan - Growth Option",2025-10-13,20.2126
150738,"Tata Nifty Midcap 150 Momentum 50 Index Fund - Growth - Direct Plan",2025-10-13,18.1388
150892,"Edelweiss Nifty Smallcap 250 Index Fund - Direct Plan - Growth",2025-10-13,17.7348
151781,"Kotak Nifty 200 Momentum 30 Index Fund - Direct Plan - Growth Option",2025-10-13,14.908
153219,"DSP BSE SENSEX Next 30 Index Fund - Direct - Growth",2025-10-13,11.342
153272,"UTI Nifty Midsmallcap 400 Momentum Quality 100 Index Fund - Direct Plan - Growth Option",2025-10-13,11.0812
153470,"Nippon India Nifty 500 Quality 50 Index Fund - Direct Plan - Growth Option",2025-10-13,10.7556
118482,"BANDHAN Nifty 50 Index Fund-Direct Plan-Growth",2025-10-14,55.8197
147625,"Motilal Oswal Nifty 500 Index Fund - Direct Plan",2025-10-14,26.8943
148945,"SBI Nifty Next 50 Index Fund - Direct Plan - Growth",2025-10-14,18.8346
149936,"Axis Nifty Midcap 50 Index Fund - Direct Plan - Growth Option",2025-10-14,20.0261
150738,"Tata Nifty Midcap 150 Momentum 50 Index Fund - Growth - Direct Plan",2025-10-14,18.0186
150892,"Edelweiss Nifty Smallcap 250 Index Fund - Direct Plan - Growth",2025-10-14,17.5793
151781,"Kotak Nifty 200 Momentum 30 Index Fund - Direct Plan - Growth Option",2025-10-14,14.847
153219,"DSP BSE SENSEX Next 30 Index Fund - Direct - Growth",2025-10-14,11.3044
153272,"UTI Nifty Midsmallcap 400 Momentum Quality 100 Index Fund - Direct Plan - Growth Option",2025-10-14,10.9685
153470,"Nippon India Nifty 500 Quality 50 Index Fund - Direct Plan - Growth Option",2025-10-14,10.7033
118482,"BANDHAN Nifty 50 Index Fund-Direct Plan-Growth",2025-10-15,56.2201
147625,"Motilal Oswal Nifty 500 Index Fund - Direct Plan",2025-10-15,27.1199
148945,"SBI Nifty Next 50 Index Fund - Direct Plan - Growth",2025-10-15,19.0845
149936,"Axis Nifty Midcap 50 Index Fund - Direct Plan - Growth Option",2025-10-15,20.2419
150738,"Tata Nifty Midcap 150 Momentum 50 Index Fund - Growth - Direct Plan",2025-10-15,18.1982
150892,"Edelweiss Nifty Smallcap 250 Index Fund - Direct Plan - Growth",2025-10-15,17.7232
151781,"Kotak Nifty 200 Momentum 30 Index Fund - Direct Plan - Growth Option",2025-10-15,15.082
153219,"DSP BSE SENSEX Next 30 Index Fund - Direct - Growth",2025-10-15,11.409
153272,"UTI Nifty Midsmallcap 400 Momentum Quality 100 Index Fund - Direct Plan - Growth Option",2025-10-15,11.0876
153470,"Nippon India Nifty 500 Quality 50 Index Fund - Direct Plan - Growth Option",2025-10-15,10.8151
118482,"BANDHAN Nifty 50 Index Fund-Direct Plan-Growth",2025-10-16,56.8009
147625,"Motilal Oswal Nifty 500 Index Fund - Direct Plan",2025-10-16,27.3361
148945,"SBI Nifty Next 50 Index Fund - Direct Plan - Growth",2025-10-16,19.1777
149936,"Axis Nifty Midcap 50 Index Fund - Direct Plan - Growth Option",2025-10-16,20.3489
150738,"Tata Nifty Midcap 150 Momentum 50 Index Fund - Growth - Direct Plan",2025-10-16,18.2623
150892,"Edelweiss Nifty Smallcap 250 Index Fund - Direct Plan - Growth",2025-10-16,17.7904
151781,"Kotak Nifty 200 Momentum 30 Index Fund - Direct Plan - Growth Option",2025-10-16,15.149
153219,"DSP BSE SENSEX Next 30 Index Fund - Direct - Growth",2025-10-16,11.5085
153272,"UTI Nifty Midsmallcap 400 Momentum Quality 100 Index Fund - Direct Plan - Growth Option",2025-10-16,11.1257
153470,"Nippon India Nifty 500 Quality 50 Index Fund - Direct Plan - Growth Option",2025-10-16,10.8842
118482,"BANDHAN Nifty 50 Index Fund-Direct Plan-Growth",2025-10-17,57.0835
147625,"Motilal Oswal Nifty 500 Index Fund - Direct Plan",2025-10-17,27.3774
148945,"SBI Nifty Next 50 Index Fund - Direct Plan - Growth",2025-10-17,19.1494
149936,"Axis Nifty Midcap 50 Index Fund - Direct Plan - Growth Option",2025-10-17,20.2299
150738,"Tata Nifty Midcap 150 Momentum 50 Index Fund - Growth - Direct Plan",2025-10-17,18.2108
150892,"Edelweiss Nifty Smallcap 250 Index Fund - Direct Plan - Growth",2025-10-17,17.7483
151781,"Kotak Nifty 200 Momentum 30 Index Fund - Direct Plan - Growth Option",2025-10-17,15.19
153219,"DSP BSE SENSEX Next 30 Index Fund - Direct - Growth",2025-10-17,11.507
153272,"UTI Nifty Midsmallcap 400 Momentum Quality 100 Index Fund - Direct Plan - Growth Option",2025-10-17,11.0802
153470,"Nippon India Nifty 500 Quality 50 Index Fund - Direct Plan - Growth Option",2025-10-17,10.8828
118482,"BANDHAN Nifty 50 Index Fund-Direct Plan-Growth",2025-10-20,57.3834
147625,"Motilal Oswal Nifty 500 Index Fund - Direct Plan",2025-10-20,27.5155
148945,"SBI Nifty Next 50 Index Fund - Direct Plan - Growth",2025-10-20,19.1753
149936,"Axis Nifty Midcap 50 Index Fund - Direct Plan - Growth Option",2025-10-20,20.4043
150738,"Tata Nifty Midcap 150 Momentum 50 Index Fund - Growth - Direct Plan",2025-10-20,18.3284
150892,"Edelweiss Nifty Smallcap 250 Index Fund - Direct Plan - Growth",2025-10-20,17.8426
151781,"Kotak Nifty 200 Momentum 30 Index Fund - Direct Plan - Growth Option",2025-10-20,15.232
153219,"DSP BSE SENSEX Next 30 Index Fund - Direct - Growth",2025-10-20,11.5663
153272,"UTI Nifty Midsmallcap 400 Momentum Quality 100 Index Fund - Direct Plan - Growth Option",2025-10-20,11.1288
153470,"Nippon India Nifty 500 Quality 50 Index Fund - Direct Plan - Growth Option",2025-10-20,10.9192
118482,"BANDHAN Nifty 50 Index Fund-Direct Plan-Growth",2025-10-23,57.4901
147625,"Motilal Oswal Nifty 500 Index Fund - Direct Plan",2025-10-23,27.5616
148945,"SBI Nifty Next 50 Index Fund - Direct Plan - Growth",2025-10-23,19.1719
149936,"Axis Nifty Midcap 50 Index Fund - Direct Plan - Growth Option",2025-10-23,20.3874
150738,"Tata Nifty Midcap 150 Momentum 50 Index Fund - Growth - Direct Plan",2025-10-23,18.2283
150892,"Edelweiss Nifty Smallcap 250 Index Fund - Direct Plan - Growth",2025-10-23,17.9236
151781,"Kotak Nifty 200 Momentum 30 Index Fund - Direct Plan - Growth Option",2025-10-23,15.165
153219,"DSP BSE SENSEX Next 30 Index Fund - Direct - Growth",2025-10-23,11.5565
153272,"UTI Nifty Midsmallcap 400 Momentum Quality 100 Index Fund - Direct Plan - Growth Option",2025-10-23,11.1146
153470,"Nippon India Nifty 500 Quality 50 Index Fund - Direct Plan - Growth Option",2025-10-23,10.909
118482,"BANDHAN Nifty 50 Index Fund-Direct Plan-Growth",2025-10-24,57.2762
147625,"Motilal Oswal Nifty 500 Index Fund - Direct Plan",2025-10-24,27.4821
148945,"SBI Nifty Next 50 Index Fund - Direct Plan - Growth",2025-10-24,19.1534
149936,"Axis Nifty Midcap 50 Index Fund - Direct Plan - Growth Option",2025-10-24,20.3121
150738,"Tata Nifty Midcap 150 Momentum 50 Index Fund - Growth - Direct Plan",2025-10-24,18.1359
150892,"Edelweiss Nifty Smallcap 250 Index Fund - Direct Plan - Growth",2025-10-24,17.8975
151781,"Kotak Nifty 200 Momentum 30 Index Fund - Direct Plan - Growth Option",2025-10-24,15.131
153219,"DSP BSE SENSEX Next 30 Index Fund - Direct - Growth",2025-10-24,11.5366
153272,"UTI Nifty Midsmallcap 400 Momentum Quality 100 Index Fund - Direct Plan - Growth Option",2025-10-24,11.0975
153470,"Nippon India Nifty 500 Quality 50 Index Fund - Direct Plan - Growth Option",2025-10-24,10.9134
118482,"BANDHAN Nifty 50 Index Fund-Direct Plan-Growth",2025-10-27,57.6952
147625,"Motilal Oswal Nifty 500 Index Fund - Direct Plan",2025-10-27,27.6736
148945,"SBI Nifty Next 50 Index Fund - Direct Plan - Growth",2025-10-27,19.2287
149936,"Axis Nifty Midcap 50 Index Fund - Direct Plan - Growth Option",2025-10-27,20.5255
150738,"Tata Nifty Midcap 150 Momentum 50 Index Fund - Growth - Direct Plan",2025-10-27,18.2709
150892,"Edelweiss Nifty Smallcap 250 Index Fund - Direct Plan - Growth",2025-10-27,18.0139
151781,"Kotak Nifty 200 Momentum 30 Index Fund - Direct Plan - Growth Option",2025-10-27,15.184
153219,"DSP BSE SENSEX Next 30 Index Fund - Direct - Growth",2025-10-27,11.6047
153272,"UTI Nifty Midsmallcap 400 Momentum Quality 100 Index Fund - Direct Plan - Growth Option",2025-10-27,11.1729
153470,"Nippon India Nifty 500 Quality 50 Index Fund - Direct Plan - Growth Option",2025-10-27,10.9663
118482,"BANDHAN Nifty 50 Index Fund-Direct Plan-Growth",2025-10-28,57.6287
147625,"Motilal Oswal Nifty 500 Index Fund - Direct Plan",2025-10-28,27.6406
148945,"SBI Nifty Next 50 Index Fund - Direct Plan - Growth",2025-10-28,19.1309
149936,"Axis Nifty Midcap 50 Index Fund - Direct Plan - Growth Option",2025-10-28,20.5474
150738,"Tata Nifty Midcap 150 Momentum 50 Index Fund - Growth - Direct Plan",2025-10-28,18.3162
150892,"Edelweiss Nifty Smallcap 250 Index Fund - Direct Plan - Growth",2025-10-28,18.0307
151781,"Kotak Nifty 200 Momentum 30 Index Fund - Direct Plan - Growth Option",2025-10-28,15.123
153219,"DSP BSE SENSEX Next 30 Index Fund - Direct - Growth",2025-10-28,11.6124
153272,"UTI Nifty Midsmallcap 400 Momentum Quality 100 Index Fund - Direct Plan - Growth Option",2025-10-28,11.1632
153470,"Nippon India Nifty 500 Quality 50 Index Fund - Direct Plan - Growth Option",2025-10-28,10.9468
118482,"BANDHAN Nifty 50 Index Fund-Direct Plan-Growth",2025-10-29,57.8899
147625,"Motilal Oswal Nifty 500 Index Fund - Direct Plan",2025-10-29,27.8027
148945,"SBI Nifty Next 50 Index Fund - Direct Plan - Growth",2025-10-29,19.4016
149936,"Axis Nifty Midcap 50 Index Fund - Direct Plan - Growth Option",2025-10-29,20.6721
150738,"Tata Nifty Midcap 150 Momentum 50 Index Fund - Growth - Direct Plan",2025-10-29,18.3927
150892,"Edelweiss Nifty Smallcap 250 Index Fund - Direct Plan - Growth",2025-10-29,18.1108
151781,"Kotak Nifty 200 Momentum 30 Index Fund - Direct Plan - Growth Option",2025-10-29,15.165
153219,"DSP BSE SENSEX Next 30 Index Fund - Direct - Growth",2025-10-29,11.7278
153272,"UTI Nifty Midsmallcap 400 Momentum Quality 100 Index Fund - Direct Plan - Growth Option",2025-10-29,11.2074
153470,"Nippon India Nifty 500 Quality 50 Index Fund - Direct Plan - Growth Option",2025-10-29,10.9331
118482,"BANDHAN Nifty 50 Index Fund-Direct Plan-Growth",2025-10-30,57.4987
147625,"Motilal Oswal Nifty 500 Index Fund - Direct Plan",2025-10-30,27.6738
148945,"SBI Nifty Next 50 Index Fund - Direct Plan - Growth",2025-10-30,19.3584
149936,"Axis Nifty Midcap 50 Index Fund - Direct Plan - Growth Option",2025-10-30,20.6935
150738,"Tata Nifty Midcap 150 Momentum 50 Index Fund - Growth - Direct Plan",2025-10-30,18.3576
150892,"Edelweiss Nifty Smallcap 250 Index Fund - Direct Plan - Growth",2025-10-30,18.0982
151781,"Kotak Nifty 200 Momentum 30 Index Fund - Direct Plan - Growth Option",2025-10-30,15.104
153219,"DSP BSE SENSEX Next 30 Index Fund - Direct - Growth",2025-10-30,11.6596
153272,"UTI Nifty Midsmallcap 400 Momentum Quality 100 Index Fund - Direct Plan - Growth Option",2025-10-30,11.2002
153470,"Nippon India Nifty 500 Quality 50 Index Fund - Direct Plan - Growth Option",2025-10-30,10.9467
118482,"BANDHAN Nifty 50 Index Fund-Direct Plan-Growth",2025-10-31,57.1527
147625,"Motilal Oswal Nifty 500 Index Fund - Direct Plan",2025-10-31,27.5221
148945,"SBI Nifty Next 50 Index Fund - Direct Plan - Growth",2025-10-31,19.2872
149936,"Axis Nifty Midcap 50 Index Fund - Direct Plan - Growth Option",2025-10-31,20.639
150738,"Tata Nifty Midcap 150 Momentum 50 Index Fund - Growth - Direct Plan",2025-10-31,18.2491
150892,"Edelweiss Nifty Smallcap 250 Index Fund - Direct Plan - Growth",2025-10-31,17.9965
151781,"Kotak Nifty 200 Momentum 30 Index Fund - Direct Plan - Growth Option",2025-10-31,15.016
153219,"DSP BSE SENSEX Next 30 Index Fund - Direct - Growth",2025-10-31,11.565
153272,"UTI Nifty Midsmallcap 400 Momentum Quality 100 Index Fund - Direct Plan - Growth Option",2025-10-31,11.1514
153470,"Nippon India Nifty 500 Quality 50 Index Fund - Direct Plan - Growth Option",2025-10-31,10.8892
118482,"BANDHAN Nifty 50 Index Fund-Direct Plan-Growth",2025-11-03,57.2437
147625,"Motilal Oswal Nifty 500 Index Fund - Direct Plan",2025-11-03,27.6394
148945,"SBI Nifty Next 50 Index Fund - Direct Plan - Growth",2025-11-03,19.4697
149936,"Axis Nifty Midcap 50 Index Fund - Direct Plan - Growth Option",2025-11-03,20.8026
150738,"Tata Nifty Midcap 150 Momentum 50 Index Fund - Growth - Direct Plan",2025-11-03,18.3708
150892,"Edelweiss Nifty Smallcap 250 Index Fund - Direct Plan - Growth",2025-11-03,18.1218
151781,"Kotak Nifty 200 Momentum 30 Index Fund - Direct Plan - Growth Option",2025-11-03,15.094
153219,"DSP BSE SENSEX Next 30 Index Fund - Direct - Growth",2025-11-03,11.6544
153272,"UTI Nifty Midsmallcap 400 Momentum Quality 100 Index Fund - Direct Plan - Growth Option",2025-11-03,11.2329
153470,"Nippon India Nifty 500 Quality 50 Index Fund - Direct Plan - Growth Option",2025-11-03,10.9286
118482,"BANDHAN Nifty 50 Index Fund-Direct Plan-Growth",2025-11-04,56.8756
147625,"Motilal Oswal Nifty 500 Index Fund - Direct Plan",2025-11-04,27.4827
148945,"SBI Nifty Next 50 Index Fund - Direct Plan - Growth",2025-11-04,19.3831
149936,"Axis Nifty Midcap 50 Index Fund - Direct Plan - Growth Option",2025-11-04,20.6971
150738,"Tata Nifty Midcap 150 Momentum 50 Index Fund - Growth - Direct Plan",2025-11-04,18.3453
150892,"Edelweiss Nifty Smallcap 250 Index Fund - Direct Plan - Growth",2025-11-04,18.0035
151781,"Kotak Nifty 200 Momentum 30 Index Fund - Direct Plan - Growth Option",2025-11-04,15.032
153219,"DSP BSE SENSEX Next 30 Index Fund - Direct - Growth",2025-11-04,11.5572
153272,"UTI Nifty Midsmallcap 400 Momentum Quality 100 Index Fund - Direct Plan - Growth Option",2025-11-04,11.1521
153470,"Nippon India Nifty 500 Quality 50 Index Fund - Direct Plan - Growth Option",2025-11-04,10.8643
118482,"BANDHAN Nifty 50 Index Fund-Direct Plan-Growth",2025-11-06,56.6799
147625,"Motilal Oswal Nifty 500 Index Fund - Direct Plan",2025-11-06,27.2951
148945,"SBI Nifty Next 50 Index Fund - Direct Plan - Growth",2025-11-06,19.1428
149936,"Axis Nifty Midcap 50 Index Fund - Direct Plan - Growth Option",2025-11-06,20.5592
150738,"Tata Nifty Midcap 150 Momentum 50 Index Fund - Growth - Direct Plan",2025-11-06,18.2208
150892,"Edelweiss Nifty Smallcap 250 Index Fund - Direct Plan - Growth",2025-11-06,17.7352
151781,"Kotak Nifty 200 Momentum 30 Index Fund - Direct Plan - Growth Option",2025-11-06,14.907
153219,"DSP BSE SENSEX Next 30 Index Fund - Direct - Growth",2025-11-06,11.4218
153272,"UTI Nifty Midsmallcap 400 Momentum Quality 100 Index Fund - Direct Plan - Growth Option",2025-11-06,11.0553
153470,"Nippon India Nifty 500 Quality 50 Index Fund - Direct Plan - Growth Option",2025-11-06,10.7572
118482,"BANDHAN Nifty 50 Index Fund-Direct Plan-Growth",2025-11-07,56.6588
147625,"Motilal Oswal Nifty 500 Index Fund - Direct Plan",2025-11-07,27.3106
148945,"SBI Nifty Next 50 Index Fund - Direct Plan - Growth",2025-11-07,19.1627
149936,"Axis Nifty Midcap 50 Index Fund - Direct Plan - Growth Option",2025-11-07,20.681
150738,"Tata Nifty Midcap 150 Momentum 50 Index Fund - Growth - Direct Plan",2025-11-07,18.3667
150892,"Edelweiss Nifty Smallcap 250 Index Fund - Direct Plan - Growth",2025-11-07,17.694
151781,"Kotak Nifty 200 Momentum 30 Index Fund - Direct Plan - Growth Option",2025-11-07,15.003
153219,"DSP BSE SENSEX Next 30 Index Fund - Direct - Growth",2025-11-07,11.4548
153272,"UTI Nifty Midsmallcap 400 Momentum Quality 100 Index Fund - Direct Plan - Growth Option",2025-11-07,11.079
153470,"Nippon India Nifty 500 Quality 50 Index Fund - Direct Plan - Growth Option",2025-11-07,10.7461
118482,"BANDHAN Nifty 50 Index Fund-Direct Plan-Growth",2025-11-10,56.8503
147625,"Motilal Oswal Nifty 500 Index Fund - Direct Plan",2025-11-10,27.4008
148945,"SBI Nifty Next 50 Index Fund - Direct Plan - Growth",2025-11-10,19.2349
149936,"Axis Nifty Midcap 50 Index Fund - Direct Plan - Growth Option",2025-11-10,20.761
150738,"Tata Nifty Midcap 150 Momentum 50 Index Fund - Growth - Direct Plan",2025-11-10,18.4067
150892,"Edelweiss Nifty Smallcap 250 Index Fund - Direct Plan - Growth",2025-11-10,17.693
151781,"Kotak Nifty 200 Momentum 30 Index Fund - Direct Plan - Growth Option",2025-11-10,15.06
153219,"DSP BSE SENSEX Next 30 Index Fund - Direct - Growth",2025-11-10,11.4707
153272,"UTI Nifty Midsmallcap 400 Momentum Quality 100 Index Fund - Direct Plan - Growth Option",2025-11-10,11.1524
153470,"Nippon India Nifty 500 Quality 50 Index Fund - Direct Plan - Growth Option",2025-11-10,10.7819
118482,"BANDHAN Nifty 50 Index Fund-Direct Plan-Growth",2025-11-11,57.118
147625,"Motilal Oswal Nifty 500 Index Fund - Direct Plan",2025-11-11,27.5006
148945,"SBI Nifty Next 50 Index Fund - Direct Plan - Growth",2025-11-11,19.2613
149936,"Axis Nifty Midcap 50 Index Fund - Direct Plan - Growth Option",2025-11-11,20.8816
150738,"Tata Nifty Midcap 150 Momentum 50 Index Fund - Growth - Direct Plan",2025-11-11,18.4854
150892,"Edelweiss Nifty Smallcap 250 Index Fund - Direct Plan - Growth",2025-11-11,17.6688
151781,"Kotak Nifty 200 Momentum 30 Index Fund - Direct Plan - Growth Option",2025-11-11,15.056
153219,"DSP BSE SENSEX Next 30 Index Fund - Direct - Growth",2025-11-11,11.5365
153272,"UTI Nifty Midsmallcap 400 Momentum Quality 100 Index Fund - Direct Plan - Growth Option",2025-11-11,11.2077
153470,"Nippon India Nifty 500 Quality 50 Index Fund - Direct Plan - Growth Option",2025-11-11,10.8366
118482,"BANDHAN Nifty 50 Index Fund-Direct Plan-Growth",2025-11-12,57.5186
147625,"Motilal Oswal Nifty 500 Index Fund - Direct Plan",2025-11-12,27.6792
148945,"SBI Nifty Next 50 Index Fund - Direct Plan - Growth",2025-11-12,19.284
149936,"Axis Nifty Midcap 50 Index Fund - Direct Plan - Growth Option",2025-11-12,21.0554
150738,"Tata Nifty Midcap 150 Momentum 50 Index Fund - Growth - Direct Plan",2025-11-12,18.6376
150892,"Edelweiss Nifty Smallcap 250 Index Fund - Direct Plan - Growth",2025-11-12,17.7998
151781,"Kotak Nifty 200 Momentum 30 Index Fund - Direct Plan - Growth Option",2025-11-12,15.178
153219,"DSP BSE SENSEX Next 30 Index Fund - Direct - Growth",2025-11-12,11.5714
153272,"UTI Nifty Midsmallcap 400 Momentum Quality 100 Index Fund - Direct Plan - Growth Option",2025-11-12,11.3297
153470,"Nippon India Nifty 500 Quality 50 Index Fund - Direct Plan - Growth Option",2025-11-12,10.9464
118482,"BANDHAN Nifty 50 Index Fund-Direct Plan-Growth",2025-11-13,57.5259
147625,"Motilal Oswal Nifty 500 Index Fund - Direct Plan",2025-11-13,27.6552
148945,"SBI Nifty Next 50 Index Fund - Direct Plan - Growth",2025-11-13,19.2959
149936,"Axis Nifty Midcap 50 Index Fund - Direct Plan - Growth Option",2025-11-13,20.9845
150738,"Tata Nifty Midcap 150 Momentum 50 Index Fund - Growth - Direct Plan",2025-11-13,18.5497
150892,"Edelweiss Nifty Smallcap 250 Index Fund - Direct Plan - Growth",2025-11-13,17.7301
151781,"Kotak Nifty 200 Momentum 30 Index Fund - Direct Plan - Growth Option",2025-11-13,15.179
153219,"DSP BSE SENSEX Next 30 Index Fund - Direct - Growth",2025-11-13,11.5811
153272,"UTI Nifty Midsmallcap 400 Momentum Quality 100 Index Fund - Direct Plan - Growth Option",2025-11-13,11.2799
153470,"Nippon India Nifty 500 Quality 50 Index Fund - Direct Plan - Growth Option",2025-11-13,10.8771
118482,"BANDHAN Nifty 50 Index Fund-Direct Plan-Growth",2025-11-14,57.5933
147625,"Motilal Oswal Nifty 500 Index Fund - Direct Plan",2025-11-14,27.6791
148945,"SBI Nifty Next 50 Index Fund - Direct Plan - Growth",2025-11-14,19.2777
149936,"Axis Nifty Midcap 50 Index Fund - Direct Plan - Growth Option",2025-11-14,21.0067
150738,"Tata Nifty Midcap 150 Momentum 50 Index Fund - Growth - Direct Plan",2025-11-14,18.6223
150892,"Edelweiss Nifty Smallcap 250 Index Fund - Direct Plan - Growth",2025-11-14,17.759
151781,"Kotak Nifty 200 Momentum 30 Index Fund - Direct Plan - Growth Option",2025-11-14,15.225
153219,"DSP BSE SENSEX Next 30 Index Fund - Direct - Growth",2025-11-14,11.563
153272,"UTI Nifty Midsmallcap 400 Momentum Quality 100 Index Fund - Direct Plan - Growth Option",2025-11-14,11.3341
153470,"Nippon India Nifty 500 Quality 50 Index Fund - Direct Plan - Growth Option",2025-11-14,10.8781
118482,"BANDHAN Nifty 50 Index Fund-Direct Plan-Growth",2025-11-17,57.8226
147625,"Motilal Oswal Nifty 500 Index Fund - Direct Plan",2025-11-17,27.816
148945,"SBI Nifty Next 50 Index Fund - Direct Plan - Growth",2025-11-17,19.3788
149936,"Axis Nifty Midcap 50 Index Fund - Direct Plan - Growth Option",2025-11-17,21.1815
150738,"Tata Nifty Midcap 150 Momentum 50 Index Fund - Growth - Direct Plan",2025-11-17,18.7694
150892,"Edelweiss Nifty Smallcap 250 Index Fund - Direct Plan - Growth",2025-11-17,17.8799
151781,"Kotak Nifty 200 Momentum 30 Index Fund - Direct Plan - Growth Option",2025-11-17,15.296
153219,"DSP BSE SENSEX Next 30 Index Fund - Direct - Growth",2025-11-17,11.6166
153272,"UTI Nifty Midsmallcap 400 Momentum Quality 100 Index Fund - Direct Plan - Growth Option",2025-11-17,11.3958
153470,"Nippon India Nifty 500 Quality 50 Index Fund - Direct Plan - Growth Option",2025-11-17,10.9545
118482,"BANDHAN Nifty 50 Index Fund-Direct Plan-Growth",2025-11-18,57.5933
147625,"Motilal Oswal Nifty 500 Index Fund - Direct Plan",2025-11-18,27.666
148945,"SBI Nifty Next 50 Index Fund - Direct Plan - Growth",2025-11-18,19.2377
149936,"Axis Nifty Midcap 50 Index Fund - Direct Plan - Growth Option",2025-11-18,21.0546
150738,"Tata Nifty Midcap 150 Momentum 50 Index Fund - Growth - Direct Plan",2025-11-18,18.639
150892,"Edelweiss Nifty Smallcap 250 Index Fund - Direct Plan - Growth",2025-11-18,17.697
151781,"Kotak Nifty 200 Momentum 30 Index Fund - Direct Plan - Growth Option",2025-11-18,15.196
153219,"DSP BSE SENSEX Next 30 Index Fund - Direct - Growth",2025-11-18,11.5118
153272,"UTI Nifty Midsmallcap 400 Momentum Quality 100 Index Fund - Direct Plan - Growth Option",2025-11-18,11.3003
153470,"Nippon India Nifty 500 Quality 50 Index Fund - Direct Plan - Growth Option",2025-11-18,10.8515
118482,"BANDHAN Nifty 50 Index Fund-Direct Plan-Growth",2025-11-19,57.9098
147625,"Motilal Oswal Nifty 500 Index Fund - Direct Plan",2025-11-19,27.7608
148945,"SBI Nifty Next 50 Index Fund - Direct Plan - Growth",2025-11-19,19.2355
149936,"Axis Nifty Midcap 50 Index Fund - Direct Plan - Growth Option",2025-11-19,21.1029
150738,"Tata Nifty Midcap 150 Momentum 50 Index Fund - Growth - Direct Plan",2025-11-19,18.732
150892,"Edelweiss Nifty Smallcap 250 Index Fund - Direct Plan - Growth",2025-11-19,17.6225
151781,"Kotak Nifty 200 Momentum 30 Index Fund - Direct Plan - Growth Option",2025-11-19,15.265
153219,"DSP BSE SENSEX Next 30 Index Fund - Direct - Growth",2025-11-19,11.5418
153272,"UTI Nifty Midsmallcap 400 Momentum Quality 100 Index Fund - Direct Plan - Growth Option",2025-11-19,11.3462
153470,"Nippon India Nifty 500 Quality 50 Index Fund - Direct Plan - Growth Option",2025-11-19,10.8992
118482,"BANDHAN Nifty 50 Index Fund-Direct Plan-Growth",2025-11-20,58.2196
147625,"Motilal Oswal Nifty 500 Index Fund - Direct Plan",2025-11-20,27.8411
148945,"SBI Nifty Next 50 Index Fund - Direct Plan - Growth",2025-11-20,19.2166
149936,"Axis Nifty Midcap 50 Index Fund - Direct Plan - Growth Option",2025-11-20,21.1023
150738,"Tata Nifty Midcap 150 Momentum 50 Index Fund - Growth - Direct Plan",2025-11-20,18.7615
150892,"Edelweiss Nifty Smallcap 250 Index Fund - Direct Plan - Growth",2025-11-20,17.6059
151781,"Kotak Nifty 200 Momentum 30 Index Fund - Direct Plan - Growth Option",2025-11-20,15.361
153219,"DSP BSE SENSEX Next 30 Index Fund - Direct - Growth",2025-11-20,11.5873
153272,"UTI Nifty Midsmallcap 400 Momentum Quality 100 Index Fund - Direct Plan - Growth Option",2025-11-20,11.3661
153470,"Nippon India Nifty 500 Quality 50 Index Fund - Direct Plan - Growth Option",2025-11-20,10.9065
118482,"BANDHAN Nifty 50 Index Fund-Direct Plan-Growth",2025-11-21,57.9436
147625,"Motilal Oswal Nifty 500 Index Fund - Direct Plan",2025-11-21,27.6268
148945,"SBI Nifty Next 50 Index Fund - Direct Plan - Growth",2025-11-21,18.969
149936,"Axis Nifty Midcap 50 Index Fund - Direct Plan - Growth Option",2025-11-21,20.9019
150738,"Tata Nifty Midcap 150 Momentum 50 Index Fund - Growth - Direct Plan",2025-11-21,18.5628
150892,"Edelweiss Nifty Smallcap 250 Index Fund - Direct Plan - Growth",2025-11-21,17.3873
151781,"Kotak Nifty 200 Momentum 30 Index Fund - Direct Plan - Growth Option",2025-11-21,15.215
153219,"DSP BSE SENSEX Next 30 Index Fund - Direct - Growth",2025-11-21,11.5118
153272,"UTI Nifty Midsmallcap 400 Momentum Quality 100 Index Fund - Direct Plan - Growth Option",2025-11-21,11.2297
153470,"Nippon India Nifty 500 Quality 50 Index Fund - Direct Plan - Growth Option",2025-11-21,10.7817
118482,"BANDHAN Nifty 50 Index Fund-Direct Plan-Growth",2025-11-24,57.7016
147625,"Motilal Oswal Nifty 500 Index Fund - Direct Plan",2025-11-24,27.4922
148945,"SBI Nifty Next 50 Index Fund - Direct Plan - Growth",2025-11-24,18.7832
149936,"Axis Nifty Midcap 50 Index Fund - Direct Plan - Growth Option",2025-11-24,20.7663
150738,"Tata Nifty Midcap 150 Momentum 50 Index Fund - Growth - Direct Plan",2025-11-24,18.4781
150892,"Edelweiss Nifty Smallcap 250 Index Fund - Direct Plan - Growth",2025-11-24,17.2745
151781,"Kotak Nifty 200 Momentum 30 Index Fund - Direct Plan - Growth Option",2025-11-24,15.108
153219,"DSP BSE SENSEX Next 30 Index Fund - Direct - Growth",2025-11-24,11.4323
153272,"UTI Nifty Midsmallcap 400 Momentum Quality 100 Index Fund - Direct Plan - Growth Option",2025-11-24,11.1603
153470,"Nippon India Nifty 500 Quality 50 Index Fund - Direct Plan - Growth Option",2025-11-24,10.6908
118482,"BANDHAN Nifty 50 Index Fund-Direct Plan-Growth",2025-11-25,57.535
147625,"Motilal Oswal Nifty 500 Index Fund - Direct Plan",2025-11-25,27.4691
148945,"SBI Nifty Next 50 Index Fund - Direct Plan - Growth",2025-11-25,18.8314
149936,"Axis Nifty Midcap 50 Index Fund - Direct Plan - Growth Option",2025-11-25,20.8831
150738,"Tata Nifty Midcap 150 Momentum 50 Index Fund - Growth - Direct Plan",2025-11-25,18.5083
150892,"Edelweiss Nifty Smallcap 250 Index Fund - Direct Plan - Growth",2025-11-25,17.2927
151781,"Kotak Nifty 200 Momentum 30 Index Fund - Direct Plan - Growth Option",2025-11-25,15.132
153219,"DSP BSE SENSEX Next 30 Index Fund - Direct - Growth",2025-11-25,11.4512
153272,"UTI Nifty Midsmallcap 400 Momentum Quality 100 Index Fund - Direct Plan - Growth Option",2025-11-25,11.162
153470,"Nippon India Nifty 500 Quality 50 Index Fund - Direct Plan - Growth Option",2025-11-25,10.6686
118482,"BANDHAN Nifty 50 Index Fund-Direct Plan-Growth",2025-11-26,58.247
147625,"Motilal Oswal Nifty 500 Index Fund - Direct Plan",2025-11-26,27.8175
148945,"SBI Nifty Next 50 Index Fund - Direct Plan - Growth",2025-11-26,19.1165
149936,"Axis Nifty Midcap 50 Index Fund - Direct Plan - Growth Option",2025-11-26,21.1677
150738,"Tata Nifty Midcap 150 Momentum 50 Index Fund - Growth - Direct Plan",2025-11-26,18.7695
150892,"Edelweiss Nifty Smallcap 250 Index Fund - Direct Plan - Growth",2025-11-26,17.4962
151781,"Kotak Nifty 200 Momentum 30 Index Fund - Direct Plan - Growth Option",2025-11-26,15.351
153219,"DSP BSE SENSEX Next 30 Index Fund - Direct - Growth",2025-11-26,11.6233
153272,"UTI Nifty Midsmallcap 400 Momentum Quality 100 Index Fund - Direct Plan - Growth Option",2025-11-26,11.3029
153470,"Nippon India Nifty 500 Quality 50 Index Fund - Direct Plan - Growth Option",2025-11-26,10.7923
118482,"BANDHAN Nifty 50 Index Fund-Direct Plan-Growth",2025-11-27,58.2697
147625,"Motilal Oswal Nifty 500 Index Fund - Direct Plan",2025-11-27,27.8088
148945,"SBI Nifty Next 50 Index Fund - Direct Plan - Growth",2025-11-27,19.0833
149936,"Axis Nifty Midcap 50 Index Fund - Direct Plan - Growth Option",2025-11-27,21.201
150738,"Tata Nifty Midcap 150 Momentum 50 Index Fund - Growth - Direct Plan",2025-11-27,18.7523
150892,"Edelweiss Nifty Smallcap 250 Index Fund - Direct Plan - Growth",2025-11-27,17.4342
151781,"Kotak Nifty 200 Momentum 30 Index Fund - Direct Plan - Growth Option",2025-11-27,15.383
153219,"DSP BSE SENSEX Next 30 Index Fund - Direct - Growth",2025-11-27,11.5877
153272,"UTI Nifty Midsmallcap 400 Momentum Quality 100 Index Fund - Direct Plan - Growth Option",2025-11-27,11.3063
153470,"Nippon India Nifty 500 Quality 50 Index Fund - Direct Plan - Growth Option",2025-11-27,10.781
118482,"BANDHAN Nifty 50 Index Fund-Direct Plan-Growth",2025-11-28,58.2414
147625,"Motilal Oswal Nifty 500 Index Fund - Direct Plan",2025-11-28,27.7918
148945,"SBI Nifty Next 50 Index Fund - Direct Plan - Growth",2025-11-28,19.1019
149936,"Axis Nifty Midcap 50 Index Fund - Direct Plan - Growth Option",2025-11-28,21.1661
150738,"Tata Nifty Midcap 150 Momentum 50 Index Fund - Growth - Direct Plan",2025-11-28,18.7452
150892,"Edelweiss Nifty Smallcap 250 Index Fund - Direct Plan - Growth",2025-11-28,17.3952
151781,"Kotak Nifty 200 Momentum 30 Index Fund - Direct Plan - Growth Option",2025-11-28,15.348
153219,"DSP BSE SENSEX Next 30 Index Fund - Direct - Growth",2025-11-28,11.5889
153272,"UTI Nifty Midsmallcap 400 Momentum Quality 100 Index Fund - Direct Plan - Growth Option",2025-11-28,11.2731
153470,"Nippon India Nifty 500 Quality 50 Index Fund - Direct Plan - Growth Option",2025-11-28,10.7529
118482,"BANDHAN Nifty 50 Index Fund-Direct Plan-Growth",2025-11-30,58.2411
148945,"SBI Nifty Next 50 Index Fund - Direct Plan - Growth",2025-11-30,19.1018
149936,"Axis Nifty Midcap 50 Index Fund - Direct Plan - Growth Option",2025-11-30,21.1658
118482,"BANDHAN Nifty 50 Index Fund-Direct Plan-Growth",2025-12-01,58.1805
147625,"Motilal Oswal Nifty 500 Index Fund - Direct Plan",2025-12-01,27.7792
148945,"SBI Nifty Next 50 Index Fund - Direct Plan - Growth",2025-12-01,19.1246
149936,"Axis Nifty Midcap 50 Index Fund - Direct Plan - Growth Option",2025-12-01,21.1654
150738,"Tata Nifty Midcap 150 Momentum 50 Index Fund - Growth - Direct Plan",2025-12-01,18.7161
150892,"Edelweiss Nifty Smallcap 250 Index Fund - Direct Plan - Growth",2025-12-01,17.4345
151781,"Kotak Nifty 200 Momentum 30 Index Fund - Direct Plan - Growth Option",2025-12-01,15.339
153219,"DSP BSE SENSEX Next 30 Index Fund - Direct - Growth",2025-12-01,11.5684
153272,"UTI Nifty Midsmallcap 400 Momentum Quality 100 Index Fund - Direct Plan - Growth Option",2025-12-01,11.2609
153470,"Nippon India Nifty 500 Quality 50 Index Fund - Direct Plan - Growth Option",2025-12-01,10.7609
118482,"BANDHAN Nifty 50 Index Fund-Direct Plan-Growth",2025-12-02,57.8612
147625,"Motilal Oswal Nifty 500 Index Fund - Direct Plan",2025-12-02,27.6675
148945,"SBI Nifty Next 50 Index Fund - Direct Plan - Growth",2025-12-02,19.1062
149936,"Axis Nifty Midcap 50 Index Fund - Direct Plan - Growth Option",2025-12-02,21.1159
150738,"Tata Nifty Midcap 150 Momentum 50 Index Fund - Growth - Direct Plan",2025-12-02,18.6459
150892,"Edelweiss Nifty Smallcap 250 Index Fund - Direct Plan - Growth",2025-12-02,17.3573
151781,"Kotak Nifty 200 Momentum 30 Index Fund - Direct Plan - Growth Option",2025-12-02,15.259
153219,"DSP BSE SENSEX Next 30 Index Fund - Direct - Growth",2025-12-02,11.5394
153272,"UTI Nifty Midsmallcap 400 Momentum Quality 100 Index Fund - Direct Plan - Growth Option",2025-12-02,11.2145
153470,"Nippon India Nifty 500 Quality 50 Index Fund - Direct Plan - Growth Option",2025-12-02,10.749
118482,"BANDHAN Nifty 50 Index Fund-Direct Plan-Growth",2025-12-03,57.7582
147625,"Motilal Oswal Nifty 500 Index Fund - Direct Plan",2025-12-03,27.544
148945,"SBI Nifty Next 50 Index Fund - Direct Plan - Growth",2025-12-03,18.8979
149936,"Axis Nifty Midcap 50 Index Fund - Direct Plan - Growth Option",2025-12-03,20.9138
150738,"Tata Nifty Midcap 150 Momentum 50 Index Fund - Growth - Direct Plan",2025-12-03,18.3876
150892,"Edelweiss Nifty Smallcap 250 Index Fund - Direct Plan - Growth",2025-12-03,17.2804
151781,"Kotak Nifty 200 Momentum 30 Index Fund - Direct Plan - Growth Option",2025-12-03,15.094
153219,"DSP BSE SENSEX Next 30 Index Fund - Direct - Growth",2025-12-03,11.4308
153272,"UTI Nifty Midsmallcap 400 Momentum Quality 100 Index Fund - Direct Plan - Growth Option",2025-12-03,11.0925
153470,"Nippon India Nifty 500 Quality 50 Index Fund - Direct Plan - Growth Option",2025-12-03,10.6772
118482,"BANDHAN Nifty 50 Index Fund-Direct Plan-Growth",2025-12-04,57.8642
147625,"Motilal Oswal Nifty 500 Index Fund - Direct Plan",2025-12-04,27.5727
148945,"SBI Nifty Next 50 Index Fund - Direct Plan - Growth",2025-12-04,18.9419
149936,"Axis Nifty Midcap 50 Index Fund - Direct Plan - Growth Option",2025-12-04,20.9569
150738,"Tata Nifty Midcap 150 Momentum 50 Index Fund - Growth - Direct Plan",2025-12-04,18.3506
150892,"Edelweiss Nifty Smallcap 250 Index Fund - Direct Plan - Growth",2025-12-04,17.2392
151781,"Kotak Nifty 200 Momentum 30 Index Fund - Direct Plan - Growth Option",2025-12-04,15.132
153219,"DSP BSE SENSEX Next 30 Index Fund - Direct - Growth",2025-12-04,11.4646
153272,"UTI Nifty Midsmallcap 400 Momentum Quality 100 Index Fund - Direct Plan - Growth Option",2025-12-04,11.0962
153470,"Nippon India Nifty 500 Quality 50 Index Fund - Direct Plan - Growth Option",2025-12-04,10.7162
118482,"BANDHAN Nifty 50 Index Fund-Direct Plan-Growth",2025-12-05,58.2033
147625,"Motilal Oswal Nifty 500 Index Fund - Direct Plan",2025-12-05,27.6817
148945,"SBI Nifty Next 50 Index Fund - Direct Plan - Growth",2025-12-05,18.983
149936,"Axis Nifty Midcap 50 Index Fund - Direct Plan - Growth Option",2025-12-05,21.1147
150738,"Tata Nifty Midcap 150 Momentum 50 Index Fund - Growth - Direct Plan",2025-12-05,18.4897
150892,"Edelweiss Nifty Smallcap 250 Index Fund - Direct Plan - Growth",2025-12-05,17.153
151781,"Kotak Nifty 200 Momentum 30 Index Fund - Direct Plan - Growth Option",2025-12-05,15.256
153219,"DSP BSE SENSEX Next 30 Index Fund - Direct - Growth",2025-12-05,11.5302
153272,"UTI Nifty Midsmallcap 400 Momentum Quality 100 Index Fund - Direct Plan - Growth Option",2025-12-05,11.1115
153470,"Nippon India Nifty 500 Quality 50 Index Fund - Direct Plan - Growth Option",2025-12-05,10.7346
118482,"BANDHAN Nifty 50 Index Fund-Direct Plan-Growth",2025-12-08,57.7008
147625,"Motilal Oswal Nifty 500 Index Fund - Direct Plan",2025-12-08,27.3227
148945,"SBI Nifty Next 50 Index Fund - Direct Plan - Growth",2025-12-08,18.5938
149936,"Axis Nifty Midcap 50 Index Fund - Direct Plan - Growth Option",2025-12-08,20.7544
150738,"Tata Nifty Midcap 150 Momentum 50 Index Fund - Growth - Direct Plan",2025-12-08,18.2214
150892,"Edelweiss Nifty Smallcap 250 Index Fund - Direct Plan - Growth",2025-12-08,16.7629
151781,"Kotak Nifty 200 Momentum 30 Index Fund - Direct Plan - Growth Option",2025-12-08,14.99
153219,"DSP BSE SENSEX Next 30 Index Fund - Direct - Growth",2025-12-08,11.3023
153272,"UTI Nifty Midsmallcap 400 Momentum Quality 100 Index Fund - Direct Plan - Growth Option",2025-12-08,10.9126
153470,"Nippon India Nifty 500 Quality 50 Index Fund - Direct Plan - Growth Option",2025-12-08,10.5217
118482,"BANDHAN Nifty 50 Index Fund-Direct Plan-Growth",2025-12-09,57.4319
147625,"Motilal Oswal Nifty 500 Index Fund - Direct Plan",2025-12-09,27.3111
148945,"SBI Nifty Next 50 Index Fund - Direct Plan - Growth",2025-12-09,18.7047
149936,"Axis Nifty Midcap 50 Index Fund - Direct Plan - Growth Option",2025-12-09,20.784
150738,"Tata Nifty Midcap 150 Momentum 50 Index Fund - Growth - Direct Plan",2025-12-09,18.2315
150892,"Edelweiss Nifty Smallcap 250 Index Fund - Direct Plan - Growth",2025-12-09,16.9329
151781,"Kotak Nifty 200 Momentum 30 Index Fund - Direct Plan - Growth Option",2025-12-09,14.942
153219,"DSP BSE SENSEX Next 30 Index Fund - Direct - Growth",2025-12-09,11.2976
153272,"UTI Nifty Midsmallcap 400 Momentum Quality 100 Index Fund - Direct Plan - Growth Option",2025-12-09,10.9186
153470,"Nippon India Nifty 500 Quality 50 Index Fund - Direct Plan - Growth Option",2025-12-09,10.54
118482,"BANDHAN Nifty 50 Index Fund-Direct Plan-Growth",2025-12-10,57.2502
147625,"Motilal Oswal Nifty 500 Index Fund - Direct Plan",2025-12-10,27.1861
148945,"SBI Nifty Next 50 Index Fund - Direct Plan - Growth",2025-12-10,18.6681
149936,"Axis Nifty Midcap 50 Index Fund - Direct Plan - Growth Option",2025-12-10,20.5518
150738,"Tata Nifty Midcap 150 Momentum 50 Index Fund - Growth - Direct Plan",2025-12-10,18.0103
150892,"Edelweiss Nifty Smallcap 250 Index Fund - Direct Plan - Growth",2025-12-10,16.8129
151781,"Kotak Nifty 200 Momentum 30 Index Fund - Direct Plan - Growth Option",2025-12-10,14.791
153219,"DSP BSE SENSEX Next 30 Index Fund - Direct - Growth",2025-12-10,11.2808
153272,"UTI Nifty Midsmallcap 400 Momentum Quality 100 Index Fund - Direct Plan - Growth Option",2025-12-10,10.7727
153470,"Nippon India Nifty 500 Quality 50 Index Fund - Direct Plan - Growth Option",2025-12-10,10.4563
118482,"BANDHAN Nifty 50 Index Fund-Direct Plan-Growth",2025-12-11,57.5624
147625,"Motilal Oswal Nifty 500 Index Fund - Direct Plan",2025-12-11,27.3509
148945,"SBI Nifty Next 50 Index Fund - Direct Plan - Growth",2025-12-11,18.7693
149936,"Axis Nifty Midcap 50 Index Fund - Direct Plan - Growth Option",2025-12-11,20.7589
150738,"Tata Nifty Midcap 150 Momentum 50 Index Fund - Growth - Direct Plan",2025-12-11,18.179
150892,"Edelweiss Nifty Smallcap 250 Index Fund - Direct Plan - Growth",2025-12-11,16.9097
151781,"Kotak Nifty 200 Momentum 30 Index Fund - Direct Plan - Growth Option",2025-12-11,14.903
153219,"DSP BSE SENSEX Next 30 Index Fund - Direct - Growth",2025-12-11,11.3708
153272,"UTI Nifty Midsmallcap 400 Momentum Quality 100 Index Fund - Direct Plan - Growth Option",2025-12-11,10.8993
153470,"Nippon India Nifty 500 Quality 50 Index Fund - Direct Plan - Growth Option",2025-12-11,10.5462
118482,"BANDHAN Nifty 50 Index Fund-Direct Plan-Growth",2025-12-12,57.892
147625,"Motilal Oswal Nifty 500 Index Fund - Direct Plan",2025-12-12,27.5544
148945,"SBI Nifty Next 50 Index Fund - Direct Plan - Growth",2025-12-12,18.9267
149936,"Axis Nifty Midcap 50 Index Fund - Direct Plan - Growth Option",2025-12-12,20.9844
150738,"Tata Nifty Midcap 150 Momentum 50 Index Fund - Growth - Direct Plan",2025-12-12,18.3541
150892,"Edelweiss Nifty Smallcap 250 Index Fund - Direct Plan - Growth",2025-12-12,17.0508
151781,"Kotak Nifty 200 Momentum 30 Index Fund - Direct Plan - Growth Option",2025-12-12,15.014
153219,"DSP BSE SENSEX Next 30 Index Fund - Direct - Growth",2025-12-12,11.4531
153272,"UTI Nifty Midsmallcap 400 Momentum Quality 100 Index Fund - Direct Plan - Growth Option",2025-12-12,10.9931
153470,"Nippon India Nifty 500 Quality 50 Index Fund - Direct Plan - Growth Option",2025-12-12,10.6243
118482,"BANDHAN Nifty 50 Index Fund-Direct Plan-Growth",2025-12-15,57.8478
147625,"Motilal Oswal Nifty 500 Index Fund - Direct Plan",2025-12-15,27.5528
148945,"SBI Nifty Next 50 Index Fund - Direct Plan - Growth",2025-12-15,18.9573
149936,"Axis Nifty Midcap 50 Index Fund - Direct Plan - Growth Option",2025-12-15,20.9676
150738,"Tata Nifty Midcap 150 Momentum 50 Index Fund - Growth - Direct Plan",2025-12-15,18.3213
150892,"Edelweiss Nifty Smallcap 250 Index Fund - Direct Plan - Growth",2025-12-15,17.1115
151781,"Kotak Nifty 200 Momentum 30 Index Fund - Direct Plan - Growth Option",2025-12-15,14.978
153219,"DSP BSE SENSEX Next 30 Index Fund - Direct - Growth",2025-12-15,11.4468
153272,"UTI Nifty Midsmallcap 400 Momentum Quality 100 Index Fund - Direct Plan - Growth Option",2025-12-15,10.9745
153470,"Nippon India Nifty 500 Quality 50 Index Fund - Direct Plan - Growth Option",2025-12-15,10.6384
118482,"BANDHAN Nifty 50 Index Fund-Direct Plan-Growth",2025-12-16,57.4762
147625,"Motilal Oswal Nifty 500 Index Fund - Direct Plan",2025-12-16,27.3726
148945,"SBI Nifty Next 50 Index Fund - Direct Plan - Growth",2025-12-16,18.8784
149936,"Axis Nifty Midcap 50 Index Fund - Direct Plan - Growth Option",2025-12-16,20.7881
150738,"Tata Nifty Midcap 150 Momentum 50 Index Fund - Growth - Direct Plan",2025-12-16,18.1469
150892,"Edelweiss Nifty Smallcap 250 Index Fund - Direct Plan - Growth",2025-12-16,16.9792
151781,"Kotak Nifty 200 Momentum 30 Index Fund - Direct Plan - Growth Option",2025-12-16,14.873
153219,"DSP BSE SENSEX Next 30 Index Fund - Direct - Growth",2025-12-16,11.3835
153272,"UTI Nifty Midsmallcap 400 Momentum Quality 100 Index Fund - Direct Plan - Growth Option",2025-12-16,10.8814
153470,"Nippon India Nifty 500 Quality 50 Index Fund - Direct Plan - Growth Option",2025-12-16,10.5773
118482,"BANDHAN Nifty 50 Index Fund-Direct Plan-Growth",2025-12-17,57.3836
147625,"Motilal Oswal Nifty 500 Index Fund - Direct Plan",2025-12-17,27.2865
148945,"SBI Nifty Next 50 Index Fund - Direct Plan - Growth",2025-12-17,18.8064
149936,"Axis Nifty Midcap 50 Index Fund - Direct Plan - Growth Option",2025-12-17,20.6578
150738,"Tata Nifty Midcap 150 Momentum 50 Index Fund - Growth - Direct Plan",2025-12-17,18.0252
150892,"Edelweiss Nifty Smallcap 250 Index Fund - Direct Plan - Growth",2025-12-17,16.8572
151781,"Kotak Nifty 200 Momentum 30 Index Fund - Direct Plan - Growth Option",2025-12-17,14.756
153219,"DSP BSE SENSEX Next 30 Index Fund - Direct - Growth",2025-12-17,11.3534
153272,"UTI Nifty Midsmallcap 400 Momentum Quality 100 Index Fund - Direct Plan - Growth Option",2025-12-17,10.795
153470,"Nippon India Nifty 500 Quality 50 Index Fund - Direct Plan - Growth Option",2025-12-17,10.492
118482,"BANDHAN Nifty 50 Index Fund-Direct Plan-Growth",2025-12-18,57.3767
147625,"Motilal Oswal Nifty 500 Index Fund - Direct Plan",2025-12-18,27.2811
148945,"SBI Nifty Next 50 Index Fund - Direct Plan - Growth",2025-12-18,18.7381
149936,"Axis Nifty Midcap 50 Index Fund - Direct Plan - Growth Option",2025-12-18,20.7609
150738,"Tata Nifty Midcap 150 Momentum 50 Index Fund - Growth - Direct Plan",2025-12-18,18.1128
150892,"Edelweiss Nifty Smallcap 250 Index Fund - Direct Plan - Growth",2025-12-18,16.8379
151781,"Kotak Nifty 200 Momentum 30 Index Fund - Direct Plan - Growth Option",2025-12-18,14.81
153219,"DSP BSE SENSEX Next 30 Index Fund - Direct - Growth",2025-12-18,11.3982
153272,"UTI Nifty Midsmallcap 400 Momentum Quality 100 Index Fund - Direct Plan - Growth Option",2025-12-18,10.833
153470,"Nippon India Nifty 500 Quality 50 Index Fund - Direct Plan - Growth Option",2025-12-18,10.4911
118482,"BANDHAN Nifty 50 Index Fund-Direct Plan-Growth",2025-12-19,57.7118
147625,"Motilal Oswal Nifty 500 Index Fund - Direct Plan",2025-12-19,27.497
148945,"SBI Nifty Next 50 Index Fund - Direct Plan - Growth",2025-12-19,18.8894
149936,"Axis Nifty Midcap 50 Index Fund - Direct Plan - Growth Option",2025-12-19,20.9716
150738,"Tata Nifty Midcap 150 Momentum 50 Index Fund - Growth - Direct Plan",2025-12-19,18.3175
150892,"Edelweiss Nifty Smallcap 250 Index Fund - Direct Plan - Growth",2025-12-19,17.0624
151781,"Kotak Nifty 200 Momentum 30 Index Fund - Direct Plan - Growth Option",2025-12-19,14.938
153219,"DSP BSE SENSEX Next 30 Index Fund - Direct - Growth",2025-12-19,11.5028
153272,"UTI Nifty Midsmallcap 400 Momentum Quality 100 Index Fund - Direct Plan - Growth Option",2025-12-19,10.9528
153470,"Nippon India Nifty 500 Quality 50 Index Fund - Direct Plan - Growth Option",2025-12-19,10.5857
118482,"BANDHAN Nifty 50 Index Fund-Direct Plan-Growth",2025-12-22,58.169
147625,"Motilal Oswal Nifty 500 Index Fund - Direct Plan",2025-12-22,27.7174
148945,"SBI Nifty Next 50 Index Fund - Direct Plan - Growth",2025-12-22,19.017
149936,"Axis Nifty Midcap 50 Index Fund - Direct Plan - Growth Option",2025-12-22,21.1314
150738,"Tata Nifty Midcap 150 Momentum 50 Index Fund - Growth - Direct Plan",2025-12-22,18.5194
150892,"Edelweiss Nifty Smallcap 250 Index Fund - Direct Plan - Growth",2025-12-22,17.2258
151781,"Kotak Nifty 200 Momentum 30 Index Fund - Direct Plan - Growth Option",2025-12-22,15.038
153219,"DSP BSE SENSEX Next 30 Index Fund - Direct - Growth",2025-12-22,11.6156
153272,"UTI Nifty Midsmallcap 400 Momentum Quality 100 Index Fund - Direct Plan - Growth Option",2025-12-22,11.0975
153470,"Nippon India Nifty 500 Quality 50 Index Fund - Direct Plan - Growth Option",2025-12-22,10.7044
118482,"BANDHAN Nifty 50 Index Fund-Direct Plan-Growth",2025-12-23,58.1794
147625,"Motilal Oswal Nifty 500 Index Fund - Direct Plan",2025-12-23,27.7492
148945,"SBI Nifty Next 50 Index Fund - Direct Plan - Growth",2025-12-23,19.087
149936,"Axis Nifty Midcap 50 Index Fund - Direct Plan - Growth Option",2025-12-23,21.1208
150738,"Tata Nifty Midcap 150 Momentum 50 Index Fund - Growth - Direct Plan",2025-12-23,18.5171
150892,"Edelweiss Nifty Smallcap 250 Index Fund - Direct Plan - Growth",2025-12-23,17.2977
151781,"Kotak Nifty 200 Momentum 30 Index Fund - Direct Plan - Growth Option",2025-12-23,15.039
153219,"DSP BSE SENSEX Next 30 Index Fund - Direct - Growth",2025-12-23,11.6491
153272,"UTI Nifty Midsmallcap 400 Momentum Quality 100 Index Fund - Direct Plan - Growth Option",2025-12-23,11.0787
153470,"Nippon India Nifty 500 Quality 50 Index Fund - Direct Plan - Growth Option",2025-12-23,10.716
118482,"BANDHAN Nifty 50 Index Fund-Direct Plan-Growth",2025-12-24,58.1014
147625,"Motilal Oswal Nifty 500 Index Fund - Direct Plan",2025-12-24,27.6969
148945,"SBI Nifty Next 50 Index Fund - Direct Plan - Growth",2025-12-24,19.0484
149936,"Axis Nifty Midcap 50 Index Fund - Direct Plan - Growth Option",2025-12-24,20.9494
150738,"Tata Nifty Midcap 150 Momentum 50 Index Fund - Growth - Direct Plan",2025-12-24,18.4258
150892,"Edelweiss Nifty Smallcap 250 Index Fund - Direct Plan - Growth",2025-12-24,17.3078
151781,"Kotak Nifty 200 Momentum 30 Index Fund - Direct Plan - Growth Option",2025-12-24,14.979
153219,"DSP BSE SENSEX Next 30 Index Fund - Direct - Growth",2025-12-24,11.6452
153272,"UTI Nifty Midsmallcap 400 Momentum Quality 100 Index Fund - Direct Plan - Growth Option",2025-12-24,11.0206
153470,"Nippon India Nifty 500 Quality 50 Index Fund - Direct Plan - Growth Option",2025-12-24,10.6715
118482,"BANDHAN Nifty 50 Index Fund-Direct Plan-Growth",2025-12-26,57.8776
147625,"Motilal Oswal Nifty 500 Index Fund - Direct Plan",2025-12-26,27.6155
148945,"SBI Nifty Next 50 Index Fund - Direct Plan - Growth",2025-12-26,19.049
149936,"Axis Nifty Midcap 50 Index Fund - Direct Plan - Growth Option",2025-12-26,20.8703
150738,"Tata Nifty Midcap 150 Momentum 50 Index Fund - Growth - Direct Plan",2025-12-26,18.3561
150892,"Edelweiss Nifty Smallcap 250 Index Fund - Direct Plan - Growth",2025-12-26,17.2756
151781,"Kotak Nifty 200 Momentum 30 Index Fund - Direct Plan - Growth Option",2025-12-26,14.887
153219,"DSP BSE SENSEX Next 30 Index Fund - Direct - Growth",2025-12-26,11.6302
153272,"UTI Nifty Midsmallcap 400 Momentum Quality 100 Index Fund - Direct Plan - Growth Option",2025-12-26,10.9554
153470,"Nippon India Nifty 500 Quality 50 Index Fund - Direct Plan - Growth Option",2025-12-26,10.6123
118482,"BANDHAN Nifty 50 Index Fund-Direct Plan-Growth",2025-12-29,57.6547
147625,"Motilal Oswal Nifty 500 Index Fund - Direct Plan",2025-12-29,27.5014
148945,"SBI Nifty Next 50 Index Fund - Direct Plan - Growth",2025-12-29,18.9597
149936,"Axis Nifty Midcap 50 Index Fund - Direct Plan - Growth Option",2025-12-29,20.7651
150738,"Tata Nifty Midcap 150 Momentum 50 Index Fund - Growth - Direct Plan",2025-12-29,18.2883
150892,"Edelweiss Nifty Smallcap 250 Index Fund - Direct Plan - Growth",2025-12-29,17.1835
151781,"Kotak Nifty 200 Momentum 30 Index Fund - Direct Plan - Growth Option",2025-12-29,14.794
153219,"DSP BSE SENSEX Next 30 Index Fund - Direct - Growth",2025-12-29,11.5848
153272,"UTI Nifty Midsmallcap 400 Momentum Quality 100 Index Fund - Direct Plan - Growth Option",2025-12-29,10.8967
153470,"Nippon India Nifty 500 Quality 50 Index Fund - Direct Plan - Growth Option",2025-12-29,10.5552
118482,"BANDHAN Nifty 50 Index Fund-Direct Plan-Growth",2025-12-30,57.647
147625,"Motilal Oswal Nifty 500 Index Fund - Direct Plan",2025-12-30,27.4852
148945,"SBI Nifty Next 50 Index Fund - Direct Plan - Growth",2025-12-30,18.9672
149936,"Axis Nifty Midcap 50 Index Fund - Direct Plan - Growth Option",2025-12-30,20.7187
150738,"Tata Nifty Midcap 150 Momentum 50 Index Fund - Growth - Direct Plan",2025-12-30,18.0363
150892,"Edelweiss Nifty Smallcap 250 Index Fund - Direct Plan - Growth",2025-12-30,17.147
151781,"Kotak Nifty 200 Momentum 30 Index Fund - Direct Plan - Growth Option",2025-12-30,14.707
153219,"DSP BSE SENSEX Next 30 Index Fund - Direct - Growth",2025-12-30,11.6024
153272,"UTI Nifty Midsmallcap 400 Momentum Quality 100 Index Fund - Direct Plan - Growth Option",2025-12-30,10.7785
153470,"Nippon India Nifty 500 Quality 50 Index Fund - Direct Plan - Growth Option",2025-12-30,10.4637
118482,"BANDHAN Nifty 50 Index Fund-Direct Plan-Growth",2025-12-31,58.0705
147625,"Motilal Oswal Nifty 500 Index Fund - Direct Plan",2025-12-31,27.7202
148945,"SBI Nifty Next 50 Index Fund - Direct Plan - Growth",2025-12-31,19.1594
149936,"Axis Nifty Midcap 50 Index Fund - Direct Plan - Growth Option",2025-12-31,20.9549
150738,"Tata Nifty Midcap 150 Momentum 50 Index Fund - Growth - Direct Plan",2025-12-31,18.2069
150892,"Edelweiss Nifty Smallcap 250 Index Fund - Direct Plan - Growth",2025-12-31,17.3471
151781,"Kotak Nifty 200 Momentum 30 Index Fund - Direct Plan - Growth Option",2025-12-31,14.848
153219,"DSP BSE SENSEX Next 30 Index Fund - Direct - Growth",2025-12-31,11.7276
153272,"UTI Nifty Midsmallcap 400 Momentum Quality 100 Index Fund - Direct Plan - Growth Option",2025-12-31,10.8871
153470,"Nippon India Nifty 500 Quality 50 Index Fund - Direct Plan - Growth Option",2025-12-31,10.5613
118482,"BANDHAN Nifty 50 Index Fund-Direct Plan-Growth",2026-01-01,58.1079
147625,"Motilal Oswal Nifty 500 Index Fund - Direct Plan",2026-01-01,27.7643
148945,"SBI Nifty Next 50 Index Fund - Direct Plan - Growth",2026-01-01,19.2452
149936,"Axis Nifty Midcap 50 Index Fund - Direct Plan - Growth Option",2026-01-01,21.0622
150738,"Tata Nifty Midcap 150 Momentum 50 Index Fund - Growth - Direct Plan",2026-01-01,18.3158
150892,"Edelweiss Nifty Smallcap 250 Index Fund - Direct Plan - Growth",2026-01-01,17.3295
151781,"Kotak Nifty 200 Momentum 30 Index Fund - Direct Plan - Growth Option",2026-01-01,14.929
153219,"DSP BSE SENSEX Next 30 Index Fund - Direct - Growth",2026-01-01,11.7786
153272,"UTI Nifty Midsmallcap 400 Momentum Quality 100 Index Fund - Direct Plan - Growth Option",2026-01-01,10.8949
153470,"Nippon India Nifty 500 Quality 50 Index Fund - Direct Plan - Growth Option",2026-01-01,10.5578
118482,"BANDHAN Nifty 50 Index Fund-Direct Plan-Growth",2026-01-02,58.512
147625,"Motilal Oswal Nifty 500 Index Fund - Direct Plan",2026-01-02,27.9835
148945,"SBI Nifty Next 50 Index Fund - Direct Plan - Growth",2026-01-02,19.4499
149936,"Axis Nifty Midcap 50 Index Fund - Direct Plan - Growth Option",2026-01-02,21.2592
150738,"Tata Nifty Midcap 150 Momentum 50 Index Fund - Growth - Direct Plan",2026-01-02,18.4479
150892,"Edelweiss Nifty Smallcap 250 Index Fund - Direct Plan - Growth",2026-01-02,17.4618
151781,"Kotak Nifty 200 Momentum 30 Index Fund - Direct Plan - Growth Option",2026-01-02,15.072
153219,"DSP BSE SENSEX Next 30 Index Fund - Direct - Growth",2026-01-02,11.9077
153272,"UTI Nifty Midsmallcap 400 Momentum Quality 100 Index Fund - Direct Plan - Growth Option",2026-01-02,10.976
153470,"Nippon India Nifty 500 Quality 50 Index Fund - Direct Plan - Growth Option",2026-01-02,10.6588
118482,"BANDHAN Nifty 50 Index Fund-Direct Plan-Growth",2026-01-05,58.3376
147625,"Motilal Oswal Nifty 500 Index Fund - Direct Plan",2026-01-05,27.9362
148945,"SBI Nifty Next 50 Index Fund - Direct Plan - Growth",2026-01-05,19.4486
149936,"Axis Nifty Midcap 50 Index Fund - Direct Plan - Growth Option",2026-01-05,21.2304
150738,"Tata Nifty Midcap 150 Momentum 50 Index Fund - Growth - Direct Plan",2026-01-05,18.4476
150892,"Edelweiss Nifty Smallcap 250 Index Fund - Direct Plan - Growth",2026-01-05,17.5111
151781,"Kotak Nifty 200 Momentum 30 Index Fund - Direct Plan - Growth Option",2026-01-05,15.119
153219,"DSP BSE SENSEX Next 30 Index Fund - Direct - Growth",2026-01-05,11.9154
153272,"UTI Nifty Midsmallcap 400 Momentum Quality 100 Index Fund - Direct Plan - Growth Option",2026-01-05,10.9773
153470,"Nippon India Nifty 500 Quality 50 Index Fund - Direct Plan - Growth Option",2026-01-05,10.6673
118482,"BANDHAN Nifty 50 Index Fund-Direct Plan-Growth",2026-01-06,58.178
147625,"Motilal Oswal Nifty 500 Index Fund - Direct Plan",2026-01-06,27.8803
148945,"SBI Nifty Next 50 Index Fund - Direct Plan - Growth",2026-01-06,19.5005
149936,"Axis Nifty Midcap 50 Index Fund - Direct Plan - Growth Option",2026-01-06,21.2169
150738,"Tata Nifty Midcap 150 Momentum 50 Index Fund - Growth - Direct Plan",2026-01-06,18.4133
150892,"Edelweiss Nifty Smallcap 250 Index Fund - Direct Plan - Growth",2026-01-06,17.4573
151781,"Kotak Nifty 200 Momentum 30 Index Fund - Direct Plan - Growth Option",2026-01-06,15.139
153219,"DSP BSE SENSEX Next 30 Index Fund - Direct - Growth",2026-01-06,11.9941
153272,"UTI Nifty Midsmallcap 400 Momentum Quality 100 Index Fund - Direct Plan - Growth Option",2026-01-06,10.9774
153470,"Nippon India Nifty 500 Quality 50 Index Fund - Direct Plan - Growth Option",2026-01-06,10.6854
118482,"BANDHAN Nifty 50 Index Fund-Direct Plan-Growth",2026-01-07,58.0935
147625,"Motilal Oswal Nifty 500 Index Fund - Direct Plan",2026-01-07,27.8873
148945,"SBI Nifty Next 50 Index Fund - Direct Plan - Growth",2026-01-07,19.5248
149936,"Axis Nifty Midcap 50 Index Fund - Direct Plan - Growth Option",2026-01-07,21.293
150738,"Tata Nifty Midcap 150 Momentum 50 Index Fund - Growth - Direct Plan",2026-01-07,18.4591
150892,"Edelweiss Nifty Smallcap 250 Index Fund - Direct Plan - Growth",2026-01-07,17.4826
151781,"Kotak Nifty 200 Momentum 30 Index Fund - Direct Plan - Growth Option",2026-01-07,15.061
153219,"DSP BSE SENSEX Next 30 Index Fund - Direct - Growth",2026-01-07,11.9771
153272,"UTI Nifty Midsmallcap 400 Momentum Quality 100 Index Fund - Direct Plan - Growth Option",2026-01-07,11.0604
153470,"Nippon India Nifty 500 Quality 50 Index Fund - Direct Plan - Growth Option",2026-01-07,10.8029
118482,"BANDHAN Nifty 50 Index Fund-Direct Plan-Growth",2026-01-08,57.507
147625,"Motilal Oswal Nifty 500 Index Fund - Direct Plan",2026-01-08,27.4983
148945,"SBI Nifty Next 50 Index Fund - Direct Plan - Growth",2026-01-08,19.1118
149936,"Axis Nifty Midcap 50 Index Fund - Direct Plan - Growth Option",2026-01-08,20.9065
150738,"Tata Nifty Midcap 150 Momentum 50 Index Fund - Growth - Direct Plan",2026-01-08,18.1133
150892,"Edelweiss Nifty Smallcap 250 Index Fund - Direct Plan - Growth",2026-01-08,17.1433
151781,"Kotak Nifty 200 Momentum 30 Index Fund - Direct Plan - Growth Option",2026-01-08,14.863
153219,"DSP BSE SENSEX Next 30 Index Fund - Direct - Growth",2026-01-08,11.7724
153272,"UTI Nifty Midsmallcap 400 Momentum Quality 100 Index Fund - Direct Plan - Growth Option",2026-01-08,10.8306
153470,"Nippon India Nifty 500 Quality 50 Index Fund - Direct Plan - Growth Option",2026-01-08,10.594
118482,"BANDHAN Nifty 50 Index Fund-Direct Plan-Growth",2026-01-09,57.0766
147625,"Motilal Oswal Nifty 500 Index Fund - Direct Plan",2026-01-09,27.2512
148945,"SBI Nifty Next 50 Index Fund - Direct Plan - Growth",2026-01-09,18.9173
149936,"Axis Nifty Midcap 50 Index Fund - Direct Plan - Growth Option",2026-01-09,20.7622
150738,"Tata Nifty Midcap 150 Momentum 50 Index Fund - Growth - Direct Plan",2026-01-09,17.9535
150892,"Edelweiss Nifty Smallcap 250 Index Fund - Direct Plan - Growth",2026-01-09,16.8527
151781,"Kotak Nifty 200 Momentum 30 Index Fund - Direct Plan - Growth Option",2026-01-09,14.742
153219,"DSP BSE SENSEX Next 30 Index Fund - Direct - Growth",2026-01-09,11.6628
153272,"UTI Nifty Midsmallcap 400 Momentum Quality 100 Index Fund - Direct Plan - Growth Option",2026-01-09,10.7061
153470,"Nippon India Nifty 500 Quality 50 Index Fund - Direct Plan - Growth Option",2026-01-09,10.4633
118482,"BANDHAN Nifty 50 Index Fund-Direct Plan-Growth",2026-01-12,57.3138
147625,"Motilal Oswal Nifty 500 Index Fund - Direct Plan",2026-01-12,27.3008
148945,"SBI Nifty Next 50 Index Fund - Direct Plan - Growth",2026-01-12,18.974
149936,"Axis Nifty Midcap 50 Index Fund - Direct Plan - Growth Option",2026-01-12,20.7484
150738,"Tata Nifty Midcap 150 Momentum 50 Index Fund - Growth - Direct Plan",2026-01-12,17.898
150892,"Edelweiss Nifty Smallcap 250 Index Fund - Direct Plan - Growth",2026-01-12,16.7401
151781,"Kotak Nifty 200 Momentum 30 Index Fund - Direct Plan - Growth Option",2026-01-12,14.788
153219,"DSP BSE SENSEX Next 30 Index Fund - Direct - Growth",2026-01-12,11.74
153272,"UTI Nifty Midsmallcap 400 Momentum Quality 100 Index Fund - Direct Plan - Growth Option",2026-01-12,10.6894
153470,"Nippon India Nifty 500 Quality 50 Index Fund - Direct Plan - Growth Option",2026-01-12,10.4662
118482,"BANDHAN Nifty 50 Index Fund-Direct Plan-Growth",2026-01-13,57.1848
147625,"Motilal Oswal Nifty 500 Index Fund - Direct Plan",2026-01-13,27.2661
148945,"SBI Nifty Next 50 Index Fund - Direct Plan - Growth",2026-01-13,18.9249
149936,"Axis Nifty Midcap 50 Index Fund - Direct Plan - Growth Option",2026-01-13,20.686
150738,"Tata Nifty Midcap 150 Momentum 50 Index Fund - Growth - Direct Plan",2026-01-13,17.8571
150892,"Edelweiss Nifty Smallcap 250 Index Fund - Direct Plan - Growth",2026-01-13,16.8478
151781,"Kotak Nifty 200 Momentum 30 Index Fund - Direct Plan - Growth Option",2026-01-13,14.757
153219,"DSP BSE SENSEX Next 30 Index Fund - Direct - Growth",2026-01-13,11.7321
153272,"UTI Nifty Midsmallcap 400 Momentum Quality 100 Index Fund - Direct Plan - Growth Option",2026-01-13,10.708
153470,"Nippon India Nifty 500 Quality 50 Index Fund - Direct Plan - Growth Option",2026-01-13,10.4687
118482,"BANDHAN Nifty 50 Index Fund-Direct Plan-Growth",2026-01-14,57.0363
147625,"Motilal Oswal Nifty 500 Index Fund - Direct Plan",2026-01-14,27.2603
148945,"SBI Nifty Next 50 Index Fund - Direct Plan - Growth",2026-01-14,18.9978
149936,"Axis Nifty Midcap 50 Index Fund - Direct Plan - Growth Option",2026-01-14,20.7104
150738,"Tata Nifty Midcap 150 Momentum 50 Index Fund - Growth - Direct Plan",2026-01-14,17.9374
150892,"Edelweiss Nifty Smallcap 250 Index Fund - Direct Plan - Growth",2026-01-14,16.9291
151781,"Kotak Nifty 200 Momentum 30 Index Fund - Direct Plan - Growth Option",2026-01-14,14.762
153219,"DSP BSE SENSEX Next 30 Index Fund - Direct - Growth",2026-01-14,11.7655
153272,"UTI Nifty Midsmallcap 400 Momentum Quality 100 Index Fund - Direct Plan - Growth Option",2026-01-14,10.7558
153470,"Nippon India Nifty 500 Quality 50 Index Fund - Direct Plan - Growth Option",2026-01-14,10.4674
118482,"BANDHAN Nifty 50 Index Fund-Direct Plan-Growth",2026-01-16,57.1344
147625,"Motilal Oswal Nifty 500 Index Fund - Direct Plan",2026-01-16,27.2809
148945,"SBI Nifty Next 50 Index Fund - Direct Plan - Growth",2026-01-16,19.0171
149936,"Axis Nifty Midcap 50 Index Fund - Direct Plan - Growth Option",2026-01-16,20.8219
150738,"Tata Nifty Midcap 150 Momentum 50 Index Fund - Growth - Direct Plan",2026-01-16,18.0366
150892,"Edelweiss Nifty Smallcap 250 Index Fund - Direct Plan - Growth",2026-01-16,16.8498
151781,"Kotak Nifty 200 Momentum 30 Index Fund - Direct Plan - Growth Option",2026-01-16,14.807
153219,"DSP BSE SENSEX Next 30 Index Fund - Direct - Growth",2026-01-16,11.7373
153272,"UTI Nifty Midsmallcap 400 Momentum Quality 100 Index Fund - Direct Plan - Growth Option",2026-01-16,10.7806
153470,"Nippon India Nifty 500 Quality 50 Index Fund - Direct Plan - Growth Option",2026-01-16,10.4629
118482,"BANDHAN Nifty 50 Index Fund-Direct Plan-Growth",2026-01-19,56.8921
147625,"Motilal Oswal Nifty 500 Index Fund - Direct Plan",2026-01-19,27.1511
148945,"SBI Nifty Next 50 Index Fund - Direct Plan - Growth",2026-01-19,18.9714
149936,"Axis Nifty Midcap 50 Index Fund - Direct Plan - Growth Option",2026-01-19,20.7691
150738,"Tata Nifty Midcap 150 Momentum 50 Index Fund - Growth - Direct Plan",2026-01-19,18.0496
150892,"Edelweiss Nifty Smallcap 250 Index Fund - Direct Plan - Growth",2026-01-19,16.6593
151781,"Kotak Nifty 200 Momentum 30 Index Fund - Direct Plan - Growth Option",2026-01-19,14.884
153219,"DSP BSE SENSEX Next 30 Index Fund - Direct - Growth",2026-01-19,11.6529
153272,"UTI Nifty Midsmallcap 400 Momentum Quality 100 Index Fund - Direct Plan - Growth Option",2026-01-19,10.7546
153470,"Nippon India Nifty 500 Quality 50 Index Fund - Direct Plan - Growth Option",2026-01-19,10.4432
118482,"BANDHAN Nifty 50 Index Fund-Direct Plan-Growth",2026-01-20,56.1073
147625,"Motilal Oswal Nifty 500 Index Fund - Direct Plan",2026-01-20,26.6561
148945,"SBI Nifty Next 50 Index Fund - Direct Plan - Growth",2026-01-20,18.5334
149936,"Axis Nifty Midcap 50 Index Fund - Direct Plan - Growth Option",2026-01-20,20.2022
150738,"Tata Nifty Midcap 150 Momentum 50 Index Fund - Growth - Direct Plan",2026-01-20,17.6214
150892,"Edelweiss Nifty Smallcap 250 Index Fund - Direct Plan - Growth",2026-01-20,16.2139
151781,"Kotak Nifty 200 Momentum 30 Index Fund - Direct Plan - Growth Option",2026-01-20,14.552
153219,"DSP BSE SENSEX Next 30 Index Fund - Direct - Growth",2026-01-20,11.4225
153272,"UTI Nifty Midsmallcap 400 Momentum Quality 100 Index Fund - Direct Plan - Growth Option",2026-01-20,10.5053
153470,"Nippon India Nifty 500 Quality 50 Index Fund - Direct Plan - Growth Option",2026-01-20,10.172
118482,"BANDHAN Nifty 50 Index Fund-Direct Plan-Growth",2026-01-21,55.9405
147625,"Motilal Oswal Nifty 500 Index Fund - Direct Plan",2026-01-21,26.5268
148945,"SBI Nifty Next 50 Index Fund - Direct Plan - Growth",2026-01-21,18.465
149936,"Axis Nifty Midcap 50 Index Fund - Direct Plan - Growth Option",2026-01-21,19.9808
150738,"Tata Nifty Midcap 150 Momentum 50 Index Fund - Growth - Direct Plan",2026-01-21,17.407
150892,"Edelweiss Nifty Smallcap 250 Index Fund - Direct Plan - Growth",2026-01-21,16.0941
151781,"Kotak Nifty 200 Momentum 30 Index Fund - Direct Plan - Growth Option",2026-01-21,14.465
153219,"DSP BSE SENSEX Next 30 Index Fund - Direct - Growth",2026-01-21,11.3949
153272,"UTI Nifty Midsmallcap 400 Momentum Quality 100 Index Fund - Direct Plan - Growth Option",2026-01-21,10.4268
153470,"Nippon India Nifty 500 Quality 50 Index Fund - Direct Plan - Growth Option",2026-01-21,10.1088
118482,"BANDHAN Nifty 50 Index Fund-Direct Plan-Growth",2026-01-22,56.2347
147625,"Motilal Oswal Nifty 500 Index Fund - Direct Plan",2026-01-22,26.728
148945,"SBI Nifty Next 50 Index Fund - Direct Plan - Growth",2026-01-22,18.666
149936,"Axis Nifty Midcap 50 Index Fund - Direct Plan - Growth Option",2026-01-22,20.2454
150738,"Tata Nifty Midcap 150 Momentum 50 Index Fund - Growth - Direct Plan",2026-01-22,17.6616
150892,"Edelweiss Nifty Smallcap 250 Index Fund - Direct Plan - Growth",2026-01-22,16.2397
151781,"Kotak Nifty 200 Momentum 30 Index Fund - Direct Plan - Growth Option",2026-01-22,14.605
153219,"DSP BSE SENSEX Next 30 Index Fund - Direct - Growth",2026-01-22,11.5131
153272,"UTI Nifty Midsmallcap 400 Momentum Quality 100 Index Fund - Direct Plan - Growth Option",2026-01-22,10.5606
153470,"Nippon India Nifty 500 Quality 50 Index Fund - Direct Plan - Growth Option",2026-01-22,10.2583
118482,"BANDHAN Nifty 50 Index Fund-Direct Plan-Growth",2026-01-23,55.6982
147625,"Motilal Oswal Nifty 500 Index Fund - Direct Plan",2026-01-23,26.3767
148945,"SBI Nifty Next 50 Index Fund - Direct Plan - Growth",2026-01-23,18.2987
149936,"Axis Nifty Midcap 50 Index Fund - Direct Plan - Growth Option",2026-01-23,19.8532
150738,"Tata Nifty Midcap 150 Momentum 50 Index Fund - Growth - Direct Plan",2026-01-23,17.3415
150892,"Edelweiss Nifty Smallcap 250 Index Fund - Direct Plan - Growth",2026-01-23,15.9236
151781,"Kotak Nifty 200 Momentum 30 Index Fund - Direct Plan - Growth Option",2026-01-23,14.389
153219,"DSP BSE SENSEX Next 30 Index Fund - Direct - Growth",2026-01-23,11.3789
153272,"UTI Nifty Midsmallcap 400 Momentum Quality 100 Index Fund - Direct Plan - Growth Option",2026-01-23,10.3811
153470,"Nippon India Nifty 500 Quality 50 Index Fund - Direct Plan - Growth Option",2026-01-23,10.1193
118482,"BANDHAN Nifty 50 Index Fund-Direct Plan-Growth",2026-01-27,55.9792
147625,"Motilal Oswal Nifty 500 Index Fund - Direct Plan",2026-01-27,26.5084
148945,"SBI Nifty Next 50 Index Fund - Direct Plan - Growth",2026-01-27,18.42
149936,"Axis Nifty Midcap 50 Index Fund - Direct Plan - Growth Option",2026-01-27,19.9567
150738,"Tata Nifty Midcap 150 Momentum 50 Index Fund - Growth - Direct Plan",2026-01-27,17.4761
150892,"Edelweiss Nifty Smallcap 250 Index Fund - Direct Plan - Growth",2026-01-27,15.9554
151781,"Kotak Nifty 200 Momentum 30 Index Fund - Direct Plan - Growth Option",2026-01-27,14.456
153219,"DSP BSE SENSEX Next 30 Index Fund - Direct - Growth",2026-01-27,11.5173
153272,"UTI Nifty Midsmallcap 400 Momentum Quality 100 Index Fund - Direct Plan - Growth Option",2026-01-27,10.4696
153470,"Nippon India Nifty 500 Quality 50 Index Fund - Direct Plan - Growth Option",2026-01-27,10.1575
118482,"BANDHAN Nifty 50 Index Fund-Direct Plan-Growth",2026-01-28,56.3508
147625,"Motilal Oswal Nifty 500 Index Fund - Direct Plan",2026-01-28,26.8135
148945,"SBI Nifty Next 50 Index Fund - Direct Plan - Growth",2026-01-28,18.8366
149936,"Axis Nifty Midcap 50 Index Fund - Direct Plan - Growth Option",2026-01-28,20.2854
150738,"Tata Nifty Midcap 150 Momentum 50 Index Fund - Growth - Direct Plan",2026-01-28,17.739
150892,"Edelweiss Nifty Smallcap 250 Index Fund - Direct Plan - Growth",2026-01-28,16.2606
151781,"Kotak Nifty 200 Momentum 30 Index Fund - Direct Plan - Growth Option",2026-01-28,14.587
153219,"DSP BSE SENSEX Next 30 Index Fund - Direct - Growth",2026-01-28,11.6836
153272,"UTI Nifty Midsmallcap 400 Momentum Quality 100 Index Fund - Direct Plan - Growth Option",2026-01-28,10.6697
153470,"Nippon India Nifty 500 Quality 50 Index Fund - Direct Plan - Growth Option",2026-01-28,10.4043
118482,"BANDHAN Nifty 50 Index Fund-Direct Plan-Growth",2026-01-29,56.5198
147625,"Motilal Oswal Nifty 500 Index Fund - Direct Plan",2026-01-29,26.8748
148945,"SBI Nifty Next 50 Index Fund - Direct Plan - Growth",2026-01-29,18.8928
149936,"Axis Nifty Midcap 50 Index Fund - Direct Plan - Growth Option",2026-01-29,20.3253
150738,"Tata Nifty Midcap 150 Momentum 50 Index Fund - Growth - Direct Plan",2026-01-29,17.8685
150892,"Edelweiss Nifty Smallcap 250 Index Fund - Direct Plan - Growth",2026-01-29,16.2519
151781,"Kotak Nifty 200 Momentum 30 Index Fund - Direct Plan - Growth Option",2026-01-29,14.553
153219,"DSP BSE SENSEX Next 30 Index Fund - Direct - Growth",2026-01-29,11.7335
153272,"UTI Nifty Midsmallcap 400 Momentum Quality 100 Index Fund - Direct Plan - Growth Option",2026-01-29,10.7783
153470,"Nippon India Nifty 500 Quality 50 Index Fund - Direct Plan - Growth Option",2026-01-29,10.4166
118482,"BANDHAN Nifty 50 Index Fund-Direct Plan-Growth",2026-01-30,56.3012
147625,"Motilal Oswal Nifty 500 Index Fund - Direct Plan",2026-01-30,26.8114
148945,"SBI Nifty Next 50 Index Fund - Direct Plan - Growth",2026-01-30,18.7379
149936,"Axis Nifty Midcap 50 Index Fund - Direct Plan - Growth Option",2026-01-30,20.2742
150738,"Tata Nifty Midcap 150 Momentum 50 Index Fund - Growth - Direct Plan",2026-01-30,17.7908
150892,"Edelweiss Nifty Smallcap 250 Index Fund - Direct Plan - Growth",2026-01-30,16.3911
151781,"Kotak Nifty 200 Momentum 30 Index Fund - Direct Plan - Growth Option",2026-01-30,14.454
153219,"DSP BSE SENSEX Next 30 Index Fund - Direct - Growth",2026-01-30,11.641
153272,"UTI Nifty Midsmallcap 400 Momentum Quality 100 Index Fund - Direct Plan - Growth Option",2026-01-30,10.7185
153470,"Nippon India Nifty 500 Quality 50 Index Fund - Direct Plan - Growth Option",2026-01-30,10.4115
118482,"BANDHAN Nifty 50 Index Fund-Direct Plan-Growth",2026-01-31,56.3011
148945,"SBI Nifty Next 50 Index Fund - Direct Plan - Growth",2026-01-31,18.7378
149936,"Axis Nifty Midcap 50 Index Fund - Direct Plan - Growth Option",2026-01-31,20.2741
118482,"BANDHAN Nifty 50 Index Fund-Direct Plan-Growth",2026-02-02,55.7845
147625,"Motilal Oswal Nifty 500 Index Fund - Direct Plan",2026-02-02,26.5298
148945,"SBI Nifty Next 50 Index Fund - Direct Plan - Growth",2026-02-02,18.5257
149936,"Axis Nifty Midcap 50 Index Fund - Direct Plan - Growth Option",2026-02-02,20.0992
150738,"Tata Nifty Midcap 150 Momentum 50 Index Fund - Growth - Direct Plan",2026-02-02,17.5434
150892,"Edelweiss Nifty Smallcap 250 Index Fund - Direct Plan - Growth",2026-02-02,16.1245
151781,"Kotak Nifty 200 Momentum 30 Index Fund - Direct Plan - Growth Option",2026-02-02,14.175
153219,"DSP BSE SENSEX Next 30 Index Fund - Direct - Growth",2026-02-02,11.4231
153272,"UTI Nifty Midsmallcap 400 Momentum Quality 100 Index Fund - Direct Plan - Growth Option",2026-02-02,10.5063
153470,"Nippon India Nifty 500 Quality 50 Index Fund - Direct Plan - Growth Option",2026-02-02,10.3159
118482,"BANDHAN Nifty 50 Index Fund-Direct Plan-Growth",2026-02-03,57.2048
147625,"Motilal Oswal Nifty 500 Index Fund - Direct Plan",2026-02-03,27.2371
148945,"SBI Nifty Next 50 Index Fund - Direct Plan - Growth",2026-02-03,19.0157
149936,"Axis Nifty Midcap 50 Index Fund - Direct Plan - Growth Option",2026-02-03,20.6618
150738,"Tata Nifty Midcap 150 Momentum 50 Index Fund - Growth - Direct Plan",2026-02-03,18.0515
150892,"Edelweiss Nifty Smallcap 250 Index Fund - Direct Plan - Growth",2026-02-03,16.5981
151781,"Kotak Nifty 200 Momentum 30 Index Fund - Direct Plan - Growth Option",2026-02-03,14.598
153219,"DSP BSE SENSEX Next 30 Index Fund - Direct - Growth",2026-02-03,11.691
153272,"UTI Nifty Midsmallcap 400 Momentum Quality 100 Index Fund - Direct Plan - Growth Option",2026-02-03,10.8455
153470,"Nippon India Nifty 500 Quality 50 Index Fund - Direct Plan - Growth Option",2026-02-03,10.5893
118482,"BANDHAN Nifty 50 Index Fund-Direct Plan-Growth",2026-02-04,57.3123
147625,"Motilal Oswal Nifty 500 Index Fund - Direct Plan",2026-02-04,27.3403
148945,"SBI Nifty Next 50 Index Fund - Direct Plan - Growth",2026-02-04,19.1394
149936,"Axis Nifty Midcap 50 Index Fund - Direct Plan - Growth Option",2026-02-04,20.795
150738,"Tata Nifty Midcap 150 Momentum 50 Index Fund - Growth - Direct Plan",2026-02-04,18.176
150892,"Edelweiss Nifty Smallcap 250 Index Fund - Direct Plan - Growth",2026-02-04,16.7262
151781,"Kotak Nifty 200 Momentum 30 Index Fund - Direct Plan - Growth Option",2026-02-04,14.739
153219,"DSP BSE SENSEX Next 30 Index Fund - Direct - Growth",2026-02-04,11.7478
153272,"UTI Nifty Midsmallcap 400 Momentum Quality 100 Index Fund - Direct Plan - Growth Option",2026-02-04,10.9113
153470,"Nippon India Nifty 500 Quality 50 Index Fund - Direct Plan - Growth Option",2026-02-04,10.5854
118482,"BANDHAN Nifty 50 Index Fund-Direct Plan-Growth",2026-02-05,57.0218
147625,"Motilal Oswal Nifty 500 Index Fund - Direct Plan",2026-02-05,27.1992
148945,"SBI Nifty Next 50 Index Fund - Direct Plan - Growth",2026-02-05,19.0492
149936,"Axis Nifty Midcap 50 Index Fund - Direct Plan - Growth Option",2026-02-05,20.7483
150738,"Tata Nifty Midcap 150 Momentum 50 Index Fund - Growth - Direct Plan",2026-02-05,18.1549
150892,"Edelweiss Nifty Smallcap 250 Index Fund - Direct Plan - Growth",2026-02-05,16.5547
151781,"Kotak Nifty 200 Momentum 30 Index Fund - Direct Plan - Growth Option",2026-02-05,14.664
153219,"DSP BSE SENSEX Next 30 Index Fund - Direct - Growth",2026-02-05,11.6785
153272,"UTI Nifty Midsmallcap 400 Momentum Quality 100 Index Fund - Direct Plan - Growth Option",2026-02-05,10.8348
153470,"Nippon India Nifty 500 Quality 50 Index Fund - Direct Plan - Growth Option",2026-02-05,10.5317
118482,"BANDHAN Nifty 50 Index Fund-Direct Plan-Growth",2026-02-06,57.1435
147625,"Motilal Oswal Nifty 500 Index Fund - Direct Plan",2026-02-06,27.2289
148945,"SBI Nifty Next 50 Index Fund - Direct Plan - Growth",2026-02-06,19.0781
149936,"Axis Nifty Midcap 50 Index Fund - Direct Plan - Growth Option",2026-02-06,20.6735
150738,"Tata Nifty Midcap 150 Momentum 50 Index Fund - Growth - Direct Plan",2026-02-06,18.227
150892,"Edelweiss Nifty Smallcap 250 Index Fund - Direct Plan - Growth",2026-02-06,16.4983
151781,"Kotak Nifty 200 Momentum 30 Index Fund - Direct Plan - Growth Option",2026-02-06,14.715
153219,"DSP BSE SENSEX Next 30 Index Fund - Direct - Growth",2026-02-06,11.6737
153272,"UTI Nifty Midsmallcap 400 Momentum Quality 100 Index Fund - Direct Plan - Growth Option",2026-02-06,10.8307
153470,"Nippon India Nifty 500 Quality 50 Index Fund - Direct Plan - Growth Option",2026-02-06,10.4766
118482,"BANDHAN Nifty 50 Index Fund-Direct Plan-Growth",2026-02-09,57.5359
147625,"Motilal Oswal Nifty 500 Index Fund - Direct Plan",2026-02-09,27.5204
148945,"SBI Nifty Next 50 Index Fund - Direct Plan - Growth",2026-02-09,19.2626
149936,"Axis Nifty Midcap 50 Index Fund - Direct Plan - Growth Option",2026-02-09,20.9466
150738,"Tata Nifty Midcap 150 Momentum 50 Index Fund - Growth - Direct Plan",2026-02-09,18.5319
150892,"Edelweiss Nifty Smallcap 250 Index Fund - Direct Plan - Growth",2026-02-09,16.9184
151781,"Kotak Nifty 200 Momentum 30 Index Fund - Direct Plan - Growth Option",2026-02-09,14.972
153219,"DSP BSE SENSEX Next 30 Index Fund - Direct - Growth",2026-02-09,11.7986
153272,"UTI Nifty Midsmallcap 400 Momentum Quality 100 Index Fund - Direct Plan - Growth Option",2026-02-09,11.0086
153470,"Nippon India Nifty 500 Quality 50 Index Fund - Direct Plan - Growth Option",2026-02-09,10.6081
118482,"BANDHAN Nifty 50 Index Fund-Direct Plan-Growth",2026-02-10,57.6866
147625,"Motilal Oswal Nifty 500 Index Fund - Direct Plan",2026-02-10,27.603
148945,"SBI Nifty Next 50 Index Fund - Direct Plan - Growth",2026-02-10,19.2901
149936,"Axis Nifty Midcap 50 Index Fund - Direct Plan - Growth Option",2026-02-10,21.0174
150738,"Tata Nifty Midcap 150 Momentum 50 Index Fund - Growth - Direct Plan",2026-02-10,18.5993
150892,"Edelweiss Nifty Smallcap 250 Index Fund - Direct Plan - Growth",2026-02-10,17.0032
151781,"Kotak Nifty 200 Momentum 30 Index Fund - Direct Plan - Growth Option",2026-02-10,14.983
153219,"DSP BSE SENSEX Next 30 Index Fund - Direct - Growth",2026-02-10,11.8361
153272,"UTI Nifty Midsmallcap 400 Momentum Quality 100 Index Fund - Direct Plan - Growth Option",2026-02-10,11.0661
153470,"Nippon India Nifty 500 Quality 50 Index Fund - Direct Plan - Growth Option",2026-02-10,10.6961
118482,"BANDHAN Nifty 50 Index Fund-Direct Plan-Growth",2026-02-11,57.728
147625,"Motilal Oswal Nifty 500 Index Fund - Direct Plan",2026-02-11,27.6396
148945,"SBI Nifty Next 50 Index Fund - Direct Plan - Growth",2026-02-11,19.3966
149936,"Axis Nifty Midcap 50 Index Fund - Direct Plan - Growth Option",2026-02-11,21.0667
150738,"Tata Nifty Midcap 150 Momentum 50 Index Fund - Growth - Direct Plan",2026-02-11,18.6157
150892,"Edelweiss Nifty Smallcap 250 Index Fund - Direct Plan - Growth",2026-02-11,17.0255
151781,"Kotak Nifty 200 Momentum 30 Index Fund - Direct Plan - Growth Option",2026-02-11,15.1
153219,"DSP BSE SENSEX Next 30 Index Fund - Direct - Growth",2026-02-11,11.9485
153272,"UTI Nifty Midsmallcap 400 Momentum Quality 100 Index Fund - Direct Plan - Growth Option",2026-02-11,11.0716
153470,"Nippon India Nifty 500 Quality 50 Index Fund - Direct Plan - Growth Option",2026-02-11,10.6854
118482,"BANDHAN Nifty 50 Index Fund-Direct Plan-Growth",2026-02-12,57.4018
147625,"Motilal Oswal Nifty 500 Index Fund - Direct Plan",2026-02-12,27.487
148945,"SBI Nifty Next 50 Index Fund - Direct Plan - Growth",2026-02-12,19.3137
149936,"Axis Nifty Midcap 50 Index Fund - Direct Plan - Growth Option",2026-02-12,20.9714
150738,"Tata Nifty Midcap 150 Momentum 50 Index Fund - Growth - Direct Plan",2026-02-12,18.6254
150892,"Edelweiss Nifty Smallcap 250 Index Fund - Direct Plan - Growth",2026-02-12,16.9011
151781,"Kotak Nifty 200 Momentum 30 Index Fund - Direct Plan - Growth Option",2026-02-12,15.213
153219,"DSP BSE SENSEX Next 30 Index Fund - Direct - Growth",2026-02-12,11.9396
153272,"UTI Nifty Midsmallcap 400 Momentum Quality 100 Index Fund - Direct Plan - Growth Option",2026-02-12,11.024
153470,"Nippon India Nifty 500 Quality 50 Index Fund - Direct Plan - Growth Option",2026-02-12,10.5352
118482,"BANDHAN Nifty 50 Index Fund-Direct Plan-Growth",2026-02-13,56.6545
147625,"Motilal Oswal Nifty 500 Index Fund - Direct Plan",2026-02-13,27.0944
148945,"SBI Nifty Next 50 Index Fund - Direct Plan - Growth",2026-02-13,19.0136
149936,"Axis Nifty Midcap 50 Index Fund - Direct Plan - Growth Option",2026-02-13,20.6185
150738,"Tata Nifty Midcap 150 Momentum 50 Index Fund - Growth - Direct Plan",2026-02-13,18.1994
150892,"Edelweiss Nifty Smallcap 250 Index Fund - Direct Plan - Growth",2026-02-13,16.6305
151781,"Kotak Nifty 200 Momentum 30 Index Fund - Direct Plan - Growth Option",2026-02-13,14.977
153219,"DSP BSE SENSEX Next 30 Index Fund - Direct - Growth",2026-02-13,11.7643
153272,"UTI Nifty Midsmallcap 400 Momentum Quality 100 Index Fund - Direct Plan - Growth Option",2026-02-13,10.7865
153470,"Nippon India Nifty 500 Quality 50 Index Fund - Direct Plan - Growth Option",2026-02-13,10.3482
118482,"BANDHAN Nifty 50 Index Fund-Direct Plan-Growth",2026-02-16,57.1253
147625,"Motilal Oswal Nifty 500 Index Fund - Direct Plan",2026-02-16,27.2798
148945,"SBI Nifty Next 50 Index Fund - Direct Plan - Growth",2026-02-16,19.198
149936,"Axis Nifty Midcap 50 Index Fund - Direct Plan - Growth Option",2026-02-16,20.6971
150738,"Tata Nifty Midcap 150 Momentum 50 Index Fund - Growth - Direct Plan",2026-02-16,18.2922
150892,"Edelweiss Nifty Smallcap 250 Index Fund - Direct Plan - Growth",2026-02-16,16.623
151781,"Kotak Nifty 200 Momentum 30 Index Fund - Direct Plan - Growth Option",2026-02-16,15.004
153219,"DSP BSE SENSEX Next 30 Index Fund - Direct - Growth",2026-02-16,11.8485
153272,"UTI Nifty Midsmallcap 400 Momentum Quality 100 Index Fund - Direct Plan - Growth Option",2026-02-16,10.7904
153470,"Nippon India Nifty 500 Quality 50 Index Fund - Direct Plan - Growth Option",2026-02-16,10.4036
118482,"BANDHAN Nifty 50 Index Fund-Direct Plan-Growth",2026-02-17,57.22
147625,"Motilal Oswal Nifty 500 Index Fund - Direct Plan",2026-02-17,27.3583
148945,"SBI Nifty Next 50 Index Fund - Direct Plan - Growth",2026-02-17,19.3004
149936,"Axis Nifty Midcap 50 Index Fund - Direct Plan - Growth Option",2026-02-17,20.7251
150738,"Tata Nifty Midcap 150 Momentum 50 Index Fund - Growth - Direct Plan",2026-02-17,18.3687
150892,"Edelweiss Nifty Smallcap 250 Index Fund - Direct Plan - Growth",2026-02-17,16.7467
151781,"Kotak Nifty 200 Momentum 30 Index Fund - Direct Plan - Growth Option",2026-02-17,15.059
153219,"DSP BSE SENSEX Next 30 Index Fund - Direct - Growth",2026-02-17,11.8563
153272,"UTI Nifty Midsmallcap 400 Momentum Quality 100 Index Fund - Direct Plan - Growth Option",2026-02-17,10.8171
153470,"Nippon India Nifty 500 Quality 50 Index Fund - Direct Plan - Growth Option",2026-02-17,10.4402
118482,"BANDHAN Nifty 50 Index Fund-Direct Plan-Growth",2026-02-18,57.4346
147625,"Motilal Oswal Nifty 500 Index Fund - Direct Plan",2026-02-18,27.4849
148945,"SBI Nifty Next 50 Index Fund - Direct Plan - Growth",2026-02-18,19.4368
149936,"Axis Nifty Midcap 50 Index Fund - Direct Plan - Growth Option",2026-02-18,20.8199
150738,"Tata Nifty Midcap 150 Momentum 50 Index Fund - Growth - Direct Plan",2026-02-18,18.5166
150892,"Edelweiss Nifty Smallcap 250 Index Fund - Direct Plan - Growth",2026-02-18,16.8314
151781,"Kotak Nifty 200 Momentum 30 Index Fund - Direct Plan - Growth Option",2026-02-18,15.148
153219,"DSP BSE SENSEX Next 30 Index Fund - Direct - Growth",2026-02-18,11.9325
153272,"UTI Nifty Midsmallcap 400 Momentum Quality 100 Index Fund - Direct Plan - Growth Option",2026-02-18,10.9037
153470,"Nippon India Nifty 500 Quality 50 Index Fund - Direct Plan - Growth Option",2026-02-18,10.4783
118482,"BANDHAN Nifty 50 Index Fund-Direct Plan-Growth",2026-02-19,56.6232
147625,"Motilal Oswal Nifty 500 Index Fund - Direct Plan",2026-02-19,27.0805
148945,"SBI Nifty Next 50 Index Fund - Direct Plan - Growth",2026-02-19,19.0761
149936,"Axis Nifty Midcap 50 Index Fund - Direct Plan - Growth Option",2026-02-19,20.4809
150738,"Tata Nifty Midcap 150 Momentum 50 Index Fund - Growth - Direct Plan",2026-02-19,18.19
150892,"Edelweiss Nifty Smallcap 250 Index Fund - Direct Plan - Growth",2026-02-19,16.6309
151781,"Kotak Nifty 200 Momentum 30 Index Fund - Direct Plan - Growth Option",2026-02-19,14.926
153219,"DSP BSE SENSEX Next 30 Index Fund - Direct - Growth",2026-02-19,11.798
153272,"UTI Nifty Midsmallcap 400 Momentum Quality 100 Index Fund - Direct Plan - Growth Option",2026-02-19,10.7276
153470,"Nippon India Nifty 500 Quality 50 Index Fund - Direct Plan - Growth Option",2026-02-19,10.2948
118482,"BANDHAN Nifty 50 Index Fund-Direct Plan-Growth",2026-02-20,56.8829
147625,"Motilal Oswal Nifty 500 Index Fund - Direct Plan",2026-02-20,27.1955
148945,"SBI Nifty Next 50 Index Fund - Direct Plan - Growth",2026-02-20,19.1988
149936,"Axis Nifty Midcap 50 Index Fund - Direct Plan - Growth Option",2026-02-20,20.5644
150738,"Tata Nifty Midcap 150 Momentum 50 Index Fund - Growth - Direct Plan",2026-02-20,18.3053
150892,"Edelweiss Nifty Smallcap 250 Index Fund - Direct Plan - Growth",2026-02-20,16.6024
151781,"Kotak Nifty 200 Momentum 30 Index Fund - Direct Plan - Growth Option",2026-02-20,15.068
153219,"DSP BSE SENSEX Next 30 Index Fund - Direct - Growth",2026-02-20,11.8709
153272,"UTI Nifty Midsmallcap 400 Momentum Quality 100 Index Fund - Direct Plan - Growth Option",2026-02-20,10.7762
153470,"Nippon India Nifty 500 Quality 50 Index Fund - Direct Plan - Growth Option",2026-02-20,10.3323
118482,"BANDHAN Nifty 50 Index Fund-Direct Plan-Growth",2026-02-23,57.1973
147625,"Motilal Oswal Nifty 500 Index Fund - Direct Plan",2026-02-23,27.2997
148945,"SBI Nifty Next 50 Index Fund - Direct Plan - Growth",2026-02-23,19.2728
149936,"Axis Nifty Midcap 50 Index Fund - Direct Plan - Growth Option",2026-02-23,20.3947
150738,"Tata Nifty Midcap 150 Momentum 50 Index Fund - Growth - Direct Plan",2026-02-23,18.2331
150892,"Edelweiss Nifty Smallcap 250 Index Fund - Direct Plan - Growth",2026-02-23,16.674
151781,"Kotak Nifty 200 Momentum 30 Index Fund - Direct Plan - Growth Option",2026-02-23,15.095
153219,"DSP BSE SENSEX Next 30 Index Fund - Direct - Growth",2026-02-23,11.8994
153272,"UTI Nifty Midsmallcap 400 Momentum Quality 100 Index Fund - Direct Plan - Growth Option",2026-02-23,10.7917
153470,"Nippon India Nifty 500 Quality 50 Index Fund - Direct Plan - Growth Option",2026-02-23,10.3256
118482,"BANDHAN Nifty 50 Index Fund-Direct Plan-Growth",2026-02-24,56.5562
147625,"Motilal Oswal Nifty 500 Index Fund - Direct Plan",2026-02-24,27.0904
148945,"SBI Nifty Next 50 Index Fund - Direct Plan - Growth",2026-02-24,19.2879
149936,"Axis Nifty Midcap 50 Index Fund - Direct Plan - Growth Option",2026-02-24,20.3295
150738,"Tata Nifty Midcap 150 Momentum 50 Index Fund - Growth - Direct Plan",2026-02-24,18.1896
150892,"Edelweiss Nifty Smallcap 250 Index Fund - Direct Plan - Growth",2026-02-24,16.5754
151781,"Kotak Nifty 200 Momentum 30 Index Fund - Direct Plan - Growth Option",2026-02-24,15.048
153219,"DSP BSE SENSEX Next 30 Index Fund - Direct - Growth",2026-02-24,11.896
153272,"UTI Nifty Midsmallcap 400 Momentum Quality 100 Index Fund - Direct Plan - Growth Option",2026-02-24,10.7663
153470,"Nippon India Nifty 500 Quality 50 Index Fund - Direct Plan - Growth Option",2026-02-24,10.2465
118482,"BANDHAN Nifty 50 Index Fund-Direct Plan-Growth",2026-02-25,56.6846
147625,"Motilal Oswal Nifty 500 Index Fund - Direct Plan",2026-02-25,27.2053
148945,"SBI Nifty Next 50 Index Fund - Direct Plan - Growth",2026-02-25,19.4591
149936,"Axis Nifty Midcap 50 Index Fund - Direct Plan - Growth Option",2026-02-25,20.4628
150738,"Tata Nifty Midcap 150 Momentum 50 Index Fund - Growth - Direct Plan",2026-02-25,18.3513
150892,"Edelweiss Nifty Smallcap 250 Index Fund - Direct Plan - Growth",2026-02-25,16.6816
151781,"Kotak Nifty 200 Momentum 30 Index Fund - Direct Plan - Growth Option",2026-02-25,15.158
153219,"DSP BSE SENSEX Next 30 Index Fund - Direct - Growth",2026-02-25,12.0225
153272,"UTI Nifty Midsmallcap 400 Momentum Quality 100 Index Fund - Direct Plan - Growth Option",2026-02-25,10.871
153470,"Nippon India Nifty 500 Quality 50 Index Fund - Direct Plan - Growth Option",2026-02-25,10.335
118482,"BANDHAN Nifty 50 Index Fund-Direct Plan-Growth",2026-02-26,56.7156
147625,"Motilal Oswal Nifty 500 Index Fund - Direct Plan",2026-02-26,27.2572
148945,"SBI Nifty Next 50 Index Fund - Direct Plan - Growth",2026-02-26,19.5223
149936,"Axis Nifty Midcap 50 Index Fund - Direct Plan - Growth Option",2026-02-26,20.6038
150738,"Tata Nifty Midcap 150 Momentum 50 Index Fund - Growth - Direct Plan",2026-02-26,18.4401
150892,"Edelweiss Nifty Smallcap 250 Index Fund - Direct Plan - Growth",2026-02-26,16.6936
151781,"Kotak Nifty 200 Momentum 30 Index Fund - Direct Plan - Growth Option",2026-02-26,15.227
153219,"DSP BSE SENSEX Next 30 Index Fund - Direct - Growth",2026-02-26,12.0811
153272,"UTI Nifty Midsmallcap 400 Momentum Quality 100 Index Fund - Direct Plan - Growth Option",2026-02-26,10.8935
153470,"Nippon India Nifty 500 Quality 50 Index Fund - Direct Plan - Growth Option",2026-02-26,10.3517
118482,"BANDHAN Nifty 50 Index Fund-Direct Plan-Growth",2026-02-27,56.0089
147625,"Motilal Oswal Nifty 500 Index Fund - Direct Plan",2026-02-27,26.93
148945,"SBI Nifty Next 50 Index Fund - Direct Plan - Growth",2026-02-27,19.2688
149936,"Axis Nifty Midcap 50 Index Fund - Direct Plan - Growth Option",2026-02-27,20.3848
150738,"Tata Nifty Midcap 150 Momentum 50 Index Fund - Growth - Direct Plan",2026-02-27,18.1594
150892,"Edelweiss Nifty Smallcap 250 Index Fund - Direct Plan - Growth",2026-02-27,16.521
151781,"Kotak Nifty 200 Momentum 30 Index Fund - Direct Plan - Growth Option",2026-02-27,14.959
153219,"DSP BSE SENSEX Next 30 Index Fund - Direct - Growth",2026-02-27,11.8897
153272,"UTI Nifty Midsmallcap 400 Momentum Quality 100 Index Fund - Direct Plan - Growth Option",2026-02-27,10.7623
153470,"Nippon India Nifty 500 Quality 50 Index Fund - Direct Plan - Growth Option",2026-02-27,10.2231
118482,"BANDHAN Nifty 50 Index Fund-Direct Plan-Growth",2026-02-28,56.0087
148945,"SBI Nifty Next 50 Index Fund - Direct Plan - Growth",2026-02-28,19.2686
149936,"Axis Nifty Midcap 50 Index Fund - Direct Plan - Growth Option",2026-02-28,20.3847
118482,"BANDHAN Nifty 50 Index Fund-Direct Plan-Growth",2026-03-02,55.3125
147625,"Motilal Oswal Nifty 500 Index Fund - Direct Plan",2026-03-02,26.5457
148945,"SBI Nifty Next 50 Index Fund - Direct Plan - Growth",2026-03-02,18.9754
149936,"Axis Nifty Midcap 50 Index Fund - Direct Plan - Growth Option",2026-03-02,20.0867
150738,"Tata Nifty Midcap 150 Momentum 50 Index Fund - Growth - Direct Plan",2026-03-02,17.8881
150892,"Edelweiss Nifty Smallcap 250 Index Fund - Direct Plan - Growth",2026-03-02,16.2082
151781,"Kotak Nifty 200 Momentum 30 Index Fund - Direct Plan - Growth Option",2026-03-02,14.713
153219,"DSP BSE SENSEX Next 30 Index Fund - Direct - Growth",2026-03-02,11.7763
153272,"UTI Nifty Midsmallcap 400 Momentum Quality 100 Index Fund - Direct Plan - Growth Option",2026-03-02,10.6158
153470,"Nippon India Nifty 500 Quality 50 Index Fund - Direct Plan - Growth Option",2026-03-02,10.0803
118482,"BANDHAN Nifty 50 Index Fund-Direct Plan-Growth",2026-03-04,54.4557
147625,"Motilal Oswal Nifty 500 Index Fund - Direct Plan",2026-03-04,26.0518
148945,"SBI Nifty Next 50 Index Fund - Direct Plan - Growth",2026-03-04,18.4642
149936,"Axis Nifty Midcap 50 Index Fund - Direct Plan - Growth Option",2026-03-04,19.6963
150738,"Tata Nifty Midcap 150 Momentum 50 Index Fund - Growth - Direct Plan",2026-03-04,17.4683
150892,"Edelweiss Nifty Smallcap 250 Index Fund - Direct Plan - Growth",2026-03-04,15.866
151781,"Kotak Nifty 200 Momentum 30 Index Fund - Direct Plan - Growth Option",2026-03-04,14.364
153219,"DSP BSE SENSEX Next 30 Index Fund - Direct - Growth",2026-03-04,11.4935
153272,"UTI Nifty Midsmallcap 400 Momentum Quality 100 Index Fund - Direct Plan - Growth Option",2026-03-04,10.3793
153470,"Nippon India Nifty 500 Quality 50 Index Fund - Direct Plan - Growth Option",2026-03-04,9.9525
118482,"BANDHAN Nifty 50 Index Fund-Direct Plan-Growth",2026-03-05,55.0905
147625,"Motilal Oswal Nifty 500 Index Fund - Direct Plan",2026-03-05,26.3859
148945,"SBI Nifty Next 50 Index Fund - Direct Plan - Growth",2026-03-05,18.7183
149936,"Axis Nifty Midcap 50 Index Fund - Direct Plan - Growth Option",2026-03-05,19.991
150738,"Tata Nifty Midcap 150 Momentum 50 Index Fund - Growth - Direct Plan",2026-03-05,17.7849
150892,"Edelweiss Nifty Smallcap 250 Index Fund - Direct Plan - Growth",2026-03-05,16.0891
151781,"Kotak Nifty 200 Momentum 30 Index Fund - Direct Plan - Growth Option",2026-03-05,14.608
153219,"DSP BSE SENSEX Next 30 Index Fund - Direct - Growth",2026-03-05,11.6751
153272,"UTI Nifty Midsmallcap 400 Momentum Quality 100 Index Fund - Direct Plan - Growth Option",2026-03-05,10.5691
153470,"Nippon India Nifty 500 Quality 50 Index Fund - Direct Plan - Growth Option",2026-03-05,10.126
118482,"BANDHAN Nifty 50 Index Fund-Direct Plan-Growth",2026-03-06,54.3925
147625,"Motilal Oswal Nifty 500 Index Fund - Direct Plan",2026-03-06,26.1355
148945,"SBI Nifty Next 50 Index Fund - Direct Plan - Growth",2026-03-06,18.6503
149936,"Axis Nifty Midcap 50 Index Fund - Direct Plan - Growth Option",2026-03-06,19.8204
150738,"Tata Nifty Midcap 150 Momentum 50 Index Fund - Growth - Direct Plan",2026-03-06,17.6143
150892,"Edelweiss Nifty Smallcap 250 Index Fund - Direct Plan - Growth",2026-03-06,16.0441
151781,"Kotak Nifty 200 Momentum 30 Index Fund - Direct Plan - Growth Option",2026-03-06,14.394
153219,"DSP BSE SENSEX Next 30 Index Fund - Direct - Growth",2026-03-06,11.605
153272,"UTI Nifty Midsmallcap 400 Momentum Quality 100 Index Fund - Direct Plan - Growth Option",2026-03-06,10.5397
153470,"Nippon India Nifty 500 Quality 50 Index Fund - Direct Plan - Growth Option",2026-03-06,10.1433
118482,"BANDHAN Nifty 50 Index Fund-Direct Plan-Growth",2026-03-09,53.4526
147625,"Motilal Oswal Nifty 500 Index Fund - Direct Plan",2026-03-09,25.6416
148945,"SBI Nifty Next 50 Index Fund - Direct Plan - Growth",2026-03-09,18.2613
149936,"Axis Nifty Midcap 50 Index Fund - Direct Plan - Growth Option",2026-03-09,19.4627
150738,"Tata Nifty Midcap 150 Momentum 50 Index Fund - Growth - Direct Plan",2026-03-09,17.2521
150892,"Edelweiss Nifty Smallcap 250 Index Fund - Direct Plan - Growth",2026-03-09,15.671
151781,"Kotak Nifty 200 Momentum 30 Index Fund - Direct Plan - Growth Option",2026-03-09,14.061
153219,"DSP BSE SENSEX Next 30 Index Fund - Direct - Growth",2026-03-09,11.3839
153272,"UTI Nifty Midsmallcap 400 Momentum Quality 100 Index Fund - Direct Plan - Growth Option",2026-03-09,10.359
153470,"Nippon India Nifty 500 Quality 50 Index Fund - Direct Plan - Growth Option",2026-03-09,9.9927
118482,"BANDHAN Nifty 50 Index Fund-Direct Plan-Growth",2026-03-10,53.9717
147625,"Motilal Oswal Nifty 500 Index Fund - Direct Plan",2026-03-10,25.9742
148945,"SBI Nifty Next 50 Index Fund - Direct Plan - Growth",2026-03-10,18.5803
149936,"Axis Nifty Midcap 50 Index Fund - Direct Plan - Growth Option",2026-03-10,19.774
150738,"Tata Nifty Midcap 150 Momentum 50 Index Fund - Growth - Direct Plan",2026-03-10,17.5562
150892,"Edelweiss Nifty Smallcap 250 Index Fund - Direct Plan - Growth",2026-03-10,16.0056
151781,"Kotak Nifty 200 Momentum 30 Index Fund - Direct Plan - Growth Option",2026-03-10,14.4
153219,"DSP BSE SENSEX Next 30 Index Fund - Direct - Growth",2026-03-10,11.6103
153272,"UTI Nifty Midsmallcap 400 Momentum Quality 100 Index Fund - Direct Plan - Growth Option",2026-03-10,10.5625
153470,"Nippon India Nifty 500 Quality 50 Index Fund - Direct Plan - Growth Option",2026-03-10,10.204
118482,"BANDHAN Nifty 50 Index Fund-Direct Plan-Growth",2026-03-11,53.0926
147625,"Motilal Oswal Nifty 500 Index Fund - Direct Plan",2026-03-11,25.625
148945,"SBI Nifty Next 50 Index Fund - Direct Plan - Growth",2026-03-11,18.3786
149936,"Axis Nifty Midcap 50 Index Fund - Direct Plan - Growth Option",2026-03-11,19.4467
150738,"Tata Nifty Midcap 150 Momentum 50 Index Fund - Growth - Direct Plan",2026-03-11,17.2512
150892,"Edelweiss Nifty Smallcap 250 Index Fund - Direct Plan - Growth",2026-03-11,15.9458
151781,"Kotak Nifty 200 Momentum 30 Index Fund - Direct Plan - Growth Option",2026-03-11,14.077
153219,"DSP BSE SENSEX Next 30 Index Fund - Direct - Growth",2026-03-11,11.4825
153272,"UTI Nifty Midsmallcap 400 Momentum Quality 100 Index Fund - Direct Plan - Growth Option",2026-03-11,10.412
153470,"Nippon India Nifty 500 Quality 50 Index Fund - Direct Plan - Growth Option",2026-03-11,10.0674
118482,"BANDHAN Nifty 50 Index Fund-Direct Plan-Growth",2026-03-12,52.5858
147625,"Motilal Oswal Nifty 500 Index Fund - Direct Plan",2026-03-12,25.4575
148945,"SBI Nifty Next 50 Index Fund - Direct Plan - Growth",2026-03-12,18.3641
149936,"Axis Nifty Midcap 50 Index Fund - Direct Plan - Growth Option",2026-03-12,19.3623
150738,"Tata Nifty Midcap 150 Momentum 50 Index Fund - Growth - Direct Plan",2026-03-12,17.172
150892,"Edelweiss Nifty Smallcap 250 Index Fund - Direct Plan - Growth",2026-03-12,15.8832
151781,"Kotak Nifty 200 Momentum 30 Index Fund - Direct Plan - Growth Option",2026-03-12,13.911
153219,"DSP BSE SENSEX Next 30 Index Fund - Direct - Growth",2026-03-12,11.4325
153272,"UTI Nifty Midsmallcap 400 Momentum Quality 100 Index Fund - Direct Plan - Growth Option",2026-03-12,10.3903
153470,"Nippon India Nifty 500 Quality 50 Index Fund - Direct Plan - Growth Option",2026-03-12,10.0577
118482,"BANDHAN Nifty 50 Index Fund-Direct Plan-Growth",2026-03-13,51.4999
147625,"Motilal Oswal Nifty 500 Index Fund - Direct Plan",2026-03-13,24.869
148945,"SBI Nifty Next 50 Index Fund - Direct Plan - Growth",2026-03-13,17.8865
149936,"Axis Nifty Midcap 50 Index Fund - Direct Plan - Growth Option",2026-03-13,18.8781
150738,"Tata Nifty Midcap 150 Momentum 50 Index Fund - Growth - Direct Plan",2026-03-13,16.6885
150892,"Edelweiss Nifty Smallcap 250 Index Fund - Direct Plan - Growth",2026-03-13,15.4579
151781,"Kotak Nifty 200 Momentum 30 Index Fund - Direct Plan - Growth Option",2026-03-13,13.545
153219,"DSP BSE SENSEX Next 30 Index Fund - Direct - Growth",2026-03-13,11.1403
153272,"UTI Nifty Midsmallcap 400 Momentum Quality 100 Index Fund - Direct Plan - Growth Option",2026-03-13,10.1285
153470,"Nippon India Nifty 500 Quality 50 Index Fund - Direct Plan - Growth Option",2026-03-13,9.8432
118482,"BANDHAN Nifty 50 Index Fund-Direct Plan-Growth",2026-03-16,52.0728
147625,"Motilal Oswal Nifty 500 Index Fund - Direct Plan",2026-03-16,24.9936
148945,"SBI Nifty Next 50 Index Fund - Direct Plan - Growth",2026-03-16,17.8227
149936,"Axis Nifty Midcap 50 Index Fund - Direct Plan - Growth Option",2026-03-16,18.8453
150738,"Tata Nifty Midcap 150 Momentum 50 Index Fund - Growth - Direct Plan",2026-03-16,16.6788
150892,"Edelweiss Nifty Smallcap 250 Index Fund - Direct Plan - Growth",2026-03-16,15.403
151781,"Kotak Nifty 200 Momentum 30 Index Fund - Direct Plan - Growth Option",2026-03-16,13.649
153219,"DSP BSE SENSEX Next 30 Index Fund - Direct - Growth",2026-03-16,11.1537
153272,"UTI Nifty Midsmallcap 400 Momentum Quality 100 Index Fund - Direct Plan - Growth Option",2026-03-16,10.1074
153470,"Nippon India Nifty 500 Quality 50 Index Fund - Direct Plan - Growth Option",2026-03-16,9.7909
118482,"BANDHAN Nifty 50 Index Fund-Direct Plan-Growth",2026-03-17,52.4562
147625,"Motilal Oswal Nifty 500 Index Fund - Direct Plan",2026-03-17,25.1917
148945,"SBI Nifty Next 50 Index Fund - Direct Plan - Growth",2026-03-17,17.9771
149936,"Axis Nifty Midcap 50 Index Fund - Direct Plan - Growth Option",2026-03-17,19.0393
150738,"Tata Nifty Midcap 150 Momentum 50 Index Fund - Growth - Direct Plan",2026-03-17,16.8924
150892,"Edelweiss Nifty Smallcap 250 Index Fund - Direct Plan - Growth",2026-03-17,15.4913
151781,"Kotak Nifty 200 Momentum 30 Index Fund - Direct Plan - Growth Option",2026-03-17,13.817
153219,"DSP BSE SENSEX Next 30 Index Fund - Direct - Growth",2026-03-17,11.2638
153272,"UTI Nifty Midsmallcap 400 Momentum Quality 100 Index Fund - Direct Plan - Growth Option",2026-03-17,10.2351
153470,"Nippon India Nifty 500 Quality 50 Index Fund - Direct Plan - Growth Option",2026-03-17,9.864
118482,"BANDHAN Nifty 50 Index Fund-Direct Plan-Growth",2026-03-18,52.8935
147625,"Motilal Oswal Nifty 500 Index Fund - Direct Plan",2026-03-18,25.48
148945,"SBI Nifty Next 50 Index Fund - Direct Plan - Growth",2026-03-18,18.1556
149936,"Axis Nifty Midcap 50 Index Fund - Direct Plan - Growth Option",2026-03-18,19.4358
150738,"Tata Nifty Midcap 150 Momentum 50 Index Fund - Growth - Direct Plan",2026-03-18,17.212
150892,"Edelweiss Nifty Smallcap 250 Index Fund - Direct Plan - Growth",2026-03-18,15.7657
151781,"Kotak Nifty 200 Momentum 30 Index Fund - Direct Plan - Growth Option",2026-03-18,14.024
153219,"DSP BSE SENSEX Next 30 Index Fund - Direct - Growth",2026-03-18,11.3492
153272,"UTI Nifty Midsmallcap 400 Momentum Quality 100 Index Fund - Direct Plan - Growth Option",2026-03-18,10.4044
153470,"Nippon India Nifty 500 Quality 50 Index Fund - Direct Plan - Growth Option",2026-03-18,10.0113
118482,"BANDHAN Nifty 50 Index Fund-Direct Plan-Growth",2026-03-19,51.1679
147625,"Motilal Oswal Nifty 500 Index Fund - Direct Plan",2026-03-19,24.6759
148945,"SBI Nifty Next 50 Index Fund - Direct Plan - Growth",2026-03-19,17.5766
149936,"Axis Nifty Midcap 50 Index Fund - Direct Plan - Growth Option",2026-03-19,18.7989
150738,"Tata Nifty Midcap 150 Momentum 50 Index Fund - Growth - Direct Plan",2026-03-19,16.634
150892,"Edelweiss Nifty Smallcap 250 Index Fund - Direct Plan - Growth",2026-03-19,15.3494
151781,"Kotak Nifty 200 Momentum 30 Index Fund - Direct Plan - Growth Option",2026-03-19,13.504
153219,"DSP BSE SENSEX Next 30 Index Fund - Direct - Growth",2026-03-19,11.0089
153272,"UTI Nifty Midsmallcap 400 Momentum Quality 100 Index Fund - Direct Plan - Growth Option",2026-03-19,10.0925
153470,"Nippon India Nifty 500 Quality 50 Index Fund - Direct Plan - Growth Option",2026-03-19,9.7421
118482,"BANDHAN Nifty 50 Index Fund-Direct Plan-Growth",2026-03-20,51.4176
147625,"Motilal Oswal Nifty 500 Index Fund - Direct Plan",2026-03-20,24.7949
148945,"SBI Nifty Next 50 Index Fund - Direct Plan - Growth",2026-03-20,17.6594
149936,"Axis Nifty Midcap 50 Index Fund - Direct Plan - Growth Option",2026-03-20,18.9375
150738,"Tata Nifty Midcap 150 Momentum 50 Index Fund - Growth - Direct Plan",2026-03-20,16.7285
150892,"Edelweiss Nifty Smallcap 250 Index Fund - Direct Plan - Growth",2026-03-20,15.3886
151781,"Kotak Nifty 200 Momentum 30 Index Fund - Direct Plan - Growth Option",2026-03-20,13.551
153219,"DSP BSE SENSEX Next 30 Index Fund - Direct - Growth",2026-03-20,11.0704
153272,"UTI Nifty Midsmallcap 400 Momentum Quality 100 Index Fund - Direct Plan - Growth Option",2026-03-20,10.1202
153470,"Nippon India Nifty 500 Quality 50 Index Fund - Direct Plan - Growth Option",2026-03-20,9.7698
118482,"BANDHAN Nifty 50 Index Fund-Direct Plan-Growth",2026-03-23,50.0818
147625,"Motilal Oswal Nifty 500 Index Fund - Direct Plan",2026-03-23,24.024
148945,"SBI Nifty Next 50 Index Fund - Direct Plan - Growth",2026-03-23,16.9865
149936,"Axis Nifty Midcap 50 Index Fund - Direct Plan - Growth Option",2026-03-23,18.2427
150738,"Tata Nifty Midcap 150 Momentum 50 Index Fund - Growth - Direct Plan",2026-03-23,16.0386
150892,"Edelweiss Nifty Smallcap 250 Index Fund - Direct Plan - Growth",2026-03-23,14.8075
151781,"Kotak Nifty 200 Momentum 30 Index Fund - Direct Plan - Growth Option",2026-03-23,13.034
153219,"DSP BSE SENSEX Next 30 Index Fund - Direct - Growth",2026-03-23,10.6975
153272,"UTI Nifty Midsmallcap 400 Momentum Quality 100 Index Fund - Direct Plan - Growth Option",2026-03-23,9.736
153470,"Nippon India Nifty 500 Quality 50 Index Fund - Direct Plan - Growth Option",2026-03-23,9.4278
118482,"BANDHAN Nifty 50 Index Fund-Direct Plan-Growth",2026-03-24,50.9642
147625,"Motilal Oswal Nifty 500 Index Fund - Direct Plan",2026-03-24,24.4919
148945,"SBI Nifty Next 50 Index Fund - Direct Plan - Growth",2026-03-24,17.2476
149936,"Axis Nifty Midcap 50 Index Fund - Direct Plan - Growth Option",2026-03-24,18.7407
150738,"Tata Nifty Midcap 150 Momentum 50 Index Fund - Growth - Direct Plan",2026-03-24,16.5021
150892,"Edelweiss Nifty Smallcap 250 Index Fund - Direct Plan - Growth",2026-03-24,15.1633
151781,"Kotak Nifty 200 Momentum 30 Index Fund - Direct Plan - Growth Option",2026-03-24,13.356
153219,"DSP BSE SENSEX Next 30 Index Fund - Direct - Growth",2026-03-24,10.8298
153272,"UTI Nifty Midsmallcap 400 Momentum Quality 100 Index Fund - Direct Plan - Growth Option",2026-03-24,10.0003
153470,"Nippon India Nifty 500 Quality 50 Index Fund - Direct Plan - Growth Option",2026-03-24,9.6045
118482,"BANDHAN Nifty 50 Index Fund-Direct Plan-Growth",2026-03-25,51.8395
147625,"Motilal Oswal Nifty 500 Index Fund - Direct Plan",2026-03-25,24.97
148945,"SBI Nifty Next 50 Index Fund - Direct Plan - Growth",2026-03-25,17.5957
149936,"Axis Nifty Midcap 50 Index Fund - Direct Plan - Growth Option",2026-03-25,19.1289
150738,"Tata Nifty Midcap 150 Momentum 50 Index Fund - Growth - Direct Plan",2026-03-25,16.9236
150892,"Edelweiss Nifty Smallcap 250 Index Fund - Direct Plan - Growth",2026-03-25,15.5396
151781,"Kotak Nifty 200 Momentum 30 Index Fund - Direct Plan - Growth Option",2026-03-25,13.708
153219,"DSP BSE SENSEX Next 30 Index Fund - Direct - Growth",2026-03-25,11.0435
153272,"UTI Nifty Midsmallcap 400 Momentum Quality 100 Index Fund - Direct Plan - Growth Option",2026-03-25,10.2532
153470,"Nippon India Nifty 500 Quality 50 Index Fund - Direct Plan - Growth Option",2026-03-25,9.7758
118482,"BANDHAN Nifty 50 Index Fund-Direct Plan-Growth",2026-03-27,50.756
147625,"Motilal Oswal Nifty 500 Index Fund - Direct Plan",2026-03-27,24.4391
148945,"SBI Nifty Next 50 Index Fund - Direct Plan - Growth",2026-03-27,17.1726
149936,"Axis Nifty Midcap 50 Index Fund - Direct Plan - Growth Option",2026-03-27,18.7086
150738,"Tata Nifty Midcap 150 Momentum 50 Index Fund - Growth - Direct Plan",2026-03-27,16.5165
150892,"Edelweiss Nifty Smallcap 250 Index Fund - Direct Plan - Growth",2026-03-27,15.2438
151781,"Kotak Nifty 200 Momentum 30 Index Fund - Direct Plan - Growth Option",2026-03-27,13.325
153219,"DSP BSE SENSEX Next 30 Index Fund - Direct - Growth",2026-03-27,10.8824
153272,"UTI Nifty Midsmallcap 400 Momentum Quality 100 Index Fund - Direct Plan - Growth Option",2026-03-27,10.0437
153470,"Nippon India Nifty 500 Quality 50 Index Fund - Direct Plan - Growth Option",2026-03-27,9.5854
118482,"BANDHAN Nifty 50 Index Fund-Direct Plan-Growth",2026-03-30,49.6727
147625,"Motilal Oswal Nifty 500 Index Fund - Direct Plan",2026-03-30,23.868
148945,"SBI Nifty Next 50 Index Fund - Direct Plan - Growth",2026-03-30,16.7065
149936,"Axis Nifty Midcap 50 Index Fund - Direct Plan - Growth Option",2026-03-30,18.2083
150738,"Tata Nifty Midcap 150 Momentum 50 Index Fund - Growth - Direct Plan",2026-03-30,16.0216
150892,"Edelweiss Nifty Smallcap 250 Index Fund - Direct Plan - Growth",2026-03-30,14.8593
151781,"Kotak Nifty 200 Momentum 30 Index Fund - Direct Plan - Growth Option",2026-03-30,12.909
153219,"DSP BSE SENSEX Next 30 Index Fund - Direct - Growth",2026-03-30,10.7033
153272,"UTI Nifty Midsmallcap 400 Momentum Quality 100 Index Fund - Direct Plan - Growth Option",2026-03-30,9.7912
153470,"Nippon India Nifty 500 Quality 50 Index Fund - Direct Plan - Growth Option",2026-03-30,9.382
118482,"BANDHAN Nifty 50 Index Fund-Direct Plan-Growth",2026-03-31,49.6727
147625,"Motilal Oswal Nifty 500 Index Fund - Direct Plan",2026-03-31,23.868
148945,"SBI Nifty Next 50 Index Fund - Direct Plan - Growth",2026-03-31,16.7064
149936,"Axis Nifty Midcap 50 Index Fund - Direct Plan - Growth Option",2026-03-31,18.2082
150738,"Tata Nifty Midcap 150 Momentum 50 Index Fund - Growth - Direct Plan",2026-03-31,16.0214
150892,"Edelweiss Nifty Smallcap 250 Index Fund - Direct Plan - Growth",2026-03-31,14.8592
151781,"Kotak Nifty 200 Momentum 30 Index Fund - Direct Plan - Growth Option",2026-03-31,12.909
153219,"DSP BSE SENSEX Next 30 Index Fund - Direct - Growth",2026-03-31,10.7033
153272,"UTI Nifty Midsmallcap 400 Momentum Quality 100 Index Fund - Direct Plan - Growth Option",2026-03-31,9.7911
153470,"Nippon India Nifty 500 Quality 50 Index Fund - Direct Plan - Growth Option",2026-03-31,9.3819
118482,"BANDHAN Nifty 50 Index Fund-Direct Plan-Growth",2026-04-01,50.4444
147625,"Motilal Oswal Nifty 500 Index Fund - Direct Plan",2026-04-01,24.3411
148945,"SBI Nifty Next 50 Index Fund - Direct Plan - Growth",2026-04-01,17.1384
149936,"Axis Nifty Midcap 50 Index Fund - Direct Plan - Growth Option",2026-04-01,18.586
150738,"Tata Nifty Midcap 150 Momentum 50 Index Fund - Growth - Direct Plan",2026-04-01,16.4124
150892,"Edelweiss Nifty Smallcap 250 Index Fund - Direct Plan - Growth",2026-04-01,15.3453
151781,"Kotak Nifty 200 Momentum 30 Index Fund - Direct Plan - Growth Option",2026-04-01,13.241
153219,"DSP BSE SENSEX Next 30 Index Fund - Direct - Growth",2026-04-01,10.8568
153272,"UTI Nifty Midsmallcap 400 Momentum Quality 100 Index Fund - Direct Plan - Growth Option",2026-04-01,10.0983
153470,"Nippon India Nifty 500 Quality 50 Index Fund - Direct Plan - Growth Option",2026-04-01,9.7346
118482,"BANDHAN Nifty 50 Index Fund-Direct Plan-Growth",2026-04-02,50.5191
147625,"Motilal Oswal Nifty 500 Index Fund - Direct Plan",2026-04-02,24.3448
148945,"SBI Nifty Next 50 Index Fund - Direct Plan - Growth",2026-04-02,17.1505
149936,"Axis Nifty Midcap 50 Index Fund - Direct Plan - Growth Option",2026-04-02,18.5556
150738,"Tata Nifty Midcap 150 Momentum 50 Index Fund - Growth - Direct Plan",2026-04-02,16.3297
150892,"Edelweiss Nifty Smallcap 250 Index Fund - Direct Plan - Growth",2026-04-02,15.3232
151781,"Kotak Nifty 200 Momentum 30 Index Fund - Direct Plan - Growth Option",2026-04-02,13.17
153219,"DSP BSE SENSEX Next 30 Index Fund - Direct - Growth",2026-04-02,10.8417
153272,"UTI Nifty Midsmallcap 400 Momentum Quality 100 Index Fund - Direct Plan - Growth Option",2026-04-02,10.0728
153470,"Nippon India Nifty 500 Quality 50 Index Fund - Direct Plan - Growth Option",2026-04-02,9.792
118482,"BANDHAN Nifty 50 Index Fund-Direct Plan-Growth",2026-04-06,51.0858
147625,"Motilal Oswal Nifty 500 Index Fund - Direct Plan",2026-04-06,24.6414
148945,"SBI Nifty Next 50 Index Fund - Direct Plan - Growth",2026-04-06,17.399
149936,"Axis Nifty Midcap 50 Index Fund - Direct Plan - Growth Option",2026-04-06,18.8417
150738,"Tata Nifty Midcap 150 Momentum 50 Index Fund - Growth - Direct Plan",2026-04-06,16.6367
150892,"Edelweiss Nifty Smallcap 250 Index Fund - Direct Plan - Growth",2026-04-06,15.4843
151781,"Kotak Nifty 200 Momentum 30 Index Fund - Direct Plan - Growth Option",2026-04-06,13.462
153219,"DSP BSE SENSEX Next 30 Index Fund - Direct - Growth",2026-04-06,10.9681
153272,"UTI Nifty Midsmallcap 400 Momentum Quality 100 Index Fund - Direct Plan - Growth Option",2026-04-06,10.2468
153470,"Nippon India Nifty 500 Quality 50 Index Fund - Direct Plan - Growth Option",2026-04-06,9.9205
118482,"BANDHAN Nifty 50 Index Fund-Direct Plan-Growth",2026-04-07,51.4259
147625,"Motilal Oswal Nifty 500 Index Fund - Direct Plan",2026-04-07,24.7603
148945,"SBI Nifty Next 50 Index Fund - Direct Plan - Growth",2026-04-07,17.4796
149936,"Axis Nifty Midcap 50 Index Fund - Direct Plan - Growth Option",2026-04-07,18.9221
150738,"Tata Nifty Midcap 150 Momentum 50 Index Fund - Growth - Direct Plan",2026-04-07,16.6055
150892,"Edelweiss Nifty Smallcap 250 Index Fund - Direct Plan - Growth",2026-04-07,15.5041
151781,"Kotak Nifty 200 Momentum 30 Index Fund - Direct Plan - Growth Option",2026-04-07,13.493
153219,"DSP BSE SENSEX Next 30 Index Fund - Direct - Growth",2026-04-07,11.0483
153272,"UTI Nifty Midsmallcap 400 Momentum Quality 100 Index Fund - Direct Plan - Growth Option",2026-04-07,10.2451
153470,"Nippon India Nifty 500 Quality 50 Index Fund - Direct Plan - Growth Option",2026-04-07,9.9717
118482,"BANDHAN Nifty 50 Index Fund-Direct Plan-Growth",2026-04-08,53.3675
147625,"Motilal Oswal Nifty 500 Index Fund - Direct Plan",2026-04-08,25.7373
148945,"SBI Nifty Next 50 Index Fund - Direct Plan - Growth",2026-04-08,18.3076
149936,"Axis Nifty Midcap 50 Index Fund - Direct Plan - Growth Option",2026-04-08,19.6943
150738,"Tata Nifty Midcap 150 Momentum 50 Index Fund - Growth - Direct Plan",2026-04-08,17.4768
150892,"Edelweiss Nifty Smallcap 250 Index Fund - Direct Plan - Growth",2026-04-08,16.1103
151781,"Kotak Nifty 200 Momentum 30 Index Fund - Direct Plan - Growth Option",2026-04-08,14.267
153219,"DSP BSE SENSEX Next 30 Index Fund - Direct - Growth",2026-04-08,11.3682
153272,"UTI Nifty Midsmallcap 400 Momentum Quality 100 Index Fund - Direct Plan - Growth Option",2026-04-08,10.6681
153470,"Nippon India Nifty 500 Quality 50 Index Fund - Direct Plan - Growth Option",2026-04-08,10.2522
118482,"BANDHAN Nifty 50 Index Fund-Direct Plan-Growth",2026-04-09,52.8731
147625,"Motilal Oswal Nifty 500 Index Fund - Direct Plan",2026-04-09,25.6214
148945,"SBI Nifty Next 50 Index Fund - Direct Plan - Growth",2026-04-09,18.3415
149936,"Axis Nifty Midcap 50 Index Fund - Direct Plan - Growth Option",2026-04-09,19.7377
150738,"Tata Nifty Midcap 150 Momentum 50 Index Fund - Growth - Direct Plan",2026-04-09,17.5153
150892,"Edelweiss Nifty Smallcap 250 Index Fund - Direct Plan - Growth",2026-04-09,16.1312
151781,"Kotak Nifty 200 Momentum 30 Index Fund - Direct Plan - Growth Option",2026-04-09,14.23
153219,"DSP BSE SENSEX Next 30 Index Fund - Direct - Growth",2026-04-09,11.4297
153272,"UTI Nifty Midsmallcap 400 Momentum Quality 100 Index Fund - Direct Plan - Growth Option",2026-04-09,10.7481
153470,"Nippon India Nifty 500 Quality 50 Index Fund - Direct Plan - Growth Option",2026-04-09,10.3414
118482,"BANDHAN Nifty 50 Index Fund-Direct Plan-Growth",2026-04-10,53.4856
147625,"Motilal Oswal Nifty 500 Index Fund - Direct Plan",2026-04-10,25.9806
148945,"SBI Nifty Next 50 Index Fund - Direct Plan - Growth",2026-04-10,18.7209
149936,"Axis Nifty Midcap 50 Index Fund - Direct Plan - Growth Option",2026-04-10,19.9875
150738,"Tata Nifty Midcap 150 Momentum 50 Index Fund - Growth - Direct Plan",2026-04-10,17.887
150892,"Edelweiss Nifty Smallcap 250 Index Fund - Direct Plan - Growth",2026-04-10,16.3924
151781,"Kotak Nifty 200 Momentum 30 Index Fund - Direct Plan - Growth Option",2026-04-10,14.551
153219,"DSP BSE SENSEX Next 30 Index Fund - Direct - Growth",2026-04-10,11.5818
153272,"UTI Nifty Midsmallcap 400 Momentum Quality 100 Index Fund - Direct Plan - Growth Option",2026-04-10,10.931
153470,"Nippon India Nifty 500 Quality 50 Index Fund - Direct Plan - Growth Option",2026-04-10,10.4436
118482,"BANDHAN Nifty 50 Index Fund-Direct Plan-Growth",2026-04-13,53.0228
147625,"Motilal Oswal Nifty 500 Index Fund - Direct Plan",2026-04-13,25.7855
148945,"SBI Nifty Next 50 Index Fund - Direct Plan - Growth",2026-04-13,18.5772
149936,"Axis Nifty Midcap 50 Index Fund - Direct Plan - Growth Option",2026-04-13,19.8338
150738,"Tata Nifty Midcap 150 Momentum 50 Index Fund - Growth - Direct Plan",2026-04-13,17.6823
150892,"Edelweiss Nifty Smallcap 250 Index Fund - Direct Plan - Growth",2026-04-13,16.3245
151781,"Kotak Nifty 200 Momentum 30 Index Fund - Direct Plan - Growth Option",2026-04-13,14.309
153219,"DSP BSE SENSEX Next 30 Index Fund - Direct - Growth",2026-04-13,11.5148
153272,"UTI Nifty Midsmallcap 400 Momentum Quality 100 Index Fund - Direct Plan - Growth Option",2026-04-13,10.8597
153470,"Nippon India Nifty 500 Quality 50 Index Fund - Direct Plan - Growth Option",2026-04-13,10.3963
118482,"BANDHAN Nifty 50 Index Fund-Direct Plan-Growth",2026-04-15,53.8869
147625,"Motilal Oswal Nifty 500 Index Fund - Direct Plan",2026-04-15,26.2692
148945,"SBI Nifty Next 50 Index Fund - Direct Plan - Growth",2026-04-15,18.9767
149936,"Axis Nifty Midcap 50 Index Fund - Direct Plan - Growth Option",2026-04-15,20.286
150738,"Tata Nifty Midcap 150 Momentum 50 Index Fund - Growth - Direct Plan",2026-04-15,17.977
150892,"Edelweiss Nifty Smallcap 250 Index Fund - Direct Plan - Growth",2026-04-15,16.7023
151781,"Kotak Nifty 200 Momentum 30 Index Fund - Direct Plan - Growth Option",2026-04-15,14.561
153219,"DSP BSE SENSEX Next 30 Index Fund - Direct - Growth",2026-04-15,11.7337
153272,"UTI Nifty Midsmallcap 400 Momentum Quality 100 Index Fund - Direct Plan - Growth Option",2026-04-15,11.0876
153470,"Nippon India Nifty 500 Quality 50 Index Fund - Direct Plan - Growth Option",2026-04-15,10.6368
118482,"BANDHAN Nifty 50 Index Fund-Direct Plan-Growth",2026-04-16,53.8097
147625,"Motilal Oswal Nifty 500 Index Fund - Direct Plan",2026-04-16,26.3396
148945,"SBI Nifty Next 50 Index Fund - Direct Plan - Growth",2026-04-16,19.1789
149936,"Axis Nifty Midcap 50 Index Fund - Direct Plan - Growth Option",2026-04-16,20.4137
150738,"Tata Nifty Midcap 150 Momentum 50 Index Fund - Growth - Direct Plan",2026-04-16,17.9701
150892,"Edelweiss Nifty Smallcap 250 Index Fund - Direct Plan - Growth",2026-04-16,16.8559
151781,"Kotak Nifty 200 Momentum 30 Index Fund - Direct Plan - Growth Option",2026-04-16,14.559
153219,"DSP BSE SENSEX Next 30 Index Fund - Direct - Growth",2026-04-16,11.7922
153272,"UTI Nifty Midsmallcap 400 Momentum Quality 100 Index Fund - Direct Plan - Growth Option",2026-04-16,11.1371
153470,"Nippon India Nifty 500 Quality 50 Index Fund - Direct Plan - Growth Option",2026-04-16,10.7136
118482,"BANDHAN Nifty 50 Index Fund-Direct Plan-Growth",2026-04-17,54.1582
147625,"Motilal Oswal Nifty 500 Index Fund - Direct Plan",2026-04-17,26.5878
148945,"SBI Nifty Next 50 Index Fund - Direct Plan - Growth",2026-04-17,19.4506
149936,"Axis Nifty Midcap 50 Index Fund - Direct Plan - Growth Option",2026-04-17,20.6685
150738,"Tata Nifty Midcap 150 Momentum 50 Index Fund - Growth - Direct Plan",2026-04-17,18.1832
150892,"Edelweiss Nifty Smallcap 250 Index Fund - Direct Plan - Growth",2026-04-17,17.1039
151781,"Kotak Nifty 200 Momentum 30 Index Fund - Direct Plan - Growth Option",2026-04-17,14.685
153219,"DSP BSE SENSEX Next 30 Index Fund - Direct - Growth",2026-04-17,11.8829
153272,"UTI Nifty Midsmallcap 400 Momentum Quality 100 Index Fund - Direct Plan - Growth Option",2026-04-17,11.3351
153470,"Nippon India Nifty 500 Quality 50 Index Fund - Direct Plan - Growth Option",2026-04-17,10.9434
118482,"BANDHAN Nifty 50 Index Fund-Direct Plan-Growth",2026-04-20,54.183
147625,"Motilal Oswal Nifty 500 Index Fund - Direct Plan",2026-04-20,26.5834
148945,"SBI Nifty Next 50 Index Fund - Direct Plan - Growth",2026-04-20,19.4688
149936,"Axis Nifty Midcap 50 Index Fund - Direct Plan - Growth Option",2026-04-20,20.6284
150738,"Tata Nifty Midcap 150 Momentum 50 Index Fund - Growth - Direct Plan",2026-04-20,18.1733
150892,"Edelweiss Nifty Smallcap 250 Index Fund - Direct Plan - Growth",2026-04-20,17.0416
151781,"Kotak Nifty 200 Momentum 30 Index Fund - Direct Plan - Growth Option",2026-04-20,14.722
153219,"DSP BSE SENSEX Next 30 Index Fund - Direct - Growth",2026-04-20,11.8699
153272,"UTI Nifty Midsmallcap 400 Momentum Quality 100 Index Fund - Direct Plan - Growth Option",2026-04-20,11.3105
153470,"Nippon India Nifty 500 Quality 50 Index Fund - Direct Plan - Growth Option",2026-04-20,10.9013
118482,"BANDHAN Nifty 50 Index Fund-Direct Plan-Growth",2026-04-21,54.6537
147625,"Motilal Oswal Nifty 500 Index Fund - Direct Plan",2026-04-21,26.7887
148945,"SBI Nifty Next 50 Index Fund - Direct Plan - Growth",2026-04-21,19.6026
149936,"Axis Nifty Midcap 50 Index Fund - Direct Plan - Growth Option",2026-04-21,20.7245
150738,"Tata Nifty Midcap 150 Momentum 50 Index Fund - Growth - Direct Plan",2026-04-21,18.2688
150892,"Edelweiss Nifty Smallcap 250 Index Fund - Direct Plan - Growth",2026-04-21,17.1807
151781,"Kotak Nifty 200 Momentum 30 Index Fund - Direct Plan - Growth Option",2026-04-21,14.783
153219,"DSP BSE SENSEX Next 30 Index Fund - Direct - Growth",2026-04-21,11.9344
153272,"UTI Nifty Midsmallcap 400 Momentum Quality 100 Index Fund - Direct Plan - Growth Option",2026-04-21,11.3451
153470,"Nippon India Nifty 500 Quality 50 Index Fund - Direct Plan - Growth Option",2026-04-21,10.9375
118482,"BANDHAN Nifty 50 Index Fund-Direct Plan-Growth",2026-04-22,54.212
147625,"Motilal Oswal Nifty 500 Index Fund - Direct Plan",2026-04-22,26.7295
148945,"SBI Nifty Next 50 Index Fund - Direct Plan - Growth",2026-04-22,19.7469
149936,"Axis Nifty Midcap 50 Index Fund - Direct Plan - Growth Option",2026-04-22,20.7195
150738,"Tata Nifty Midcap 150 Momentum 50 Index Fund - Growth - Direct Plan",2026-04-22,18.2603
150892,"Edelweiss Nifty Smallcap 250 Index Fund - Direct Plan - Growth",2026-04-22,17.3577
151781,"Kotak Nifty 200 Momentum 30 Index Fund - Direct Plan - Growth Option",2026-04-22,14.75
153219,"DSP BSE SENSEX Next 30 Index Fund - Direct - Growth",2026-04-22,11.9316
153272,"UTI Nifty Midsmallcap 400 Momentum Quality 100 Index Fund - Direct Plan - Growth Option",2026-04-22,11.3462
153470,"Nippon India Nifty 500 Quality 50 Index Fund - Direct Plan - Growth Option",2026-04-22,10.9384
118482,"BANDHAN Nifty 50 Index Fund-Direct Plan-Growth",2026-04-23,53.756
147625,"Motilal Oswal Nifty 500 Index Fund - Direct Plan",2026-04-23,26.5197
148945,"SBI Nifty Next 50 Index Fund - Direct Plan - Growth",2026-04-23,19.4877
149936,"Axis Nifty Midcap 50 Index Fund - Direct Plan - Growth Option",2026-04-23,20.5722
150738,"Tata Nifty Midcap 150 Momentum 50 Index Fund - Growth - Direct Plan",2026-04-23,18.1826
150892,"Edelweiss Nifty Smallcap 250 Index Fund - Direct Plan - Growth",2026-04-23,17.2629
151781,"Kotak Nifty 200 Momentum 30 Index Fund - Direct Plan - Growth Option",2026-04-23,14.559
153219,"DSP BSE SENSEX Next 30 Index Fund - Direct - Growth",2026-04-23,11.8996
153272,"UTI Nifty Midsmallcap 400 Momentum Quality 100 Index Fund - Direct Plan - Growth Option",2026-04-23,11.3048
153470,"Nippon India Nifty 500 Quality 50 Index Fund - Direct Plan - Growth Option",2026-04-23,10.9415
118482,"BANDHAN Nifty 50 Index Fund-Direct Plan-Growth",2026-04-24,53.1563
147625,"Motilal Oswal Nifty 500 Index Fund - Direct Plan",2026-04-24,26.2436
148945,"SBI Nifty Next 50 Index Fund - Direct Plan - Growth",2026-04-24,19.342
149936,"Axis Nifty Midcap 50 Index Fund - Direct Plan - Growth Option",2026-04-24,20.3362
150738,"Tata Nifty Midcap 150 Momentum 50 Index Fund - Growth - Direct Plan",2026-04-24,18.0326
150892,"Edelweiss Nifty Smallcap 250 Index Fund - Direct Plan - Growth",2026-04-24,17.0767
151781,"Kotak Nifty 200 Momentum 30 Index Fund - Direct Plan - Growth Option",2026-04-24,14.488
153219,"DSP BSE SENSEX Next 30 Index Fund - Direct - Growth",2026-04-24,11.8565
153272,"UTI Nifty Midsmallcap 400 Momentum Quality 100 Index Fund - Direct Plan - Growth Option",2026-04-24,11.2085
153470,"Nippon India Nifty 500 Quality 50 Index Fund - Direct Plan - Growth Option",2026-04-24,10.8449
118482,"BANDHAN Nifty 50 Index Fund-Direct Plan-Growth",2026-04-27,53.5889
147625,"Motilal Oswal Nifty 500 Index Fund - Direct Plan",2026-04-27,26.5361
148945,"SBI Nifty Next 50 Index Fund - Direct Plan - Growth",2026-04-27,19.5951
149936,"Axis Nifty Midcap 50 Index Fund - Direct Plan - Growth Option",2026-04-27,20.6446
150738,"Tata Nifty Midcap 150 Momentum 50 Index Fund - Growth - Direct Plan",2026-04-27,18.1791
150892,"Edelweiss Nifty Smallcap 250 Index Fund - Direct Plan - Growth",2026-04-27,17.3872
151781,"Kotak Nifty 200 Momentum 30 Index Fund - Direct Plan - Growth Option",2026-04-27,14.562
153219,"DSP BSE SENSEX Next 30 Index Fund - Direct - Growth",2026-04-27,12.0133
153272,"UTI Nifty Midsmallcap 400 Momentum Quality 100 Index Fund - Direct Plan - Growth Option",2026-04-27,11.3417
153470,"Nippon India Nifty 500 Quality 50 Index Fund - Direct Plan - Growth Option",2026-04-27,10.9426
118482,"BANDHAN Nifty 50 Index Fund-Direct Plan-Growth",2026-04-28,53.373
147625,"Motilal Oswal Nifty 500 Index Fund - Direct Plan",2026-04-28,26.4712
148945,"SBI Nifty Next 50 Index Fund - Direct Plan - Growth",2026-04-28,19.5312
149936,"Axis Nifty Midcap 50 Index Fund - Direct Plan - Growth Option",2026-04-28,20.6975
150738,"Tata Nifty Midcap 150 Momentum 50 Index Fund - Growth - Direct Plan",2026-04-28,18.1836
150892,"Edelweiss Nifty Smallcap 250 Index Fund - Direct Plan - Growth",2026-04-28,17.3962
151781,"Kotak Nifty 200 Momentum 30 Index Fund - Direct Plan - Growth Option",2026-04-28,14.489
153219,"DSP BSE SENSEX Next 30 Index Fund - Direct - Growth",2026-04-28,12.0343
153272,"UTI Nifty Midsmallcap 400 Momentum Quality 100 Index Fund - Direct Plan - Growth Option",2026-04-28,11.3814
153470,"Nippon India Nifty 500 Quality 50 Index Fund - Direct Plan - Growth Option",2026-04-28,10.95
118482,"BANDHAN Nifty 50 Index Fund-Direct Plan-Growth",2026-04-29,53.7774
147625,"Motilal Oswal Nifty 500 Index Fund - Direct Plan",2026-04-29,26.5936
148945,"SBI Nifty Next 50 Index Fund - Direct Plan - Growth",2026-04-29,19.5183
149936,"Axis Nifty Midcap 50 Index Fund - Direct Plan - Growth Option",2026-04-29,20.6844
150738,"Tata Nifty Midcap 150 Momentum 50 Index Fund - Growth - Direct Plan",2026-04-29,18.1556
150892,"Edelweiss Nifty Smallcap 250 Index Fund - Direct Plan - Growth",2026-04-29,17.4818
151781,"Kotak Nifty 200 Momentum 30 Index Fund - Direct Plan - Growth Option",2026-04-29,14.503
153219,"DSP BSE SENSEX Next 30 Index Fund - Direct - Growth",2026-04-29,12.0898
153272,"UTI Nifty Midsmallcap 400 Momentum Quality 100 Index Fund - Direct Plan - Growth Option",2026-04-29,11.3983
153470,"Nippon India Nifty 500 Quality 50 Index Fund - Direct Plan - Growth Option",2026-04-29,10.9649
118482,"BANDHAN Nifty 50 Index Fund-Direct Plan-Growth",2026-04-30,53.3767
147625,"Motilal Oswal Nifty 500 Index Fund - Direct Plan",2026-04-30,26.3765
148945,"SBI Nifty Next 50 Index Fund - Direct Plan - Growth",2026-04-30,19.2807
149936,"Axis Nifty Midcap 50 Index Fund - Direct Plan - Growth Option",2026-04-30,20.506
150738,"Tata Nifty Midcap 150 Momentum 50 Index Fund - Growth - Direct Plan",2026-04-30,17.9818
150892,"Edelweiss Nifty Smallcap 250 Index Fund - Direct Plan - Growth",2026-04-30,17.4055
151781,"Kotak Nifty 200 Momentum 30 Index Fund - Direct Plan - Growth Option",2026-04-30,14.382
153219,"DSP BSE SENSEX Next 30 Index Fund - Direct - Growth",2026-04-30,11.9784
153272,"UTI Nifty Midsmallcap 400 Momentum Quality 100 Index Fund - Direct Plan - Growth Option",2026-04-30,11.3005
153470,"Nippon India Nifty 500 Quality 50 Index Fund - Direct Plan - Growth Option",2026-04-30,10.8744
118482,"BANDHAN Nifty 50 Index Fund-Direct Plan-Growth",2026-05-04,53.6469
147625,"Motilal Oswal Nifty 500 Index Fund - Direct Plan",2026-05-04,26.5477
148945,"SBI Nifty Next 50 Index Fund - Direct Plan - Growth",2026-05-04,19.4575
149936,"Axis Nifty Midcap 50 Index Fund - Direct Plan - Growth Option",2026-05-04,20.6298
150738,"Tata Nifty Midcap 150 Momentum 50 Index Fund - Growth - Direct Plan",2026-05-04,18.092
150892,"Edelweiss Nifty Smallcap 250 Index Fund - Direct Plan - Growth",2026-05-04,17.5769
151781,"Kotak Nifty 200 Momentum 30 Index Fund - Direct Plan - Growth Option",2026-05-04,14.489
153219,"DSP BSE SENSEX Next 30 Index Fund - Direct - Growth",2026-05-04,12.0703
153272,"UTI Nifty Midsmallcap 400 Momentum Quality 100 Index Fund - Direct Plan - Growth Option",2026-05-04,11.3539
153470,"Nippon India Nifty 500 Quality 50 Index Fund - Direct Plan - Growth Option",2026-05-04,10.9079
118482,"BANDHAN Nifty 50 Index Fund-Direct Plan-Growth",2026-05-05,53.4543
147625,"Motilal Oswal Nifty 500 Index Fund - Direct Plan",2026-05-05,26.5217
148945,"SBI Nifty Next 50 Index Fund - Direct Plan - Growth",2026-05-05,19.5525
149936,"Axis Nifty Midcap 50 Index Fund - Direct Plan - Growth Option",2026-05-05,20.645
150738,"Tata Nifty Midcap 150 Momentum 50 Index Fund - Growth - Direct Plan",2026-05-05,18.1608
150892,"Edelweiss Nifty Smallcap 250 Index Fund - Direct Plan - Growth",2026-05-05,17.6104
151781,"Kotak Nifty 200 Momentum 30 Index Fund - Direct Plan - Growth Option",2026-05-05,14.503
153219,"DSP BSE SENSEX Next 30 Index Fund - Direct - Growth",2026-05-05,12.0731
153272,"UTI Nifty Midsmallcap 400 Momentum Quality 100 Index Fund - Direct Plan - Growth Option",2026-05-05,11.4108
153470,"Nippon India Nifty 500 Quality 50 Index Fund - Direct Plan - Growth Option",2026-05-05,10.9948
118482,"BANDHAN Nifty 50 Index Fund-Direct Plan-Growth",2026-05-06,54.1172
147625,"Motilal Oswal Nifty 500 Index Fund - Direct Plan",2026-05-06,26.8996
148945,"SBI Nifty Next 50 Index Fund - Direct Plan - Growth",2026-05-06,19.847
149936,"Axis Nifty Midcap 50 Index Fund - Direct Plan - Growth Option",2026-05-06,21.1
150738,"Tata Nifty Midcap 150 Momentum 50 Index Fund - Growth - Direct Plan",2026-05-06,18.5388
150892,"Edelweiss Nifty Smallcap 250 Index Fund - Direct Plan - Growth",2026-05-06,17.9286
151781,"Kotak Nifty 200 Momentum 30 Index Fund - Direct Plan - Growth Option",2026-05-06,14.826
153219,"DSP BSE SENSEX Next 30 Index Fund - Direct - Growth",2026-05-06,12.2004
153272,"UTI Nifty Midsmallcap 400 Momentum Quality 100 Index Fund - Direct Plan - Growth Option",2026-05-06,11.5985
153470,"Nippon India Nifty 500 Quality 50 Index Fund - Direct Plan - Growth Option",2026-05-06,11.0831
118482,"BANDHAN Nifty 50 Index Fund-Direct Plan-Growth",2026-05-07,54.1075
147625,"Motilal Oswal Nifty 500 Index Fund - Direct Plan",2026-05-07,26.9934
148945,"SBI Nifty Next 50 Index Fund - Direct Plan - Growth",2026-05-07,19.8917
149936,"Axis Nifty Midcap 50 Index Fund - Direct Plan - Growth Option",2026-05-07,21.3967
150738,"Tata Nifty Midcap 150 Momentum 50 Index Fund - Growth - Direct Plan",2026-05-07,18.8015
150892,"Edelweiss Nifty Smallcap 250 Index Fund - Direct Plan - Growth",2026-05-07,18.1107
151781,"Kotak Nifty 200 Momentum 30 Index Fund - Direct Plan - Growth Option",2026-05-07,14.95
153219,"DSP BSE SENSEX Next 30 Index Fund - Direct - Growth",2026-05-07,12.2866
153272,"UTI Nifty Midsmallcap 400 Momentum Quality 100 Index Fund - Direct Plan - Growth Option",2026-05-07,11.7447
153470,"Nippon India Nifty 500 Quality 50 Index Fund - Direct Plan - Growth Option",2026-05-07,11.1896
118482,"BANDHAN Nifty 50 Index Fund-Direct Plan-Growth",2026-05-08,53.7726
147625,"Motilal Oswal Nifty 500 Index Fund - Direct Plan",2026-05-08,26.8794
148945,"SBI Nifty Next 50 Index Fund - Direct Plan - Growth",2026-05-08,19.7927
149936,"Axis Nifty Midcap 50 Index Fund - Direct Plan - Growth Option",2026-05-08,21.41
150738,"Tata Nifty Midcap 150 Momentum 50 Index Fund - Growth - Direct Plan",2026-05-08,18.7564
150892,"Edelweiss Nifty Smallcap 250 Index Fund - Direct Plan - Growth",2026-05-08,18.1409
151781,"Kotak Nifty 200 Momentum 30 Index Fund - Direct Plan - Growth Option",2026-05-08,14.855
153219,"DSP BSE SENSEX Next 30 Index Fund - Direct - Growth",2026-05-08,12.2387
153272,"UTI Nifty Midsmallcap 400 Momentum Quality 100 Index Fund - Direct Plan - Growth Option",2026-05-08,11.7291
153470,"Nippon India Nifty 500 Quality 50 Index Fund - Direct Plan - Growth Option",2026-05-08,11.1623
118482,"BANDHAN Nifty 50 Index Fund-Direct Plan-Growth",2026-05-11,52.9708
147625,"Motilal Oswal Nifty 500 Index Fund - Direct Plan",2026-05-11,26.5077
148945,"SBI Nifty Next 50 Index Fund - Direct Plan - Growth",2026-05-11,19.4607
149936,"Axis Nifty Midcap 50 Index Fund - Direct Plan - Growth Option",2026-05-11,21.231
150738,"Tata Nifty Midcap 150 Momentum 50 Index Fund - Growth - Direct Plan",2026-05-11,18.5083
150892,"Edelweiss Nifty Smallcap 250 Index Fund - Direct Plan - Growth",2026-05-11,17.9486
151781,"Kotak Nifty 200 Momentum 30 Index Fund - Direct Plan - Growth Option",2026-05-11,14.556
153219,"DSP BSE SENSEX Next 30 Index Fund - Direct - Growth",2026-05-11,12.1455
153272,"UTI Nifty Midsmallcap 400 Momentum Quality 100 Index Fund - Direct Plan - Growth Option",2026-05-11,11.5749
153470,"Nippon India Nifty 500 Quality 50 Index Fund - Direct Plan - Growth Option",2026-05-11,10.9901
118482,"BANDHAN Nifty 50 Index Fund-Direct Plan-Growth",2026-05-12,52.0007
147625,"Motilal Oswal Nifty 500 Index Fund - Direct Plan",2026-05-12,25.9326
148945,"SBI Nifty Next 50 Index Fund - Direct Plan - Growth",2026-05-12,18.9885
149936,"Axis Nifty Midcap 50 Index Fund - Direct Plan - Growth Option",2026-05-12,20.7148
150738,"Tata Nifty Midcap 150 Momentum 50 Index Fund - Growth - Direct Plan",2026-05-12,18.0268
150892,"Edelweiss Nifty Smallcap 250 Index Fund - Direct Plan - Growth",2026-05-12,17.4097
151781,"Kotak Nifty 200 Momentum 30 Index Fund - Direct Plan - Growth Option",2026-05-12,14.241
153219,"DSP BSE SENSEX Next 30 Index Fund - Direct - Growth",2026-05-12,11.9416
153272,"UTI Nifty Midsmallcap 400 Momentum Quality 100 Index Fund - Direct Plan - Growth Option",2026-05-12,11.2789
153470,"Nippon India Nifty 500 Quality 50 Index Fund - Direct Plan - Growth Option",2026-05-12,10.689
118482,"BANDHAN Nifty 50 Index Fund-Direct Plan-Growth",2026-05-13,52.0742
147625,"Motilal Oswal Nifty 500 Index Fund - Direct Plan",2026-05-13,26.0227
148945,"SBI Nifty Next 50 Index Fund - Direct Plan - Growth",2026-05-13,19.1491
149936,"Axis Nifty Midcap 50 Index Fund - Direct Plan - Growth Option",2026-05-13,20.8377
150738,"Tata Nifty Midcap 150 Momentum 50 Index Fund - Growth - Direct Plan",2026-05-13,18.0967
150892,"Edelweiss Nifty Smallcap 250 Index Fund - Direct Plan - Growth",2026-05-13,17.4597
151781,"Kotak Nifty 200 Momentum 30 Index Fund - Direct Plan - Growth Option",2026-05-13,14.283
153219,"DSP BSE SENSEX Next 30 Index Fund - Direct - Growth",2026-05-13,11.984
153272,"UTI Nifty Midsmallcap 400 Momentum Quality 100 Index Fund - Direct Plan - Growth Option",2026-05-13,11.3554
153470,"Nippon India Nifty 500 Quality 50 Index Fund - Direct Plan - Growth Option",2026-05-13,10.7691
118482,"BANDHAN Nifty 50 Index Fund-Direct Plan-Growth",2026-05-14,52.69
147625,"Motilal Oswal Nifty 500 Index Fund - Direct Plan",2026-05-14,26.2963
148945,"SBI Nifty Next 50 Index Fund - Direct Plan - Growth",2026-05-14,19.3634
149936,"Axis Nifty Midcap 50 Index Fund - Direct Plan - Growth Option",2026-05-14,21.0807
150738,"Tata Nifty Midcap 150 Momentum 50 Index Fund - Growth - Direct Plan",2026-05-14,18.3281
150892,"Edelweiss Nifty Smallcap 250 Index Fund - Direct Plan - Growth",2026-05-14,17.4648
151781,"Kotak Nifty 200 Momentum 30 Index Fund - Direct Plan - Growth Option",2026-05-14,14.488
153219,"DSP BSE SENSEX Next 30 Index Fund - Direct - Growth",2026-05-14,12.1583
153272,"UTI Nifty Midsmallcap 400 Momentum Quality 100 Index Fund - Direct Plan - Growth Option",2026-05-14,11.4898
153470,"Nippon India Nifty 500 Quality 50 Index Fund - Direct Plan - Growth Option",2026-05-14,10.8302
118482,"BANDHAN Nifty 50 Index Fund-Direct Plan-Growth",2026-05-15,52.6223
147625,"Motilal Oswal Nifty 500 Index Fund - Direct Plan",2026-05-15,26.2112
148945,"SBI Nifty Next 50 Index Fund - Direct Plan - Growth",2026-05-15,19.1805
149936,"Axis Nifty Midcap 50 Index Fund - Direct Plan - Growth Option",2026-05-15,20.9783
150738,"Tata Nifty Midcap 150 Momentum 50 Index Fund - Growth - Direct Plan",2026-05-15,18.2265
150892,"Edelweiss Nifty Smallcap 250 Index Fund - Direct Plan - Growth",2026-05-15,17.3994
151781,"Kotak Nifty 200 Momentum 30 Index Fund - Direct Plan - Growth Option",2026-05-15,14.403
153219,"DSP BSE SENSEX Next 30 Index Fund - Direct - Growth",2026-05-15,12.113
153272,"UTI Nifty Midsmallcap 400 Momentum Quality 100 Index Fund - Direct Plan - Growth Option",2026-05-15,11.4522
153470,"Nippon India Nifty 500 Quality 50 Index Fund - Direct Plan - Growth Option",2026-05-15,10.8359
118482,"BANDHAN Nifty 50 Index Fund-Direct Plan-Growth",2026-05-18,52.6361
147625,"Motilal Oswal Nifty 500 Index Fund - Direct Plan",2026-05-18,26.1297
148945,"SBI Nifty Next 50 Index Fund - Direct Plan - Growth",2026-05-18,18.997
149936,"Axis Nifty Midcap 50 Index Fund - Direct Plan - Growth Option",2026-05-18,20.9636
150738,"Tata Nifty Midcap 150 Momentum 50 Index Fund - Growth - Direct Plan",2026-05-18,18.1724
150892,"Edelweiss Nifty Smallcap 250 Index Fund - Direct Plan - Growth",2026-05-18,17.1399
151781,"Kotak Nifty 200 Momentum 30 Index Fund - Direct Plan - Growth Option",2026-05-18,14.299
153219,"DSP BSE SENSEX Next 30 Index Fund - Direct - Growth",2026-05-18,12.0355
153272,"UTI Nifty Midsmallcap 400 Momentum Quality 100 Index Fund - Direct Plan - Growth Option",2026-05-18,11.4182
153470,"Nippon India Nifty 500 Quality 50 Index Fund - Direct Plan - Growth Option",2026-05-18,10.8193
118482,"BANDHAN Nifty 50 Index Fund-Direct Plan-Growth",2026-05-19,52.565
147625,"Motilal Oswal Nifty 500 Index Fund - Direct Plan",2026-05-19,26.2003
148945,"SBI Nifty Next 50 Index Fund - Direct Plan - Growth",2026-05-19,19.1006
149936,"Axis Nifty Midcap 50 Index Fund - Direct Plan - Growth Option",2026-05-19,21.1485
150738,"Tata Nifty Midcap 150 Momentum 50 Index Fund - Growth - Direct Plan",2026-05-19,18.2713
150892,"Edelweiss Nifty Smallcap 250 Index Fund - Direct Plan - Growth",2026-05-19,17.3384
151781,"Kotak Nifty 200 Momentum 30 Index Fund - Direct Plan - Growth Option",2026-05-19,14.309
153219,"DSP BSE SENSEX Next 30 Index Fund - Direct - Growth",2026-05-19,12.0537
153272,"UTI Nifty Midsmallcap 400 Momentum Quality 100 Index Fund - Direct Plan - Growth Option",2026-05-19,11.5301
153470,"Nippon India Nifty 500 Quality 50 Index Fund - Direct Plan - Growth Option",2026-05-19,10.9232
118482,"BANDHAN Nifty 50 Index Fund-Direct Plan-Growth",2026-05-20,52.656
147625,"Motilal Oswal Nifty 500 Index Fund - Direct Plan",2026-05-20,26.2661
148945,"SBI Nifty Next 50 Index Fund - Direct Plan - Growth",2026-05-20,19.2029
149936,"Axis Nifty Midcap 50 Index Fund - Direct Plan - Growth Option",2026-05-20,21.2529
150738,"Tata Nifty Midcap 150 Momentum 50 Index Fund - Growth - Direct Plan",2026-05-20,18.4102
150892,"Edelweiss Nifty Smallcap 250 Index Fund - Direct Plan - Growth",2026-05-20,17.3533
151781,"Kotak Nifty 200 Momentum 30 Index Fund - Direct Plan - Growth Option",2026-05-20,14.392
153219,"DSP BSE SENSEX Next 30 Index Fund - Direct - Growth",2026-05-20,12.0882
153272,"UTI Nifty Midsmallcap 400 Momentum Quality 100 Index Fund - Direct Plan - Growth Option",2026-05-20,11.587
153470,"Nippon India Nifty 500 Quality 50 Index Fund - Direct Plan - Growth Option",2026-05-20,10.9737
118482,"BANDHAN Nifty 50 Index Fund-Direct Plan-Growth",2026-05-21,52.6463
147625,"Motilal Oswal Nifty 500 Index Fund - Direct Plan",2026-05-21,26.2948
148945,"SBI Nifty Next 50 Index Fund - Direct Plan - Growth",2026-05-21,19.2428
149936,"Axis Nifty Midcap 50 Index Fund - Direct Plan - Growth Option",2026-05-21,21.1972
150738,"Tata Nifty Midcap 150 Momentum 50 Index Fund - Growth - Direct Plan",2026-05-21,18.3951
150892,"Edelweiss Nifty Smallcap 250 Index Fund - Direct Plan - Growth",2026-05-21,17.4763
151781,"Kotak Nifty 200 Momentum 30 Index Fund - Direct Plan - Growth Option",2026-05-21,14.369
153219,"DSP BSE SENSEX Next 30 Index Fund - Direct - Growth",2026-05-21,12.1554
153272,"UTI Nifty Midsmallcap 400 Momentum Quality 100 Index Fund - Direct Plan - Growth Option",2026-05-21,11.5794
153470,"Nippon India Nifty 500 Quality 50 Index Fund - Direct Plan - Growth Option",2026-05-21,11.0315
118482,"BANDHAN Nifty 50 Index Fund-Direct Plan-Growth",2026-05-22,52.8115
147625,"Motilal Oswal Nifty 500 Index Fund - Direct Plan",2026-05-22,26.358
148945,"SBI Nifty Next 50 Index Fund - Direct Plan - Growth",2026-05-22,19.3196
149936,"Axis Nifty Midcap 50 Index Fund - Direct Plan - Growth Option",2026-05-22,21.2279
150738,"Tata Nifty Midcap 150 Momentum 50 Index Fund - Growth - Direct Plan",2026-05-22,18.4397
150892,"Edelweiss Nifty Smallcap 250 Index Fund - Direct Plan - Growth",2026-05-22,17.455
151781,"Kotak Nifty 200 Momentum 30 Index Fund - Direct Plan - Growth Option",2026-05-22,14.458
153219,"DSP BSE SENSEX Next 30 Index Fund - Direct - Growth",2026-05-22,12.1809
153272,"UTI Nifty Midsmallcap 400 Momentum Quality 100 Index Fund - Direct Plan - Growth Option",2026-05-22,11.5658
153470,"Nippon India Nifty 500 Quality 50 Index Fund - Direct Plan - Growth Option",2026-05-22,11.0331
118482,"BANDHAN Nifty 50 Index Fund-Direct Plan-Growth",2026-05-25,53.5246
147625,"Motilal Oswal Nifty 500 Index Fund - Direct Plan",2026-05-25,26.6872
148945,"SBI Nifty Next 50 Index Fund - Direct Plan - Growth",2026-05-25,19.6096
149936,"Axis Nifty Midcap 50 Index Fund - Direct Plan - Growth Option",2026-05-25,21.4367
150738,"Tata Nifty Midcap 150 Momentum 50 Index Fund - Growth - Direct Plan",2026-05-25,18.6608
150892,"Edelweiss Nifty Smallcap 250 Index Fund - Direct Plan - Growth",2026-05-25,17.6637
151781,"Kotak Nifty 200 Momentum 30 Index Fund - Direct Plan - Growth Option",2026-05-25,14.703
153219,"DSP BSE SENSEX Next 30 Index Fund - Direct - Growth",2026-05-25,12.2698
153272,"UTI Nifty Midsmallcap 400 Momentum Quality 100 Index Fund - Direct Plan - Growth Option",2026-05-25,11.6729
153470,"Nippon India Nifty 500 Quality 50 Index Fund - Direct Plan - Growth Option",2026-05-25,11.0876
118482,"BANDHAN Nifty 50 Index Fund-Direct Plan-Growth",2026-05-26,53.2619
147625,"Motilal Oswal Nifty 500 Index Fund - Direct Plan",2026-05-26,26.6497
148945,"SBI Nifty Next 50 Index Fund - Direct Plan - Growth",2026-05-26,19.6453
149936,"Axis Nifty Midcap 50 Index Fund - Direct Plan - Growth Option",2026-05-26,21.5466
150738,"Tata Nifty Midcap 150 Momentum 50 Index Fund - Growth - Direct Plan",2026-05-26,18.745
150892,"Edelweiss Nifty Smallcap 250 Index Fund - Direct Plan - Growth",2026-05-26,17.6983
151781,"Kotak Nifty 200 Momentum 30 Index Fund - Direct Plan - Growth Option",2026-05-26,14.69
153219,"DSP BSE SENSEX Next 30 Index Fund - Direct - Growth",2026-05-26,12.2913
153272,"UTI Nifty Midsmallcap 400 Momentum Quality 100 Index Fund - Direct Plan - Growth Option",2026-05-26,11.7336
153470,"Nippon India Nifty 500 Quality 50 Index Fund - Direct Plan - Growth Option",2026-05-26,11.1279
118482,"BANDHAN Nifty 50 Index Fund-Direct Plan-Growth",2026-05-27,53.2472
147625,"Motilal Oswal Nifty 500 Index Fund - Direct Plan",2026-05-27,26.7313
148945,"SBI Nifty Next 50 Index Fund - Direct Plan - Growth",2026-05-27,19.9258
149936,"Axis Nifty Midcap 50 Index Fund - Direct Plan - Growth Option",2026-05-27,21.5632
150738,"Tata Nifty Midcap 150 Momentum 50 Index Fund - Growth - Direct Plan",2026-05-27,18.8714
150892,"Edelweiss Nifty Smallcap 250 Index Fund - Direct Plan - Growth",2026-05-27,17.7959
151781,"Kotak Nifty 200 Momentum 30 Index Fund - Direct Plan - Growth Option",2026-05-27,14.78
153219,"DSP BSE SENSEX Next 30 Index Fund - Direct - Growth",2026-05-27,12.3656
153272,"UTI Nifty Midsmallcap 400 Momentum Quality 100 Index Fund - Direct Plan - Growth Option",2026-05-27,11.7836
153470,"Nippon India Nifty 500 Quality 50 Index Fund - Direct Plan - Growth Option",2026-05-27,11.2392
118482,"BANDHAN Nifty 50 Index Fund-Direct Plan-Growth",2026-05-29,52.456
147625,"Motilal Oswal Nifty 500 Index Fund - Direct Plan",2026-05-29,26.3735
148945,"SBI Nifty Next 50 Index Fund - Direct Plan - Growth",2026-05-29,19.6816
149936,"Axis Nifty Midcap 50 Index Fund - Direct Plan - Growth Option",2026-05-29,21.2434
150738,"Tata Nifty Midcap 150 Momentum 50 Index Fund - Growth - Direct Plan",2026-05-29,18.6569
150892,"Edelweiss Nifty Smallcap 250 Index Fund - Direct Plan - Growth",2026-05-29,17.6814
151781,"Kotak Nifty 200 Momentum 30 Index Fund - Direct Plan - Growth Option",2026-05-29,14.539
153219,"DSP BSE SENSEX Next 30 Index Fund - Direct - Growth",2026-05-29,12.1523
153272,"UTI Nifty Midsmallcap 400 Momentum Quality 100 Index Fund - Direct Plan - Growth Option",2026-05-29,11.6314
153470,"Nippon India Nifty 500 Quality 50 Index Fund - Direct Plan - Growth Option",2026-05-29,11.0954
118482,"BANDHAN Nifty 50 Index Fund-Direct Plan-Growth",2026-05-31,52.4558
148945,"SBI Nifty Next 50 Index Fund - Direct Plan - Growth",2026-05-31,19.6816
149936,"Axis Nifty Midcap 50 Index Fund - Direct Plan - Growth Option",2026-05-31,21.2431
118482,"BANDHAN Nifty 50 Index Fund-Direct Plan-Growth",2026-06-01,52.0885
147625,"Motilal Oswal Nifty 500 Index Fund - Direct Plan",2026-06-01,26.1193
148945,"SBI Nifty Next 50 Index Fund - Direct Plan - Growth",2026-06-01,19.3625
149936,"Axis Nifty Midcap 50 Index Fund - Direct Plan - Growth Option",2026-06-01,20.9893
150738,"Tata Nifty Midcap 150 Momentum 50 Index Fund - Growth - Direct Plan",2026-06-01,18.3262
150892,"Edelweiss Nifty Smallcap 250 Index Fund - Direct Plan - Growth",2026-06-01,17.5408
151781,"Kotak Nifty 200 Momentum 30 Index Fund - Direct Plan - Growth Option",2026-06-01,14.317
153219,"DSP BSE SENSEX Next 30 Index Fund - Direct - Growth",2026-06-01,12.0399
153272,"UTI Nifty Midsmallcap 400 Momentum Quality 100 Index Fund - Direct Plan - Growth Option",2026-06-01,11.4434
153470,"Nippon India Nifty 500 Quality 50 Index Fund - Direct Plan - Growth Option",2026-06-01,10.9636
118482,"BANDHAN Nifty 50 Index Fund-Direct Plan-Growth",2026-06-02,52.3127
147625,"Motilal Oswal Nifty 500 Index Fund - Direct Plan",2026-06-02,26.2159
148945,"SBI Nifty Next 50 Index Fund - Direct Plan - Growth",2026-06-02,19.416
149936,"Axis Nifty Midcap 50 Index Fund - Direct Plan - Growth Option",2026-06-02,20.999
150738,"Tata Nifty Midcap 150 Momentum 50 Index Fund - Growth - Direct Plan",2026-06-02,18.2988
150892,"Edelweiss Nifty Smallcap 250 Index Fund - Direct Plan - Growth",2026-06-02,17.6338
151781,"Kotak Nifty 200 Momentum 30 Index Fund - Direct Plan - Growth Option",2026-06-02,14.32
153219,"DSP BSE SENSEX Next 30 Index Fund - Direct - Growth",2026-06-02,12.0732
153272,"UTI Nifty Midsmallcap 400 Momentum Quality 100 Index Fund - Direct Plan - Growth Option",2026-06-02,11.4728
153470,"Nippon India Nifty 500 Quality 50 Index Fund - Direct Plan - Growth Option",2026-06-02,11.0357
118482,"BANDHAN Nifty 50 Index Fund-Direct Plan-Growth",2026-06-03,52.1393
147625,"Motilal Oswal Nifty 500 Index Fund - Direct Plan",2026-06-03,26.1363
148945,"SBI Nifty Next 50 Index Fund - Direct Plan - Growth",2026-06-03,19.344
149936,"Axis Nifty Midcap 50 Index Fund - Direct Plan - Growth Option",2026-06-03,20.8881
150738,"Tata Nifty Midcap 150 Momentum 50 Index Fund - Growth - Direct Plan",2026-06-03,18.2695
150892,"Edelweiss Nifty Smallcap 250 Index Fund - Direct Plan - Growth",2026-06-03,17.6419
151781,"Kotak Nifty 200 Momentum 30 Index Fund - Direct Plan - Growth Option",2026-06-03,14.321
153219,"DSP BSE SENSEX Next 30 Index Fund - Direct - Growth",2026-06-03,12.047
153272,"UTI Nifty Midsmallcap 400 Momentum Quality 100 Index Fund - Direct Plan - Growth Option",2026-06-03,11.4232
153470,"Nippon India Nifty 500 Quality 50 Index Fund - Direct Plan - Growth Option",2026-06-03,10.9222
118482,"BANDHAN Nifty 50 Index Fund-Direct Plan-Growth",2026-06-04,52.1634
147625,"Motilal Oswal Nifty 500 Index Fund - Direct Plan",2026-06-04,26.1896
148945,"SBI Nifty Next 50 Index Fund - Direct Plan - Growth",2026-06-04,19.3867
149936,"Axis Nifty Midcap 50 Index Fund - Direct Plan - Growth Option",2026-06-04,20.978
150738,"Tata Nifty Midcap 150 Momentum 50 Index Fund - Growth - Direct Plan",2026-06-04,18.3508
150892,"Edelweiss Nifty Smallcap 250 Index Fund - Direct Plan - Growth",2026-06-04,17.744
151781,"Kotak Nifty 200 Momentum 30 Index Fund - Direct Plan - Growth Option",2026-06-04,14.344
153219,"DSP BSE SENSEX Next 30 Index Fund - Direct - Growth",2026-06-04,12.0721
153272,"UTI Nifty Midsmallcap 400 Momentum Quality 100 Index Fund - Direct Plan - Growth Option",2026-06-04,11.4961
153470,"Nippon India Nifty 500 Quality 50 Index Fund - Direct Plan - Growth Option",2026-06-04,10.9985
118482,"BANDHAN Nifty 50 Index Fund-Direct Plan-Growth",2026-06-05,52.0756
147625,"Motilal Oswal Nifty 500 Index Fund - Direct Plan",2026-06-05,26.159
148945,"SBI Nifty Next 50 Index Fund - Direct Plan - Growth",2026-06-05,19.4367
149936,"Axis Nifty Midcap 50 Index Fund - Direct Plan - Growth Option",2026-06-05,20.8979
150738,"Tata Nifty Midcap 150 Momentum 50 Index Fund - Growth - Direct Plan",2026-06-05,18.3168
150892,"Edelweiss Nifty Smallcap 250 Index Fund - Direct Plan - Growth",2026-06-05,17.7459
151781,"Kotak Nifty 200 Momentum 30 Index Fund - Direct Plan - Growth Option",2026-06-05,14.33
153219,"DSP BSE SENSEX Next 30 Index Fund - Direct - Growth",2026-06-05,12.044
153272,"UTI Nifty Midsmallcap 400 Momentum Quality 100 Index Fund - Direct Plan - Growth Option",2026-06-05,11.4211
153470,"Nippon India Nifty 500 Quality 50 Index Fund - Direct Plan - Growth Option",2026-06-05,10.9152
118482,"BANDHAN Nifty 50 Index Fund-Direct Plan-Growth",2026-06-08,51.5332
147625,"Motilal Oswal Nifty 500 Index Fund - Direct Plan",2026-06-08,25.8197
148945,"SBI Nifty Next 50 Index Fund - Direct Plan - Growth",2026-06-08,19.0995
149936,"Axis Nifty Midcap 50 Index Fund - Direct Plan - Growth Option",2026-06-08,20.7035
150738,"Tata Nifty Midcap 150 Momentum 50 Index Fund - Growth - Direct Plan",2026-06-08,17.977
150892,"Edelweiss Nifty Smallcap 250 Index Fund - Direct Plan - Growth",2026-06-08,17.4279
151781,"Kotak Nifty 200 Momentum 30 Index Fund - Direct Plan - Growth Option",2026-06-08,14.121
153219,"DSP BSE SENSEX Next 30 Index Fund - Direct - Growth",2026-06-08,11.8874
153272,"UTI Nifty Midsmallcap 400 Momentum Quality 100 Index Fund - Direct Plan - Growth Option",2026-06-08,11.2456
153470,"Nippon India Nifty 500 Quality 50 Index Fund - Direct Plan - Growth Option",2026-06-08,10.747
118482,"BANDHAN Nifty 50 Index Fund-Direct Plan-Growth",2026-06-09,51.7979
147625,"Motilal Oswal Nifty 500 Index Fund - Direct Plan",2026-06-09,26.048
148945,"SBI Nifty Next 50 Index Fund - Direct Plan - Growth",2026-06-09,19.3683
149936,"Axis Nifty Midcap 50 Index Fund - Direct Plan - Growth Option",2026-06-09,20.9571
150738,"Tata Nifty Midcap 150 Momentum 50 Index Fund - Growth - Direct Plan",2026-06-09,18.2565
150892,"Edelweiss Nifty Smallcap 250 Index Fund - Direct Plan - Growth",2026-06-09,17.6673
151781,"Kotak Nifty 200 Momentum 30 Index Fund - Direct Plan - Growth Option",2026-06-09,14.373
153219,"DSP BSE SENSEX Next 30 Index Fund - Direct - Growth",2026-06-09,11.971
153272,"UTI Nifty Midsmallcap 400 Momentum Quality 100 Index Fund - Direct Plan - Growth Option",2026-06-09,11.4085
153470,"Nippon India Nifty 500 Quality 50 Index Fund - Direct Plan - Growth Option",2026-06-09,10.8557
118482,"BANDHAN Nifty 50 Index Fund-Direct Plan-Growth",2026-06-10,51.7365
147625,"Motilal Oswal Nifty 500 Index Fund - Direct Plan",2026-06-10,25.8901
148945,"SBI Nifty Next 50 Index Fund - Direct Plan - Growth",2026-06-10,19.1491
149936,"Axis Nifty Midcap 50 Index Fund - Direct Plan - Growth Option",2026-06-10,20.6619
150738,"Tata Nifty Midcap 150 Momentum 50 Index Fund - Growth - Direct Plan",2026-06-10,18.0168
150892,"Edelweiss Nifty Smallcap 250 Index Fund - Direct Plan - Growth",2026-06-10,17.4664
151781,"Kotak Nifty 200 Momentum 30 Index Fund - Direct Plan - Growth Option",2026-06-10,14.198
153219,"DSP BSE SENSEX Next 30 Index Fund - Direct - Growth",2026-06-10,11.8496
153272,"UTI Nifty Midsmallcap 400 Momentum Quality 100 Index Fund - Direct Plan - Growth Option",2026-06-10,11.2418
153470,"Nippon India Nifty 500 Quality 50 Index Fund - Direct Plan - Growth Option",2026-06-10,10.7253
118482,"BANDHAN Nifty 50 Index Fund-Direct Plan-Growth",2026-06-11,51.6175
147625,"Motilal Oswal Nifty 500 Index Fund - Direct Plan",2026-06-11,25.7513
148945,"SBI Nifty Next 50 Index Fund - Direct Plan - Growth",2026-06-11,18.9343
149936,"Axis Nifty Midcap 50 Index Fund - Direct Plan - Growth Option",2026-06-11,20.4921
150738,"Tata Nifty Midcap 150 Momentum 50 Index Fund - Growth - Direct Plan",2026-06-11,17.8342
150892,"Edelweiss Nifty Smallcap 250 Index Fund - Direct Plan - Growth",2026-06-11,17.3204
151781,"Kotak Nifty 200 Momentum 30 Index Fund - Direct Plan - Growth Option",2026-06-11,14.07
153219,"DSP BSE SENSEX Next 30 Index Fund - Direct - Growth",2026-06-11,11.7745
153272,"UTI Nifty Midsmallcap 400 Momentum Quality 100 Index Fund - Direct Plan - Growth Option",2026-06-11,11.1665
153470,"Nippon India Nifty 500 Quality 50 Index Fund - Direct Plan - Growth Option",2026-06-11,10.5808
118482,"BANDHAN Nifty 50 Index Fund-Direct Plan-Growth",2026-06-12,52.6621
147625,"Motilal Oswal Nifty 500 Index Fund - Direct Plan",2026-06-12,26.3228
148945,"SBI Nifty Next 50 Index Fund - Direct Plan - Growth",2026-06-12,19.3919
149936,"Axis Nifty Midcap 50 Index Fund - Direct Plan - Growth Option",2026-06-12,20.9781
150738,"Tata Nifty Midcap 150 Momentum 50 Index Fund - Growth - Direct Plan",2026-06-12,18.4138
150892,"Edelweiss Nifty Smallcap 250 Index Fund - Direct Plan - Growth",2026-06-12,17.7765
151781,"Kotak Nifty 200 Momentum 30 Index Fund - Direct Plan - Growth Option",2026-06-12,14.516
153219,"DSP BSE SENSEX Next 30 Index Fund - Direct - Growth",2026-06-12,11.8805
153272,"UTI Nifty Midsmallcap 400 Momentum Quality 100 Index Fund - Direct Plan - Growth Option",2026-06-12,11.4613
153470,"Nippon India Nifty 500 Quality 50 Index Fund - Direct Plan - Growth Option",2026-06-12,10.7904
118482,"BANDHAN Nifty 50 Index Fund-Direct Plan-Growth",2026-06-15,53.1753
147625,"Motilal Oswal Nifty 500 Index Fund - Direct Plan",2026-06-15,26.6616
148945,"SBI Nifty Next 50 Index Fund - Direct Plan - Growth",2026-06-15,19.8512
149936,"Axis Nifty Midcap 50 Index Fund - Direct Plan - Growth Option",2026-06-15,21.2642
150738,"Tata Nifty Midcap 150 Momentum 50 Index Fund - Growth - Direct Plan",2026-06-15,18.7456
150892,"Edelweiss Nifty Smallcap 250 Index Fund - Direct Plan - Growth",2026-06-15,17.9982
151781,"Kotak Nifty 200 Momentum 30 Index Fund - Direct Plan - Growth Option",2026-06-15,14.833
153219,"DSP BSE SENSEX Next 30 Index Fund - Direct - Growth",2026-06-15,12.0275
153272,"UTI Nifty Midsmallcap 400 Momentum Quality 100 Index Fund - Direct Plan - Growth Option",2026-06-15,11.6252
153470,"Nippon India Nifty 500 Quality 50 Index Fund - Direct Plan - Growth Option",2026-06-15,10.9055
118482,"BANDHAN Nifty 50 Index Fund-Direct Plan-Growth",2026-06-16,53.476
147625,"Motilal Oswal Nifty 500 Index Fund - Direct Plan",2026-06-16,26.7846
148945,"SBI Nifty Next 50 Index Fund - Direct Plan - Growth",2026-06-16,19.8825
149936,"Axis Nifty Midcap 50 Index Fund - Direct Plan - Growth Option",2026-06-16,21.392
150738,"Tata Nifty Midcap 150 Momentum 50 Index Fund - Growth - Direct Plan",2026-06-16,18.7773
150892,"Edelweiss Nifty Smallcap 250 Index Fund - Direct Plan - Growth",2026-06-16,18.0779
151781,"Kotak Nifty 200 Momentum 30 Index Fund - Direct Plan - Growth Option",2026-06-16,14.82
153219,"DSP BSE SENSEX Next 30 Index Fund - Direct - Growth",2026-06-16,12.0315
153272,"UTI Nifty Midsmallcap 400 Momentum Quality 100 Index Fund - Direct Plan - Growth Option",2026-06-16,11.6838
153470,"Nippon India Nifty 500 Quality 50 Index Fund - Direct Plan - Growth Option",2026-06-16,10.9962
118482,"BANDHAN Nifty 50 Index Fund-Direct Plan-Growth",2026-06-17,53.6905
147625,"Motilal Oswal Nifty 500 Index Fund - Direct Plan",2026-06-17,26.9152
148945,"SBI Nifty Next 50 Index Fund - Direct Plan - Growth",2026-06-17,20.0094
149936,"Axis Nifty Midcap 50 Index Fund - Direct Plan - Growth Option",2026-06-17,21.4556
150738,"Tata Nifty Midcap 150 Momentum 50 Index Fund - Growth - Direct Plan",2026-06-17,18.8769
150892,"Edelweiss Nifty Smallcap 250 Index Fund - Direct Plan - Growth",2026-06-17,18.2098
151781,"Kotak Nifty 200 Momentum 30 Index Fund - Direct Plan - Growth Option",2026-06-17,14.868
153219,"DSP BSE SENSEX Next 30 Index Fund - Direct - Growth",2026-06-17,12.0683
153272,"UTI Nifty Midsmallcap 400 Momentum Quality 100 Index Fund - Direct Plan - Growth Option",2026-06-17,11.7511
153470,"Nippon India Nifty 500 Quality 50 Index Fund - Direct Plan - Growth Option",2026-06-17,11.0996
118482,"BANDHAN Nifty 50 Index Fund-Direct Plan-Growth",2026-06-18,53.8734
147625,"Motilal Oswal Nifty 500 Index Fund - Direct Plan",2026-06-18,27.0281
148945,"SBI Nifty Next 50 Index Fund - Direct Plan - Growth",2026-06-18,20.1023
149936,"Axis Nifty Midcap 50 Index Fund - Direct Plan - Growth Option",2026-06-18,21.5249
150738,"Tata Nifty Midcap 150 Momentum 50 Index Fund - Growth - Direct Plan",2026-06-18,18.9466
150892,"Edelweiss Nifty Smallcap 250 Index Fund - Direct Plan - Growth",2026-06-18,18.3328
151781,"Kotak Nifty 200 Momentum 30 Index Fund - Direct Plan - Growth Option",2026-06-18,14.926
153219,"DSP BSE SENSEX Next 30 Index Fund - Direct - Growth",2026-06-18,12.102
153272,"UTI Nifty Midsmallcap 400 Momentum Quality 100 Index Fund - Direct Plan - Growth Option",2026-06-18,11.7921
153470,"Nippon India Nifty 500 Quality 50 Index Fund - Direct Plan - Growth Option",2026-06-18,11.1596
118482,"BANDHAN Nifty 50 Index Fund-Direct Plan-Growth",2026-06-19,53.6295
147625,"Motilal Oswal Nifty 500 Index Fund - Direct Plan",2026-06-19,26.9847
148945,"SBI Nifty Next 50 Index Fund - Direct Plan - Growth",2026-06-19,20.0361
149936,"Axis Nifty Midcap 50 Index Fund - Direct Plan - Growth Option",2026-06-19,21.5495
150738,"Tata Nifty Midcap 150 Momentum 50 Index Fund - Growth - Direct Plan",2026-06-19,18.9953
150892,"Edelweiss Nifty Smallcap 250 Index Fund - Direct Plan - Growth",2026-06-19,18.4374
151781,"Kotak Nifty 200 Momentum 30 Index Fund - Direct Plan - Growth Option",2026-06-19,14.92
153219,"DSP BSE SENSEX Next 30 Index Fund - Direct - Growth",2026-06-19,12.1127
153272,"UTI Nifty Midsmallcap 400 Momentum Quality 100 Index Fund - Direct Plan - Growth Option",2026-06-19,11.8257
153470,"Nippon India Nifty 500 Quality 50 Index Fund - Direct Plan - Growth Option",2026-06-19,11.1773
118482,"BANDHAN Nifty 50 Index Fund-Direct Plan-Growth",2026-06-22,53.8288
147625,"Motilal Oswal Nifty 500 Index Fund - Direct Plan",2026-06-22,27.1177
148945,"SBI Nifty Next 50 Index Fund - Direct Plan - Growth",2026-06-22,20.2319
149936,"Axis Nifty Midcap 50 Index Fund - Direct Plan - Growth Option",2026-06-22,21.6282
150738,"Tata Nifty Midcap 150 Momentum 50 Index Fund - Growth - Direct Plan",2026-06-22,19.0649
150892,"Edelweiss Nifty Smallcap 250 Index Fund - Direct Plan - Growth",2026-06-22,18.5785
151781,"Kotak Nifty 200 Momentum 30 Index Fund - Direct Plan - Growth Option",2026-06-22,14.964
153219,"DSP BSE SENSEX Next 30 Index Fund - Direct - Growth",2026-06-22,12.1543
153272,"UTI Nifty Midsmallcap 400 Momentum Quality 100 Index Fund - Direct Plan - Growth Option",2026-06-22,11.8581
153470,"Nippon India Nifty 500 Quality 50 Index Fund - Direct Plan - Growth Option",2026-06-22,11.2115
118482,"BANDHAN Nifty 50 Index Fund-Direct Plan-Growth",2026-06-23,53.2229
147625,"Motilal Oswal Nifty 500 Index Fund - Direct Plan",2026-06-23,26.833
148945,"SBI Nifty Next 50 Index Fund - Direct Plan - Growth",2026-06-23,19.9599
149936,"Axis Nifty Midcap 50 Index Fund - Direct Plan - Growth Option",2026-06-23,21.4329
150738,"Tata Nifty Midcap 150 Momentum 50 Index Fund - Growth - Direct Plan",2026-06-23,18.8364
150892,"Edelweiss Nifty Smallcap 250 Index Fund - Direct Plan - Growth",2026-06-23,18.4722
151781,"Kotak Nifty 200 Momentum 30 Index Fund - Direct Plan - Growth Option",2026-06-23,14.803
153219,"DSP BSE SENSEX Next 30 Index Fund - Direct - Growth",2026-06-23,12.0317
153272,"UTI Nifty Midsmallcap 400 Momentum Quality 100 Index Fund - Direct Plan - Growth Option",2026-06-23,11.7228
153470,"Nippon India Nifty 500 Quality 50 Index Fund - Direct Plan - Growth Option",2026-06-23,11.0553
118482,"BANDHAN Nifty 50 Index Fund-Direct Plan-Growth",2026-06-24,53.6624
147625,"Motilal Oswal Nifty 500 Index Fund - Direct Plan",2026-06-24,26.9671
148945,"SBI Nifty Next 50 Index Fund - Direct Plan - Growth",2026-06-24,19.9576
149936,"Axis Nifty Midcap 50 Index Fund - Direct Plan - Growth Option",2026-06-24,21.4941
150738,"Tata Nifty Midcap 150 Momentum 50 Index Fund - Growth - Direct Plan",2026-06-24,18.8124
150892,"Edelweiss Nifty Smallcap 250 Index Fund - Direct Plan - Growth",2026-06-24,18.5103
151781,"Kotak Nifty 200 Momentum 30 Index Fund - Direct Plan - Growth Option",2026-06-24,14.884
153219,"DSP BSE SENSEX Next 30 Index Fund - Direct - Growth",2026-06-24,12.0222
153272,"UTI Nifty Midsmallcap 400 Momentum Quality 100 Index Fund - Direct Plan - Growth Option",2026-06-24,11.6766
153470,"Nippon India Nifty 500 Quality 50 Index Fund - Direct Plan - Growth Option",2026-06-24,10.9617
118482,"BANDHAN Nifty 50 Index Fund-Direct Plan-Growth",2026-06-25,53.7386
147625,"Motilal Oswal Nifty 500 Index Fund - Direct Plan",2026-06-25,26.9532
148945,"SBI Nifty Next 50 Index Fund - Direct Plan - Growth",2026-06-25,19.9959
149936,"Axis Nifty Midcap 50 Index Fund - Direct Plan - Growth Option",2026-06-25,21.372
150738,"Tata Nifty Midcap 150 Momentum 50 Index Fund - Growth - Direct Plan",2026-06-25,18.7366
150892,"Edelweiss Nifty Smallcap 250 Index Fund - Direct Plan - Growth",2026-06-25,18.4274
151781,"Kotak Nifty 200 Momentum 30 Index Fund - Direct Plan - Growth Option",2026-06-25,14.891
153219,"DSP BSE SENSEX Next 30 Index Fund - Direct - Growth",2026-06-25,12.038
153272,"UTI Nifty Midsmallcap 400 Momentum Quality 100 Index Fund - Direct Plan - Growth Option",2026-06-25,11.6346
153470,"Nippon India Nifty 500 Quality 50 Index Fund - Direct Plan - Growth Option",2026-06-25,10.9328
118482,"BANDHAN Nifty 50 Index Fund-Direct Plan-Growth",2026-06-29,53.4935
147625,"Motilal Oswal Nifty 500 Index Fund - Direct Plan",2026-06-29,26.8206
148945,"SBI Nifty Next 50 Index Fund - Direct Plan - Growth",2026-06-29,19.805
149936,"Axis Nifty Midcap 50 Index Fund - Direct Plan - Growth Option",2026-06-29,21.2899
150738,"Tata Nifty Midcap 150 Momentum 50 Index Fund - Growth - Direct Plan",2026-06-29,18.5451
150892,"Edelweiss Nifty Smallcap 250 Index Fund - Direct Plan - Growth",2026-06-29,18.3426
151781,"Kotak Nifty 200 Momentum 30 Index Fund - Direct Plan - Growth Option",2026-06-29,14.751
153219,"DSP BSE SENSEX Next 30 Index Fund - Direct - Growth",2026-06-29,11.9745
153272,"UTI Nifty Midsmallcap 400 Momentum Quality 100 Index Fund - Direct Plan - Growth Option",2026-06-29,11.5758
153470,"Nippon India Nifty 500 Quality 50 Index Fund - Direct Plan - Growth Option",2026-06-29,10.8747
118482,"BANDHAN Nifty 50 Index Fund-Direct Plan-Growth",2026-06-30,53.3224
147625,"Motilal Oswal Nifty 500 Index Fund - Direct Plan",2026-06-30,26.8186
148945,"SBI Nifty Next 50 Index Fund - Direct Plan - Growth",2026-06-30,19.8425
149936,"Axis Nifty Midcap 50 Index Fund - Direct Plan - Growth Option",2026-06-30,21.3795
150738,"Tata Nifty Midcap 150 Momentum 50 Index Fund - Growth - Direct Plan",2026-06-30,18.57
150892,"Edelweiss Nifty Smallcap 250 Index Fund - Direct Plan - Growth",2026-06-30,18.4435
151781,"Kotak Nifty 200 Momentum 30 Index Fund - Direct Plan - Growth Option",2026-06-30,14.739
153219,"DSP BSE SENSEX Next 30 Index Fund - Direct - Growth",2026-06-30,11.9736
153272,"UTI Nifty Midsmallcap 400 Momentum Quality 100 Index Fund - Direct Plan - Growth Option",2026-06-30,11.5928
153470,"Nippon India Nifty 500 Quality 50 Index Fund - Direct Plan - Growth Option",2026-06-30,10.8504
118482,"BANDHAN Nifty 50 Index Fund-Direct Plan-Growth",2026-07-01,53.6342
147625,"Motilal Oswal Nifty 500 Index Fund - Direct Plan",2026-07-01,26.9548
148945,"SBI Nifty Next 50 Index Fund - Direct Plan - Growth",2026-07-01,19.9727
149936,"Axis Nifty Midcap 50 Index Fund - Direct Plan - Growth Option",2026-07-01,21.5266
150738,"Tata Nifty Midcap 150 Momentum 50 Index Fund - Growth - Direct Plan",2026-07-01,18.5257
150892,"Edelweiss Nifty Smallcap 250 Index Fund - Direct Plan - Growth",2026-07-01,18.528
151781,"Kotak Nifty 200 Momentum 30 Index Fund - Direct Plan - Growth Option",2026-07-01,14.73
153219,"DSP BSE SENSEX Next 30 Index Fund - Direct - Growth",2026-07-01,12.0159
153272,"UTI Nifty Midsmallcap 400 Momentum Quality 100 Index Fund - Direct Plan - Growth Option",2026-07-01,11.5617
153470,"Nippon India Nifty 500 Quality 50 Index Fund - Direct Plan - Growth Option",2026-07-01,10.8626
118482,"BANDHAN Nifty 50 Index Fund-Direct Plan-Growth",2026-07-02,54.0122
147625,"Motilal Oswal Nifty 500 Index Fund - Direct Plan",2026-07-02,27.1326
148945,"SBI Nifty Next 50 Index Fund - Direct Plan - Growth",2026-07-02,20.0606
149936,"Axis Nifty Midcap 50 Index Fund - Direct Plan - Growth Option",2026-07-02,21.6356
150738,"Tata Nifty Midcap 150 Momentum 50 Index Fund - Growth - Direct Plan",2026-07-02,18.4978
150892,"Edelweiss Nifty Smallcap 250 Index Fund - Direct Plan - Growth",2026-07-02,18.717
151781,"Kotak Nifty 200 Momentum 30 Index Fund - Direct Plan - Growth Option",2026-07-02,14.709
153219,"DSP BSE SENSEX Next 30 Index Fund - Direct - Growth",2026-07-02,12.0911
153272,"UTI Nifty Midsmallcap 400 Momentum Quality 100 Index Fund - Direct Plan - Growth Option",2026-07-02,11.6176
153470,"Nippon India Nifty 500 Quality 50 Index Fund - Direct Plan - Growth Option",2026-07-02,10.977
118482,"BANDHAN Nifty 50 Index Fund-Direct Plan-Growth",2026-07-03,54.243
147625,"Motilal Oswal Nifty 500 Index Fund - Direct Plan",2026-07-03,27.181
148945,"SBI Nifty Next 50 Index Fund - Direct Plan - Growth",2026-07-03,20.0191
149936,"Axis Nifty Midcap 50 Index Fund - Direct Plan - Growth Option",2026-07-03,21.6095
150738,"Tata Nifty Midcap 150 Momentum 50 Index Fund - Growth - Direct Plan",2026-07-03,18.2924
150892,"Edelweiss Nifty Smallcap 250 Index Fund - Direct Plan - Growth",2026-07-03,18.7316
151781,"Kotak Nifty 200 Momentum 30 Index Fund - Direct Plan - Growth Option",2026-07-03,14.552
153219,"DSP BSE SENSEX Next 30 Index Fund - Direct - Growth",2026-07-03,12.1492
153272,"UTI Nifty Midsmallcap 400 Momentum Quality 100 Index Fund - Direct Plan - Growth Option",2026-07-03,11.5485
153470,"Nippon India Nifty 500 Quality 50 Index Fund - Direct Plan - Growth Option",2026-07-03,10.9687
118482,"BANDHAN Nifty 50 Index Fund-Direct Plan-Growth",2026-07-06,54.5977
147625,"Motilal Oswal Nifty 500 Index Fund - Direct Plan",2026-07-06,27.3341
148945,"SBI Nifty Next 50 Index Fund - Direct Plan - Growth",2026-07-06,20.1344
149936,"Axis Nifty Midcap 50 Index Fund - Direct Plan - Growth Option",2026-07-06,21.7067
150738,"Tata Nifty Midcap 150 Momentum 50 Index Fund - Growth - Direct Plan",2026-07-06,18.3729
150892,"Edelweiss Nifty Smallcap 250 Index Fund - Direct Plan - Growth",2026-07-06,18.8172
151781,"Kotak Nifty 200 Momentum 30 Index Fund - Direct Plan - Growth Option",2026-07-06,14.656
153219,"DSP BSE SENSEX Next 30 Index Fund - Direct - Growth",2026-07-06,12.2247
153272,"UTI Nifty Midsmallcap 400 Momentum Quality 100 Index Fund - Direct Plan - Growth Option",2026-07-06,11.6136
153470,"Nippon India Nifty 500 Quality 50 Index Fund - Direct Plan - Growth Option",2026-07-06,11.0145
118482,"BANDHAN Nifty 50 Index Fund-Direct Plan-Growth",2026-07-07,54.5329
147625,"Motilal Oswal Nifty 500 Index Fund - Direct Plan",2026-07-07,27.2599
148945,"SBI Nifty Next 50 Index Fund - Direct Plan - Growth",2026-07-07,20.0133
149936,"Axis Nifty Midcap 50 Index Fund - Direct Plan - Growth Option",2026-07-07,21.707
150738,"Tata Nifty Midcap 150 Momentum 50 Index Fund - Growth - Direct Plan",2026-07-07,18.1462
150892,"Edelweiss Nifty Smallcap 250 Index Fund - Direct Plan - Growth",2026-07-07,18.6869
151781,"Kotak Nifty 200 Momentum 30 Index Fund - Direct Plan - Growth Option",2026-07-07,14.448
153219,"DSP BSE SENSEX Next 30 Index Fund - Direct - Growth",2026-07-07,12.1938
153272,"UTI Nifty Midsmallcap 400 Momentum Quality 100 Index Fund - Direct Plan - Growth Option",2026-07-07,11.5044
153470,"Nippon India Nifty 500 Quality 50 Index Fund - Direct Plan - Growth Option",2026-07-07,10.9871
118482,"BANDHAN Nifty 50 Index Fund-Direct Plan-Growth",2026-07-08,53.3818
147625,"Motilal Oswal Nifty 500 Index Fund - Direct Plan",2026-07-08,26.7241
148945,"SBI Nifty Next 50 Index Fund - Direct Plan - Growth",2026-07-08,19.6421
149936,"Axis Nifty Midcap 50 Index Fund - Direct Plan - Growth Option",2026-07-08,21.3915
150738,"Tata Nifty Midcap 150 Momentum 50 Index Fund - Growth - Direct Plan",2026-07-08,17.9766
150892,"Edelweiss Nifty Smallcap 250 Index Fund - Direct Plan - Growth",2026-07-08,18.3175
151781,"Kotak Nifty 200 Momentum 30 Index Fund - Direct Plan - Growth Option",2026-07-08,14.359
153219,"DSP BSE SENSEX Next 30 Index Fund - Direct - Growth",2026-07-08,11.969
153272,"UTI Nifty Midsmallcap 400 Momentum Quality 100 Index Fund - Direct Plan - Growth Option",2026-07-08,11.3664
153470,"Nippon India Nifty 500 Quality 50 Index Fund - Direct Plan - Growth Option",2026-07-08,10.8167
118482,"BANDHAN Nifty 50 Index Fund-Direct Plan-Growth",2026-07-09,53.5642
147625,"Motilal Oswal Nifty 500 Index Fund - Direct Plan",2026-07-09,26.9262
148945,"SBI Nifty Next 50 Index Fund - Direct Plan - Growth",2026-07-09,19.8048
149936,"Axis Nifty Midcap 50 Index Fund - Direct Plan - Growth Option",2026-07-09,21.6829
150738,"Tata Nifty Midcap 150 Momentum 50 Index Fund - Growth - Direct Plan",2026-07-09,18.2435
150892,"Edelweiss Nifty Smallcap 250 Index Fund - Direct Plan - Growth",2026-07-09,18.6062
151781,"Kotak Nifty 200 Momentum 30 Index Fund - Direct Plan - Growth Option",2026-07-09,14.449
153219,"DSP BSE SENSEX Next 30 Index Fund - Direct - Growth",2026-07-09,12.0199
153272,"UTI Nifty Midsmallcap 400 Momentum Quality 100 Index Fund - Direct Plan - Growth Option",2026-07-09,11.5291
153470,"Nippon India Nifty 500 Quality 50 Index Fund - Direct Plan - Growth Option",2026-07-09,10.8916
118482,"BANDHAN Nifty 50 Index Fund-Direct Plan-Growth",2026-07-10,54.1175
147625,"Motilal Oswal Nifty 500 Index Fund - Direct Plan",2026-07-10,27.2411
148945,"SBI Nifty Next 50 Index Fund - Direct Plan - Growth",2026-07-10,20.0557
149936,"Axis Nifty Midcap 50 Index Fund - Direct Plan - Growth Option",2026-07-10,21.9477
150738,"Tata Nifty Midcap 150 Momentum 50 Index Fund - Growth - Direct Plan",2026-07-10,18.4772
150892,"Edelweiss Nifty Smallcap 250 Index Fund - Direct Plan - Growth",2026-07-10,18.8617
151781,"Kotak Nifty 200 Momentum 30 Index Fund - Direct Plan - Growth Option",2026-07-10,14.606
153219,"DSP BSE SENSEX Next 30 Index Fund - Direct - Growth",2026-07-10,12.1261
153272,"UTI Nifty Midsmallcap 400 Momentum Quality 100 Index Fund - Direct Plan - Growth Option",2026-07-10,11.6449
153470,"Nippon India Nifty 500 Quality 50 Index Fund - Direct Plan - Growth Option",2026-07-10,11.0169
118482,"BANDHAN Nifty 50 Index Fund-Direct Plan-Growth",2026-07-13,54.129
147625,"Motilal Oswal Nifty 500 Index Fund - Direct Plan",2026-07-13,27.2402
148945,"SBI Nifty Next 50 Index Fund - Direct Plan - Growth",2026-07-13,19.9782
149936,"Axis Nifty Midcap 50 Index Fund - Direct Plan - Growth Option",2026-07-13,21.9838
150738,"Tata Nifty Midcap 150 Momentum 50 Index Fund - Growth - Direct Plan",2026-07-13,18.4696
150892,"Edelweiss Nifty Smallcap 250 Index Fund - Direct Plan - Growth",2026-07-13,18.9165
151781,"Kotak Nifty 200 Momentum 30 Index Fund - Direct Plan - Growth Option",2026-07-13,14.588
153219,"DSP BSE SENSEX Next 30 Index Fund - Direct - Growth",2026-07-13,12.1153
153272,"UTI Nifty Midsmallcap 400 Momentum Quality 100 Index Fund - Direct Plan - Growth Option",2026-07-13,11.6311
153470,"Nippon India Nifty 500 Quality 50 Index Fund - Direct Plan - Growth Option",2026-07-13,11.0713
118482,"BANDHAN Nifty 50 Index Fund-Direct Plan-Growth",2026-07-14,53.7747
147625,"Motilal Oswal Nifty 500 Index Fund - Direct Plan",2026-07-14,27.0688
148945,"SBI Nifty Next 50 Index Fund - Direct Plan - Growth",2026-07-14,19.9072
149936,"Axis Nifty Midcap 50 Index Fund - Direct Plan - Growth Option",2026-07-14,21.8605
150738,"Tata Nifty Midcap 150 Momentum 50 Index Fund - Growth - Direct Plan",2026-07-14,18.4371
150892,"Edelweiss Nifty Smallcap 250 Index Fund - Direct Plan - Growth",2026-07-14,18.7136
151781,"Kotak Nifty 200 Momentum 30 Index Fund - Direct Plan - Growth Option",2026-07-14,14.64
153219,"DSP BSE SENSEX Next 30 Index Fund - Direct - Growth",2026-07-14,12.0364
153272,"UTI Nifty Midsmallcap 400 Momentum Quality 100 Index Fund - Direct Plan - Growth Option",2026-07-14,11.5823
153470,"Nippon India Nifty 500 Quality 50 Index Fund - Direct Plan - Growth Option",2026-07-14,10.9902
118482,"BANDHAN Nifty 50 Index Fund-Direct Plan-Growth",2026-07-15,53.8393
147625,"Motilal Oswal Nifty 500 Index Fund - Direct Plan",2026-07-15,27.1456
148945,"SBI Nifty Next 50 Index Fund - Direct Plan - Growth",2026-07-15,19.9896
149936,"Axis Nifty Midcap 50 Index Fund - Direct Plan - Growth Option",2026-07-15,21.9194
150738,"Tata Nifty Midcap 150 Momentum 50 Index Fund - Growth - Direct Plan",2026-07-15,18.5222
150892,"Edelweiss Nifty Smallcap 250 Index Fund - Direct Plan - Growth",2026-07-15,18.8432
151781,"Kotak Nifty 200 Momentum 30 Index Fund - Direct Plan - Growth Option",2026-07-15,14.63
153219,"DSP BSE SENSEX Next 30 Index Fund - Direct - Growth",2026-07-15,12.0518
153272,"UTI Nifty Midsmallcap 400 Momentum Quality 100 Index Fund - Direct Plan - Growth Option",2026-07-15,11.632
153470,"Nippon India Nifty 500 Quality 50 Index Fund - Direct Plan - Growth Option",2026-07-15,11.0401
118482,"BANDHAN Nifty 50 Index Fund-Direct Plan-Growth",2026-07-16,53.8262
147625,"Motilal Oswal Nifty 500 Index Fund - Direct Plan",2026-07-16,27.1092
148945,"SBI Nifty Next 50 Index Fund - Direct Plan - Growth",2026-07-16,19.9195
149936,"Axis Nifty Midcap 50 Index Fund - Direct Plan - Growth Option",2026-07-16,21.8565
150738,"Tata Nifty Midcap 150 Momentum 50 Index Fund - Growth - Direct Plan",2026-07-16,18.4197
150892,"Edelweiss Nifty Smallcap 250 Index Fund - Direct Plan - Growth",2026-07-16,18.8542
151781,"Kotak Nifty 200 Momentum 30 Index Fund - Direct Plan - Growth Option",2026-07-16,14.586
153219,"DSP BSE SENSEX Next 30 Index Fund - Direct - Growth",2026-07-16,12.0153
153272,"UTI Nifty Midsmallcap 400 Momentum Quality 100 Index Fund - Direct Plan - Growth Option",2026-07-16,11.5775
153470,"Nippon India Nifty 500 Quality 50 Index Fund - Direct Plan - Growth Option",2026-07-16,11.0306
118482,"BANDHAN Nifty 50 Index Fund-Direct Plan-Growth",2026-07-17,54.4173
147625,"Motilal Oswal Nifty 500 Index Fund - Direct Plan",2026-07-17,27.2379
148945,"SBI Nifty Next 50 Index Fund - Direct Plan - Growth",2026-07-17,19.9064
149936,"Axis Nifty Midcap 50 Index Fund - Direct Plan - Growth Option",2026-07-17,21.8028
150738,"Tata Nifty Midcap 150 Momentum 50 Index Fund - Growth - Direct Plan",2026-07-17,18.2576
150892,"Edelweiss Nifty Smallcap 250 Index Fund - Direct Plan - Growth",2026-07-17,18.75
151781,"Kotak Nifty 200 Momentum 30 Index Fund - Direct Plan - Growth Option",2026-07-17,14.421
153219,"DSP BSE SENSEX Next 30 Index Fund - Direct - Growth",2026-07-17,12.0593
153272,"UTI Nifty Midsmallcap 400 Momentum Quality 100 Index Fund - Direct Plan - Growth Option",2026-07-17,11.5204
153470,"Nippon India Nifty 500 Quality 50 Index Fund - Direct Plan - Growth Option",2026-07-17,11.0412
118482,"BANDHAN Nifty 50 Index Fund-Direct Plan-Growth",2026-07-20,54.2034
147625,"Motilal Oswal Nifty 500 Index Fund - Direct Plan",2026-07-20,27.2399
148945,"SBI Nifty Next 50 Index Fund - Direct Plan - Growth",2026-07-20,20.0816
149936,"Axis Nifty Midcap 50 Index Fund - Direct Plan - Growth Option",2026-07-20,21.9352
150738,"Tata Nifty Midcap 150 Momentum 50 Index Fund - Growth - Direct Plan",2026-07-20,18.3813
150892,"Edelweiss Nifty Smallcap 250 Index Fund - Direct Plan - Growth",2026-07-20,18.7715
151781,"Kotak Nifty 200 Momentum 30 Index Fund - Direct Plan - Growth Option",2026-07-20,14.575
153219,"DSP BSE SENSEX Next 30 Index Fund - Direct - Growth",2026-07-20,12.1255
153272,"UTI Nifty Midsmallcap 400 Momentum Quality 100 Index Fund - Direct Plan - Growth Option",2026-07-20,11.6119
153470,"Nippon India Nifty 500 Quality 50 Index Fund - Direct Plan - Growth Option",2026-07-20,11.0951
118482,"BANDHAN Nifty 50 Index Fund-Direct Plan-Growth",2026-07-21,54.09
147625,"Motilal Oswal Nifty 500 Index Fund - Direct Plan",2026-07-21,27.2564
148945,"SBI Nifty Next 50 Index Fund - Direct Plan - Growth",2026-07-21,20.1698
149936,"Axis Nifty Midcap 50 Index Fund - Direct Plan - Growth Option",2026-07-21,21.9971
150738,"Tata Nifty Midcap 150 Momentum 50 Index Fund - Growth - Direct Plan",2026-07-21,18.46
150892,"Edelweiss Nifty Smallcap 250 Index Fund - Direct Plan - Growth",2026-07-21,18.8522
151781,"Kotak Nifty 200 Momentum 30 Index Fund - Direct Plan - Growth Option",2026-07-21,14.666
153219,"DSP BSE SENSEX Next 30 Index Fund - Direct - Growth",2026-07-21,12.1785
153272,"UTI Nifty Midsmallcap 400 Momentum Quality 100 Index Fund - Direct Plan - Growth Option",2026-07-21,11.6769
153470,"Nippon India Nifty 500 Quality 50 Index Fund - Direct Plan - Growth Option",2026-07-21,11.0554
118482,"BANDHAN Nifty 50 Index Fund-Direct Plan-Growth",2026-07-22,53.6633
147625,"Motilal Oswal Nifty 500 Index Fund - Direct Plan",2026-07-22,27.0152
148945,"SBI Nifty Next 50 Index Fund - Direct Plan - Growth",2026-07-22,20.0367
149936,"Axis Nifty Midcap 50 Index Fund - Direct Plan - Growth Option",2026-07-22,21.7453
150738,"Tata Nifty Midcap 150 Momentum 50 Index Fund - Growth - Direct Plan",2026-07-22,18.2853
150892,"Edelweiss Nifty Smallcap 250 Index Fund - Direct Plan - Growth",2026-07-22,18.6058
151781,"Kotak Nifty 200 Momentum 30 Index Fund - Direct Plan - Growth Option",2026-07-22,14.594
153219,"DSP BSE SENSEX Next 30 Index Fund - Direct - Growth",2026-07-22,12.1687
153272,"UTI Nifty Midsmallcap 400 Momentum Quality 100 Index Fund - Direct Plan - Growth Option",2026-07-22,11.549
153470,"Nippon India Nifty 500 Quality 50 Index Fund - Direct Plan - Growth Option",2026-07-22,10.9863
118482,"BANDHAN Nifty 50 Index Fund-Direct Plan-Growth",2026-07-23,53.3809
147625,"Motilal Oswal Nifty 500 Index Fund - Direct Plan",2026-07-23,26.8263
148945,"SBI Nifty Next 50 Index Fund - Direct Plan - Growth",2026-07-23,19.9133
149936,"Axis Nifty Midcap 50 Index Fund - Direct Plan - Growth Option",2026-07-23,21.5099
150738,"Tata Nifty Midcap 150 Momentum 50 Index Fund - Growth - Direct Plan",2026-07-23,18.0935
150892,"Edelweiss Nifty Smallcap 250 Index Fund - Direct Plan - Growth",2026-07-23,18.3851
151781,"Kotak Nifty 200 Momentum 30 Index Fund - Direct Plan - Growth Option",2026-07-23,14.434
153219,"DSP BSE SENSEX Next 30 Index Fund - Direct - Growth",2026-07-23,12.1012
153272,"UTI Nifty Midsmallcap 400 Momentum Quality 100 Index Fund - Direct Plan - Growth Option",2026-07-23,11.442
153470,"Nippon India Nifty 500 Quality 50 Index Fund - Direct Plan - Growth Option",2026-07-23,10.9092
118482,"BANDHAN Nifty 50 Index Fund-Direct Plan-Growth",2026-07-24,53.1888
147625,"Motilal Oswal Nifty 500 Index Fund - Direct Plan",2026-07-24,26.7589
148945,"SBI Nifty Next 50 Index Fund - Direct Plan - Growth",2026-07-24,19.896
149936,"Axis Nifty Midcap 50 Index Fund - Direct Plan - Growth Option",2026-07-24,21.5439
150738,"Tata Nifty Midcap 150 Momentum 50 Index Fund - Growth - Direct Plan",2026-07-24,18.0597
150892,"Edelweiss Nifty Smallcap 250 Index Fund - Direct Plan - Growth",2026-07-24,18.3387
151781,"Kotak Nifty 200 Momentum 30 Index Fund - Direct Plan - Growth Option",2026-07-24,14.352
153219,"DSP BSE SENSEX Next 30 Index Fund - Direct - Growth",2026-07-24,12.036
153272,"UTI Nifty Midsmallcap 400 Momentum Quality 100 Index Fund - Direct Plan - Growth Option",2026-07-24,11.4305
153470,"Nippon India Nifty 500 Quality 50 Index Fund - Direct Plan - Growth Option",2026-07-24,10.9037
118482,"BANDHAN Nifty 50 Index Fund-Direct Plan-Growth",2026-07-27,53.7002
147625,"Motilal Oswal Nifty 500 Index Fund - Direct Plan",2026-07-27,27.0398
148945,"SBI Nifty Next 50 Index Fund - Direct Plan - Growth",2026-07-27,20.1307
149936,"Axis Nifty Midcap 50 Index Fund - Direct Plan - Growth Option",2026-07-27,21.8196
150738,"Tata Nifty Midcap 150 Momentum 50 Index Fund - Growth - Direct Plan",2026-07-27,18.257
150892,"Edelweiss Nifty Smallcap 250 Index Fund - Direct Plan - Growth",2026-07-27,18.5718
151781,"Kotak Nifty 200 Momentum 30 Index Fund - Direct Plan - Growth Option",2026-07-27,14.503
153219,"DSP BSE SENSEX Next 30 Index Fund - Direct - Growth",2026-07-27,12.1394
153272,"UTI Nifty Midsmallcap 400 Momentum Quality 100 Index Fund - Direct Plan - Growth Option",2026-07-27,11.5748
153470,"Nippon India Nifty 500 Quality 50 Index Fund - Direct Plan - Growth Option",2026-07-27,11.0008
118482,"BANDHAN Nifty 50 Index Fund-Direct Plan-Growth",2026-07-28,53.6764
147625,"Motilal Oswal Nifty 500 Index Fund - Direct Plan",2026-07-28,26.9955
148945,"SBI Nifty Next 50 Index Fund - Direct Plan - Growth",2026-07-28,19.9899
149936,"Axis Nifty Midcap 50 Index Fund - Direct Plan - Growth Option",2026-07-28,21.8684
150738,"Tata Nifty Midcap 150 Momentum 50 Index Fund - Growth - Direct Plan",2026-07-28,18.1896
150892,"Edelweiss Nifty Smallcap 250 Index Fund - Direct Plan - Growth",2026-07-28,18.4853
151781,"Kotak Nifty 200 Momentum 30 Index Fund - Direct Plan - Growth Option",2026-07-28,14.321
153219,"DSP BSE SENSEX Next 30 Index Fund - Direct - Growth",2026-07-28,12.11
153272,"UTI Nifty Midsmallcap 400 Momentum Quality 100 Index Fund - Direct Plan - Growth Option",2026-07-28,11.5441
153470,"Nippon India Nifty 500 Quality 50 Index Fund - Direct Plan - Growth Option",2026-07-28,10.9839
118482,"BANDHAN Nifty 50 Index Fund-Direct Plan-Growth",2026-07-29,54.267
147625,"Motilal Oswal Nifty 500 Index Fund - Direct Plan",2026-07-29,27.2726
148945,"SBI Nifty Next 50 Index Fund - Direct Plan - Growth",2026-07-29,20.1406
149936,"Axis Nifty Midcap 50 Index Fund - Direct Plan - Growth Option",2026-07-29,22.0065
150738,"Tata Nifty Midcap 150 Momentum 50 Index Fund - Growth - Direct Plan",2026-07-29,18.3589
150892,"Edelweiss Nifty Smallcap 250 Index Fund - Direct Plan - Growth",2026-07-29,18.7315
151781,"Kotak Nifty 200 Momentum 30 Index Fund - Direct Plan - Growth Option",2026-07-29,14.42
153219,"DSP BSE SENSEX Next 30 Index Fund - Direct - Growth",2026-07-29,12.2392
153272,"UTI Nifty Midsmallcap 400 Momentum Quality 100 Index Fund - Direct Plan - Growth Option",2026-07-29,11.6487
153470,"Nippon India Nifty 500 Quality 50 Index Fund - Direct Plan - Growth Option",2026-07-29,11.0861
118482,"BANDHAN Nifty 50 Index Fund-Direct Plan-Growth",2026-07-30,54.4162
147625,"Motilal Oswal Nifty 500 Index Fund - Direct Plan",2026-07-30,27.274
148945,"SBI Nifty Next 50 Index Fund - Direct Plan - Growth",2026-07-30,20.1608
149936,"Axis Nifty Midcap 50 Index Fund - Direct Plan - Growth Option",2026-07-30,21.9362
150738,"Tata Nifty Midcap 150 Momentum 50 Index Fund - Growth - Direct Plan",2026-07-30,18.2574
150892,"Edelweiss Nifty Smallcap 250 Index Fund - Direct Plan - Growth",2026-07-30,18.5949
151781,"Kotak Nifty 200 Momentum 30 Index Fund - Direct Plan - Growth Option",2026-07-30,14.379
153219,"DSP BSE SENSEX Next 30 Index Fund - Direct - Growth",2026-07-30,12.2921
153272,"UTI Nifty Midsmallcap 400 Momentum Quality 100 Index Fund - Direct Plan - Growth Option",2026-07-30,11.5924
153470,"Nippon India Nifty 500 Quality 50 Index Fund - Direct Plan - Growth Option",2026-07-30,11.0555
118482,"BANDHAN Nifty 50 Index Fund-Direct Plan-Growth",2026-07-31,54.5762
147625,"Motilal Oswal Nifty 500 Index Fund - Direct Plan",2026-07-31,27.4066
148945,"SBI Nifty Next 50 Index Fund - Direct Plan - Growth",2026-07-31,20.4428
149936,"Axis Nifty Midcap 50 Index Fund - Direct Plan - Growth Option",2026-07-31,22.0303
150738,"Tata Nifty Midcap 150 Momentum 50 Index Fund - Growth - Direct Plan",2026-07-31,18.4846
150892,"Edelweiss Nifty Smallcap 250 Index Fund - Direct Plan - Growth",2026-07-31,18.6785
151781,"Kotak Nifty 200 Momentum 30 Index Fund - Direct Plan - Growth Option",2026-07-31,14.611
153219,"DSP BSE SENSEX Next 30 Index Fund - Direct - Growth",2026-07-31,12.3592
153272,"UTI Nifty Midsmallcap 400 Momentum Quality 100 Index Fund - Direct Plan - Growth Option",2026-07-31,11.6726
153470,"Nippon India Nifty 500 Quality 50 Index Fund - Direct Plan - Growth Option",2026-07-31,11.0813
118482,"BANDHAN Nifty 50 Index Fund-Direct Plan-Growth",2026-08-03,55.4893
147625,"Motilal Oswal Nifty 500 Index Fund - Direct Plan",2026-08-03,27.8171
148945,"SBI Nifty Next 50 Index Fund - Direct Plan - Growth",2026-08-03,20.7083
149936,"Axis Nifty Midcap 50 Index Fund - Direct Plan - Growth Option",2026-08-03,22.2696
150738,"Tata Nifty Midcap 150 Momentum 50 Index Fund - Growth - Direct Plan",2026-08-03,18.6314
150892,"Edelweiss Nifty Smallcap 250 Index Fund - Direct Plan - Growth",2026-08-03,18.9348
151781,"Kotak Nifty 200 Momentum 30 Index Fund - Direct Plan - Growth Option",2026-08-03,14.722
153219,"DSP BSE SENSEX Next 30 Index Fund - Direct - Growth",2026-08-03,12.4873
153272,"UTI Nifty Midsmallcap 400 Momentum Quality 100 Index Fund - Direct Plan - Growth Option",2026-08-03,11.7614
153470,"Nippon India Nifty 500 Quality 50 Index Fund - Direct Plan - Growth Option",2026-08-03,11.2292
118482,"BANDHAN Nifty 50 Index Fund-Direct Plan-Growth",2026-08-04,55.1335
147625,"Motilal Oswal Nifty 500 Index Fund - Direct Plan",2026-08-04,27.6864
148945,"SBI Nifty Next 50 Index Fund - Direct Plan - Growth",2026-08-04,20.5996
149936,"Axis Nifty Midcap 50 Index Fund - Direct Plan - Growth Option",2026-08-04,22.165
150738,"Tata Nifty Midcap 150 Momentum 50 Index Fund - Growth - Direct Plan",2026-08-04,18.7152
150892,"Edelweiss Nifty Smallcap 250 Index Fund - Direct Plan - Growth",2026-08-04,18.9642
151781,"Kotak Nifty 200 Momentum 30 Index Fund - Direct Plan - Growth Option",2026-08-04,14.79
153219,"DSP BSE SENSEX Next 30 Index Fund - Direct - Growth",2026-08-04,12.4582
153272,"UTI Nifty Midsmallcap 400 Momentum Quality 100 Index Fund - Direct Plan - Growth Option",2026-08-04,11.8022
153470,"Nippon India Nifty 500 Quality 50 Index Fund - Direct Plan - Growth Option",2026-08-04,11.197
118482,"BANDHAN Nifty 50 Index Fund-Direct Plan-Growth",2026-08-05,55.155
147625,"Motilal Oswal Nifty 500 Index Fund - Direct Plan",2026-08-05,27.7401
148945,"SBI Nifty Next 50 Index Fund - Direct Plan - Growth",2026-08-05,20.6737
149936,"Axis Nifty Midcap 50 Index Fund - Direct Plan - Growth Option",2026-08-05,22.168
150738,"Tata Nifty Midcap 150 Momentum 50 Index Fund - Growth - Direct Plan",2026-08-05,18.7103
150892,"Edelweiss Nifty Smallcap 250 Index Fund - Direct Plan - Growth",2026-08-05,19.098
151781,"Kotak Nifty 200 Momentum 30 Index Fund - Direct Plan - Growth Option",2026-08-05,14.835
153219,"DSP BSE SENSEX Next 30 Index Fund - Direct - Growth",2026-08-05,12.5772
153272,"UTI Nifty Midsmallcap 400 Momentum Quality 100 Index Fund - Direct Plan - Growth Option",2026-08-05,11.8498
153470,"Nippon India Nifty 500 Quality 50 Index Fund - Direct Plan - Growth Option",2026-08-05,11.2221
118482,"BANDHAN Nifty 50 Index Fund-Direct Plan-Growth",2026-08-06,55.1801
147625,"Motilal Oswal Nifty 500 Index Fund - Direct Plan",2026-08-06,27.733
148945,"SBI Nifty Next 50 Index Fund - Direct Plan - Growth",2026-08-06,20.6893
149936,"Axis Nifty Midcap 50 Index Fund - Direct Plan - Growth Option",2026-08-06,22.0546
150738,"Tata Nifty Midcap 150 Momentum 50 Index Fund - Growth - Direct Plan",2026-08-06,18.6862
150892,"Edelweiss Nifty Smallcap 250 Index Fund - Direct Plan - Growth",2026-08-06,19.1361
151781,"Kotak Nifty 200 Momentum 30 Index Fund - Direct Plan - Growth Option",2026-08-06,14.76
153219,"DSP BSE SENSEX Next 30 Index Fund - Direct - Growth",2026-08-06,12.5918
153272,"UTI Nifty Midsmallcap 400 Momentum Quality 100 Index Fund - Direct Plan - Growth Option",2026-08-06,11.8377
153470,"Nippon India Nifty 500 Quality 50 Index Fund - Direct Plan - Growth Option",2026-08-06,11.2017
118482,"BANDHAN Nifty 50 Index Fund-Direct Plan-Growth",2026-08-07,55.0446
147625,"Motilal Oswal Nifty 500 Index Fund - Direct Plan",2026-08-07,27.7176
148945,"SBI Nifty Next 50 Index Fund - Direct Plan - Growth",2026-08-07,20.7412
149936,"Axis Nifty Midcap 50 Index Fund - Direct Plan - Growth Option",2026-08-07,22.1141
150738,"Tata Nifty Midcap 150 Momentum 50 Index Fund - Growth - Direct Plan",2026-08-07,18.744
150892,"Edelweiss Nifty Smallcap 250 Index Fund - Direct Plan - Growth",2026-08-07,19.1371
151781,"Kotak Nifty 200 Momentum 30 Index Fund - Direct Plan - Growth Option",2026-08-07,14.822
153219,"DSP BSE SENSEX Next 30 Index Fund - Direct - Growth",2026-08-07,12.6096
153272,"UTI Nifty Midsmallcap 400 Momentum Quality 100 Index Fund - Direct Plan - Growth Option",2026-08-07,11.8865
153470,"Nippon India Nifty 500 Quality 50 Index Fund - Direct Plan - Growth Option",2026-08-07,11.2333
118482,"BANDHAN Nifty 50 Index Fund-Direct Plan-Growth",2026-08-10,55.0745
147625,"Motilal Oswal Nifty 500 Index Fund - Direct Plan",2026-08-10,27.754
148945,"SBI Nifty Next 50 Index Fund - Direct Plan - Growth",2026-08-10,20.7598
149936,"Axis Nifty Midcap 50 Index Fund - Direct Plan - Growth Option",2026-08-10,22.2667
150738,"Tata Nifty Midcap 150 Momentum 50 Index Fund - Growth - Direct Plan",2026-08-10,18.8526
150892,"Edelweiss Nifty Smallcap 250 Index Fund - Direct Plan - Growth",2026-08-10,19.1255
151781,"Kotak Nifty 200 Momentum 30 Index Fund - Direct Plan - Growth Option",2026-08-10,14.948
153219,"DSP BSE SENSEX Next 30 Index Fund - Direct - Growth",2026-08-10,12.6201
153272,"UTI Nifty Midsmallcap 400 Momentum Quality 100 Index Fund - Direct Plan - Growth Option",2026-08-10,11.9411
153470,"Nippon India Nifty 500 Quality 50 Index Fund - Direct Plan - Growth Option",2026-08-10,11.2797
118482,"BANDHAN Nifty 50 Index Fund-Direct Plan-Growth",2026-08-11,54.8235
147625,"Motilal Oswal Nifty 500 Index Fund - Direct Plan",2026-08-11,27.6821
148945,"SBI Nifty Next 50 Index Fund - Direct Plan - Growth",2026-08-11,20.7275
149936,"Axis Nifty Midcap 50 Index Fund - Direct Plan - Growth Option",2026-08-11,22.2828
150738,"Tata Nifty Midcap 150 Momentum 50 Index Fund - Growth - Direct Plan",2026-08-11,18.8388
150892,"Edelweiss Nifty Smallcap 250 Index Fund - Direct Plan - Growth",2026-08-11,19.1653
151781,"Kotak Nifty 200 Momentum 30 Index Fund - Direct Plan - Growth Option",2026-08-11,14.904
153219,"DSP BSE SENSEX Next 30 Index Fund - Direct - Growth",2026-08-11,12.5866
153272,"UTI Nifty Midsmallcap 400 Momentum Quality 100 Index Fund - Direct Plan - Growth Option",2026-08-11,11.9531
153470,"Nippon India Nifty 500 Quality 50 Index Fund - Direct Plan - Growth Option",2026-08-11,11.2951
118482,"BANDHAN Nifty 50 Index Fund-Direct Plan-Growth",2026-08-12,54.7435
147625,"Motilal Oswal Nifty 500 Index Fund - Direct Plan",2026-08-12,27.6722
148945,"SBI Nifty Next 50 Index Fund - Direct Plan - Growth",2026-08-12,20.7541
149936,"Axis Nifty Midcap 50 Index Fund - Direct Plan - Growth Option",2026-08-12,22.3364
150738,"Tata Nifty Midcap 150 Momentum 50 Index Fund - Growth - Direct Plan",2026-08-12,19.0395
150892,"Edelweiss Nifty Smallcap 250 Index Fund - Direct Plan - Growth",2026-08-12,19.1171
151781,"Kotak Nifty 200 Momentum 30 Index Fund - Direct Plan - Growth Option",2026-08-12,15.006
153219,"DSP BSE SENSEX Next 30 Index Fund - Direct - Growth",2026-08-12,12.5624
153272,"UTI Nifty Midsmallcap 400 Momentum Quality 100 Index Fund - Direct Plan - Growth Option",2026-08-12,12.0104
153470,"Nippon India Nifty 500 Quality 50 Index Fund - Direct Plan - Growth Option",2026-08-12,11.2548
118482,"BANDHAN Nifty 50 Index Fund-Direct Plan-Growth",2026-08-13,54.6571
147625,"Motilal Oswal Nifty 500 Index Fund - Direct Plan",2026-08-13,27.6569
148945,"SBI Nifty Next 50 Index Fund - Direct Plan - Growth",2026-08-13,20.7496
149936,"Axis Nifty Midcap 50 Index Fund - Direct Plan - Growth Option",2026-08-13,22.3854
150738,"Tata Nifty Midcap 150 Momentum 50 Index Fund - Growth - Direct Plan",2026-08-13,18.9548
150892,"Edelweiss Nifty Smallcap 250 Index Fund - Direct Plan - Growth",2026-08-13,19.1495
151781,"Kotak Nifty 200 Momentum 30 Index Fund - Direct Plan - Growth Option",2026-08-13,14.933
153219,"DSP BSE SENSEX Next 30 Index Fund - Direct - Growth",2026-08-13,12.5521
153272,"UTI Nifty Midsmallcap 400 Momentum Quality 100 Index Fund - Direct Plan - Growth Option",2026-08-13,11.9914
153470,"Nippon India Nifty 500 Quality 50 Index Fund - Direct Plan - Growth Option",2026-08-13,11.2675
118482,"BANDHAN Nifty 50 Index Fund-Direct Plan-Growth",2026-08-14,54.5906
147625,"Motilal Oswal Nifty 500 Index Fund - Direct Plan",2026-08-14,27.5848
148945,"SBI Nifty Next 50 Index Fund - Direct Plan - Growth",2026-08-14,20.6897
149936,"Axis Nifty Midcap 50 Index Fund - Direct Plan - Growth Option",2026-08-14,22.2233
150738,"Tata Nifty Midcap 150 Momentum 50 Index Fund - Growth - Direct Plan",2026-08-14,18.8118
150892,"Edelweiss Nifty Smallcap 250 Index Fund - Direct Plan - Growth",2026-08-14,19.0608
151781,"Kotak Nifty 200 Momentum 30 Index Fund - Direct Plan - Growth Option",2026-08-14,14.831
153219,"DSP BSE SENSEX Next 30 Index Fund - Direct - Growth",2026-08-14,12.5286
153272,"UTI Nifty Midsmallcap 400 Momentum Quality 100 Index Fund - Direct Plan - Growth Option",2026-08-14,11.9102
153470,"Nippon India Nifty 500 Quality 50 Index Fund - Direct Plan - Growth Option",2026-08-14,11.2137
118482,"BANDHAN Nifty 50 Index Fund-Direct Plan-Growth",2026-08-17,54.4149
147625,"Motilal Oswal Nifty 500 Index Fund - Direct Plan",2026-08-17,27.5496
148945,"SBI Nifty Next 50 Index Fund - Direct Plan - Growth",2026-08-17,20.6858
149936,"Axis Nifty Midcap 50 Index Fund - Direct Plan - Growth Option",2026-08-17,22.2452
150738,"Tata Nifty Midcap 150 Momentum 50 Index Fund - Growth - Direct Plan",2026-08-17,18.871
150892,"Edelweiss Nifty Smallcap 250 Index Fund - Direct Plan - Growth",2026-08-17,19.0971
151781,"Kotak Nifty 200 Momentum 30 Index Fund - Direct Plan - Growth Option",2026-08-17,14.891
153219,"DSP BSE SENSEX Next 30 Index Fund - Direct - Growth",2026-08-17,12.5187
153272,"UTI Nifty Midsmallcap 400 Momentum Quality 100 Index Fund - Direct Plan - Growth Option",2026-08-17,11.9472
153470,"Nippon India Nifty 500 Quality 50 Index Fund - Direct Plan - Growth Option",2026-08-17,11.1833
118482,"BANDHAN Nifty 50 Index Fund-Direct Plan-Growth",2026-08-18,54.1178
147625,"Motilal Oswal Nifty 500 Index Fund - Direct Plan",2026-08-18,27.4425
148945,"SBI Nifty Next 50 Index Fund - Direct Plan - Growth",2026-08-18,20.6397
149936,"Axis Nifty Midcap 50 Index Fund - Direct Plan - Growth Option",2026-08-18,22.1695
150738,"Tata Nifty Midcap 150 Momentum 50 Index Fund - Growth - Direct Plan",2026-08-18,18.8439
150892,"Edelweiss Nifty Smallcap 250 Index Fund - Direct Plan - Growth",2026-08-18,19.1343
151781,"Kotak Nifty 200 Momentum 30 Index Fund - Direct Plan - Growth Option",2026-08-18,14.862
153219,"DSP BSE SENSEX Next 30 Index Fund - Direct - Growth",2026-08-18,12.467
153272,"UTI Nifty Midsmallcap 400 Momentum Quality 100 Index Fund - Direct Plan - Growth Option",2026-08-18,11.9367
153470,"Nippon India Nifty 500 Quality 50 Index Fund - Direct Plan - Growth Option",2026-08-18,11.0898
118482,"BANDHAN Nifty 50 Index Fund-Direct Plan-Growth",2026-08-19,53.9463
147625,"Motilal Oswal Nifty 500 Index Fund - Direct Plan",2026-08-19,27.342
148945,"SBI Nifty Next 50 Index Fund - Direct Plan - Growth",2026-08-19,20.5263
149936,"Axis Nifty Midcap 50 Index Fund - Direct Plan - Growth Option",2026-08-19,22.1741
150738,"Tata Nifty Midcap 150 Momentum 50 Index Fund - Growth - Direct Plan",2026-08-19,18.7023
150892,"Edelweiss Nifty Smallcap 250 Index Fund - Direct Plan - Growth",2026-08-19,19.0149
151781,"Kotak Nifty 200 Momentum 30 Index Fund - Direct Plan - Growth Option",2026-08-19,14.7
153219,"DSP BSE SENSEX Next 30 Index Fund - Direct - Growth",2026-08-19,12.4045
153272,"UTI Nifty Midsmallcap 400 Momentum Quality 100 Index Fund - Direct Plan - Growth Option",2026-08-19,11.8657
153470,"Nippon India Nifty 500 Quality 50 Index Fund - Direct Plan - Growth Option",2026-08-19,11.0378
118482,"BANDHAN Nifty 50 Index Fund-Direct Plan-Growth",2026-08-20,54.2896
147625,"Motilal Oswal Nifty 500 Index Fund - Direct Plan",2026-08-20,27.49
148945,"SBI Nifty Next 50 Index Fund - Direct Plan - Growth",2026-08-20,20.6078
149936,"Axis Nifty Midcap 50 Index Fund - Direct Plan - Growth Option",2026-08-20,22.271
150738,"Tata Nifty Midcap 150 Momentum 50 Index Fund - Growth - Direct Plan",2026-08-20,18.7506
150892,"Edelweiss Nifty Smallcap 250 Index Fund - Direct Plan - Growth",2026-08-20,19.1258
151781,"Kotak Nifty 200 Momentum 30 Index Fund - Direct Plan - Growth Option",2026-08-20,14.758
153219,"DSP BSE SENSEX Next 30 Index Fund - Direct - Growth",2026-08-20,12.4675
153272,"UTI Nifty Midsmallcap 400 Momentum Quality 100 Index Fund - Direct Plan - Growth Option",2026-08-20,11.9011
153470,"Nippon India Nifty 500 Quality 50 Index Fund - Direct Plan - Growth Option",2026-08-20,11.1004
118482,"BANDHAN Nifty 50 Index Fund-Direct Plan-Growth",2026-08-21,54.3345
147625,"Motilal Oswal Nifty 500 Index Fund - Direct Plan",2026-08-21,27.5111
148945,"SBI Nifty Next 50 Index Fund - Direct Plan - Growth",2026-08-21,20.5521
149936,"Axis Nifty Midcap 50 Index Fund - Direct Plan - Growth Option",2026-08-21,22.2947
150738,"Tata Nifty Midcap 150 Momentum 50 Index Fund - Growth - Direct Plan",2026-08-21,18.7826
150892,"Edelweiss Nifty Smallcap 250 Index Fund - Direct Plan - Growth",2026-08-21,19.2047
151781,"Kotak Nifty 200 Momentum 30 Index Fund - Direct Plan - Growth Option",2026-08-21,14.791
153219,"DSP BSE SENSEX Next 30 Index Fund - Direct - Growth",2026-08-21,12.4451
153272,"UTI Nifty Midsmallcap 400 Momentum Quality 100 Index Fund - Direct Plan - Growth Option",2026-08-21,11.9417
153470,"Nippon India Nifty 500 Quality 50 Index Fund - Direct Plan - Growth Option",2026-08-21,11.08
118482,"BANDHAN Nifty 50 Index Fund-Direct Plan-Growth",2026-08-24,54.26
147625,"Motilal Oswal Nifty 500 Index Fund - Direct Plan",2026-08-24,27.4896
148945,"SBI Nifty Next 50 Index Fund - Direct Plan - Growth",2026-08-24,20.5601
149936,"Axis Nifty Midcap 50 Index Fund - Direct Plan - Growth Option",2026-08-24,22.3082
150738,"Tata Nifty Midcap 150 Momentum 50 Index Fund - Growth - Direct Plan",2026-08-24,18.8338
150892,"Edelweiss Nifty Smallcap 250 Index Fund - Direct Plan - Growth",2026-08-24,19.1645
151781,"Kotak Nifty 200 Momentum 30 Index Fund - Direct Plan - Growth Option",2026-08-24,14.877
153219,"DSP BSE SENSEX Next 30 Index Fund - Direct - Growth",2026-08-24,12.4324
153272,"UTI Nifty Midsmallcap 400 Momentum Quality 100 Index Fund - Direct Plan - Growth Option",2026-08-24,11.9358
153470,"Nippon India Nifty 500 Quality 50 Index Fund - Direct Plan - Growth Option",2026-08-24,11.0677
118482,"BANDHAN Nifty 50 Index Fund-Direct Plan-Growth",2026-08-25,54.5184
147625,"Motilal Oswal Nifty 500 Index Fund - Direct Plan",2026-08-25,27.6062
148945,"SBI Nifty Next 50 Index Fund - Direct Plan - Growth",2026-08-25,20.695
149936,"Axis Nifty Midcap 50 Index Fund - Direct Plan - Growth Option",2026-08-25,22.4058
150738,"Tata Nifty Midcap 150 Momentum 50 Index Fund - Growth - Direct Plan",2026-08-25,18.9718
150892,"Edelweiss Nifty Smallcap 250 Index Fund - Direct Plan - Growth",2026-08-25,19.1355
151781,"Kotak Nifty 200 Momentum 30 Index Fund - Direct Plan - Growth Option",2026-08-25,14.965
153219,"DSP BSE SENSEX Next 30 Index Fund - Direct - Growth",2026-08-25,12.4926
153272,"UTI Nifty Midsmallcap 400 Momentum Quality 100 Index Fund - Direct Plan - Growth Option",2026-08-25,11.9597
153470,"Nippon India Nifty 500 Quality 50 Index Fund - Direct Plan - Growth Option",2026-08-25,11.1118
118482,"BANDHAN Nifty 50 Index Fund-Direct Plan-Growth",2026-08-26,54.2342
147625,"Motilal Oswal Nifty 500 Index Fund - Direct Plan",2026-08-26,27.5449
148945,"SBI Nifty Next 50 Index Fund - Direct Plan - Growth",2026-08-26,20.6927
149936,"Axis Nifty Midcap 50 Index Fund - Direct Plan - Growth Option",2026-08-26,22.3672
150738,"Tata Nifty Midcap 150 Momentum 50 Index Fund - Growth - Direct Plan",2026-08-26,19.0357
150892,"Edelweiss Nifty Smallcap 250 Index Fund - Direct Plan - Growth",2026-08-26,19.2485
151781,"Kotak Nifty 200 Momentum 30 Index Fund - Direct Plan - Growth Option",2026-08-26,14.995
153219,"DSP BSE SENSEX Next 30 Index Fund - Direct - Growth",2026-08-26,12.469
153272,"UTI Nifty Midsmallcap 400 Momentum Quality 100 Index Fund - Direct Plan - Growth Option",2026-08-26,11.9879
153470,"Nippon India Nifty 500 Quality 50 Index Fund - Direct Plan - Growth Option",2026-08-26,11.0843
118482,"BANDHAN Nifty 50 Index Fund-Direct Plan-Growth",2026-08-27,53.9723
147625,"Motilal Oswal Nifty 500 Index Fund - Direct Plan",2026-08-27,27.4555
148945,"SBI Nifty Next 50 Index Fund - Direct Plan - Growth",2026-08-27,20.6545
149936,"Axis Nifty Midcap 50 Index Fund - Direct Plan - Growth Option",2026-08-27,22.344
150738,"Tata Nifty Midcap 150 Momentum 50 Index Fund - Growth - Direct Plan",2026-08-27,19.0683
150892,"Edelweiss Nifty Smallcap 250 Index Fund - Direct Plan - Growth",2026-08-27,19.2246
151781,"Kotak Nifty 200 Momentum 30 Index Fund - Direct Plan - Growth Option",2026-08-27,15.051
153219,"DSP BSE SENSEX Next 30 Index Fund - Direct - Growth",2026-08-27,12.3991
153272,"UTI Nifty Midsmallcap 400 Momentum Quality 100 Index Fund - Direct Plan - Growth Option",2026-08-27,12.0051
153470,"Nippon India Nifty 500 Quality 50 Index Fund - Direct Plan - Growth Option",2026-08-27,11.058
118482,"BANDHAN Nifty 50 Index Fund-Direct Plan-Growth",2026-08-28,54.162
147625,"Motilal Oswal Nifty 500 Index Fund - Direct Plan",2026-08-28,27.5103
148945,"SBI Nifty Next 50 Index Fund - Direct Plan - Growth",2026-08-28,20.6021
149936,"Axis Nifty Midcap 50 Index Fund - Direct Plan - Growth Option",2026-08-28,22.3994
150738,"Tata Nifty Midcap 150 Momentum 50 Index Fund - Growth - Direct Plan",2026-08-28,19.0884
150892,"Edelweiss Nifty Smallcap 250 Index Fund - Direct Plan - Growth",2026-08-28,19.2921
151781,"Kotak Nifty 200 Momentum 30 Index Fund - Direct Plan - Growth Option",2026-08-28,15.061
153219,"DSP BSE SENSEX Next 30 Index Fund - Direct - Growth",2026-08-28,12.4018
153272,"UTI Nifty Midsmallcap 400 Momentum Quality 100 Index Fund - Direct Plan - Growth Option",2026-08-28,12.0402
153470,"Nippon India Nifty 500 Quality 50 Index Fund - Direct Plan - Growth Option",2026-08-28,11.1527
118482,"BANDHAN Nifty 50 Index Fund-Direct Plan-Growth",2026-08-31,53.9482
147625,"Motilal Oswal Nifty 500 Index Fund - Direct Plan",2026-08-31,27.419
148945,"SBI Nifty Next 50 Index Fund - Direct Plan - Growth",2026-08-31,20.4908
149936,"Axis Nifty Midcap 50 Index Fund - Direct Plan - Growth Option",2026-08-31,22.503
150738,"Tata Nifty Midcap 150 Momentum 50 Index Fund - Growth - Direct Plan",2026-08-31,19.1921
150892,"Edelweiss Nifty Smallcap 250 Index Fund - Direct Plan - Growth",2026-08-31,19.163
151781,"Kotak Nifty 200 Momentum 30 Index Fund - Direct Plan - Growth Option",2026-08-31,14.977
153219,"DSP BSE SENSEX Next 30 Index Fund - Direct - Growth",2026-08-31,12.3563
153272,"UTI Nifty Midsmallcap 400 Momentum Quality 100 Index Fund - Direct Plan - Growth Option",2026-08-31,12.0566
153470,"Nippon India Nifty 500 Quality 50 Index Fund - Direct Plan - Growth Option",2026-08-31,11.148
118482,"BANDHAN Nifty 50 Index Fund-Direct Plan-Growth",2026-09-01,53.8929
147625,"Motilal Oswal Nifty 500 Index Fund - Direct Plan",2026-09-01,27.29
148945,"SBI Nifty Next 50 Index Fund - Direct Plan - Growth",2026-09-01,20.2451
149936,"Axis Nifty Midcap 50 Index Fund - Direct Plan - Growth Option",2026-09-01,22.2078
150738,"Tata Nifty Midcap 150 Momentum 50 Index Fund - Growth - Direct Plan",2026-09-01,18.7925
150892,"Edelweiss Nifty Smallcap 250 Index Fund - Direct Plan - Growth",2026-09-01,19.1537
151781,"Kotak Nifty 200 Momentum 30 Index Fund - Direct Plan - Growth Option",2026-09-01,14.692
153219,"DSP BSE SENSEX Next 30 Index Fund - Direct - Growth",2026-09-01,12.2687
153272,"UTI Nifty Midsmallcap 400 Momentum Quality 100 Index Fund - Direct Plan - Growth Option",2026-09-01,11.9311
153470,"Nippon India Nifty 500 Quality 50 Index Fund - Direct Plan - Growth Option",2026-09-01,11.0743
118482,"BANDHAN Nifty 50 Index Fund-Direct Plan-Growth",2026-09-02,53.5842
147625,"Motilal Oswal Nifty 500 Index Fund - Direct Plan",2026-09-02,27.1555
148945,"SBI Nifty Next 50 Index Fund - Direct Plan - Growth",2026-09-02,20.2662
149936,"Axis Nifty Midcap 50 Index Fund - Direct Plan - Growth Option",2026-09-02,22.0514
150738,"Tata Nifty Midcap 150 Momentum 50 Index Fund - Growth - Direct Plan",2026-09-02,18.7127
150892,"Edelweiss Nifty Smallcap 250 Index Fund - Direct Plan - Growth",2026-09-02,19.0426
151781,"Kotak Nifty 200 Momentum 30 Index Fund - Direct Plan - Growth Option",2026-09-02,14.678
153219,"DSP BSE SENSEX Next 30 Index Fund - Direct - Growth",2026-09-02,12.2138
153272,"UTI Nifty Midsmallcap 400 Momentum Quality 100 Index Fund - Direct Plan - Growth Option",2026-09-02,11.8204
153470,"Nippon India Nifty 500 Quality 50 Index Fund - Direct Plan - Growth Option",2026-09-02,11.0097
118482,"BANDHAN Nifty 50 Index Fund-Direct Plan-Growth",2026-09-03,53.4923
147625,"Motilal Oswal Nifty 500 Index Fund - Direct Plan",2026-09-03,27.192
148945,"SBI Nifty Next 50 Index Fund - Direct Plan - Growth",2026-09-03,20.295
149936,"Axis Nifty Midcap 50 Index Fund - Direct Plan - Growth Option",2026-09-03,22.1119
150738,"Tata Nifty Midcap 150 Momentum 50 Index Fund - Growth - Direct Plan",2026-09-03,18.7606
150892,"Edelweiss Nifty Smallcap 250 Index Fund - Direct Plan - Growth",2026-09-03,19.2384
151781,"Kotak Nifty 200 Momentum 30 Index Fund - Direct Plan - Growth Option",2026-09-03,14.689
153219,"DSP BSE SENSEX Next 30 Index Fund - Direct - Growth",2026-09-03,12.2242
153272,"UTI Nifty Midsmallcap 400 Momentum Quality 100 Index Fund - Direct Plan - Growth Option",2026-09-03,11.8754
153470,"Nippon India Nifty 500 Quality 50 Index Fund - Direct Plan - Growth Option",2026-09-03,11.0389
118482,"BANDHAN Nifty 50 Index Fund-Direct Plan-Growth",2026-09-04,53.5545
147625,"Motilal Oswal Nifty 500 Index Fund - Direct Plan",2026-09-04,27.1947
148945,"SBI Nifty Next 50 Index Fund - Direct Plan - Growth",2026-09-04,20.2473
149936,"Axis Nifty Midcap 50 Index Fund - Direct Plan - Growth Option",2026-09-04,22.0607
150738,"Tata Nifty Midcap 150 Momentum 50 Index Fund - Growth - Direct Plan",2026-09-04,18.693
150892,"Edelweiss Nifty Smallcap 250 Index Fund - Direct Plan - Growth",2026-09-04,19.2779
151781,"Kotak Nifty 200 Momentum 30 Index Fund - Direct Plan - Growth Option",2026-09-04,14.681
153219,"DSP BSE SENSEX Next 30 Index Fund - Direct - Growth",2026-09-04,12.2051
153272,"UTI Nifty Midsmallcap 400 Momentum Quality 100 Index Fund - Direct Plan - Growth Option",2026-09-04,11.8239
153470,"Nippon India Nifty 500 Quality 50 Index Fund - Direct Plan - Growth Option",2026-09-04,11.0162
118482,"BANDHAN Nifty 50 Index Fund-Direct Plan-Growth",2026-09-07,53.2885
147625,"Motilal Oswal Nifty 500 Index Fund - Direct Plan",2026-09-07,27.0799
148945,"SBI Nifty Next 50 Index Fund - Direct Plan - Growth",2026-09-07,20.1621
149936,"Axis Nifty Midcap 50 Index Fund - Direct Plan - Growth Option",2026-09-07,21.9676
150738,"Tata Nifty Midcap 150 Momentum 50 Index Fund - Growth - Direct Plan",2026-09-07,18.6686
150892,"Edelweiss Nifty Smallcap 250 Index Fund - Direct Plan - Growth",2026-09-07,19.2805
151781,"Kotak Nifty 200 Momentum 30 Index Fund - Direct Plan - Growth Option",2026-09-07,14.671
153219,"DSP BSE SENSEX Next 30 Index Fund - Direct - Growth",2026-09-07,12.1602
153272,"UTI Nifty Midsmallcap 400 Momentum Quality 100 Index Fund - Direct Plan - Growth Option",2026-09-07,11.8142
153470,"Nippon India Nifty 500 Quality 50 Index Fund - Direct Plan - Growth Option",2026-09-07,10.9455
118482,"BANDHAN Nifty 50 Index Fund-Direct Plan-Growth",2026-09-08,52.9657
147625,"Motilal Oswal Nifty 500 Index Fund - Direct Plan",2026-09-08,27.0216
148945,"SBI Nifty Next 50 Index Fund - Direct Plan - Growth",2026-09-08,20.266
149936,"Axis Nifty Midcap 50 Index Fund - Direct Plan - Growth Option",2026-09-08,22.0192
150738,"Tata Nifty Midcap 150 Momentum 50 Index Fund - Growth - Direct Plan",2026-09-08,18.8211
150892,"Edelweiss Nifty Smallcap 250 Index Fund - Direct Plan - Growth",2026-09-08,19.3251
151781,"Kotak Nifty 200 Momentum 30 Index Fund - Direct Plan - Growth Option",2026-09-08,14.802
153219,"DSP BSE SENSEX Next 30 Index Fund - Direct - Growth",2026-09-08,12.1973
153272,"UTI Nifty Midsmallcap 400 Momentum Quality 100 Index Fund - Direct Plan - Growth Option",2026-09-08,11.8976
153470,"Nippon India Nifty 500 Quality 50 Index Fund - Direct Plan - Growth Option",2026-09-08,10.9894
118482,"BANDHAN Nifty 50 Index Fund-Direct Plan-Growth",2026-09-09,52.5095
147625,"Motilal Oswal Nifty 500 Index Fund - Direct Plan",2026-09-09,26.8494
148945,"SBI Nifty Next 50 Index Fund - Direct Plan - Growth",2026-09-09,20.239
149936,"Axis Nifty Midcap 50 Index Fund - Direct Plan - Growth Option",2026-09-09,21.8988
150738,"Tata Nifty Midcap 150 Momentum 50 Index Fund - Growth - Direct Plan",2026-09-09,18.8172
150892,"Edelweiss Nifty Smallcap 250 Index Fund - Direct Plan - Growth",2026-09-09,19.2262
151781,"Kotak Nifty 200 Momentum 30 Index Fund - Direct Plan - Growth Option",2026-09-09,14.883
153219,"DSP BSE SENSEX Next 30 Index Fund - Direct - Growth",2026-09-09,12.2165
153272,"UTI Nifty Midsmallcap 400 Momentum Quality 100 Index Fund - Direct Plan - Growth Option",2026-09-09,11.8076
153470,"Nippon India Nifty 500 Quality 50 Index Fund - Direct Plan - Growth Option",2026-09-09,10.8765
118482,"BANDHAN Nifty 50 Index Fund-Direct Plan-Growth",2026-09-10,52.613
147625,"Motilal Oswal Nifty 500 Index Fund - Direct Plan",2026-09-10,26.8421
148945,"SBI Nifty Next 50 Index Fund - Direct Plan - Growth",2026-09-10,20.1492
149936,"Axis Nifty Midcap 50 Index Fund - Direct Plan - Growth Option",2026-09-10,21.819
150738,"Tata Nifty Midcap 150 Momentum 50 Index Fund - Growth - Direct Plan",2026-09-10,18.6811
150892,"Edelweiss Nifty Smallcap 250 Index Fund - Direct Plan - Growth",2026-09-10,19.2276
151781,"Kotak Nifty 200 Momentum 30 Index Fund - Direct Plan - Growth Option",2026-09-10,14.771
153219,"DSP BSE SENSEX Next 30 Index Fund - Direct - Growth",2026-09-10,12.2125
153272,"UTI Nifty Midsmallcap 400 Momentum Quality 100 Index Fund - Direct Plan - Growth Option",2026-09-10,11.7957
153470,"Nippon India Nifty 500 Quality 50 Index Fund - Direct Plan - Growth Option",2026-09-10,10.8253
118482,"BANDHAN Nifty 50 Index Fund-Direct Plan-Growth",2026-09-11,52.4345
147625,"Motilal Oswal Nifty 500 Index Fund - Direct Plan",2026-09-11,26.7426
148945,"SBI Nifty Next 50 Index Fund - Direct Plan - Growth",2026-09-11,20.0249
149936,"Axis Nifty Midcap 50 Index Fund - Direct Plan - Growth Option",2026-09-11,21.8208
150738,"Tata Nifty Midcap 150 Momentum 50 Index Fund - Growth - Direct Plan",2026-09-11,18.6599
150892,"Edelweiss Nifty Smallcap 250 Index Fund - Direct Plan - Growth",2026-09-11,19.1313
151781,"Kotak Nifty 200 Momentum 30 Index Fund - Direct Plan - Growth Option",2026-09-11,14.669
153219,"DSP BSE SENSEX Next 30 Index Fund - Direct - Growth",2026-09-11,12.0977
153272,"UTI Nifty Midsmallcap 400 Momentum Quality 100 Index Fund - Direct Plan - Growth Option",2026-09-11,11.7696
153470,"Nippon India Nifty 500 Quality 50 Index Fund - Direct Plan - Growth Option",2026-09-11,10.7839
118482,"BANDHAN Nifty 50 Index Fund-Direct Plan-Growth",2026-09-15,51.8076
147625,"Motilal Oswal Nifty 500 Index Fund - Direct Plan",2026-09-15,26.2886
148945,"SBI Nifty Next 50 Index Fund - Direct Plan - Growth",2026-09-15,19.5239
149936,"Axis Nifty Midcap 50 Index Fund - Direct Plan - Growth Option",2026-09-15,21.3659
150738,"Tata Nifty Midcap 150 Momentum 50 Index Fund - Growth - Direct Plan",2026-09-15,18.1557
150892,"Edelweiss Nifty Smallcap 250 Index Fund - Direct Plan - Growth",2026-09-15,18.6656
151781,"Kotak Nifty 200 Momentum 30 Index Fund - Direct Plan - Growth Option",2026-09-15,14.209
153219,"DSP BSE SENSEX Next 30 Index Fund - Direct - Growth",2026-09-15,11.8654
153272,"UTI Nifty Midsmallcap 400 Momentum Quality 100 Index Fund - Direct Plan - Growth Option",2026-09-15,11.4883
153470,"Nippon India Nifty 500 Quality 50 Index Fund - Direct Plan - Growth Option",2026-09-15,10.6018
118482,"BANDHAN Nifty 50 Index Fund-Direct Plan-Growth",2026-09-16,52.0293
147625,"Motilal Oswal Nifty 500 Index Fund - Direct Plan",2026-09-16,26.3524
148945,"SBI Nifty Next 50 Index Fund - Direct Plan - Growth",2026-09-16,19.548
149936,"Axis Nifty Midcap 50 Index Fund - Direct Plan - Growth Option",2026-09-16,21.3703
150738,"Tata Nifty Midcap 150 Momentum 50 Index Fund - Growth - Direct Plan",2026-09-16,18.1461
150892,"Edelweiss Nifty Smallcap 250 Index Fund - Direct Plan - Growth",2026-09-16,18.6348
151781,"Kotak Nifty 200 Momentum 30 Index Fund - Direct Plan - Growth Option",2026-09-16,14.196
153219,"DSP BSE SENSEX Next 30 Index Fund - Direct - Growth",2026-09-16,11.9219
153272,"UTI Nifty Midsmallcap 400 Momentum Quality 100 Index Fund - Direct Plan - Growth Option",2026-09-16,11.4736
153470,"Nippon India Nifty 500 Quality 50 Index Fund - Direct Plan - Growth Option",2026-09-16,10.567
118482,"BANDHAN Nifty 50 Index Fund-Direct Plan-Growth",2026-09-17,52.1479
147625,"Motilal Oswal Nifty 500 Index Fund - Direct Plan",2026-09-17,26.4958
148945,"SBI Nifty Next 50 Index Fund - Direct Plan - Growth",2026-09-17,19.7632
149936,"Axis Nifty Midcap 50 Index Fund - Direct Plan - Growth Option",2026-09-17,21.5753
150738,"Tata Nifty Midcap 150 Momentum 50 Index Fund - Growth - Direct Plan",2026-09-17,18.3614
150892,"Edelweiss Nifty Smallcap 250 Index Fund - Direct Plan - Growth",2026-09-17,18.787
151781,"Kotak Nifty 200 Momentum 30 Index Fund - Direct Plan - Growth Option",2026-09-17,14.4
153219,"DSP BSE SENSEX Next 30 Index Fund - Direct - Growth",2026-09-17,12.027
153272,"UTI Nifty Midsmallcap 400 Momentum Quality 100 Index Fund - Direct Plan - Growth Option",2026-09-17,11.5931
153470,"Nippon India Nifty 500 Quality 50 Index Fund - Direct Plan - Growth Option",2026-09-17,10.6391
118482,"BANDHAN Nifty 50 Index Fund-Direct Plan-Growth",2026-09-18,52.3176
147625,"Motilal Oswal Nifty 500 Index Fund - Direct Plan",2026-09-18,26.7136
148945,"SBI Nifty Next 50 Index Fund - Direct Plan - Growth",2026-09-18,20.0079
149936,"Axis Nifty Midcap 50 Index Fund - Direct Plan - Growth Option",2026-09-18,21.7627
150738,"Tata Nifty Midcap 150 Momentum 50 Index Fund - Growth - Direct Plan",2026-09-18,18.6207
150892,"Edelweiss Nifty Smallcap 250 Index Fund - Direct Plan - Growth",2026-09-18,19.0774
151781,"Kotak Nifty 200 Momentum 30 Index Fund - Direct Plan - Growth Option",2026-09-18,14.541
153219,"DSP BSE SENSEX Next 30 Index Fund - Direct - Growth",2026-09-18,12.0486
153272,"UTI Nifty Midsmallcap 400 Momentum Quality 100 Index Fund - Direct Plan - Growth Option",2026-09-18,11.7638
153470,"Nippon India Nifty 500 Quality 50 Index Fund - Direct Plan - Growth Option",2026-09-18,10.6396
118482,"BANDHAN Nifty 50 Index Fund-Direct Plan-Growth",2026-09-21,52.4694
147625,"Motilal Oswal Nifty 500 Index Fund - Direct Plan",2026-09-21,26.7368
148945,"SBI Nifty Next 50 Index Fund - Direct Plan - Growth",2026-09-21,20.0261
149936,"Axis Nifty Midcap 50 Index Fund - Direct Plan - Growth Option",2026-09-21,21.7587
150738,"Tata Nifty Midcap 150 Momentum 50 Index Fund - Growth - Direct Plan",2026-09-21,18.529
150892,"Edelweiss Nifty Smallcap 250 Index Fund - Direct Plan - Growth",2026-09-21,19.0689
151781,"Kotak Nifty 200 Momentum 30 Index Fund - Direct Plan - Growth Option",2026-09-21,14.494
153219,"DSP BSE SENSEX Next 30 Index Fund - Direct - Growth",2026-09-21,12.1295
153272,"UTI Nifty Midsmallcap 400 Momentum Quality 100 Index Fund - Direct Plan - Growth Option",2026-09-21,11.7245
153470,"Nippon India Nifty 500 Quality 50 Index Fund - Direct Plan - Growth Option",2026-09-21,10.6367
118482,"BANDHAN Nifty 50 Index Fund-Direct Plan-Growth",2026-09-22,52.278
147625,"Motilal Oswal Nifty 500 Index Fund - Direct Plan",2026-09-22,26.66
148945,"SBI Nifty Next 50 Index Fund - Direct Plan - Growth",2026-09-22,19.9482
149936,"Axis Nifty Midcap 50 Index Fund - Direct Plan - Growth Option",2026-09-22,21.7573
150738,"Tata Nifty Midcap 150 Momentum 50 Index Fund - Growth - Direct Plan",2026-09-22,18.5037
150892,"Edelweiss Nifty Smallcap 250 Index Fund - Direct Plan - Growth",2026-09-22,19.0501
151781,"Kotak Nifty 200 Momentum 30 Index Fund - Direct Plan - Growth Option",2026-09-22,14.477
153219,"DSP BSE SENSEX Next 30 Index Fund - Direct - Growth",2026-09-22,12.0573
153272,"UTI Nifty Midsmallcap 400 Momentum Quality 100 Index Fund - Direct Plan - Growth Option",2026-09-22,11.6927
153470,"Nippon India Nifty 500 Quality 50 Index Fund - Direct Plan - Growth Option",2026-09-22,10.6043
118482,"BANDHAN Nifty 50 Index Fund-Direct Plan-Growth",2026-09-23,52.5419
147625,"Motilal Oswal Nifty 500 Index Fund - Direct Plan",2026-09-23,26.8246
148945,"SBI Nifty Next 50 Index Fund - Direct Plan - Growth",2026-09-23,20.131
149936,"Axis Nifty Midcap 50 Index Fund - Direct Plan - Growth Option",2026-09-23,21.8801
150738,"Tata Nifty Midcap 150 Momentum 50 Index Fund - Growth - Direct Plan",2026-09-23,18.6983
150892,"Edelweiss Nifty Smallcap 250 Index Fund - Direct Plan - Growth",2026-09-23,19.208
151781,"Kotak Nifty 200 Momentum 30 Index Fund - Direct Plan - Growth Option",2026-09-23,14.654
153219,"DSP BSE SENSEX Next 30 Index Fund - Direct - Growth",2026-09-23,12.1451
153272,"UTI Nifty Midsmallcap 400 Momentum Quality 100 Index Fund - Direct Plan - Growth Option",2026-09-23,11.7836
153470,"Nippon India Nifty 500 Quality 50 Index Fund - Direct Plan - Growth Option",2026-09-23,10.619
118482,"BANDHAN Nifty 50 Index Fund-Direct Plan-Growth",2026-09-24,51.6819
147625,"Motilal Oswal Nifty 500 Index Fund - Direct Plan",2026-09-24,26.3781
148945,"SBI Nifty Next 50 Index Fund - Direct Plan - Growth",2026-09-24,19.8306
149936,"Axis Nifty Midcap 50 Index Fund - Direct Plan - Growth Option",2026-09-24,21.3181
150738,"Tata Nifty Midcap 150 Momentum 50 Index Fund - Growth - Direct Plan",2026-09-24,18.3992
150892,"Edelweiss Nifty Smallcap 250 Index Fund - Direct Plan - Growth",2026-09-24,18.9418
151781,"Kotak Nifty 200 Momentum 30 Index Fund - Direct Plan - Growth Option",2026-09-24,14.457
153219,"DSP BSE SENSEX Next 30 Index Fund - Direct - Growth",2026-09-24,11.9844
153272,"UTI Nifty Midsmallcap 400 Momentum Quality 100 Index Fund - Direct Plan - Growth Option",2026-09-24,11.6485
153470,"Nippon India Nifty 500 Quality 50 Index Fund - Direct Plan - Growth Option",2026-09-24,10.5075
118482,"BANDHAN Nifty 50 Index Fund-Direct Plan-Growth",2026-09-25,51.8552
147625,"Motilal Oswal Nifty 500 Index Fund - Direct Plan",2026-09-25,26.4375
148945,"SBI Nifty Next 50 Index Fund - Direct Plan - Growth",2026-09-25,19.9408
149936,"Axis Nifty Midcap 50 Index Fund - Direct Plan - Growth Option",2026-09-25,21.2644
150738,"Tata Nifty Midcap 150 Momentum 50 Index Fund - Growth - Direct Plan",2026-09-25,18.3411
150892,"Edelweiss Nifty Smallcap 250 Index Fund - Direct Plan - Growth",2026-09-25,18.9452
151781,"Kotak Nifty 200 Momentum 30 Index Fund - Direct Plan - Growth Option",2026-09-25,14.446
153219,"DSP BSE SENSEX Next 30 Index Fund - Direct - Growth",2026-09-25,11.9865
153272,"UTI Nifty Midsmallcap 400 Momentum Quality 100 Index Fund - Direct Plan - Growth Option",2026-09-25,11.6609
153470,"Nippon India Nifty 500 Quality 50 Index Fund - Direct Plan - Growth Option",2026-09-25,10.5202
118482,"BANDHAN Nifty 50 Index Fund-Direct Plan-Growth",2026-09-28,51.0475
147625,"Motilal Oswal Nifty 500 Index Fund - Direct Plan",2026-09-28,26.0039
148945,"SBI Nifty Next 50 Index Fund - Direct Plan - Growth",2026-09-28,19.5324
149936,"Axis Nifty Midcap 50 Index Fund - Direct Plan - Growth Option",2026-09-28,20.9417
150738,"Tata Nifty Midcap 150 Momentum 50 Index Fund - Growth - Direct Plan",2026-09-28,18.0028
150892,"Edelweiss Nifty Smallcap 250 Index Fund - Direct Plan - Growth",2026-09-28,18.6369
151781,"Kotak Nifty 200 Momentum 30 Index Fund - Direct Plan - Growth Option",2026-09-28,14.152
153219,"DSP BSE SENSEX Next 30 Index Fund - Direct - Growth",2026-09-28,11.8184
153272,"UTI Nifty Midsmallcap 400 Momentum Quality 100 Index Fund - Direct Plan - Growth Option",2026-09-28,11.4751
153470,"Nippon India Nifty 500 Quality 50 Index Fund - Direct Plan - Growth Option",2026-09-28,10.3885
118482,"BANDHAN Nifty 50 Index Fund-Direct Plan-Growth",2026-09-29,50.9018
147625,"Motilal Oswal Nifty 500 Index Fund - Direct Plan",2026-09-29,25.8493
148945,"SBI Nifty Next 50 Index Fund - Direct Plan - Growth",2026-09-29,19.293
149936,"Axis Nifty Midcap 50 Index Fund - Direct Plan - Growth Option",2026-09-29,20.728
150738,"Tata Nifty Midcap 150 Momentum 50 Index Fund - Growth - Direct Plan",2026-09-29,17.9327
150892,"Edelweiss Nifty Smallcap 250 Index Fund - Direct Plan - Growth",2026-09-29,18.5438
151781,"Kotak Nifty 200 Momentum 30 Index Fund - Direct Plan - Growth Option",2026-09-29,14.112
153219,"DSP BSE SENSEX Next 30 Index Fund - Direct - Growth",2026-09-29,11.765
153272,"UTI Nifty Midsmallcap 400 Momentum Quality 100 Index Fund - Direct Plan - Growth Option",2026-09-29,11.3916
153470,"Nippon India Nifty 500 Quality 50 Index Fund - Direct Plan - Growth Option",2026-09-29,10.235
118482,"BANDHAN Nifty 50 Index Fund-Direct Plan-Growth",2026-09-30,50.6872
147625,"Motilal Oswal Nifty 500 Index Fund - Direct Plan",2026-09-30,25.8154
148945,"SBI Nifty Next 50 Index Fund - Direct Plan - Growth",2026-09-30,19.3701
149936,"Axis Nifty Midcap 50 Index Fund - Direct Plan - Growth Option",2026-09-30,20.7248
150738,"Tata Nifty Midcap 150 Momentum 50 Index Fund - Growth - Direct Plan",2026-09-30,17.8601
150892,"Edelweiss Nifty Smallcap 250 Index Fund - Direct Plan - Growth",2026-09-30,18.5816
151781,"Kotak Nifty 200 Momentum 30 Index Fund - Direct Plan - Growth Option",2026-09-30,14.11
153219,"DSP BSE SENSEX Next 30 Index Fund - Direct - Growth",2026-09-30,11.6495
153272,"UTI Nifty Midsmallcap 400 Momentum Quality 100 Index Fund - Direct Plan - Growth Option",2026-09-30,11.3751
153470,"Nippon India Nifty 500 Quality 50 Index Fund - Direct Plan - Growth Option",2026-09-30,10.2582
118482,"BANDHAN Nifty 50 Index Fund-Direct Plan-Growth",2026-10-01,50.242
147625,"Motilal Oswal Nifty 500 Index Fund - Direct Plan",2026-10-01,25.5648
148945,"SBI Nifty Next 50 Index Fund - Direct Plan - Growth",2026-10-01,19.1574
149936,"Axis Nifty Midcap 50 Index Fund - Direct Plan - Growth Option",2026-10-01,20.4955
150738,"Tata Nifty Midcap 150 Momentum 50 Index Fund - Growth - Direct Plan",2026-10-01,17.7189
150892,"Edelweiss Nifty Smallcap 250 Index Fund - Direct Plan - Growth",2026-10-01,18.3525
151781,"Kotak Nifty 200 Momentum 30 Index Fund - Direct Plan - Growth Option",2026-10-01,13.965
153219,"DSP BSE SENSEX Next 30 Index Fund - Direct - Growth",2026-10-01,11.4757
153272,"UTI Nifty Midsmallcap 400 Momentum Quality 100 Index Fund - Direct Plan - Growth Option",2026-10-01,11.2783
153470,"Nippon India Nifty 500 Quality 50 Index Fund - Direct Plan - Growth Option",2026-10-01,10.1967