scheme_code,scheme_name,date,nav
150404,"BANDHAN MID CAP FUND - GROWTH - DIRECT PLAN",2022-08-19,10.011
150404,"BANDHAN MID CAP FUND - GROWTH - DIRECT PLAN",2022-08-22,10.013
150404,"BANDHAN MID CAP FUND - GROWTH - DIRECT PLAN",2022-08-23,10.014
150404,"BANDHAN MID CAP FUND - GROWTH - DIRECT PLAN",2022-08-24,10.015
150404,"BANDHAN MID CAP FUND - GROWTH - DIRECT PLAN",2022-08-25,10.013
150404,"BANDHAN MID CAP FUND - GROWTH - DIRECT PLAN",2022-08-26,10.016
150404,"BANDHAN MID CAP FUND - GROWTH - DIRECT PLAN",2022-08-29,10.008
150404,"BANDHAN MID CAP FUND - GROWTH - DIRECT PLAN",2022-08-30,10.033
150404,"BANDHAN MID CAP FUND - GROWTH - DIRECT PLAN",2022-09-01,10.041
150404,"BANDHAN MID CAP FUND - GROWTH - DIRECT PLAN",2022-09-02,10.033
150404,"BANDHAN MID CAP FUND - GROWTH - DIRECT PLAN",2022-09-05,10.052
150404,"BANDHAN MID CAP FUND - GROWTH - DIRECT PLAN",2022-09-06,10.049
150404,"BANDHAN MID CAP FUND - GROWTH - DIRECT PLAN",2022-09-07,10.052
150404,"BANDHAN MID CAP FUND - GROWTH - DIRECT PLAN",2022-09-08,10.073
150584,"WhiteOak Capital Mid Cap Fund Direct Plan Growth",2022-09-08,10.078
150404,"BANDHAN MID CAP FUND - GROWTH - DIRECT PLAN",2022-09-09,10.09
150584,"WhiteOak Capital Mid Cap Fund Direct Plan Growth",2022-09-09,10.128
150404,"BANDHAN MID CAP FUND - GROWTH - DIRECT PLAN",2022-09-12,10.131
150584,"WhiteOak Capital Mid Cap Fund Direct Plan Growth",2022-09-12,10.182
150404,"BANDHAN MID CAP FUND - GROWTH - DIRECT PLAN",2022-09-13,10.14
150584,"WhiteOak Capital Mid Cap Fund Direct Plan Growth",2022-09-13,10.191
150404,"BANDHAN MID CAP FUND - GROWTH - DIRECT PLAN",2022-09-14,10.128
150584,"WhiteOak Capital Mid Cap Fund Direct Plan Growth",2022-09-14,10.184
150404,"BANDHAN MID CAP FUND - GROWTH - DIRECT PLAN",2022-09-15,10.141
150584,"WhiteOak Capital Mid Cap Fund Direct Plan Growth",2022-09-15,10.178
150404,"BANDHAN MID CAP FUND - GROWTH - DIRECT PLAN",2022-09-16,10.069
150584,"WhiteOak Capital Mid Cap Fund Direct Plan Growth",2022-09-16,10.019
150404,"BANDHAN MID CAP FUND - GROWTH - DIRECT PLAN",2022-09-19,10.054
150584,"WhiteOak Capital Mid Cap Fund Direct Plan Growth",2022-09-19,10.037
150404,"BANDHAN MID CAP FUND - GROWTH - DIRECT PLAN",2022-09-20,10.109
150584,"WhiteOak Capital Mid Cap Fund Direct Plan Growth",2022-09-20,10.167
150404,"BANDHAN MID CAP FUND - GROWTH - DIRECT PLAN",2022-09-21,10.095
150584,"WhiteOak Capital Mid Cap Fund Direct Plan Growth",2022-09-21,10.164
150404,"BANDHAN MID CAP FUND - GROWTH - DIRECT PLAN",2022-09-22,10.115
150584,"WhiteOak Capital Mid Cap Fund Direct Plan Growth",2022-09-22,10.219
150404,"BANDHAN MID CAP FUND - GROWTH - DIRECT PLAN",2022-09-23,10.033
150584,"WhiteOak Capital Mid Cap Fund Direct Plan Growth",2022-09-23,10.021
150404,"BANDHAN MID CAP FUND - GROWTH - DIRECT PLAN",2022-09-26,9.943
150584,"WhiteOak Capital Mid Cap Fund Direct Plan Growth",2022-09-26,9.859
150404,"BANDHAN MID CAP FUND - GROWTH - DIRECT PLAN",2022-09-27,9.947
150584,"WhiteOak Capital Mid Cap Fund Direct Plan Growth",2022-09-27,9.874
150404,"BANDHAN MID CAP FUND - GROWTH - DIRECT PLAN",2022-09-28,9.923
150584,"WhiteOak Capital Mid Cap Fund Direct Plan Growth",2022-09-28,9.805
150404,"BANDHAN MID CAP FUND - GROWTH - DIRECT PLAN",2022-09-29,9.945
150584,"WhiteOak Capital Mid Cap Fund Direct Plan Growth",2022-09-29,9.867
150404,"BANDHAN MID CAP FUND - GROWTH - DIRECT PLAN",2022-09-30,10.01
150584,"WhiteOak Capital Mid Cap Fund Direct Plan Growth",2022-09-30,9.985
150404,"BANDHAN MID CAP FUND - GROWTH - DIRECT PLAN",2022-10-03,9.966
150584,"WhiteOak Capital Mid Cap Fund Direct Plan Growth",2022-10-03,9.873
150404,"BANDHAN MID CAP FUND - GROWTH - DIRECT PLAN",2022-10-04,10.063
150584,"WhiteOak Capital Mid Cap Fund Direct Plan Growth",2022-10-04,10.046
150404,"BANDHAN MID CAP FUND - GROWTH - DIRECT PLAN",2022-10-06,10.135
150584,"WhiteOak Capital Mid Cap Fund Direct Plan Growth",2022-10-06,10.185
150404,"BANDHAN MID CAP FUND - GROWTH - DIRECT PLAN",2022-10-07,10.134
150584,"WhiteOak Capital Mid Cap Fund Direct Plan Growth",2022-10-07,10.199
150404,"BANDHAN MID CAP FUND - GROWTH - DIRECT PLAN",2022-10-10,10.117
150584,"WhiteOak Capital Mid Cap Fund Direct Plan Growth",2022-10-10,10.112
150404,"BANDHAN MID CAP FUND - GROWTH - DIRECT PLAN",2022-10-11,10.035
150584,"WhiteOak Capital Mid Cap Fund Direct Plan Growth",2022-10-11,10.005
150404,"BANDHAN MID CAP FUND - GROWTH - DIRECT PLAN",2022-10-12,10.075
150584,"WhiteOak Capital Mid Cap Fund Direct Plan Growth",2022-10-12,10.041
150404,"BANDHAN MID CAP FUND - GROWTH - DIRECT PLAN",2022-10-13,10.021
150584,"WhiteOak Capital Mid Cap Fund Direct Plan Growth",2022-10-13,9.975
150404,"BANDHAN MID CAP FUND - GROWTH - DIRECT PLAN",2022-10-14,10.009
150584,"WhiteOak Capital Mid Cap Fund Direct Plan Growth",2022-10-14,10.018
150404,"BANDHAN MID CAP FUND - GROWTH - DIRECT PLAN",2022-10-17,10.04
150584,"WhiteOak Capital Mid Cap Fund Direct Plan Growth",2022-10-17,10.079
150404,"BANDHAN MID CAP FUND - GROWTH - DIRECT PLAN",2022-10-18,10.095
150584,"WhiteOak Capital Mid Cap Fund Direct Plan Growth",2022-10-18,10.217
150404,"BANDHAN MID CAP FUND - GROWTH - DIRECT PLAN",2022-10-19,10.083
150584,"WhiteOak Capital Mid Cap Fund Direct Plan Growth",2022-10-19,10.222
150404,"BANDHAN MID CAP FUND - GROWTH - DIRECT PLAN",2022-10-20,10.051
150584,"WhiteOak Capital Mid Cap Fund Direct Plan Growth",2022-10-20,10.226
150404,"BANDHAN MID CAP FUND - GROWTH - DIRECT PLAN",2022-10-21,10.06
150584,"WhiteOak Capital Mid Cap Fund Direct Plan Growth",2022-10-21,10.16
150404,"BANDHAN MID CAP FUND - GROWTH - DIRECT PLAN",2022-10-25,10.083
150584,"WhiteOak Capital Mid Cap Fund Direct Plan Growth",2022-10-25,10.219
150404,"BANDHAN MID CAP FUND - GROWTH - DIRECT PLAN",2022-10-27,10.089
150584,"WhiteOak Capital Mid Cap Fund Direct Plan Growth",2022-10-27,10.271
150404,"BANDHAN MID CAP FUND - GROWTH - DIRECT PLAN",2022-10-28,10.044
150584,"WhiteOak Capital Mid Cap Fund Direct Plan Growth",2022-10-28,10.179
150404,"BANDHAN MID CAP FUND - GROWTH - DIRECT PLAN",2022-10-31,10.135
150584,"WhiteOak Capital Mid Cap Fund Direct Plan Growth",2022-10-31,10.271
150404,"BANDHAN MID CAP FUND - GROWTH - DIRECT PLAN",2022-11-01,10.173
150584,"WhiteOak Capital Mid Cap Fund Direct Plan Growth",2022-11-01,10.351
150404,"BANDHAN MID CAP FUND - GROWTH - DIRECT PLAN",2022-11-02,10.14
150584,"WhiteOak Capital Mid Cap Fund Direct Plan Growth",2022-11-02,10.385
150404,"BANDHAN MID CAP FUND - GROWTH - DIRECT PLAN",2022-11-03,10.146
150584,"WhiteOak Capital Mid Cap Fund Direct Plan Growth",2022-11-03,10.396
150404,"BANDHAN MID CAP FUND - GROWTH - DIRECT PLAN",2022-11-04,10.116
150584,"WhiteOak Capital Mid Cap Fund Direct Plan Growth",2022-11-04,10.374
150404,"BANDHAN MID CAP FUND - GROWTH - DIRECT PLAN",2022-11-07,10.141
150584,"WhiteOak Capital Mid Cap Fund Direct Plan Growth",2022-11-07,10.389
150404,"BANDHAN MID CAP FUND - GROWTH - DIRECT PLAN",2022-11-09,10.117
150584,"WhiteOak Capital Mid Cap Fund Direct Plan Growth",2022-11-09,10.323
150404,"BANDHAN MID CAP FUND - GROWTH - DIRECT PLAN",2022-11-10,10.049
150584,"WhiteOak Capital Mid Cap Fund Direct Plan Growth",2022-11-10,10.245
150404,"BANDHAN MID CAP FUND - GROWTH - DIRECT PLAN",2022-11-11,10.045
150584,"WhiteOak Capital Mid Cap Fund Direct Plan Growth",2022-11-11,10.244
150404,"BANDHAN MID CAP FUND - GROWTH - DIRECT PLAN",2022-11-14,10.017
150584,"WhiteOak Capital Mid Cap Fund Direct Plan Growth",2022-11-14,10.253
150404,"BANDHAN MID CAP FUND - GROWTH - DIRECT PLAN",2022-11-15,10.015
150584,"WhiteOak Capital Mid Cap Fund Direct Plan Growth",2022-11-15,10.239
150404,"BANDHAN MID CAP FUND - GROWTH - DIRECT PLAN",2022-11-16,9.996
150584,"WhiteOak Capital Mid Cap Fund Direct Plan Growth",2022-11-16,10.204
150404,"BANDHAN MID CAP FUND - GROWTH - DIRECT PLAN",2022-11-17,9.969
150584,"WhiteOak Capital Mid Cap Fund Direct Plan Growth",2022-11-17,10.142
150404,"BANDHAN MID CAP FUND - GROWTH - DIRECT PLAN",2022-11-18,9.905
150584,"WhiteOak Capital Mid Cap Fund Direct Plan Growth",2022-11-18,10.076
150404,"BANDHAN MID CAP FUND - GROWTH - DIRECT PLAN",2022-11-21,9.899
150584,"WhiteOak Capital Mid Cap Fund Direct Plan Growth",2022-11-21,10.067
150404,"BANDHAN MID CAP FUND - GROWTH - DIRECT PLAN",2022-11-22,9.915
150584,"WhiteOak Capital Mid Cap Fund Direct Plan Growth",2022-11-22,10.101
150404,"BANDHAN MID CAP FUND - GROWTH - DIRECT PLAN",2022-11-23,9.937
150584,"WhiteOak Capital Mid Cap Fund Direct Plan Growth",2022-11-23,10.191
150404,"BANDHAN MID CAP FUND - GROWTH - DIRECT PLAN",2022-11-24,9.973
150584,"WhiteOak Capital Mid Cap Fund Direct Plan Growth",2022-11-24,10.278
150404,"BANDHAN MID CAP FUND - GROWTH - DIRECT PLAN",2022-11-25,10.011
150584,"WhiteOak Capital Mid Cap Fund Direct Plan Growth",2022-11-25,10.304
150815,"JM Mid Cap Fund (Direct) - Growth",2022-11-25,10.0402
150404,"BANDHAN MID CAP FUND - GROWTH - DIRECT PLAN",2022-11-28,10.082
150584,"WhiteOak Capital Mid Cap Fund Direct Plan Growth",2022-11-28,10.335
150815,"JM Mid Cap Fund (Direct) - Growth",2022-11-28,10.0858
150404,"BANDHAN MID CAP FUND - GROWTH - DIRECT PLAN",2022-11-29,10.039
150584,"WhiteOak Capital Mid Cap Fund Direct Plan Growth",2022-11-29,10.282
150815,"JM Mid Cap Fund (Direct) - Growth",2022-11-29,10.0287
150404,"BANDHAN MID CAP FUND - GROWTH - DIRECT PLAN",2022-11-30,10.093
150584,"WhiteOak Capital Mid Cap Fund Direct Plan Growth",2022-11-30,10.363
150815,"JM Mid Cap Fund (Direct) - Growth",2022-11-30,10.0807
150404,"BANDHAN MID CAP FUND - GROWTH - DIRECT PLAN",2022-12-01,10.142
150584,"WhiteOak Capital Mid Cap Fund Direct Plan Growth",2022-12-01,10.454
150815,"JM Mid Cap Fund (Direct) - Growth",2022-12-01,10.1459
150404,"BANDHAN MID CAP FUND - GROWTH - DIRECT PLAN",2022-12-02,10.187
150584,"WhiteOak Capital Mid Cap Fund Direct Plan Growth",2022-12-02,10.514
150815,"JM Mid Cap Fund (Direct) - Growth",2022-12-02,10.2059
150404,"BANDHAN MID CAP FUND - GROWTH - DIRECT PLAN",2022-12-05,10.172
150584,"WhiteOak Capital Mid Cap Fund Direct Plan Growth",2022-12-05,10.541
150815,"JM Mid Cap Fund (Direct) - Growth",2022-12-05,10.2277
150404,"BANDHAN MID CAP FUND - GROWTH - DIRECT PLAN",2022-12-06,10.124
150584,"WhiteOak Capital Mid Cap Fund Direct Plan Growth",2022-12-06,10.464
150815,"JM Mid Cap Fund (Direct) - Growth",2022-12-06,10.1854
150817,"Canara Robeco Mid Cap Fund- Direct Plan- Growth Option",2022-12-06,10.01
150404,"BANDHAN MID CAP FUND - GROWTH - DIRECT PLAN",2022-12-07,10.074
150584,"WhiteOak Capital Mid Cap Fund Direct Plan Growth",2022-12-07,10.438
150815,"JM Mid Cap Fund (Direct) - Growth",2022-12-07,10.1561
150817,"Canara Robeco Mid Cap Fund- Direct Plan- Growth Option",2022-12-07,10
150404,"BANDHAN MID CAP FUND - GROWTH - DIRECT PLAN",2022-12-08,10.16
150584,"WhiteOak Capital Mid Cap Fund Direct Plan Growth",2022-12-08,10.46
150815,"JM Mid Cap Fund (Direct) - Growth",2022-12-08,10.2505
150817,"Canara Robeco Mid Cap Fund- Direct Plan- Growth Option",2022-12-08,10.02
150404,"BANDHAN MID CAP FUND - GROWTH - DIRECT PLAN",2022-12-09,10.117
150584,"WhiteOak Capital Mid Cap Fund Direct Plan Growth",2022-12-09,10.406
150815,"JM Mid Cap Fund (Direct) - Growth",2022-12-09,10.2157
150817,"Canara Robeco Mid Cap Fund- Direct Plan- Growth Option",2022-12-09,10
150404,"BANDHAN MID CAP FUND - GROWTH - DIRECT PLAN",2022-12-12,10.097
150584,"WhiteOak Capital Mid Cap Fund Direct Plan Growth",2022-12-12,10.408
150815,"JM Mid Cap Fund (Direct) - Growth",2022-12-12,10.2156
150817,"Canara Robeco Mid Cap Fund- Direct Plan- Growth Option",2022-12-12,10
150404,"BANDHAN MID CAP FUND - GROWTH - DIRECT PLAN",2022-12-13,10.159
150584,"WhiteOak Capital Mid Cap Fund Direct Plan Growth",2022-12-13,10.433
150815,"JM Mid Cap Fund (Direct) - Growth",2022-12-13,10.2579
150817,"Canara Robeco Mid Cap Fund- Direct Plan- Growth Option",2022-12-13,10.02
150404,"BANDHAN MID CAP FUND - GROWTH - DIRECT PLAN",2022-12-14,10.191
150584,"WhiteOak Capital Mid Cap Fund Direct Plan Growth",2022-12-14,10.484
150815,"JM Mid Cap Fund (Direct) - Growth",2022-12-14,10.3123
150817,"Canara Robeco Mid Cap Fund- Direct Plan- Growth Option",2022-12-14,10.03
150404,"BANDHAN MID CAP FUND - GROWTH - DIRECT PLAN",2022-12-15,10.111
150584,"WhiteOak Capital Mid Cap Fund Direct Plan Growth",2022-12-15,10.372
150815,"JM Mid Cap Fund (Direct) - Growth",2022-12-15,10.2335
150817,"Canara Robeco Mid Cap Fund- Direct Plan- Growth Option",2022-12-15,10.01
150404,"BANDHAN MID CAP FUND - GROWTH - DIRECT PLAN",2022-12-16,9.983
150584,"WhiteOak Capital Mid Cap Fund Direct Plan Growth",2022-12-16,10.283
150815,"JM Mid Cap Fund (Direct) - Growth",2022-12-16,10.1102
150817,"Canara Robeco Mid Cap Fund- Direct Plan- Growth Option",2022-12-16,9.96
150404,"BANDHAN MID CAP FUND - GROWTH - DIRECT PLAN",2022-12-19,10.026
150584,"WhiteOak Capital Mid Cap Fund Direct Plan Growth",2022-12-19,10.307
150815,"JM Mid Cap Fund (Direct) - Growth",2022-12-19,10.1688
150817,"Canara Robeco Mid Cap Fund- Direct Plan- Growth Option",2022-12-19,9.99
150404,"BANDHAN MID CAP FUND - GROWTH - DIRECT PLAN",2022-12-20,10.023
150584,"WhiteOak Capital Mid Cap Fund Direct Plan Growth",2022-12-20,10.29
150815,"JM Mid Cap Fund (Direct) - Growth",2022-12-20,10.1522
150817,"Canara Robeco Mid Cap Fund- Direct Plan- Growth Option",2022-12-20,9.98
150404,"BANDHAN MID CAP FUND - GROWTH - DIRECT PLAN",2022-12-21,9.903
150584,"WhiteOak Capital Mid Cap Fund Direct Plan Growth",2022-12-21,10.157
150815,"JM Mid Cap Fund (Direct) - Growth",2022-12-21,9.9695
150817,"Canara Robeco Mid Cap Fund- Direct Plan- Growth Option",2022-12-21,9.9
150404,"BANDHAN MID CAP FUND - GROWTH - DIRECT PLAN",2022-12-22,9.83
150584,"WhiteOak Capital Mid Cap Fund Direct Plan Growth",2022-12-22,10.066
150815,"JM Mid Cap Fund (Direct) - Growth",2022-12-22,9.8922
150817,"Canara Robeco Mid Cap Fund- Direct Plan- Growth Option",2022-12-22,9.86
150404,"BANDHAN MID CAP FUND - GROWTH - DIRECT PLAN",2022-12-23,9.627
150584,"WhiteOak Capital Mid Cap Fund Direct Plan Growth",2022-12-23,9.779
150815,"JM Mid Cap Fund (Direct) - Growth",2022-12-23,9.6077
150817,"Canara Robeco Mid Cap Fund- Direct Plan- Growth Option",2022-12-23,9.68
150404,"BANDHAN MID CAP FUND - GROWTH - DIRECT PLAN",2022-12-26,9.771
150584,"WhiteOak Capital Mid Cap Fund Direct Plan Growth",2022-12-26,9.954
150815,"JM Mid Cap Fund (Direct) - Growth",2022-12-26,9.8411
150817,"Canara Robeco Mid Cap Fund- Direct Plan- Growth Option",2022-12-26,9.82
150404,"BANDHAN MID CAP FUND - GROWTH - DIRECT PLAN",2022-12-27,9.819
150584,"WhiteOak Capital Mid Cap Fund Direct Plan Growth",2022-12-27,10.043
150815,"JM Mid Cap Fund (Direct) - Growth",2022-12-27,9.8845
150817,"Canara Robeco Mid Cap Fund- Direct Plan- Growth Option",2022-12-27,9.85
150404,"BANDHAN MID CAP FUND - GROWTH - DIRECT PLAN",2022-12-28,9.866
150584,"WhiteOak Capital Mid Cap Fund Direct Plan Growth",2022-12-28,10.092
150815,"JM Mid Cap Fund (Direct) - Growth",2022-12-28,9.914
150817,"Canara Robeco Mid Cap Fund- Direct Plan- Growth Option",2022-12-28,9.89
150404,"BANDHAN MID CAP FUND - GROWTH - DIRECT PLAN",2022-12-29,9.9
150584,"WhiteOak Capital Mid Cap Fund Direct Plan Growth",2022-12-29,10.108
150815,"JM Mid Cap Fund (Direct) - Growth",2022-12-29,9.9518
150817,"Canara Robeco Mid Cap Fund- Direct Plan- Growth Option",2022-12-29,9.91
150404,"BANDHAN MID CAP FUND - GROWTH - DIRECT PLAN",2022-12-30,9.905
150584,"WhiteOak Capital Mid Cap Fund Direct Plan Growth",2022-12-30,10.158
150815,"JM Mid Cap Fund (Direct) - Growth",2022-12-30,10.0058
150817,"Canara Robeco Mid Cap Fund- Direct Plan- Growth Option",2022-12-30,9.91
150404,"BANDHAN MID CAP FUND - GROWTH - DIRECT PLAN",2023-01-02,9.927
150584,"WhiteOak Capital Mid Cap Fund Direct Plan Growth",2023-01-02,10.192
150815,"JM Mid Cap Fund (Direct) - Growth",2023-01-02,10.0222
150817,"Canara Robeco Mid Cap Fund- Direct Plan- Growth Option",2023-01-02,9.92
150404,"BANDHAN MID CAP FUND - GROWTH - DIRECT PLAN",2023-01-03,9.931
150584,"WhiteOak Capital Mid Cap Fund Direct Plan Growth",2023-01-03,10.188
150815,"JM Mid Cap Fund (Direct) - Growth",2023-01-03,10.0203
150817,"Canara Robeco Mid Cap Fund- Direct Plan- Growth Option",2023-01-03,9.92
150404,"BANDHAN MID CAP FUND - GROWTH - DIRECT PLAN",2023-01-04,9.881
150584,"WhiteOak Capital Mid Cap Fund Direct Plan Growth",2023-01-04,10.11
150815,"JM Mid Cap Fund (Direct) - Growth",2023-01-04,9.9354
150817,"Canara Robeco Mid Cap Fund- Direct Plan- Growth Option",2023-01-04,9.86
150404,"BANDHAN MID CAP FUND - GROWTH - DIRECT PLAN",2023-01-05,9.899
150584,"WhiteOak Capital Mid Cap Fund Direct Plan Growth",2023-01-05,10.115
150815,"JM Mid Cap Fund (Direct) - Growth",2023-01-05,9.9828
150817,"Canara Robeco Mid Cap Fund- Direct Plan- Growth Option",2023-01-05,9.89
150404,"BANDHAN MID CAP FUND - GROWTH - DIRECT PLAN",2023-01-06,9.839
150584,"WhiteOak Capital Mid Cap Fund Direct Plan Growth",2023-01-06,10.036
150815,"JM Mid Cap Fund (Direct) - Growth",2023-01-06,9.9322
150817,"Canara Robeco Mid Cap Fund- Direct Plan- Growth Option",2023-01-06,9.8
150404,"BANDHAN MID CAP FUND - GROWTH - DIRECT PLAN",2023-01-09,9.922
150584,"WhiteOak Capital Mid Cap Fund Direct Plan Growth",2023-01-09,10.14
150815,"JM Mid Cap Fund (Direct) - Growth",2023-01-09,10.001
150817,"Canara Robeco Mid Cap Fund- Direct Plan- Growth Option",2023-01-09,9.85
150404,"BANDHAN MID CAP FUND - GROWTH - DIRECT PLAN",2023-01-10,9.895
150584,"WhiteOak Capital Mid Cap Fund Direct Plan Growth",2023-01-10,10.083
150815,"JM Mid Cap Fund (Direct) - Growth",2023-01-10,9.9579
150817,"Canara Robeco Mid Cap Fund- Direct Plan- Growth Option",2023-01-10,9.84
150404,"BANDHAN MID CAP FUND - GROWTH - DIRECT PLAN",2023-01-11,9.869
150584,"WhiteOak Capital Mid Cap Fund Direct Plan Growth",2023-01-11,10.074
150815,"JM Mid Cap Fund (Direct) - Growth",2023-01-11,9.9137
150817,"Canara Robeco Mid Cap Fund- Direct Plan- Growth Option",2023-01-11,9.8
150404,"BANDHAN MID CAP FUND - GROWTH - DIRECT PLAN",2023-01-12,9.872
150584,"WhiteOak Capital Mid Cap Fund Direct Plan Growth",2023-01-12,10.095
150815,"JM Mid Cap Fund (Direct) - Growth",2023-01-12,9.8827
150817,"Canara Robeco Mid Cap Fund- Direct Plan- Growth Option",2023-01-12,9.8
150404,"BANDHAN MID CAP FUND - GROWTH - DIRECT PLAN",2023-01-13,9.9
150584,"WhiteOak Capital Mid Cap Fund Direct Plan Growth",2023-01-13,10.12
150815,"JM Mid Cap Fund (Direct) - Growth",2023-01-13,9.9045
150817,"Canara Robeco Mid Cap Fund- Direct Plan- Growth Option",2023-01-13,9.8
150404,"BANDHAN MID CAP FUND - GROWTH - DIRECT PLAN",2023-01-16,9.843
150584,"WhiteOak Capital Mid Cap Fund Direct Plan Growth",2023-01-16,10.085
150815,"JM Mid Cap Fund (Direct) - Growth",2023-01-16,9.8843
150817,"Canara Robeco Mid Cap Fund- Direct Plan- Growth Option",2023-01-16,9.75
150404,"BANDHAN MID CAP FUND - GROWTH - DIRECT PLAN",2023-01-17,9.852
150584,"WhiteOak Capital Mid Cap Fund Direct Plan Growth",2023-01-17,10.07
150815,"JM Mid Cap Fund (Direct) - Growth",2023-01-17,9.8642
150817,"Canara Robeco Mid Cap Fund- Direct Plan- Growth Option",2023-01-17,9.75
150404,"BANDHAN MID CAP FUND - GROWTH - DIRECT PLAN",2023-01-18,9.896
150584,"WhiteOak Capital Mid Cap Fund Direct Plan Growth",2023-01-18,10.091
150815,"JM Mid Cap Fund (Direct) - Growth",2023-01-18,9.9034
150817,"Canara Robeco Mid Cap Fund- Direct Plan- Growth Option",2023-01-18,9.78
150404,"BANDHAN MID CAP FUND - GROWTH - DIRECT PLAN",2023-01-19,9.893
150584,"WhiteOak Capital Mid Cap Fund Direct Plan Growth",2023-01-19,10.124
150815,"JM Mid Cap Fund (Direct) - Growth",2023-01-19,9.9117
150817,"Canara Robeco Mid Cap Fund- Direct Plan- Growth Option",2023-01-19,9.78
150404,"BANDHAN MID CAP FUND - GROWTH - DIRECT PLAN",2023-01-20,9.81
150584,"WhiteOak Capital Mid Cap Fund Direct Plan Growth",2023-01-20,10.08
150815,"JM Mid Cap Fund (Direct) - Growth",2023-01-20,9.8743
150817,"Canara Robeco Mid Cap Fund- Direct Plan- Growth Option",2023-01-20,9.69
150404,"BANDHAN MID CAP FUND - GROWTH - DIRECT PLAN",2023-01-23,9.818
150584,"WhiteOak Capital Mid Cap Fund Direct Plan Growth",2023-01-23,10.112
150815,"JM Mid Cap Fund (Direct) - Growth",2023-01-23,9.8936
150817,"Canara Robeco Mid Cap Fund- Direct Plan- Growth Option",2023-01-23,9.7
150404,"BANDHAN MID CAP FUND - GROWTH - DIRECT PLAN",2023-01-24,9.768
150584,"WhiteOak Capital Mid Cap Fund Direct Plan Growth",2023-01-24,10.045
150815,"JM Mid Cap Fund (Direct) - Growth",2023-01-24,9.8401
150817,"Canara Robeco Mid Cap Fund- Direct Plan- Growth Option",2023-01-24,9.68
150404,"BANDHAN MID CAP FUND - GROWTH - DIRECT PLAN",2023-01-25,9.69
150584,"WhiteOak Capital Mid Cap Fund Direct Plan Growth",2023-01-25,9.943
150815,"JM Mid Cap Fund (Direct) - Growth",2023-01-25,9.7447
150817,"Canara Robeco Mid Cap Fund- Direct Plan- Growth Option",2023-01-25,9.65
150404,"BANDHAN MID CAP FUND - GROWTH - DIRECT PLAN",2023-01-27,9.606
150584,"WhiteOak Capital Mid Cap Fund Direct Plan Growth",2023-01-27,9.774
150815,"JM Mid Cap Fund (Direct) - Growth",2023-01-27,9.5919
150817,"Canara Robeco Mid Cap Fund- Direct Plan- Growth Option",2023-01-27,9.6
150404,"BANDHAN MID CAP FUND - GROWTH - DIRECT PLAN",2023-01-30,9.63
150584,"WhiteOak Capital Mid Cap Fund Direct Plan Growth",2023-01-30,9.779
150815,"JM Mid Cap Fund (Direct) - Growth",2023-01-30,9.6012
150817,"Canara Robeco Mid Cap Fund- Direct Plan- Growth Option",2023-01-30,9.61
150404,"BANDHAN MID CAP FUND - GROWTH - DIRECT PLAN",2023-01-31,9.735
150584,"WhiteOak Capital Mid Cap Fund Direct Plan Growth",2023-01-31,9.915
150815,"JM Mid Cap Fund (Direct) - Growth",2023-01-31,9.7514
150817,"Canara Robeco Mid Cap Fund- Direct Plan- Growth Option",2023-01-31,9.71
150404,"BANDHAN MID CAP FUND - GROWTH - DIRECT PLAN",2023-02-01,9.714
150584,"WhiteOak Capital Mid Cap Fund Direct Plan Growth",2023-02-01,9.896
150815,"JM Mid Cap Fund (Direct) - Growth",2023-02-01,9.6512
150817,"Canara Robeco Mid Cap Fund- Direct Plan- Growth Option",2023-02-01,9.69
150404,"BANDHAN MID CAP FUND - GROWTH - DIRECT PLAN",2023-02-02,9.742
150584,"WhiteOak Capital Mid Cap Fund Direct Plan Growth",2023-02-02,9.952
150815,"JM Mid Cap Fund (Direct) - Growth",2023-02-02,9.6899
150817,"Canara Robeco Mid Cap Fund- Direct Plan- Growth Option",2023-02-02,9.71
150404,"BANDHAN MID CAP FUND - GROWTH - DIRECT PLAN",2023-02-03,9.789
150584,"WhiteOak Capital Mid Cap Fund Direct Plan Growth",2023-02-03,9.96
150815,"JM Mid Cap Fund (Direct) - Growth",2023-02-03,9.6644
150817,"Canara Robeco Mid Cap Fund- Direct Plan- Growth Option",2023-02-03,9.72
150404,"BANDHAN MID CAP FUND - GROWTH - DIRECT PLAN",2023-02-06,9.855
150584,"WhiteOak Capital Mid Cap Fund Direct Plan Growth",2023-02-06,10.019
150815,"JM Mid Cap Fund (Direct) - Growth",2023-02-06,9.7579
150817,"Canara Robeco Mid Cap Fund- Direct Plan- Growth Option",2023-02-06,9.75
150404,"BANDHAN MID CAP FUND - GROWTH - DIRECT PLAN",2023-02-07,9.856
150584,"WhiteOak Capital Mid Cap Fund Direct Plan Growth",2023-02-07,10.049
150815,"JM Mid Cap Fund (Direct) - Growth",2023-02-07,9.7679
150817,"Canara Robeco Mid Cap Fund- Direct Plan- Growth Option",2023-02-07,9.72
150404,"BANDHAN MID CAP FUND - GROWTH - DIRECT PLAN",2023-02-08,9.91
150584,"WhiteOak Capital Mid Cap Fund Direct Plan Growth",2023-02-08,10.101
150815,"JM Mid Cap Fund (Direct) - Growth",2023-02-08,9.9077
150817,"Canara Robeco Mid Cap Fund- Direct Plan- Growth Option",2023-02-08,9.77
150404,"BANDHAN MID CAP FUND - GROWTH - DIRECT PLAN",2023-02-09,9.973
150584,"WhiteOak Capital Mid Cap Fund Direct Plan Growth",2023-02-09,10.083
150815,"JM Mid Cap Fund (Direct) - Growth",2023-02-09,9.9852
150817,"Canara Robeco Mid Cap Fund- Direct Plan- Growth Option",2023-02-09,9.8
150404,"BANDHAN MID CAP FUND - GROWTH - DIRECT PLAN",2023-02-10,10.017
150584,"WhiteOak Capital Mid Cap Fund Direct Plan Growth",2023-02-10,10.12
150815,"JM Mid Cap Fund (Direct) - Growth",2023-02-10,10.0341
150817,"Canara Robeco Mid Cap Fund- Direct Plan- Growth Option",2023-02-10,9.82
150404,"BANDHAN MID CAP FUND - GROWTH - DIRECT PLAN",2023-02-13,9.927
150584,"WhiteOak Capital Mid Cap Fund Direct Plan Growth",2023-02-13,9.974
150815,"JM Mid Cap Fund (Direct) - Growth",2023-02-13,9.9171
150817,"Canara Robeco Mid Cap Fund- Direct Plan- Growth Option",2023-02-13,9.75
150404,"BANDHAN MID CAP FUND - GROWTH - DIRECT PLAN",2023-02-14,9.92
150584,"WhiteOak Capital Mid Cap Fund Direct Plan Growth",2023-02-14,9.906
150815,"JM Mid Cap Fund (Direct) - Growth",2023-02-14,9.8544
150817,"Canara Robeco Mid Cap Fund- Direct Plan- Growth Option",2023-02-14,9.72
150404,"BANDHAN MID CAP FUND - GROWTH - DIRECT PLAN",2023-02-15,9.954
150584,"WhiteOak Capital Mid Cap Fund Direct Plan Growth",2023-02-15,9.901
150815,"JM Mid Cap Fund (Direct) - Growth",2023-02-15,9.9265
150817,"Canara Robeco Mid Cap Fund- Direct Plan- Growth Option",2023-02-15,9.76
150404,"BANDHAN MID CAP FUND - GROWTH - DIRECT PLAN",2023-02-16,10.069
150584,"WhiteOak Capital Mid Cap Fund Direct Plan Growth",2023-02-16,9.978
150815,"JM Mid Cap Fund (Direct) - Growth",2023-02-16,10.0231
150817,"Canara Robeco Mid Cap Fund- Direct Plan- Growth Option",2023-02-16,9.88
150404,"BANDHAN MID CAP FUND - GROWTH - DIRECT PLAN",2023-02-17,10.008
150584,"WhiteOak Capital Mid Cap Fund Direct Plan Growth",2023-02-17,9.904
150815,"JM Mid Cap Fund (Direct) - Growth",2023-02-17,10.0051
150817,"Canara Robeco Mid Cap Fund- Direct Plan- Growth Option",2023-02-17,9.85
150404,"BANDHAN MID CAP FUND - GROWTH - DIRECT PLAN",2023-02-20,9.991
150584,"WhiteOak Capital Mid Cap Fund Direct Plan Growth",2023-02-20,9.93
150815,"JM Mid Cap Fund (Direct) - Growth",2023-02-20,10.0711
150817,"Canara Robeco Mid Cap Fund- Direct Plan- Growth Option",2023-02-20,9.86
150404,"BANDHAN MID CAP FUND - GROWTH - DIRECT PLAN",2023-02-21,9.957
150584,"WhiteOak Capital Mid Cap Fund Direct Plan Growth",2023-02-21,9.896
150815,"JM Mid Cap Fund (Direct) - Growth",2023-02-21,10.0425
150817,"Canara Robeco Mid Cap Fund- Direct Plan- Growth Option",2023-02-21,9.84
150404,"BANDHAN MID CAP FUND - GROWTH - DIRECT PLAN",2023-02-22,9.872
150584,"WhiteOak Capital Mid Cap Fund Direct Plan Growth",2023-02-22,9.842
150815,"JM Mid Cap Fund (Direct) - Growth",2023-02-22,9.9626
150817,"Canara Robeco Mid Cap Fund- Direct Plan- Growth Option",2023-02-22,9.75
150404,"BANDHAN MID CAP FUND - GROWTH - DIRECT PLAN",2023-02-23,9.874
150584,"WhiteOak Capital Mid Cap Fund Direct Plan Growth",2023-02-23,9.823
150815,"JM Mid Cap Fund (Direct) - Growth",2023-02-23,9.9769
150817,"Canara Robeco Mid Cap Fund- Direct Plan- Growth Option",2023-02-23,9.75
150404,"BANDHAN MID CAP FUND - GROWTH - DIRECT PLAN",2023-02-24,9.815
150584,"WhiteOak Capital Mid Cap Fund Direct Plan Growth",2023-02-24,9.804
150815,"JM Mid Cap Fund (Direct) - Growth",2023-02-24,9.953
150817,"Canara Robeco Mid Cap Fund- Direct Plan- Growth Option",2023-02-24,9.72
150404,"BANDHAN MID CAP FUND - GROWTH - DIRECT PLAN",2023-02-27,9.785
150584,"WhiteOak Capital Mid Cap Fund Direct Plan Growth",2023-02-27,9.723
150815,"JM Mid Cap Fund (Direct) - Growth",2023-02-27,9.8951
150817,"Canara Robeco Mid Cap Fund- Direct Plan- Growth Option",2023-02-27,9.63
150404,"BANDHAN MID CAP FUND - GROWTH - DIRECT PLAN",2023-02-28,9.778
150584,"WhiteOak Capital Mid Cap Fund Direct Plan Growth",2023-02-28,9.757
150815,"JM Mid Cap Fund (Direct) - Growth",2023-02-28,9.9093
150817,"Canara Robeco Mid Cap Fund- Direct Plan- Growth Option",2023-02-28,9.64
150404,"BANDHAN MID CAP FUND - GROWTH - DIRECT PLAN",2023-03-01,9.876
150584,"WhiteOak Capital Mid Cap Fund Direct Plan Growth",2023-03-01,9.86
150815,"JM Mid Cap Fund (Direct) - Growth",2023-03-01,10.052
150817,"Canara Robeco Mid Cap Fund- Direct Plan- Growth Option",2023-03-01,9.75
150404,"BANDHAN MID CAP FUND - GROWTH - DIRECT PLAN",2023-03-02,9.831
150584,"WhiteOak Capital Mid Cap Fund Direct Plan Growth",2023-03-02,9.822
150815,"JM Mid Cap Fund (Direct) - Growth",2023-03-02,10.0568
150817,"Canara Robeco Mid Cap Fund- Direct Plan- Growth Option",2023-03-02,9.72
150404,"BANDHAN MID CAP FUND - GROWTH - DIRECT PLAN",2023-03-03,9.866
150584,"WhiteOak Capital Mid Cap Fund Direct Plan Growth",2023-03-03,9.872
150815,"JM Mid Cap Fund (Direct) - Growth",2023-03-03,10.1247
150817,"Canara Robeco Mid Cap Fund- Direct Plan- Growth Option",2023-03-03,9.75
150404,"BANDHAN MID CAP FUND - GROWTH - DIRECT PLAN",2023-03-06,9.922
150584,"WhiteOak Capital Mid Cap Fund Direct Plan Growth",2023-03-06,9.91
150815,"JM Mid Cap Fund (Direct) - Growth",2023-03-06,10.211
150817,"Canara Robeco Mid Cap Fund- Direct Plan- Growth Option",2023-03-06,9.78
150404,"BANDHAN MID CAP FUND - GROWTH - DIRECT PLAN",2023-03-08,9.953
150584,"WhiteOak Capital Mid Cap Fund Direct Plan Growth",2023-03-08,9.893
150815,"JM Mid Cap Fund (Direct) - Growth",2023-03-08,10.2764
150817,"Canara Robeco Mid Cap Fund- Direct Plan- Growth Option",2023-03-08,9.82
150404,"BANDHAN MID CAP FUND - GROWTH - DIRECT PLAN",2023-03-09,9.892
150584,"WhiteOak Capital Mid Cap Fund Direct Plan Growth",2023-03-09,9.835
150815,"JM Mid Cap Fund (Direct) - Growth",2023-03-09,10.2315
150817,"Canara Robeco Mid Cap Fund- Direct Plan- Growth Option",2023-03-09,9.79
150404,"BANDHAN MID CAP FUND - GROWTH - DIRECT PLAN",2023-03-10,9.812
150584,"WhiteOak Capital Mid Cap Fund Direct Plan Growth",2023-03-10,9.799
150815,"JM Mid Cap Fund (Direct) - Growth",2023-03-10,10.1327
150817,"Canara Robeco Mid Cap Fund- Direct Plan- Growth Option",2023-03-10,9.73
150404,"BANDHAN MID CAP FUND - GROWTH - DIRECT PLAN",2023-03-13,9.65
150584,"WhiteOak Capital Mid Cap Fund Direct Plan Growth",2023-03-13,9.658
150815,"JM Mid Cap Fund (Direct) - Growth",2023-03-13,9.9428
150817,"Canara Robeco Mid Cap Fund- Direct Plan- Growth Option",2023-03-13,9.59
150404,"BANDHAN MID CAP FUND - GROWTH - DIRECT PLAN",2023-03-14,9.61
150584,"WhiteOak Capital Mid Cap Fund Direct Plan Growth",2023-03-14,9.588
150815,"JM Mid Cap Fund (Direct) - Growth",2023-03-14,9.8656
150817,"Canara Robeco Mid Cap Fund- Direct Plan- Growth Option",2023-03-14,9.52
150404,"BANDHAN MID CAP FUND - GROWTH - DIRECT PLAN",2023-03-15,9.595
150584,"WhiteOak Capital Mid Cap Fund Direct Plan Growth",2023-03-15,9.566
150815,"JM Mid Cap Fund (Direct) - Growth",2023-03-15,9.8551
150817,"Canara Robeco Mid Cap Fund- Direct Plan- Growth Option",2023-03-15,9.5
150404,"BANDHAN MID CAP FUND - GROWTH - DIRECT PLAN",2023-03-16,9.588
150584,"WhiteOak Capital Mid Cap Fund Direct Plan Growth",2023-03-16,9.549
150815,"JM Mid Cap Fund (Direct) - Growth",2023-03-16,9.8424
150817,"Canara Robeco Mid Cap Fund- Direct Plan- Growth Option",2023-03-16,9.5
150404,"BANDHAN MID CAP FUND - GROWTH - DIRECT PLAN",2023-03-17,9.635
150584,"WhiteOak Capital Mid Cap Fund Direct Plan Growth",2023-03-17,9.595
150815,"JM Mid Cap Fund (Direct) - Growth",2023-03-17,9.8849
150817,"Canara Robeco Mid Cap Fund- Direct Plan- Growth Option",2023-03-17,9.54
150404,"BANDHAN MID CAP FUND - GROWTH - DIRECT PLAN",2023-03-20,9.564
150584,"WhiteOak Capital Mid Cap Fund Direct Plan Growth",2023-03-20,9.532
150815,"JM Mid Cap Fund (Direct) - Growth",2023-03-20,9.7943
150817,"Canara Robeco Mid Cap Fund- Direct Plan- Growth Option",2023-03-20,9.48
150404,"BANDHAN MID CAP FUND - GROWTH - DIRECT PLAN",2023-03-21,9.587
150584,"WhiteOak Capital Mid Cap Fund Direct Plan Growth",2023-03-21,9.591
150815,"JM Mid Cap Fund (Direct) - Growth",2023-03-21,9.821
150817,"Canara Robeco Mid Cap Fund- Direct Plan- Growth Option",2023-03-21,9.5
150404,"BANDHAN MID CAP FUND - GROWTH - DIRECT PLAN",2023-03-22,9.613
150584,"WhiteOak Capital Mid Cap Fund Direct Plan Growth",2023-03-22,9.613
150815,"JM Mid Cap Fund (Direct) - Growth",2023-03-22,9.8794
150817,"Canara Robeco Mid Cap Fund- Direct Plan- Growth Option",2023-03-22,9.56
150404,"BANDHAN MID CAP FUND - GROWTH - DIRECT PLAN",2023-03-23,9.607
150584,"WhiteOak Capital Mid Cap Fund Direct Plan Growth",2023-03-23,9.586
150815,"JM Mid Cap Fund (Direct) - Growth",2023-03-23,9.8227
150817,"Canara Robeco Mid Cap Fund- Direct Plan- Growth Option",2023-03-23,9.53
150404,"BANDHAN MID CAP FUND - GROWTH - DIRECT PLAN",2023-03-24,9.527
150584,"WhiteOak Capital Mid Cap Fund Direct Plan Growth",2023-03-24,9.472
150815,"JM Mid Cap Fund (Direct) - Growth",2023-03-24,9.7128
150817,"Canara Robeco Mid Cap Fund- Direct Plan- Growth Option",2023-03-24,9.45
150404,"BANDHAN MID CAP FUND - GROWTH - DIRECT PLAN",2023-03-27,9.483
150584,"WhiteOak Capital Mid Cap Fund Direct Plan Growth",2023-03-27,9.435
150815,"JM Mid Cap Fund (Direct) - Growth",2023-03-27,9.6693
150817,"Canara Robeco Mid Cap Fund- Direct Plan- Growth Option",2023-03-27,9.45
150404,"BANDHAN MID CAP FUND - GROWTH - DIRECT PLAN",2023-03-28,9.477
150584,"WhiteOak Capital Mid Cap Fund Direct Plan Growth",2023-03-28,9.434
150815,"JM Mid Cap Fund (Direct) - Growth",2023-03-28,9.6577
150817,"Canara Robeco Mid Cap Fund- Direct Plan- Growth Option",2023-03-28,9.44
150404,"BANDHAN MID CAP FUND - GROWTH - DIRECT PLAN",2023-03-29,9.614
150584,"WhiteOak Capital Mid Cap Fund Direct Plan Growth",2023-03-29,9.586
150815,"JM Mid Cap Fund (Direct) - Growth",2023-03-29,9.7968
150817,"Canara Robeco Mid Cap Fund- Direct Plan- Growth Option",2023-03-29,9.59
150404,"BANDHAN MID CAP FUND - GROWTH - DIRECT PLAN",2023-03-31,9.739
150584,"WhiteOak Capital Mid Cap Fund Direct Plan Growth",2023-03-31,9.695
150815,"JM Mid Cap Fund (Direct) - Growth",2023-03-31,9.8463
150817,"Canara Robeco Mid Cap Fund- Direct Plan- Growth Option",2023-03-31,9.72
150404,"BANDHAN MID CAP FUND - GROWTH - DIRECT PLAN",2023-04-03,9.737
150584,"WhiteOak Capital Mid Cap Fund Direct Plan Growth",2023-04-03,9.74
150815,"JM Mid Cap Fund (Direct) - Growth",2023-04-03,9.8717
150817,"Canara Robeco Mid Cap Fund- Direct Plan- Growth Option",2023-04-03,9.73
150404,"BANDHAN MID CAP FUND - GROWTH - DIRECT PLAN",2023-04-05,9.748
150584,"WhiteOak Capital Mid Cap Fund Direct Plan Growth",2023-04-05,9.776
150815,"JM Mid Cap Fund (Direct) - Growth",2023-04-05,9.8696
150817,"Canara Robeco Mid Cap Fund- Direct Plan- Growth Option",2023-04-05,9.74
150404,"BANDHAN MID CAP FUND - GROWTH - DIRECT PLAN",2023-04-06,9.804
150584,"WhiteOak Capital Mid Cap Fund Direct Plan Growth",2023-04-06,9.817
150815,"JM Mid Cap Fund (Direct) - Growth",2023-04-06,9.9521
150817,"Canara Robeco Mid Cap Fund- Direct Plan- Growth Option",2023-04-06,9.76
150404,"BANDHAN MID CAP FUND - GROWTH - DIRECT PLAN",2023-04-10,9.841
150584,"WhiteOak Capital Mid Cap Fund Direct Plan Growth",2023-04-10,9.834
150815,"JM Mid Cap Fund (Direct) - Growth",2023-04-10,9.9888
150817,"Canara Robeco Mid Cap Fund- Direct Plan- Growth Option",2023-04-10,9.82
150404,"BANDHAN MID CAP FUND - GROWTH - DIRECT PLAN",2023-04-11,9.904
150584,"WhiteOak Capital Mid Cap Fund Direct Plan Growth",2023-04-11,9.887
150815,"JM Mid Cap Fund (Direct) - Growth",2023-04-11,10.048
150817,"Canara Robeco Mid Cap Fund- Direct Plan- Growth Option",2023-04-11,9.88
150404,"BANDHAN MID CAP FUND - GROWTH - DIRECT PLAN",2023-04-12,9.952
150584,"WhiteOak Capital Mid Cap Fund Direct Plan Growth",2023-04-12,9.95
150815,"JM Mid Cap Fund (Direct) - Growth",2023-04-12,10.0778
150817,"Canara Robeco Mid Cap Fund- Direct Plan- Growth Option",2023-04-12,9.91
150404,"BANDHAN MID CAP FUND - GROWTH - DIRECT PLAN",2023-04-13,9.964
150584,"WhiteOak Capital Mid Cap Fund Direct Plan Growth",2023-04-13,9.972
150815,"JM Mid Cap Fund (Direct) - Growth",2023-04-13,10.0905
150817,"Canara Robeco Mid Cap Fund- Direct Plan- Growth Option",2023-04-13,9.92
150404,"BANDHAN MID CAP FUND - GROWTH - DIRECT PLAN",2023-04-17,9.945
150584,"WhiteOak Capital Mid Cap Fund Direct Plan Growth",2023-04-17,9.985
150815,"JM Mid Cap Fund (Direct) - Growth",2023-04-17,10.1222
150817,"Canara Robeco Mid Cap Fund- Direct Plan- Growth Option",2023-04-17,9.95
150404,"BANDHAN MID CAP FUND - GROWTH - DIRECT PLAN",2023-04-18,9.929
150584,"WhiteOak Capital Mid Cap Fund Direct Plan Growth",2023-04-18,10.014
150815,"JM Mid Cap Fund (Direct) - Growth",2023-04-18,10.1439
150817,"Canara Robeco Mid Cap Fund- Direct Plan- Growth Option",2023-04-18,9.97
150404,"BANDHAN MID CAP FUND - GROWTH - DIRECT PLAN",2023-04-19,9.903
150584,"WhiteOak Capital Mid Cap Fund Direct Plan Growth",2023-04-19,9.976
150815,"JM Mid Cap Fund (Direct) - Growth",2023-04-19,10.1235
150817,"Canara Robeco Mid Cap Fund- Direct Plan- Growth Option",2023-04-19,9.95
150404,"BANDHAN MID CAP FUND - GROWTH - DIRECT PLAN",2023-04-20,9.935
150584,"WhiteOak Capital Mid Cap Fund Direct Plan Growth",2023-04-20,10
150815,"JM Mid Cap Fund (Direct) - Growth",2023-04-20,10.1146
150817,"Canara Robeco Mid Cap Fund- Direct Plan- Growth Option",2023-04-20,9.91
150404,"BANDHAN MID CAP FUND - GROWTH - DIRECT PLAN",2023-04-21,9.91
150584,"WhiteOak Capital Mid Cap Fund Direct Plan Growth",2023-04-21,9.964
150815,"JM Mid Cap Fund (Direct) - Growth",2023-04-21,10.0638
150817,"Canara Robeco Mid Cap Fund- Direct Plan- Growth Option",2023-04-21,9.86
150404,"BANDHAN MID CAP FUND - GROWTH - DIRECT PLAN",2023-04-24,9.936
150584,"WhiteOak Capital Mid Cap Fund Direct Plan Growth",2023-04-24,9.987
150815,"JM Mid Cap Fund (Direct) - Growth",2023-04-24,10.1187
150817,"Canara Robeco Mid Cap Fund- Direct Plan- Growth Option",2023-04-24,9.87
150404,"BANDHAN MID CAP FUND - GROWTH - DIRECT PLAN",2023-04-25,9.934
150584,"WhiteOak Capital Mid Cap Fund Direct Plan Growth",2023-04-25,9.961
150815,"JM Mid Cap Fund (Direct) - Growth",2023-04-25,10.0778
150817,"Canara Robeco Mid Cap Fund- Direct Plan- Growth Option",2023-04-25,9.87
150404,"BANDHAN MID CAP FUND - GROWTH - DIRECT PLAN",2023-04-26,9.943
150584,"WhiteOak Capital Mid Cap Fund Direct Plan Growth",2023-04-26,9.976
150815,"JM Mid Cap Fund (Direct) - Growth",2023-04-26,10.0691
150817,"Canara Robeco Mid Cap Fund- Direct Plan- Growth Option",2023-04-26,9.9
150404,"BANDHAN MID CAP FUND - GROWTH - DIRECT PLAN",2023-04-27,10.001
150584,"WhiteOak Capital Mid Cap Fund Direct Plan Growth",2023-04-27,10.045
150815,"JM Mid Cap Fund (Direct) - Growth",2023-04-27,10.1093
150817,"Canara Robeco Mid Cap Fund- Direct Plan- Growth Option",2023-04-27,9.95
150404,"BANDHAN MID CAP FUND - GROWTH - DIRECT PLAN",2023-04-28,10.058
150584,"WhiteOak Capital Mid Cap Fund Direct Plan Growth",2023-04-28,10.173
150815,"JM Mid Cap Fund (Direct) - Growth",2023-04-28,10.1995
150817,"Canara Robeco Mid Cap Fund- Direct Plan- Growth Option",2023-04-28,10.06
150404,"BANDHAN MID CAP FUND - GROWTH - DIRECT PLAN",2023-05-02,10.124
150584,"WhiteOak Capital Mid Cap Fund Direct Plan Growth",2023-05-02,10.227
150815,"JM Mid Cap Fund (Direct) - Growth",2023-05-02,10.3028
150817,"Canara Robeco Mid Cap Fund- Direct Plan- Growth Option",2023-05-02,10.1
150404,"BANDHAN MID CAP FUND - GROWTH - DIRECT PLAN",2023-05-03,10.117
150584,"WhiteOak Capital Mid Cap Fund Direct Plan Growth",2023-05-03,10.249
150815,"JM Mid Cap Fund (Direct) - Growth",2023-05-03,10.311
150817,"Canara Robeco Mid Cap Fund- Direct Plan- Growth Option",2023-05-03,10.13
150404,"BANDHAN MID CAP FUND - GROWTH - DIRECT PLAN",2023-05-04,10.206
150584,"WhiteOak Capital Mid Cap Fund Direct Plan Growth",2023-05-04,10.342
150815,"JM Mid Cap Fund (Direct) - Growth",2023-05-04,10.4424
150817,"Canara Robeco Mid Cap Fund- Direct Plan- Growth Option",2023-05-04,10.16
150404,"BANDHAN MID CAP FUND - GROWTH - DIRECT PLAN",2023-05-05,10.157
150584,"WhiteOak Capital Mid Cap Fund Direct Plan Growth",2023-05-05,10.287
150815,"JM Mid Cap Fund (Direct) - Growth",2023-05-05,10.3526
150817,"Canara Robeco Mid Cap Fund- Direct Plan- Growth Option",2023-05-05,10.1
150404,"BANDHAN MID CAP FUND - GROWTH - DIRECT PLAN",2023-05-08,10.242
150584,"WhiteOak Capital Mid Cap Fund Direct Plan Growth",2023-05-08,10.334
150815,"JM Mid Cap Fund (Direct) - Growth",2023-05-08,10.4356
150817,"Canara Robeco Mid Cap Fund- Direct Plan- Growth Option",2023-05-08,10.17
150404,"BANDHAN MID CAP FUND - GROWTH - DIRECT PLAN",2023-05-09,10.274
150584,"WhiteOak Capital Mid Cap Fund Direct Plan Growth",2023-05-09,10.314
150815,"JM Mid Cap Fund (Direct) - Growth",2023-05-09,10.4023
150817,"Canara Robeco Mid Cap Fund- Direct Plan- Growth Option",2023-05-09,10.14
150404,"BANDHAN MID CAP FUND - GROWTH - DIRECT PLAN",2023-05-10,10.279
150584,"WhiteOak Capital Mid Cap Fund Direct Plan Growth",2023-05-10,10.327
150815,"JM Mid Cap Fund (Direct) - Growth",2023-05-10,10.4678
150817,"Canara Robeco Mid Cap Fund- Direct Plan- Growth Option",2023-05-10,10.13
150404,"BANDHAN MID CAP FUND - GROWTH - DIRECT PLAN",2023-05-11,10.302
150584,"WhiteOak Capital Mid Cap Fund Direct Plan Growth",2023-05-11,10.362
150815,"JM Mid Cap Fund (Direct) - Growth",2023-05-11,10.4997
150817,"Canara Robeco Mid Cap Fund- Direct Plan- Growth Option",2023-05-11,10.15
150404,"BANDHAN MID CAP FUND - GROWTH - DIRECT PLAN",2023-05-12,10.312
150584,"WhiteOak Capital Mid Cap Fund Direct Plan Growth",2023-05-12,10.38
150815,"JM Mid Cap Fund (Direct) - Growth",2023-05-12,10.4525
150817,"Canara Robeco Mid Cap Fund- Direct Plan- Growth Option",2023-05-12,10.21
150404,"BANDHAN MID CAP FUND - GROWTH - DIRECT PLAN",2023-05-15,10.34
150584,"WhiteOak Capital Mid Cap Fund Direct Plan Growth",2023-05-15,10.433
150815,"JM Mid Cap Fund (Direct) - Growth",2023-05-15,10.5205
150817,"Canara Robeco Mid Cap Fund- Direct Plan- Growth Option",2023-05-15,10.26
150404,"BANDHAN MID CAP FUND - GROWTH - DIRECT PLAN",2023-05-16,10.366
150584,"WhiteOak Capital Mid Cap Fund Direct Plan Growth",2023-05-16,10.48
150815,"JM Mid Cap Fund (Direct) - Growth",2023-05-16,10.5289
150817,"Canara Robeco Mid Cap Fund- Direct Plan- Growth Option",2023-05-16,10.27
150404,"BANDHAN MID CAP FUND - GROWTH - DIRECT PLAN",2023-05-17,10.388
150584,"WhiteOak Capital Mid Cap Fund Direct Plan Growth",2023-05-17,10.535
150815,"JM Mid Cap Fund (Direct) - Growth",2023-05-17,10.5778
150817,"Canara Robeco Mid Cap Fund- Direct Plan- Growth Option",2023-05-17,10.27
150404,"BANDHAN MID CAP FUND - GROWTH - DIRECT PLAN",2023-05-18,10.329
150584,"WhiteOak Capital Mid Cap Fund Direct Plan Growth",2023-05-18,10.493
150815,"JM Mid Cap Fund (Direct) - Growth",2023-05-18,10.525
150817,"Canara Robeco Mid Cap Fund- Direct Plan- Growth Option",2023-05-18,10.25
150404,"BANDHAN MID CAP FUND - GROWTH - DIRECT PLAN",2023-05-19,10.329
150584,"WhiteOak Capital Mid Cap Fund Direct Plan Growth",2023-05-19,10.494
150815,"JM Mid Cap Fund (Direct) - Growth",2023-05-19,10.5231
150817,"Canara Robeco Mid Cap Fund- Direct Plan- Growth Option",2023-05-19,10.24
150404,"BANDHAN MID CAP FUND - GROWTH - DIRECT PLAN",2023-05-22,10.383
150584,"WhiteOak Capital Mid Cap Fund Direct Plan Growth",2023-05-22,10.615
150815,"JM Mid Cap Fund (Direct) - Growth",2023-05-22,10.6156
150817,"Canara Robeco Mid Cap Fund- Direct Plan- Growth Option",2023-05-22,10.28
150404,"BANDHAN MID CAP FUND - GROWTH - DIRECT PLAN",2023-05-23,10.407
150584,"WhiteOak Capital Mid Cap Fund Direct Plan Growth",2023-05-23,10.62
150815,"JM Mid Cap Fund (Direct) - Growth",2023-05-23,10.6106
150817,"Canara Robeco Mid Cap Fund- Direct Plan- Growth Option",2023-05-23,10.28
150404,"BANDHAN MID CAP FUND - GROWTH - DIRECT PLAN",2023-05-24,10.413
150584,"WhiteOak Capital Mid Cap Fund Direct Plan Growth",2023-05-24,10.649
150815,"JM Mid Cap Fund (Direct) - Growth",2023-05-24,10.6326
150817,"Canara Robeco Mid Cap Fund- Direct Plan- Growth Option",2023-05-24,10.29
150404,"BANDHAN MID CAP FUND - GROWTH - DIRECT PLAN",2023-05-25,10.476
150584,"WhiteOak Capital Mid Cap Fund Direct Plan Growth",2023-05-25,10.714
150815,"JM Mid Cap Fund (Direct) - Growth",2023-05-25,10.6825
150817,"Canara Robeco Mid Cap Fund- Direct Plan- Growth Option",2023-05-25,10.32
150404,"BANDHAN MID CAP FUND - GROWTH - DIRECT PLAN",2023-05-26,10.558
150584,"WhiteOak Capital Mid Cap Fund Direct Plan Growth",2023-05-26,10.8
150815,"JM Mid Cap Fund (Direct) - Growth",2023-05-26,10.7614
150817,"Canara Robeco Mid Cap Fund- Direct Plan- Growth Option",2023-05-26,10.36
150404,"BANDHAN MID CAP FUND - GROWTH - DIRECT PLAN",2023-05-29,10.601
150584,"WhiteOak Capital Mid Cap Fund Direct Plan Growth",2023-05-29,10.817
150815,"JM Mid Cap Fund (Direct) - Growth",2023-05-29,10.7833
150817,"Canara Robeco Mid Cap Fund- Direct Plan- Growth Option",2023-05-29,10.41
150404,"BANDHAN MID CAP FUND - GROWTH - DIRECT PLAN",2023-05-30,10.645
150584,"WhiteOak Capital Mid Cap Fund Direct Plan Growth",2023-05-30,10.87
150815,"JM Mid Cap Fund (Direct) - Growth",2023-05-30,10.8595
150817,"Canara Robeco Mid Cap Fund- Direct Plan- Growth Option",2023-05-30,10.45
150404,"BANDHAN MID CAP FUND - GROWTH - DIRECT PLAN",2023-05-31,10.696
150584,"WhiteOak Capital Mid Cap Fund Direct Plan Growth",2023-05-31,10.941
150815,"JM Mid Cap Fund (Direct) - Growth",2023-05-31,10.9489
150817,"Canara Robeco Mid Cap Fund- Direct Plan- Growth Option",2023-05-31,10.5
150404,"BANDHAN MID CAP FUND - GROWTH - DIRECT PLAN",2023-06-01,10.709
150584,"WhiteOak Capital Mid Cap Fund Direct Plan Growth",2023-06-01,10.949
150815,"JM Mid Cap Fund (Direct) - Growth",2023-06-01,10.9864
150817,"Canara Robeco Mid Cap Fund- Direct Plan- Growth Option",2023-06-01,10.49
150404,"BANDHAN MID CAP FUND - GROWTH - DIRECT PLAN",2023-06-02,10.782
150584,"WhiteOak Capital Mid Cap Fund Direct Plan Growth",2023-06-02,11.008
150815,"JM Mid Cap Fund (Direct) - Growth",2023-06-02,11.0402
150817,"Canara Robeco Mid Cap Fund- Direct Plan- Growth Option",2023-06-02,10.56
150404,"BANDHAN MID CAP FUND - GROWTH - DIRECT PLAN",2023-06-05,10.845
150584,"WhiteOak Capital Mid Cap Fund Direct Plan Growth",2023-06-05,11.046
150815,"JM Mid Cap Fund (Direct) - Growth",2023-06-05,11.0677
150817,"Canara Robeco Mid Cap Fund- Direct Plan- Growth Option",2023-06-05,10.6
150404,"BANDHAN MID CAP FUND - GROWTH - DIRECT PLAN",2023-06-06,10.869
150584,"WhiteOak Capital Mid Cap Fund Direct Plan Growth",2023-06-06,11.042
150815,"JM Mid Cap Fund (Direct) - Growth",2023-06-06,11.0749
150817,"Canara Robeco Mid Cap Fund- Direct Plan- Growth Option",2023-06-06,10.63
150404,"BANDHAN MID CAP FUND - GROWTH - DIRECT PLAN",2023-06-07,10.95
150584,"WhiteOak Capital Mid Cap Fund Direct Plan Growth",2023-06-07,11.135
150815,"JM Mid Cap Fund (Direct) - Growth",2023-06-07,11.1519
150817,"Canara Robeco Mid Cap Fund- Direct Plan- Growth Option",2023-06-07,10.73
150404,"BANDHAN MID CAP FUND - GROWTH - DIRECT PLAN",2023-06-08,10.861
150584,"WhiteOak Capital Mid Cap Fund Direct Plan Growth",2023-06-08,11.062
150815,"JM Mid Cap Fund (Direct) - Growth",2023-06-08,11.0806
150817,"Canara Robeco Mid Cap Fund- Direct Plan- Growth Option",2023-06-08,10.68
150404,"BANDHAN MID CAP FUND - GROWTH - DIRECT PLAN",2023-06-09,10.868
150584,"WhiteOak Capital Mid Cap Fund Direct Plan Growth",2023-06-09,11.063
150815,"JM Mid Cap Fund (Direct) - Growth",2023-06-09,11.0647
150817,"Canara Robeco Mid Cap Fund- Direct Plan- Growth Option",2023-06-09,10.69
150404,"BANDHAN MID CAP FUND - GROWTH - DIRECT PLAN",2023-06-12,10.916
150584,"WhiteOak Capital Mid Cap Fund Direct Plan Growth",2023-06-12,11.123
150815,"JM Mid Cap Fund (Direct) - Growth",2023-06-12,11.1417
150817,"Canara Robeco Mid Cap Fund- Direct Plan- Growth Option",2023-06-12,10.74
150404,"BANDHAN MID CAP FUND - GROWTH - DIRECT PLAN",2023-06-13,11.034
150584,"WhiteOak Capital Mid Cap Fund Direct Plan Growth",2023-06-13,11.264
150815,"JM Mid Cap Fund (Direct) - Growth",2023-06-13,11.2816
150817,"Canara Robeco Mid Cap Fund- Direct Plan- Growth Option",2023-06-13,10.85
150404,"BANDHAN MID CAP FUND - GROWTH - DIRECT PLAN",2023-06-14,11.053
150584,"WhiteOak Capital Mid Cap Fund Direct Plan Growth",2023-06-14,11.291
150815,"JM Mid Cap Fund (Direct) - Growth",2023-06-14,11.3355
150817,"Canara Robeco Mid Cap Fund- Direct Plan- Growth Option",2023-06-14,10.9
150404,"BANDHAN MID CAP FUND - GROWTH - DIRECT PLAN",2023-06-15,11.054
150584,"WhiteOak Capital Mid Cap Fund Direct Plan Growth",2023-06-15,11.311
150815,"JM Mid Cap Fund (Direct) - Growth",2023-06-15,11.3455
150817,"Canara Robeco Mid Cap Fund- Direct Plan- Growth Option",2023-06-15,10.91
150404,"BANDHAN MID CAP FUND - GROWTH - DIRECT PLAN",2023-06-16,11.145
150584,"WhiteOak Capital Mid Cap Fund Direct Plan Growth",2023-06-16,11.428
150815,"JM Mid Cap Fund (Direct) - Growth",2023-06-16,11.4199
150817,"Canara Robeco Mid Cap Fund- Direct Plan- Growth Option",2023-06-16,11.03
150404,"BANDHAN MID CAP FUND - GROWTH - DIRECT PLAN",2023-06-19,11.139
150584,"WhiteOak Capital Mid Cap Fund Direct Plan Growth",2023-06-19,11.437
150815,"JM Mid Cap Fund (Direct) - Growth",2023-06-19,11.4272
150817,"Canara Robeco Mid Cap Fund- Direct Plan- Growth Option",2023-06-19,11.01
150404,"BANDHAN MID CAP FUND - GROWTH - DIRECT PLAN",2023-06-20,11.159
150584,"WhiteOak Capital Mid Cap Fund Direct Plan Growth",2023-06-20,11.504
150815,"JM Mid Cap Fund (Direct) - Growth",2023-06-20,11.5349
150817,"Canara Robeco Mid Cap Fund- Direct Plan- Growth Option",2023-06-20,11.04
150404,"BANDHAN MID CAP FUND - GROWTH - DIRECT PLAN",2023-06-21,11.155
150584,"WhiteOak Capital Mid Cap Fund Direct Plan Growth",2023-06-21,11.557
150815,"JM Mid Cap Fund (Direct) - Growth",2023-06-21,11.5687
150817,"Canara Robeco Mid Cap Fund- Direct Plan- Growth Option",2023-06-21,11.03
150404,"BANDHAN MID CAP FUND - GROWTH - DIRECT PLAN",2023-06-22,11.127
150584,"WhiteOak Capital Mid Cap Fund Direct Plan Growth",2023-06-22,11.415
150815,"JM Mid Cap Fund (Direct) - Growth",2023-06-22,11.4458
150817,"Canara Robeco Mid Cap Fund- Direct Plan- Growth Option",2023-06-22,10.98
150404,"BANDHAN MID CAP FUND - GROWTH - DIRECT PLAN",2023-06-23,11.008
150584,"WhiteOak Capital Mid Cap Fund Direct Plan Growth",2023-06-23,11.297
150815,"JM Mid Cap Fund (Direct) - Growth",2023-06-23,11.2748
150817,"Canara Robeco Mid Cap Fund- Direct Plan- Growth Option",2023-06-23,10.89
150404,"BANDHAN MID CAP FUND - GROWTH - DIRECT PLAN",2023-06-26,11.065
150584,"WhiteOak Capital Mid Cap Fund Direct Plan Growth",2023-06-26,11.391
150815,"JM Mid Cap Fund (Direct) - Growth",2023-06-26,11.3547
150817,"Canara Robeco Mid Cap Fund- Direct Plan- Growth Option",2023-06-26,10.98
150404,"BANDHAN MID CAP FUND - GROWTH - DIRECT PLAN",2023-06-27,11.121
150584,"WhiteOak Capital Mid Cap Fund Direct Plan Growth",2023-06-27,11.447
150815,"JM Mid Cap Fund (Direct) - Growth",2023-06-27,11.4602
150817,"Canara Robeco Mid Cap Fund- Direct Plan- Growth Option",2023-06-27,10.96
150404,"BANDHAN MID CAP FUND - GROWTH - DIRECT PLAN",2023-06-28,11.171
150584,"WhiteOak Capital Mid Cap Fund Direct Plan Growth",2023-06-28,11.502
150815,"JM Mid Cap Fund (Direct) - Growth",2023-06-28,11.4767
150817,"Canara Robeco Mid Cap Fund- Direct Plan- Growth Option",2023-06-28,11.01
150404,"BANDHAN MID CAP FUND - GROWTH - DIRECT PLAN",2023-06-30,11.232
150584,"WhiteOak Capital Mid Cap Fund Direct Plan Growth",2023-06-30,11.568
150815,"JM Mid Cap Fund (Direct) - Growth",2023-06-30,11.5766
150817,"Canara Robeco Mid Cap Fund- Direct Plan- Growth Option",2023-06-30,11.06
150404,"BANDHAN MID CAP FUND - GROWTH - DIRECT PLAN",2023-07-03,11.219
150584,"WhiteOak Capital Mid Cap Fund Direct Plan Growth",2023-07-03,11.597
150815,"JM Mid Cap Fund (Direct) - Growth",2023-07-03,11.6141
150817,"Canara Robeco Mid Cap Fund- Direct Plan- Growth Option",2023-07-03,11.02
150404,"BANDHAN MID CAP FUND - GROWTH - DIRECT PLAN",2023-07-04,11.192
150584,"WhiteOak Capital Mid Cap Fund Direct Plan Growth",2023-07-04,11.6
150815,"JM Mid Cap Fund (Direct) - Growth",2023-07-04,11.6244
150817,"Canara Robeco Mid Cap Fund- Direct Plan- Growth Option",2023-07-04,11
150404,"BANDHAN MID CAP FUND - GROWTH - DIRECT PLAN",2023-07-05,11.213
150584,"WhiteOak Capital Mid Cap Fund Direct Plan Growth",2023-07-05,11.653
150815,"JM Mid Cap Fund (Direct) - Growth",2023-07-05,11.7366
150817,"Canara Robeco Mid Cap Fund- Direct Plan- Growth Option",2023-07-05,11.03
150404,"BANDHAN MID CAP FUND - GROWTH - DIRECT PLAN",2023-07-06,11.282
150584,"WhiteOak Capital Mid Cap Fund Direct Plan Growth",2023-07-06,11.72
150815,"JM Mid Cap Fund (Direct) - Growth",2023-07-06,11.815
150817,"Canara Robeco Mid Cap Fund- Direct Plan- Growth Option",2023-07-06,11.06
150404,"BANDHAN MID CAP FUND - GROWTH - DIRECT PLAN",2023-07-07,11.224
150584,"WhiteOak Capital Mid Cap Fund Direct Plan Growth",2023-07-07,11.662
150815,"JM Mid Cap Fund (Direct) - Growth",2023-07-07,11.7567
150817,"Canara Robeco Mid Cap Fund- Direct Plan- Growth Option",2023-07-07,10.98
150404,"BANDHAN MID CAP FUND - GROWTH - DIRECT PLAN",2023-07-10,11.191
150584,"WhiteOak Capital Mid Cap Fund Direct Plan Growth",2023-07-10,11.631
150815,"JM Mid Cap Fund (Direct) - Growth",2023-07-10,11.7205
150817,"Canara Robeco Mid Cap Fund- Direct Plan- Growth Option",2023-07-10,10.96
150404,"BANDHAN MID CAP FUND - GROWTH - DIRECT PLAN",2023-07-11,11.267
150584,"WhiteOak Capital Mid Cap Fund Direct Plan Growth",2023-07-11,11.734
150815,"JM Mid Cap Fund (Direct) - Growth",2023-07-11,11.7962
150817,"Canara Robeco Mid Cap Fund- Direct Plan- Growth Option",2023-07-11,11.04
150404,"BANDHAN MID CAP FUND - GROWTH - DIRECT PLAN",2023-07-12,11.335
150584,"WhiteOak Capital Mid Cap Fund Direct Plan Growth",2023-07-12,11.817
150815,"JM Mid Cap Fund (Direct) - Growth",2023-07-12,11.8559
150817,"Canara Robeco Mid Cap Fund- Direct Plan- Growth Option",2023-07-12,11.1
150404,"BANDHAN MID CAP FUND - GROWTH - DIRECT PLAN",2023-07-13,11.323
150584,"WhiteOak Capital Mid Cap Fund Direct Plan Growth",2023-07-13,11.801
150815,"JM Mid Cap Fund (Direct) - Growth",2023-07-13,11.8096
150817,"Canara Robeco Mid Cap Fund- Direct Plan- Growth Option",2023-07-13,11.05
150404,"BANDHAN MID CAP FUND - GROWTH - DIRECT PLAN",2023-07-14,11.405
150584,"WhiteOak Capital Mid Cap Fund Direct Plan Growth",2023-07-14,11.927
150815,"JM Mid Cap Fund (Direct) - Growth",2023-07-14,11.912
150817,"Canara Robeco Mid Cap Fund- Direct Plan- Growth Option",2023-07-14,11.12
150404,"BANDHAN MID CAP FUND - GROWTH - DIRECT PLAN",2023-07-17,11.453
150584,"WhiteOak Capital Mid Cap Fund Direct Plan Growth",2023-07-17,11.956
150815,"JM Mid Cap Fund (Direct) - Growth",2023-07-17,11.9847
150817,"Canara Robeco Mid Cap Fund- Direct Plan- Growth Option",2023-07-17,11.18
150404,"BANDHAN MID CAP FUND - GROWTH - DIRECT PLAN",2023-07-18,11.459
150584,"WhiteOak Capital Mid Cap Fund Direct Plan Growth",2023-07-18,11.977
150815,"JM Mid Cap Fund (Direct) - Growth",2023-07-18,11.954
150817,"Canara Robeco Mid Cap Fund- Direct Plan- Growth Option",2023-07-18,11.2
150404,"BANDHAN MID CAP FUND - GROWTH - DIRECT PLAN",2023-07-19,11.541
150584,"WhiteOak Capital Mid Cap Fund Direct Plan Growth",2023-07-19,12.053
150815,"JM Mid Cap Fund (Direct) - Growth",2023-07-19,12.016
150817,"Canara Robeco Mid Cap Fund- Direct Plan- Growth Option",2023-07-19,11.26
150404,"BANDHAN MID CAP FUND - GROWTH - DIRECT PLAN",2023-07-20,11.558
150584,"WhiteOak Capital Mid Cap Fund Direct Plan Growth",2023-07-20,12.072
150815,"JM Mid Cap Fund (Direct) - Growth",2023-07-20,12.0389
150817,"Canara Robeco Mid Cap Fund- Direct Plan- Growth Option",2023-07-20,11.33
150404,"BANDHAN MID CAP FUND - GROWTH - DIRECT PLAN",2023-07-21,11.489
150584,"WhiteOak Capital Mid Cap Fund Direct Plan Growth",2023-07-21,12.014
150815,"JM Mid Cap Fund (Direct) - Growth",2023-07-21,12.0299
150817,"Canara Robeco Mid Cap Fund- Direct Plan- Growth Option",2023-07-21,11.3
150404,"BANDHAN MID CAP FUND - GROWTH - DIRECT PLAN",2023-07-24,11.508
150584,"WhiteOak Capital Mid Cap Fund Direct Plan Growth",2023-07-24,12.029
150815,"JM Mid Cap Fund (Direct) - Growth",2023-07-24,12.0257
150817,"Canara Robeco Mid Cap Fund- Direct Plan- Growth Option",2023-07-24,11.27
150404,"BANDHAN MID CAP FUND - GROWTH - DIRECT PLAN",2023-07-25,11.549
150584,"WhiteOak Capital Mid Cap Fund Direct Plan Growth",2023-07-25,12.002
150815,"JM Mid Cap Fund (Direct) - Growth",2023-07-25,12.1565
150817,"Canara Robeco Mid Cap Fund- Direct Plan- Growth Option",2023-07-25,11.31
150404,"BANDHAN MID CAP FUND - GROWTH - DIRECT PLAN",2023-07-26,11.546
150584,"WhiteOak Capital Mid Cap Fund Direct Plan Growth",2023-07-26,12.022
150815,"JM Mid Cap Fund (Direct) - Growth",2023-07-26,12.2887
150817,"Canara Robeco Mid Cap Fund- Direct Plan- Growth Option",2023-07-26,11.27
150404,"BANDHAN MID CAP FUND - GROWTH - DIRECT PLAN",2023-07-27,11.502
150584,"WhiteOak Capital Mid Cap Fund Direct Plan Growth",2023-07-27,12.111
150815,"JM Mid Cap Fund (Direct) - Growth",2023-07-27,12.3644
150817,"Canara Robeco Mid Cap Fund- Direct Plan- Growth Option",2023-07-27,11.27
150404,"BANDHAN MID CAP FUND - GROWTH - DIRECT PLAN",2023-07-28,11.572
150584,"WhiteOak Capital Mid Cap Fund Direct Plan Growth",2023-07-28,12.165
150815,"JM Mid Cap Fund (Direct) - Growth",2023-07-28,12.3831
150817,"Canara Robeco Mid Cap Fund- Direct Plan- Growth Option",2023-07-28,11.34
150404,"BANDHAN MID CAP FUND - GROWTH - DIRECT PLAN",2023-07-31,11.711
150584,"WhiteOak Capital Mid Cap Fund Direct Plan Growth",2023-07-31,12.292
150815,"JM Mid Cap Fund (Direct) - Growth",2023-07-31,12.5329
150817,"Canara Robeco Mid Cap Fund- Direct Plan- Growth Option",2023-07-31,11.44
150404,"BANDHAN MID CAP FUND - GROWTH - DIRECT PLAN",2023-08-01,11.73
150584,"WhiteOak Capital Mid Cap Fund Direct Plan Growth",2023-08-01,12.33
150815,"JM Mid Cap Fund (Direct) - Growth",2023-08-01,12.5365
150817,"Canara Robeco Mid Cap Fund- Direct Plan- Growth Option",2023-08-01,11.42
150404,"BANDHAN MID CAP FUND - GROWTH - DIRECT PLAN",2023-08-02,11.612
150584,"WhiteOak Capital Mid Cap Fund Direct Plan Growth",2023-08-02,12.223
150815,"JM Mid Cap Fund (Direct) - Growth",2023-08-02,12.3926
150817,"Canara Robeco Mid Cap Fund- Direct Plan- Growth Option",2023-08-02,11.31
150404,"BANDHAN MID CAP FUND - GROWTH - DIRECT PLAN",2023-08-03,11.554
150584,"WhiteOak Capital Mid Cap Fund Direct Plan Growth",2023-08-03,12.193
150815,"JM Mid Cap Fund (Direct) - Growth",2023-08-03,12.4085
150817,"Canara Robeco Mid Cap Fund- Direct Plan- Growth Option",2023-08-03,11.29
150404,"BANDHAN MID CAP FUND - GROWTH - DIRECT PLAN",2023-08-04,11.589
150584,"WhiteOak Capital Mid Cap Fund Direct Plan Growth",2023-08-04,12.255
150815,"JM Mid Cap Fund (Direct) - Growth",2023-08-04,12.5201
150817,"Canara Robeco Mid Cap Fund- Direct Plan- Growth Option",2023-08-04,11.35
150404,"BANDHAN MID CAP FUND - GROWTH - DIRECT PLAN",2023-08-07,11.555
150584,"WhiteOak Capital Mid Cap Fund Direct Plan Growth",2023-08-07,12.333
150815,"JM Mid Cap Fund (Direct) - Growth",2023-08-07,12.5754
150817,"Canara Robeco Mid Cap Fund- Direct Plan- Growth Option",2023-08-07,11.41
150404,"BANDHAN MID CAP FUND - GROWTH - DIRECT PLAN",2023-08-08,11.547
150584,"WhiteOak Capital Mid Cap Fund Direct Plan Growth",2023-08-08,12.334
150815,"JM Mid Cap Fund (Direct) - Growth",2023-08-08,12.6256
150817,"Canara Robeco Mid Cap Fund- Direct Plan- Growth Option",2023-08-08,11.45
150404,"BANDHAN MID CAP FUND - GROWTH - DIRECT PLAN",2023-08-09,11.601
150584,"WhiteOak Capital Mid Cap Fund Direct Plan Growth",2023-08-09,12.346
150815,"JM Mid Cap Fund (Direct) - Growth",2023-08-09,12.6699
150817,"Canara Robeco Mid Cap Fund- Direct Plan- Growth Option",2023-08-09,11.5
150404,"BANDHAN MID CAP FUND - GROWTH - DIRECT PLAN",2023-08-10,11.618
150584,"WhiteOak Capital Mid Cap Fund Direct Plan Growth",2023-08-10,12.314
150815,"JM Mid Cap Fund (Direct) - Growth",2023-08-10,12.638
150817,"Canara Robeco Mid Cap Fund- Direct Plan- Growth Option",2023-08-10,11.5
150404,"BANDHAN MID CAP FUND - GROWTH - DIRECT PLAN",2023-08-11,11.662
150584,"WhiteOak Capital Mid Cap Fund Direct Plan Growth",2023-08-11,12.306
150815,"JM Mid Cap Fund (Direct) - Growth",2023-08-11,12.6576
150817,"Canara Robeco Mid Cap Fund- Direct Plan- Growth Option",2023-08-11,11.51
150404,"BANDHAN MID CAP FUND - GROWTH - DIRECT PLAN",2023-08-14,11.676
150584,"WhiteOak Capital Mid Cap Fund Direct Plan Growth",2023-08-14,12.25
150815,"JM Mid Cap Fund (Direct) - Growth",2023-08-14,12.6633
150817,"Canara Robeco Mid Cap Fund- Direct Plan- Growth Option",2023-08-14,11.47
150404,"BANDHAN MID CAP FUND - GROWTH - DIRECT PLAN",2023-08-16,11.722
150584,"WhiteOak Capital Mid Cap Fund Direct Plan Growth",2023-08-16,12.272
150815,"JM Mid Cap Fund (Direct) - Growth",2023-08-16,12.6619
150817,"Canara Robeco Mid Cap Fund- Direct Plan- Growth Option",2023-08-16,11.51
150404,"BANDHAN MID CAP FUND - GROWTH - DIRECT PLAN",2023-08-17,11.788
150584,"WhiteOak Capital Mid Cap Fund Direct Plan Growth",2023-08-17,12.325
150815,"JM Mid Cap Fund (Direct) - Growth",2023-08-17,12.7318
150817,"Canara Robeco Mid Cap Fund- Direct Plan- Growth Option",2023-08-17,11.54
150404,"BANDHAN MID CAP FUND - GROWTH - DIRECT PLAN",2023-08-18,11.793
150584,"WhiteOak Capital Mid Cap Fund Direct Plan Growth",2023-08-18,12.282
150815,"JM Mid Cap Fund (Direct) - Growth",2023-08-18,12.7329
150817,"Canara Robeco Mid Cap Fund- Direct Plan- Growth Option",2023-08-18,11.51
150404,"BANDHAN MID CAP FUND - GROWTH - DIRECT PLAN",2023-08-21,11.896
150584,"WhiteOak Capital Mid Cap Fund Direct Plan Growth",2023-08-21,12.365
150815,"JM Mid Cap Fund (Direct) - Growth",2023-08-21,12.7693
150817,"Canara Robeco Mid Cap Fund- Direct Plan- Growth Option",2023-08-21,11.63
150404,"BANDHAN MID CAP FUND - GROWTH - DIRECT PLAN",2023-08-22,12.028
150584,"WhiteOak Capital Mid Cap Fund Direct Plan Growth",2023-08-22,12.472
150815,"JM Mid Cap Fund (Direct) - Growth",2023-08-22,12.8612
150817,"Canara Robeco Mid Cap Fund- Direct Plan- Growth Option",2023-08-22,11.74
150404,"BANDHAN MID CAP FUND - GROWTH - DIRECT PLAN",2023-08-23,12.073
150584,"WhiteOak Capital Mid Cap Fund Direct Plan Growth",2023-08-23,12.509
150815,"JM Mid Cap Fund (Direct) - Growth",2023-08-23,12.9281
150817,"Canara Robeco Mid Cap Fund- Direct Plan- Growth Option",2023-08-23,11.79
150404,"BANDHAN MID CAP FUND - GROWTH - DIRECT PLAN",2023-08-24,12.097
150584,"WhiteOak Capital Mid Cap Fund Direct Plan Growth",2023-08-24,12.507
150815,"JM Mid Cap Fund (Direct) - Growth",2023-08-24,12.9492
150817,"Canara Robeco Mid Cap Fund- Direct Plan- Growth Option",2023-08-24,11.76
150404,"BANDHAN MID CAP FUND - GROWTH - DIRECT PLAN",2023-08-25,12.032
150584,"WhiteOak Capital Mid Cap Fund Direct Plan Growth",2023-08-25,12.431
150815,"JM Mid Cap Fund (Direct) - Growth",2023-08-25,12.8854
150817,"Canara Robeco Mid Cap Fund- Direct Plan- Growth Option",2023-08-25,11.69
150404,"BANDHAN MID CAP FUND - GROWTH - DIRECT PLAN",2023-08-28,12.09
150584,"WhiteOak Capital Mid Cap Fund Direct Plan Growth",2023-08-28,12.484
150815,"JM Mid Cap Fund (Direct) - Growth",2023-08-28,12.9565
150817,"Canara Robeco Mid Cap Fund- Direct Plan- Growth Option",2023-08-28,11.75
150404,"BANDHAN MID CAP FUND - GROWTH - DIRECT PLAN",2023-08-29,12.117
150584,"WhiteOak Capital Mid Cap Fund Direct Plan Growth",2023-08-29,12.533
150815,"JM Mid Cap Fund (Direct) - Growth",2023-08-29,13.0466
150817,"Canara Robeco Mid Cap Fund- Direct Plan- Growth Option",2023-08-29,11.79
150404,"BANDHAN MID CAP FUND - GROWTH - DIRECT PLAN",2023-08-30,12.19
150584,"WhiteOak Capital Mid Cap Fund Direct Plan Growth",2023-08-30,12.605
150815,"JM Mid Cap Fund (Direct) - Growth",2023-08-30,13.1648
150817,"Canara Robeco Mid Cap Fund- Direct Plan- Growth Option",2023-08-30,11.84
150404,"BANDHAN MID CAP FUND - GROWTH - DIRECT PLAN",2023-08-31,12.258
150584,"WhiteOak Capital Mid Cap Fund Direct Plan Growth",2023-08-31,12.669
150815,"JM Mid Cap Fund (Direct) - Growth",2023-08-31,13.1947
150817,"Canara Robeco Mid Cap Fund- Direct Plan- Growth Option",2023-08-31,11.89
150404,"BANDHAN MID CAP FUND - GROWTH - DIRECT PLAN",2023-09-01,12.306
150584,"WhiteOak Capital Mid Cap Fund Direct Plan Growth",2023-09-01,12.663
150815,"JM Mid Cap Fund (Direct) - Growth",2023-09-01,13.2705
150817,"Canara Robeco Mid Cap Fund- Direct Plan- Growth Option",2023-09-01,11.94
150404,"BANDHAN MID CAP FUND - GROWTH - DIRECT PLAN",2023-09-04,12.348
150584,"WhiteOak Capital Mid Cap Fund Direct Plan Growth",2023-09-04,12.736
150815,"JM Mid Cap Fund (Direct) - Growth",2023-09-04,13.3227
150817,"Canara Robeco Mid Cap Fund- Direct Plan- Growth Option",2023-09-04,11.98
150404,"BANDHAN MID CAP FUND - GROWTH - DIRECT PLAN",2023-09-05,12.45
150584,"WhiteOak Capital Mid Cap Fund Direct Plan Growth",2023-09-05,12.821
150815,"JM Mid Cap Fund (Direct) - Growth",2023-09-05,13.408
150817,"Canara Robeco Mid Cap Fund- Direct Plan- Growth Option",2023-09-05,12.09
150404,"BANDHAN MID CAP FUND - GROWTH - DIRECT PLAN",2023-09-06,12.457
150584,"WhiteOak Capital Mid Cap Fund Direct Plan Growth",2023-09-06,12.816
150815,"JM Mid Cap Fund (Direct) - Growth",2023-09-06,13.4282
150817,"Canara Robeco Mid Cap Fund- Direct Plan- Growth Option",2023-09-06,12.08
150404,"BANDHAN MID CAP FUND - GROWTH - DIRECT PLAN",2023-09-07,12.487
150584,"WhiteOak Capital Mid Cap Fund Direct Plan Growth",2023-09-07,12.881
150815,"JM Mid Cap Fund (Direct) - Growth",2023-09-07,13.5126
150817,"Canara Robeco Mid Cap Fund- Direct Plan- Growth Option",2023-09-07,12.11
150404,"BANDHAN MID CAP FUND - GROWTH - DIRECT PLAN",2023-09-08,12.545
150584,"WhiteOak Capital Mid Cap Fund Direct Plan Growth",2023-09-08,13.006
150815,"JM Mid Cap Fund (Direct) - Growth",2023-09-08,13.627
150817,"Canara Robeco Mid Cap Fund- Direct Plan- Growth Option",2023-09-08,12.14
150404,"BANDHAN MID CAP FUND - GROWTH - DIRECT PLAN",2023-09-11,12.619
150584,"WhiteOak Capital Mid Cap Fund Direct Plan Growth",2023-09-11,13.084
150815,"JM Mid Cap Fund (Direct) - Growth",2023-09-11,13.6773
150817,"Canara Robeco Mid Cap Fund- Direct Plan- Growth Option",2023-09-11,12.21
150404,"BANDHAN MID CAP FUND - GROWTH - DIRECT PLAN",2023-09-12,12.305
150584,"WhiteOak Capital Mid Cap Fund Direct Plan Growth",2023-09-12,12.78
150815,"JM Mid Cap Fund (Direct) - Growth",2023-09-12,13.292
150817,"Canara Robeco Mid Cap Fund- Direct Plan- Growth Option",2023-09-12,11.96
150404,"BANDHAN MID CAP FUND - GROWTH - DIRECT PLAN",2023-09-13,12.255
150584,"WhiteOak Capital Mid Cap Fund Direct Plan Growth",2023-09-13,12.783
150815,"JM Mid Cap Fund (Direct) - Growth",2023-09-13,13.2849
150817,"Canara Robeco Mid Cap Fund- Direct Plan- Growth Option",2023-09-13,11.98
150404,"BANDHAN MID CAP FUND - GROWTH - DIRECT PLAN",2023-09-14,12.363
150584,"WhiteOak Capital Mid Cap Fund Direct Plan Growth",2023-09-14,12.888
150815,"JM Mid Cap Fund (Direct) - Growth",2023-09-14,13.3858
150817,"Canara Robeco Mid Cap Fund- Direct Plan- Growth Option",2023-09-14,12.02
150404,"BANDHAN MID CAP FUND - GROWTH - DIRECT PLAN",2023-09-15,12.378
150584,"WhiteOak Capital Mid Cap Fund Direct Plan Growth",2023-09-15,12.927
150815,"JM Mid Cap Fund (Direct) - Growth",2023-09-15,13.4405
150817,"Canara Robeco Mid Cap Fund- Direct Plan- Growth Option",2023-09-15,12.03
150404,"BANDHAN MID CAP FUND - GROWTH - DIRECT PLAN",2023-09-18,12.323
150584,"WhiteOak Capital Mid Cap Fund Direct Plan Growth",2023-09-18,12.884
150815,"JM Mid Cap Fund (Direct) - Growth",2023-09-18,13.3708
150817,"Canara Robeco Mid Cap Fund- Direct Plan- Growth Option",2023-09-18,12.03
150404,"BANDHAN MID CAP FUND - GROWTH - DIRECT PLAN",2023-09-20,12.32
150584,"WhiteOak Capital Mid Cap Fund Direct Plan Growth",2023-09-20,12.844
150815,"JM Mid Cap Fund (Direct) - Growth",2023-09-20,13.3231
150817,"Canara Robeco Mid Cap Fund- Direct Plan- Growth Option",2023-09-20,11.95
150404,"BANDHAN MID CAP FUND - GROWTH - DIRECT PLAN",2023-09-21,12.209
150584,"WhiteOak Capital Mid Cap Fund Direct Plan Growth",2023-09-21,12.768
150815,"JM Mid Cap Fund (Direct) - Growth",2023-09-21,13.2246
150817,"Canara Robeco Mid Cap Fund- Direct Plan- Growth Option",2023-09-21,11.86
150404,"BANDHAN MID CAP FUND - GROWTH - DIRECT PLAN",2023-09-22,12.199
150584,"WhiteOak Capital Mid Cap Fund Direct Plan Growth",2023-09-22,12.792
150815,"JM Mid Cap Fund (Direct) - Growth",2023-09-22,13.1972
150817,"Canara Robeco Mid Cap Fund- Direct Plan- Growth Option",2023-09-22,11.82
150404,"BANDHAN MID CAP FUND - GROWTH - DIRECT PLAN",2023-09-25,12.254
150584,"WhiteOak Capital Mid Cap Fund Direct Plan Growth",2023-09-25,12.796
150815,"JM Mid Cap Fund (Direct) - Growth",2023-09-25,13.2469
150817,"Canara Robeco Mid Cap Fund- Direct Plan- Growth Option",2023-09-25,11.91
150404,"BANDHAN MID CAP FUND - GROWTH - DIRECT PLAN",2023-09-26,12.302
150584,"WhiteOak Capital Mid Cap Fund Direct Plan Growth",2023-09-26,12.795
150815,"JM Mid Cap Fund (Direct) - Growth",2023-09-26,13.2696
150817,"Canara Robeco Mid Cap Fund- Direct Plan- Growth Option",2023-09-26,11.91
150404,"BANDHAN MID CAP FUND - GROWTH - DIRECT PLAN",2023-09-27,12.361
150584,"WhiteOak Capital Mid Cap Fund Direct Plan Growth",2023-09-27,12.905
150815,"JM Mid Cap Fund (Direct) - Growth",2023-09-27,13.4056
150817,"Canara Robeco Mid Cap Fund- Direct Plan- Growth Option",2023-09-27,11.97
150404,"BANDHAN MID CAP FUND - GROWTH - DIRECT PLAN",2023-09-29,12.337
150584,"WhiteOak Capital Mid Cap Fund Direct Plan Growth",2023-09-29,12.893
150815,"JM Mid Cap Fund (Direct) - Growth",2023-09-29,13.3296
150817,"Canara Robeco Mid Cap Fund- Direct Plan- Growth Option",2023-09-29,11.93
150404,"BANDHAN MID CAP FUND - GROWTH - DIRECT PLAN",2023-10-03,12.406
150584,"WhiteOak Capital Mid Cap Fund Direct Plan Growth",2023-10-03,12.974
150815,"JM Mid Cap Fund (Direct) - Growth",2023-10-03,13.4133
150817,"Canara Robeco Mid Cap Fund- Direct Plan- Growth Option",2023-10-03,12.01
150404,"BANDHAN MID CAP FUND - GROWTH - DIRECT PLAN",2023-10-04,12.251
150584,"WhiteOak Capital Mid Cap Fund Direct Plan Growth",2023-10-04,12.806
150815,"JM Mid Cap Fund (Direct) - Growth",2023-10-04,13.2503
150817,"Canara Robeco Mid Cap Fund- Direct Plan- Growth Option",2023-10-04,11.89
150404,"BANDHAN MID CAP FUND - GROWTH - DIRECT PLAN",2023-10-05,12.283
150584,"WhiteOak Capital Mid Cap Fund Direct Plan Growth",2023-10-05,12.802
150815,"JM Mid Cap Fund (Direct) - Growth",2023-10-05,13.2971
150817,"Canara Robeco Mid Cap Fund- Direct Plan- Growth Option",2023-10-05,11.89
150404,"BANDHAN MID CAP FUND - GROWTH - DIRECT PLAN",2023-10-06,12.311
150584,"WhiteOak Capital Mid Cap Fund Direct Plan Growth",2023-10-06,12.887
150815,"JM Mid Cap Fund (Direct) - Growth",2023-10-06,13.3879
150817,"Canara Robeco Mid Cap Fund- Direct Plan- Growth Option",2023-10-06,11.92
150404,"BANDHAN MID CAP FUND - GROWTH - DIRECT PLAN",2023-10-09,12.178
150584,"WhiteOak Capital Mid Cap Fund Direct Plan Growth",2023-10-09,12.759
150815,"JM Mid Cap Fund (Direct) - Growth",2023-10-09,13.219
150817,"Canara Robeco Mid Cap Fund- Direct Plan- Growth Option",2023-10-09,11.82
150404,"BANDHAN MID CAP FUND - GROWTH - DIRECT PLAN",2023-10-10,12.25
150584,"WhiteOak Capital Mid Cap Fund Direct Plan Growth",2023-10-10,12.907
150815,"JM Mid Cap Fund (Direct) - Growth",2023-10-10,13.4043
150817,"Canara Robeco Mid Cap Fund- Direct Plan- Growth Option",2023-10-10,11.91
150404,"BANDHAN MID CAP FUND - GROWTH - DIRECT PLAN",2023-10-11,12.334
150584,"WhiteOak Capital Mid Cap Fund Direct Plan Growth",2023-10-11,12.953
150815,"JM Mid Cap Fund (Direct) - Growth",2023-10-11,13.4572
150817,"Canara Robeco Mid Cap Fund- Direct Plan- Growth Option",2023-10-11,11.97
150404,"BANDHAN MID CAP FUND - GROWTH - DIRECT PLAN",2023-10-12,12.365
150584,"WhiteOak Capital Mid Cap Fund Direct Plan Growth",2023-10-12,12.971
150815,"JM Mid Cap Fund (Direct) - Growth",2023-10-12,13.5074
150817,"Canara Robeco Mid Cap Fund- Direct Plan- Growth Option",2023-10-12,12.04
150404,"BANDHAN MID CAP FUND - GROWTH - DIRECT PLAN",2023-10-13,12.326
150584,"WhiteOak Capital Mid Cap Fund Direct Plan Growth",2023-10-13,12.977
150815,"JM Mid Cap Fund (Direct) - Growth",2023-10-13,13.4921
150817,"Canara Robeco Mid Cap Fund- Direct Plan- Growth Option",2023-10-13,12.02
150404,"BANDHAN MID CAP FUND - GROWTH - DIRECT PLAN",2023-10-16,12.364
150584,"WhiteOak Capital Mid Cap Fund Direct Plan Growth",2023-10-16,13.029
150815,"JM Mid Cap Fund (Direct) - Growth",2023-10-16,13.5273
150817,"Canara Robeco Mid Cap Fund- Direct Plan- Growth Option",2023-10-16,12.05
150404,"BANDHAN MID CAP FUND - GROWTH - DIRECT PLAN",2023-10-17,12.435
150584,"WhiteOak Capital Mid Cap Fund Direct Plan Growth",2023-10-17,13.075
150815,"JM Mid Cap Fund (Direct) - Growth",2023-10-17,13.5529
150817,"Canara Robeco Mid Cap Fund- Direct Plan- Growth Option",2023-10-17,12.08
150404,"BANDHAN MID CAP FUND - GROWTH - DIRECT PLAN",2023-10-18,12.4
150584,"WhiteOak Capital Mid Cap Fund Direct Plan Growth",2023-10-18,12.976
150815,"JM Mid Cap Fund (Direct) - Growth",2023-10-18,13.4816
150817,"Canara Robeco Mid Cap Fund- Direct Plan- Growth Option",2023-10-18,12.04
150404,"BANDHAN MID CAP FUND - GROWTH - DIRECT PLAN",2023-10-19,12.36
150584,"WhiteOak Capital Mid Cap Fund Direct Plan Growth",2023-10-19,12.98
150815,"JM Mid Cap Fund (Direct) - Growth",2023-10-19,13.4475
150817,"Canara Robeco Mid Cap Fund- Direct Plan- Growth Option",2023-10-19,12.04
150404,"BANDHAN MID CAP FUND - GROWTH - DIRECT PLAN",2023-10-20,12.308
150584,"WhiteOak Capital Mid Cap Fund Direct Plan Growth",2023-10-20,12.881
150815,"JM Mid Cap Fund (Direct) - Growth",2023-10-20,13.3315
150817,"Canara Robeco Mid Cap Fund- Direct Plan- Growth Option",2023-10-20,11.95
150404,"BANDHAN MID CAP FUND - GROWTH - DIRECT PLAN",2023-10-23,12.024
150584,"WhiteOak Capital Mid Cap Fund Direct Plan Growth",2023-10-23,12.592
150815,"JM Mid Cap Fund (Direct) - Growth",2023-10-23,12.9238
150817,"Canara Robeco Mid Cap Fund- Direct Plan- Growth Option",2023-10-23,11.73
150404,"BANDHAN MID CAP FUND - GROWTH - DIRECT PLAN",2023-10-25,11.904
150584,"WhiteOak Capital Mid Cap Fund Direct Plan Growth",2023-10-25,12.501
150815,"JM Mid Cap Fund (Direct) - Growth",2023-10-25,12.8468
150817,"Canara Robeco Mid Cap Fund- Direct Plan- Growth Option",2023-10-25,11.63
150404,"BANDHAN MID CAP FUND - GROWTH - DIRECT PLAN",2023-10-26,11.801
150584,"WhiteOak Capital Mid Cap Fund Direct Plan Growth",2023-10-26,12.35
150815,"JM Mid Cap Fund (Direct) - Growth",2023-10-26,12.6845
150817,"Canara Robeco Mid Cap Fund- Direct Plan- Growth Option",2023-10-26,11.52
150404,"BANDHAN MID CAP FUND - GROWTH - DIRECT PLAN",2023-10-27,12.004
150584,"WhiteOak Capital Mid Cap Fund Direct Plan Growth",2023-10-27,12.599
150815,"JM Mid Cap Fund (Direct) - Growth",2023-10-27,12.8345
150817,"Canara Robeco Mid Cap Fund- Direct Plan- Growth Option",2023-10-27,11.71
150404,"BANDHAN MID CAP FUND - GROWTH - DIRECT PLAN",2023-10-30,12.012
150584,"WhiteOak Capital Mid Cap Fund Direct Plan Growth",2023-10-30,12.587
150815,"JM Mid Cap Fund (Direct) - Growth",2023-10-30,12.8778
150817,"Canara Robeco Mid Cap Fund- Direct Plan- Growth Option",2023-10-30,11.73
150404,"BANDHAN MID CAP FUND - GROWTH - DIRECT PLAN",2023-10-31,11.978
150584,"WhiteOak Capital Mid Cap Fund Direct Plan Growth",2023-10-31,12.635
150815,"JM Mid Cap Fund (Direct) - Growth",2023-10-31,12.8702
150817,"Canara Robeco Mid Cap Fund- Direct Plan- Growth Option",2023-10-31,11.74
150404,"BANDHAN MID CAP FUND - GROWTH - DIRECT PLAN",2023-11-01,11.995
150584,"WhiteOak Capital Mid Cap Fund Direct Plan Growth",2023-11-01,12.613
150815,"JM Mid Cap Fund (Direct) - Growth",2023-11-01,12.8517
150817,"Canara Robeco Mid Cap Fund- Direct Plan- Growth Option",2023-11-01,11.73
150404,"BANDHAN MID CAP FUND - GROWTH - DIRECT PLAN",2023-11-02,12.059
150584,"WhiteOak Capital Mid Cap Fund Direct Plan Growth",2023-11-02,12.756
150815,"JM Mid Cap Fund (Direct) - Growth",2023-11-02,13.0008
150817,"Canara Robeco Mid Cap Fund- Direct Plan- Growth Option",2023-11-02,11.81
150404,"BANDHAN MID CAP FUND - GROWTH - DIRECT PLAN",2023-11-03,12.128
150584,"WhiteOak Capital Mid Cap Fund Direct Plan Growth",2023-11-03,12.849
150815,"JM Mid Cap Fund (Direct) - Growth",2023-11-03,13.1272
150817,"Canara Robeco Mid Cap Fund- Direct Plan- Growth Option",2023-11-03,11.89
150404,"BANDHAN MID CAP FUND - GROWTH - DIRECT PLAN",2023-11-06,12.233
150584,"WhiteOak Capital Mid Cap Fund Direct Plan Growth",2023-11-06,12.941
150815,"JM Mid Cap Fund (Direct) - Growth",2023-11-06,13.2589
150817,"Canara Robeco Mid Cap Fund- Direct Plan- Growth Option",2023-11-06,12.03
150404,"BANDHAN MID CAP FUND - GROWTH - DIRECT PLAN",2023-11-07,12.31
150584,"WhiteOak Capital Mid Cap Fund Direct Plan Growth",2023-11-07,13.015
150815,"JM Mid Cap Fund (Direct) - Growth",2023-11-07,13.2756
150817,"Canara Robeco Mid Cap Fund- Direct Plan- Growth Option",2023-11-07,12.06
150404,"BANDHAN MID CAP FUND - GROWTH - DIRECT PLAN",2023-11-08,12.42
150584,"WhiteOak Capital Mid Cap Fund Direct Plan Growth",2023-11-08,13.116
150815,"JM Mid Cap Fund (Direct) - Growth",2023-11-08,13.3886
150817,"Canara Robeco Mid Cap Fund- Direct Plan- Growth Option",2023-11-08,12.13
150404,"BANDHAN MID CAP FUND - GROWTH - DIRECT PLAN",2023-11-09,12.449
150584,"WhiteOak Capital Mid Cap Fund Direct Plan Growth",2023-11-09,13.127
150815,"JM Mid Cap Fund (Direct) - Growth",2023-11-09,13.3458
150817,"Canara Robeco Mid Cap Fund- Direct Plan- Growth Option",2023-11-09,12.14
150404,"BANDHAN MID CAP FUND - GROWTH - DIRECT PLAN",2023-11-10,12.454
150584,"WhiteOak Capital Mid Cap Fund Direct Plan Growth",2023-11-10,13.165
150815,"JM Mid Cap Fund (Direct) - Growth",2023-11-10,13.4195
150817,"Canara Robeco Mid Cap Fund- Direct Plan- Growth Option",2023-11-10,12.17
150404,"BANDHAN MID CAP FUND - GROWTH - DIRECT PLAN",2023-11-13,12.497
150584,"WhiteOak Capital Mid Cap Fund Direct Plan Growth",2023-11-13,13.24
150815,"JM Mid Cap Fund (Direct) - Growth",2023-11-13,13.5372
150817,"Canara Robeco Mid Cap Fund- Direct Plan- Growth Option",2023-11-13,12.23
150404,"BANDHAN MID CAP FUND - GROWTH - DIRECT PLAN",2023-11-15,12.605
150584,"WhiteOak Capital Mid Cap Fund Direct Plan Growth",2023-11-15,13.397
150815,"JM Mid Cap Fund (Direct) - Growth",2023-11-15,13.682
150817,"Canara Robeco Mid Cap Fund- Direct Plan- Growth Option",2023-11-15,12.28
150404,"BANDHAN MID CAP FUND - GROWTH - DIRECT PLAN",2023-11-16,12.687
150584,"WhiteOak Capital Mid Cap Fund Direct Plan Growth",2023-11-16,13.489
150815,"JM Mid Cap Fund (Direct) - Growth",2023-11-16,13.7089
150817,"Canara Robeco Mid Cap Fund- Direct Plan- Growth Option",2023-11-16,12.34
150404,"BANDHAN MID CAP FUND - GROWTH - DIRECT PLAN",2023-11-17,12.709
150584,"WhiteOak Capital Mid Cap Fund Direct Plan Growth",2023-11-17,13.531
150815,"JM Mid Cap Fund (Direct) - Growth",2023-11-17,13.7741
150817,"Canara Robeco Mid Cap Fund- Direct Plan- Growth Option",2023-11-17,12.4
150404,"BANDHAN MID CAP FUND - GROWTH - DIRECT PLAN",2023-11-20,12.744
150584,"WhiteOak Capital Mid Cap Fund Direct Plan Growth",2023-11-20,13.587
150815,"JM Mid Cap Fund (Direct) - Growth",2023-11-20,13.7723
150817,"Canara Robeco Mid Cap Fund- Direct Plan- Growth Option",2023-11-20,12.4
150404,"BANDHAN MID CAP FUND - GROWTH - DIRECT PLAN",2023-11-21,12.748
150584,"WhiteOak Capital Mid Cap Fund Direct Plan Growth",2023-11-21,13.554
150815,"JM Mid Cap Fund (Direct) - Growth",2023-11-21,13.8054
150817,"Canara Robeco Mid Cap Fund- Direct Plan- Growth Option",2023-11-21,12.42
150404,"BANDHAN MID CAP FUND - GROWTH - DIRECT PLAN",2023-11-22,12.791
150584,"WhiteOak Capital Mid Cap Fund Direct Plan Growth",2023-11-22,13.585
150815,"JM Mid Cap Fund (Direct) - Growth",2023-11-22,13.8415
150817,"Canara Robeco Mid Cap Fund- Direct Plan- Growth Option",2023-11-22,12.47
150404,"BANDHAN MID CAP FUND - GROWTH - DIRECT PLAN",2023-11-23,12.846
150584,"WhiteOak Capital Mid Cap Fund Direct Plan Growth",2023-11-23,13.615
150815,"JM Mid Cap Fund (Direct) - Growth",2023-11-23,13.8404
150817,"Canara Robeco Mid Cap Fund- Direct Plan- Growth Option",2023-11-23,12.5
150404,"BANDHAN MID CAP FUND - GROWTH - DIRECT PLAN",2023-11-24,12.824
150584,"WhiteOak Capital Mid Cap Fund Direct Plan Growth",2023-11-24,13.613
150815,"JM Mid Cap Fund (Direct) - Growth",2023-11-24,13.868
150817,"Canara Robeco Mid Cap Fund- Direct Plan- Growth Option",2023-11-24,12.49
150404,"BANDHAN MID CAP FUND - GROWTH - DIRECT PLAN",2023-11-28,12.81
150584,"WhiteOak Capital Mid Cap Fund Direct Plan Growth",2023-11-28,13.648
150815,"JM Mid Cap Fund (Direct) - Growth",2023-11-28,13.8614
150817,"Canara Robeco Mid Cap Fund- Direct Plan- Growth Option",2023-11-28,12.49
150404,"BANDHAN MID CAP FUND - GROWTH - DIRECT PLAN",2023-11-29,12.881
150584,"WhiteOak Capital Mid Cap Fund Direct Plan Growth",2023-11-29,13.777
150815,"JM Mid Cap Fund (Direct) - Growth",2023-11-29,13.9321
150817,"Canara Robeco Mid Cap Fund- Direct Plan- Growth Option",2023-11-29,12.58
150404,"BANDHAN MID CAP FUND - GROWTH - DIRECT PLAN",2023-11-30,13.365
150584,"WhiteOak Capital Mid Cap Fund Direct Plan Growth",2023-11-30,13.974
150815,"JM Mid Cap Fund (Direct) - Growth",2023-11-30,14.2612
150817,"Canara Robeco Mid Cap Fund- Direct Plan- Growth Option",2023-11-30,12.69
150404,"BANDHAN MID CAP FUND - GROWTH - DIRECT PLAN",2023-12-01,13.372
150584,"WhiteOak Capital Mid Cap Fund Direct Plan Growth",2023-12-01,14.05
150815,"JM Mid Cap Fund (Direct) - Growth",2023-12-01,14.3199
150817,"Canara Robeco Mid Cap Fund- Direct Plan- Growth Option",2023-12-01,12.79
150404,"BANDHAN MID CAP FUND - GROWTH - DIRECT PLAN",2023-12-04,13.522
150584,"WhiteOak Capital Mid Cap Fund Direct Plan Growth",2023-12-04,14.249
150815,"JM Mid Cap Fund (Direct) - Growth",2023-12-04,14.4523
150817,"Canara Robeco Mid Cap Fund- Direct Plan- Growth Option",2023-12-04,12.93
150404,"BANDHAN MID CAP FUND - GROWTH - DIRECT PLAN",2023-12-05,13.522
150584,"WhiteOak Capital Mid Cap Fund Direct Plan Growth",2023-12-05,14.219
150815,"JM Mid Cap Fund (Direct) - Growth",2023-12-05,14.4633
150817,"Canara Robeco Mid Cap Fund- Direct Plan- Growth Option",2023-12-05,12.96
150404,"BANDHAN MID CAP FUND - GROWTH - DIRECT PLAN",2023-12-06,13.475
150584,"WhiteOak Capital Mid Cap Fund Direct Plan Growth",2023-12-06,14.204
150815,"JM Mid Cap Fund (Direct) - Growth",2023-12-06,14.5047
150817,"Canara Robeco Mid Cap Fund- Direct Plan- Growth Option",2023-12-06,12.96
150404,"BANDHAN MID CAP FUND - GROWTH - DIRECT PLAN",2023-12-07,13.497
150584,"WhiteOak Capital Mid Cap Fund Direct Plan Growth",2023-12-07,14.241
150815,"JM Mid Cap Fund (Direct) - Growth",2023-12-07,14.4929
150817,"Canara Robeco Mid Cap Fund- Direct Plan- Growth Option",2023-12-07,12.98
150404,"BANDHAN MID CAP FUND - GROWTH - DIRECT PLAN",2023-12-08,13.452
150584,"WhiteOak Capital Mid Cap Fund Direct Plan Growth",2023-12-08,14.209
150815,"JM Mid Cap Fund (Direct) - Growth",2023-12-08,14.4286
150817,"Canara Robeco Mid Cap Fund- Direct Plan- Growth Option",2023-12-08,12.94
150404,"BANDHAN MID CAP FUND - GROWTH - DIRECT PLAN",2023-12-11,13.55
150584,"WhiteOak Capital Mid Cap Fund Direct Plan Growth",2023-12-11,14.291
150815,"JM Mid Cap Fund (Direct) - Growth",2023-12-11,14.5108
150817,"Canara Robeco Mid Cap Fund- Direct Plan- Growth Option",2023-12-11,13.02
150404,"BANDHAN MID CAP FUND - GROWTH - DIRECT PLAN",2023-12-12,13.455
150584,"WhiteOak Capital Mid Cap Fund Direct Plan Growth",2023-12-12,14.285
150815,"JM Mid Cap Fund (Direct) - Growth",2023-12-12,14.4418
150817,"Canara Robeco Mid Cap Fund- Direct Plan- Growth Option",2023-12-12,12.92
150404,"BANDHAN MID CAP FUND - GROWTH - DIRECT PLAN",2023-12-13,13.564
150584,"WhiteOak Capital Mid Cap Fund Direct Plan Growth",2023-12-13,14.423
150815,"JM Mid Cap Fund (Direct) - Growth",2023-12-13,14.6006
150817,"Canara Robeco Mid Cap Fund- Direct Plan- Growth Option",2023-12-13,13.06
150404,"BANDHAN MID CAP FUND - GROWTH - DIRECT PLAN",2023-12-14,13.664
150584,"WhiteOak Capital Mid Cap Fund Direct Plan Growth",2023-12-14,14.584
150815,"JM Mid Cap Fund (Direct) - Growth",2023-12-14,14.7507
150817,"Canara Robeco Mid Cap Fund- Direct Plan- Growth Option",2023-12-14,13.15
150404,"BANDHAN MID CAP FUND - GROWTH - DIRECT PLAN",2023-12-15,13.72
150584,"WhiteOak Capital Mid Cap Fund Direct Plan Growth",2023-12-15,14.596
150815,"JM Mid Cap Fund (Direct) - Growth",2023-12-15,14.713
150817,"Canara Robeco Mid Cap Fund- Direct Plan- Growth Option",2023-12-15,13.2
150404,"BANDHAN MID CAP FUND - GROWTH - DIRECT PLAN",2023-12-18,13.746
150584,"WhiteOak Capital Mid Cap Fund Direct Plan Growth",2023-12-18,14.583
150815,"JM Mid Cap Fund (Direct) - Growth",2023-12-18,14.7503
150817,"Canara Robeco Mid Cap Fund- Direct Plan- Growth Option",2023-12-18,13.2
150404,"BANDHAN MID CAP FUND - GROWTH - DIRECT PLAN",2023-12-19,13.737
150584,"WhiteOak Capital Mid Cap Fund Direct Plan Growth",2023-12-19,14.571
150815,"JM Mid Cap Fund (Direct) - Growth",2023-12-19,14.7549
150817,"Canara Robeco Mid Cap Fund- Direct Plan- Growth Option",2023-12-19,13.17
150404,"BANDHAN MID CAP FUND - GROWTH - DIRECT PLAN",2023-12-20,13.441
150584,"WhiteOak Capital Mid Cap Fund Direct Plan Growth",2023-12-20,14.192
150815,"JM Mid Cap Fund (Direct) - Growth",2023-12-20,14.3132
150817,"Canara Robeco Mid Cap Fund- Direct Plan- Growth Option",2023-12-20,12.87
150404,"BANDHAN MID CAP FUND - GROWTH - DIRECT PLAN",2023-12-21,13.572
150584,"WhiteOak Capital Mid Cap Fund Direct Plan Growth",2023-12-21,14.32
150815,"JM Mid Cap Fund (Direct) - Growth",2023-12-21,14.5207
150817,"Canara Robeco Mid Cap Fund- Direct Plan- Growth Option",2023-12-21,12.99
150404,"BANDHAN MID CAP FUND - GROWTH - DIRECT PLAN",2023-12-22,13.721
150584,"WhiteOak Capital Mid Cap Fund Direct Plan Growth",2023-12-22,14.432
150815,"JM Mid Cap Fund (Direct) - Growth",2023-12-22,14.6319
150817,"Canara Robeco Mid Cap Fund- Direct Plan- Growth Option",2023-12-22,13.1
150404,"BANDHAN MID CAP FUND - GROWTH - DIRECT PLAN",2023-12-26,13.736
150584,"WhiteOak Capital Mid Cap Fund Direct Plan Growth",2023-12-26,14.477
150815,"JM Mid Cap Fund (Direct) - Growth",2023-12-26,14.6728
150817,"Canara Robeco Mid Cap Fund- Direct Plan- Growth Option",2023-12-26,13.13
150404,"BANDHAN MID CAP FUND - GROWTH - DIRECT PLAN",2023-12-27,13.76
150584,"WhiteOak Capital Mid Cap Fund Direct Plan Growth",2023-12-27,14.523
150815,"JM Mid Cap Fund (Direct) - Growth",2023-12-27,14.7186
150817,"Canara Robeco Mid Cap Fund- Direct Plan- Growth Option",2023-12-27,13.17
150404,"BANDHAN MID CAP FUND - GROWTH - DIRECT PLAN",2023-12-28,13.746
150584,"WhiteOak Capital Mid Cap Fund Direct Plan Growth",2023-12-28,14.556
150815,"JM Mid Cap Fund (Direct) - Growth",2023-12-28,14.7141
150817,"Canara Robeco Mid Cap Fund- Direct Plan- Growth Option",2023-12-28,13.2
150404,"BANDHAN MID CAP FUND - GROWTH - DIRECT PLAN",2023-12-29,13.834
150584,"WhiteOak Capital Mid Cap Fund Direct Plan Growth",2023-12-29,14.627
150815,"JM Mid Cap Fund (Direct) - Growth",2023-12-29,14.7417
150817,"Canara Robeco Mid Cap Fund- Direct Plan- Growth Option",2023-12-29,13.25
150404,"BANDHAN MID CAP FUND - GROWTH - DIRECT PLAN",2024-01-01,13.792
150584,"WhiteOak Capital Mid Cap Fund Direct Plan Growth",2024-01-01,14.629
150815,"JM Mid Cap Fund (Direct) - Growth",2024-01-01,14.8254
150817,"Canara Robeco Mid Cap Fund- Direct Plan- Growth Option",2024-01-01,13.23
150404,"BANDHAN MID CAP FUND - GROWTH - DIRECT PLAN",2024-01-02,13.728
150584,"WhiteOak Capital Mid Cap Fund Direct Plan Growth",2024-01-02,14.577
150815,"JM Mid Cap Fund (Direct) - Growth",2024-01-02,14.8036
150817,"Canara Robeco Mid Cap Fund- Direct Plan- Growth Option",2024-01-02,13.15
150404,"BANDHAN MID CAP FUND - GROWTH - DIRECT PLAN",2024-01-03,13.743
150584,"WhiteOak Capital Mid Cap Fund Direct Plan Growth",2024-01-03,14.609
150815,"JM Mid Cap Fund (Direct) - Growth",2024-01-03,14.7738
150817,"Canara Robeco Mid Cap Fund- Direct Plan- Growth Option",2024-01-03,13.16
150404,"BANDHAN MID CAP FUND - GROWTH - DIRECT PLAN",2024-01-04,13.896
150584,"WhiteOak Capital Mid Cap Fund Direct Plan Growth",2024-01-04,14.791
150815,"JM Mid Cap Fund (Direct) - Growth",2024-01-04,14.938
150817,"Canara Robeco Mid Cap Fund- Direct Plan- Growth Option",2024-01-04,13.29
150404,"BANDHAN MID CAP FUND - GROWTH - DIRECT PLAN",2024-01-05,13.949
150584,"WhiteOak Capital Mid Cap Fund Direct Plan Growth",2024-01-05,14.857
150815,"JM Mid Cap Fund (Direct) - Growth",2024-01-05,15.079
150817,"Canara Robeco Mid Cap Fund- Direct Plan- Growth Option",2024-01-05,13.36
150404,"BANDHAN MID CAP FUND - GROWTH - DIRECT PLAN",2024-01-08,13.886
150584,"WhiteOak Capital Mid Cap Fund Direct Plan Growth",2024-01-08,14.753
150815,"JM Mid Cap Fund (Direct) - Growth",2024-01-08,14.9115
150817,"Canara Robeco Mid Cap Fund- Direct Plan- Growth Option",2024-01-08,13.29
150404,"BANDHAN MID CAP FUND - GROWTH - DIRECT PLAN",2024-01-09,13.904
150584,"WhiteOak Capital Mid Cap Fund Direct Plan Growth",2024-01-09,14.797
150815,"JM Mid Cap Fund (Direct) - Growth",2024-01-09,14.9836
150817,"Canara Robeco Mid Cap Fund- Direct Plan- Growth Option",2024-01-09,13.29
150404,"BANDHAN MID CAP FUND - GROWTH - DIRECT PLAN",2024-01-10,13.915
150584,"WhiteOak Capital Mid Cap Fund Direct Plan Growth",2024-01-10,14.808
150815,"JM Mid Cap Fund (Direct) - Growth",2024-01-10,15.0411
150817,"Canara Robeco Mid Cap Fund- Direct Plan- Growth Option",2024-01-10,13.34
150404,"BANDHAN MID CAP FUND - GROWTH - DIRECT PLAN",2024-01-11,13.947
150584,"WhiteOak Capital Mid Cap Fund Direct Plan Growth",2024-01-11,14.916
150815,"JM Mid Cap Fund (Direct) - Growth",2024-01-11,15.1296
150817,"Canara Robeco Mid Cap Fund- Direct Plan- Growth Option",2024-01-11,13.36
150404,"BANDHAN MID CAP FUND - GROWTH - DIRECT PLAN",2024-01-12,13.982
150584,"WhiteOak Capital Mid Cap Fund Direct Plan Growth",2024-01-12,14.983
150815,"JM Mid Cap Fund (Direct) - Growth",2024-01-12,15.2341
150817,"Canara Robeco Mid Cap Fund- Direct Plan- Growth Option",2024-01-12,13.41
150404,"BANDHAN MID CAP FUND - GROWTH - DIRECT PLAN",2024-01-15,13.971
150584,"WhiteOak Capital Mid Cap Fund Direct Plan Growth",2024-01-15,15.03
150815,"JM Mid Cap Fund (Direct) - Growth",2024-01-15,15.3507
150817,"Canara Robeco Mid Cap Fund- Direct Plan- Growth Option",2024-01-15,13.42
150404,"BANDHAN MID CAP FUND - GROWTH - DIRECT PLAN",2024-01-16,13.894
150584,"WhiteOak Capital Mid Cap Fund Direct Plan Growth",2024-01-16,14.964
150815,"JM Mid Cap Fund (Direct) - Growth",2024-01-16,15.2529
150817,"Canara Robeco Mid Cap Fund- Direct Plan- Growth Option",2024-01-16,13.38
150404,"BANDHAN MID CAP FUND - GROWTH - DIRECT PLAN",2024-01-17,13.777
150584,"WhiteOak Capital Mid Cap Fund Direct Plan Growth",2024-01-17,14.853
150815,"JM Mid Cap Fund (Direct) - Growth",2024-01-17,15.1038
150817,"Canara Robeco Mid Cap Fund- Direct Plan- Growth Option",2024-01-17,13.3
150404,"BANDHAN MID CAP FUND - GROWTH - DIRECT PLAN",2024-01-18,13.715
150584,"WhiteOak Capital Mid Cap Fund Direct Plan Growth",2024-01-18,14.805
150815,"JM Mid Cap Fund (Direct) - Growth",2024-01-18,15.1382
150817,"Canara Robeco Mid Cap Fund- Direct Plan- Growth Option",2024-01-18,13.23
150404,"BANDHAN MID CAP FUND - GROWTH - DIRECT PLAN",2024-01-19,13.841
150584,"WhiteOak Capital Mid Cap Fund Direct Plan Growth",2024-01-19,14.992
150815,"JM Mid Cap Fund (Direct) - Growth",2024-01-19,15.3758
150817,"Canara Robeco Mid Cap Fund- Direct Plan- Growth Option",2024-01-19,13.39
150404,"BANDHAN MID CAP FUND - GROWTH - DIRECT PLAN",2024-01-23,13.547
150584,"WhiteOak Capital Mid Cap Fund Direct Plan Growth",2024-01-23,14.664
150815,"JM Mid Cap Fund (Direct) - Growth",2024-01-23,14.9544
150817,"Canara Robeco Mid Cap Fund- Direct Plan- Growth Option",2024-01-23,13.13
150404,"BANDHAN MID CAP FUND - GROWTH - DIRECT PLAN",2024-01-24,13.735
150584,"WhiteOak Capital Mid Cap Fund Direct Plan Growth",2024-01-24,14.858
150815,"JM Mid Cap Fund (Direct) - Growth",2024-01-24,15.3089
150817,"Canara Robeco Mid Cap Fund- Direct Plan- Growth Option",2024-01-24,13.32
150404,"BANDHAN MID CAP FUND - GROWTH - DIRECT PLAN",2024-01-25,13.693
150584,"WhiteOak Capital Mid Cap Fund Direct Plan Growth",2024-01-25,14.852
150815,"JM Mid Cap Fund (Direct) - Growth",2024-01-25,15.3621
150817,"Canara Robeco Mid Cap Fund- Direct Plan- Growth Option",2024-01-25,13.28
150404,"BANDHAN MID CAP FUND - GROWTH - DIRECT PLAN",2024-01-29,13.824
150584,"WhiteOak Capital Mid Cap Fund Direct Plan Growth",2024-01-29,15.055
150815,"JM Mid Cap Fund (Direct) - Growth",2024-01-29,15.5968
150817,"Canara Robeco Mid Cap Fund- Direct Plan- Growth Option",2024-01-29,13.48
150404,"BANDHAN MID CAP FUND - GROWTH - DIRECT PLAN",2024-01-30,13.741
150584,"WhiteOak Capital Mid Cap Fund Direct Plan Growth",2024-01-30,14.981
150815,"JM Mid Cap Fund (Direct) - Growth",2024-01-30,15.5547
150817,"Canara Robeco Mid Cap Fund- Direct Plan- Growth Option",2024-01-30,13.41
150404,"BANDHAN MID CAP FUND - GROWTH - DIRECT PLAN",2024-01-31,13.921
150584,"WhiteOak Capital Mid Cap Fund Direct Plan Growth",2024-01-31,15.22
150815,"JM Mid Cap Fund (Direct) - Growth",2024-01-31,15.7568
150817,"Canara Robeco Mid Cap Fund- Direct Plan- Growth Option",2024-01-31,13.63
150404,"BANDHAN MID CAP FUND - GROWTH - DIRECT PLAN",2024-02-01,13.882
150584,"WhiteOak Capital Mid Cap Fund Direct Plan Growth",2024-02-01,15.201
150815,"JM Mid Cap Fund (Direct) - Growth",2024-02-01,15.6469
150817,"Canara Robeco Mid Cap Fund- Direct Plan- Growth Option",2024-02-01,13.66
150404,"BANDHAN MID CAP FUND - GROWTH - DIRECT PLAN",2024-02-02,13.932
150584,"WhiteOak Capital Mid Cap Fund Direct Plan Growth",2024-02-02,15.309
150815,"JM Mid Cap Fund (Direct) - Growth",2024-02-02,15.8067
150817,"Canara Robeco Mid Cap Fund- Direct Plan- Growth Option",2024-02-02,13.8
150404,"BANDHAN MID CAP FUND - GROWTH - DIRECT PLAN",2024-02-05,13.878
150584,"WhiteOak Capital Mid Cap Fund Direct Plan Growth",2024-02-05,15.304
150815,"JM Mid Cap Fund (Direct) - Growth",2024-02-05,15.8618
150817,"Canara Robeco Mid Cap Fund- Direct Plan- Growth Option",2024-02-05,13.77
150404,"BANDHAN MID CAP FUND - GROWTH - DIRECT PLAN",2024-02-06,14.033
150584,"WhiteOak Capital Mid Cap Fund Direct Plan Growth",2024-02-06,15.535
150815,"JM Mid Cap Fund (Direct) - Growth",2024-02-06,15.9818
150817,"Canara Robeco Mid Cap Fund- Direct Plan- Growth Option",2024-02-06,13.93
150404,"BANDHAN MID CAP FUND - GROWTH - DIRECT PLAN",2024-02-07,14.142
150584,"WhiteOak Capital Mid Cap Fund Direct Plan Growth",2024-02-07,15.622
150815,"JM Mid Cap Fund (Direct) - Growth",2024-02-07,16.0392
150817,"Canara Robeco Mid Cap Fund- Direct Plan- Growth Option",2024-02-07,14.02
150404,"BANDHAN MID CAP FUND - GROWTH - DIRECT PLAN",2024-02-08,14.146
150584,"WhiteOak Capital Mid Cap Fund Direct Plan Growth",2024-02-08,15.584
150815,"JM Mid Cap Fund (Direct) - Growth",2024-02-08,15.9449
150817,"Canara Robeco Mid Cap Fund- Direct Plan- Growth Option",2024-02-08,14
150404,"BANDHAN MID CAP FUND - GROWTH - DIRECT PLAN",2024-02-09,14.072
150584,"WhiteOak Capital Mid Cap Fund Direct Plan Growth",2024-02-09,15.509
150815,"JM Mid Cap Fund (Direct) - Growth",2024-02-09,15.7744
150817,"Canara Robeco Mid Cap Fund- Direct Plan- Growth Option",2024-02-09,13.87
150404,"BANDHAN MID CAP FUND - GROWTH - DIRECT PLAN",2024-02-12,13.899
150584,"WhiteOak Capital Mid Cap Fund Direct Plan Growth",2024-02-12,15.319
150815,"JM Mid Cap Fund (Direct) - Growth",2024-02-12,15.2385
150817,"Canara Robeco Mid Cap Fund- Direct Plan- Growth Option",2024-02-12,13.67
150404,"BANDHAN MID CAP FUND - GROWTH - DIRECT PLAN",2024-02-13,13.872
150584,"WhiteOak Capital Mid Cap Fund Direct Plan Growth",2024-02-13,15.347
150815,"JM Mid Cap Fund (Direct) - Growth",2024-02-13,15.2728
150817,"Canara Robeco Mid Cap Fund- Direct Plan- Growth Option",2024-02-13,13.69
150404,"BANDHAN MID CAP FUND - GROWTH - DIRECT PLAN",2024-02-14,13.967
150584,"WhiteOak Capital Mid Cap Fund Direct Plan Growth",2024-02-14,15.439
150815,"JM Mid Cap Fund (Direct) - Growth",2024-02-14,15.4947
150817,"Canara Robeco Mid Cap Fund- Direct Plan- Growth Option",2024-02-14,13.78
150404,"BANDHAN MID CAP FUND - GROWTH - DIRECT PLAN",2024-02-15,14.062
150584,"WhiteOak Capital Mid Cap Fund Direct Plan Growth",2024-02-15,15.563
150815,"JM Mid Cap Fund (Direct) - Growth",2024-02-15,15.749
150817,"Canara Robeco Mid Cap Fund- Direct Plan- Growth Option",2024-02-15,13.92
150404,"BANDHAN MID CAP FUND - GROWTH - DIRECT PLAN",2024-02-16,14.206
150584,"WhiteOak Capital Mid Cap Fund Direct Plan Growth",2024-02-16,15.698
150815,"JM Mid Cap Fund (Direct) - Growth",2024-02-16,15.8642
150817,"Canara Robeco Mid Cap Fund- Direct Plan- Growth Option",2024-02-16,14.08
150404,"BANDHAN MID CAP FUND - GROWTH - DIRECT PLAN",2024-02-19,14.254
150584,"WhiteOak Capital Mid Cap Fund Direct Plan Growth",2024-02-19,15.721
150815,"JM Mid Cap Fund (Direct) - Growth",2024-02-19,15.9637
150817,"Canara Robeco Mid Cap Fund- Direct Plan- Growth Option",2024-02-19,14.15
150404,"BANDHAN MID CAP FUND - GROWTH - DIRECT PLAN",2024-02-20,14.197
150584,"WhiteOak Capital Mid Cap Fund Direct Plan Growth",2024-02-20,15.668
150815,"JM Mid Cap Fund (Direct) - Growth",2024-02-20,15.9455
150817,"Canara Robeco Mid Cap Fund- Direct Plan- Growth Option",2024-02-20,14.09
150404,"BANDHAN MID CAP FUND - GROWTH - DIRECT PLAN",2024-02-21,14.07
150584,"WhiteOak Capital Mid Cap Fund Direct Plan Growth",2024-02-21,15.579
150815,"JM Mid Cap Fund (Direct) - Growth",2024-02-21,15.7912
150817,"Canara Robeco Mid Cap Fund- Direct Plan- Growth Option",2024-02-21,14
150404,"BANDHAN MID CAP FUND - GROWTH - DIRECT PLAN",2024-02-22,14.204
150584,"WhiteOak Capital Mid Cap Fund Direct Plan Growth",2024-02-22,15.653
150815,"JM Mid Cap Fund (Direct) - Growth",2024-02-22,15.9564
150817,"Canara Robeco Mid Cap Fund- Direct Plan- Growth Option",2024-02-22,14.05
150404,"BANDHAN MID CAP FUND - GROWTH - DIRECT PLAN",2024-02-23,14.331
150584,"WhiteOak Capital Mid Cap Fund Direct Plan Growth",2024-02-23,15.73
150815,"JM Mid Cap Fund (Direct) - Growth",2024-02-23,15.9937
150817,"Canara Robeco Mid Cap Fund- Direct Plan- Growth Option",2024-02-23,14.1
150404,"BANDHAN MID CAP FUND - GROWTH - DIRECT PLAN",2024-02-26,14.308
150584,"WhiteOak Capital Mid Cap Fund Direct Plan Growth",2024-02-26,15.679
150815,"JM Mid Cap Fund (Direct) - Growth",2024-02-26,15.9439
150817,"Canara Robeco Mid Cap Fund- Direct Plan- Growth Option",2024-02-26,14.05
150404,"BANDHAN MID CAP FUND - GROWTH - DIRECT PLAN",2024-02-27,14.351
150584,"WhiteOak Capital Mid Cap Fund Direct Plan Growth",2024-02-27,15.68
150815,"JM Mid Cap Fund (Direct) - Growth",2024-02-27,15.8793
150817,"Canara Robeco Mid Cap Fund- Direct Plan- Growth Option",2024-02-27,14.09
150404,"BANDHAN MID CAP FUND - GROWTH - DIRECT PLAN",2024-02-28,14.149
150584,"WhiteOak Capital Mid Cap Fund Direct Plan Growth",2024-02-28,15.431
150815,"JM Mid Cap Fund (Direct) - Growth",2024-02-28,15.6029
150817,"Canara Robeco Mid Cap Fund- Direct Plan- Growth Option",2024-02-28,13.92
150404,"BANDHAN MID CAP FUND - GROWTH - DIRECT PLAN",2024-02-29,14.258
150584,"WhiteOak Capital Mid Cap Fund Direct Plan Growth",2024-02-29,15.466
150815,"JM Mid Cap Fund (Direct) - Growth",2024-02-29,15.7174
150817,"Canara Robeco Mid Cap Fund- Direct Plan- Growth Option",2024-02-29,13.95
150404,"BANDHAN MID CAP FUND - GROWTH - DIRECT PLAN",2024-03-01,14.357
150584,"WhiteOak Capital Mid Cap Fund Direct Plan Growth",2024-03-01,15.586
150815,"JM Mid Cap Fund (Direct) - Growth",2024-03-01,15.7368
150817,"Canara Robeco Mid Cap Fund- Direct Plan- Growth Option",2024-03-01,14
150404,"BANDHAN MID CAP FUND - GROWTH - DIRECT PLAN",2024-03-04,14.408
150584,"WhiteOak Capital Mid Cap Fund Direct Plan Growth",2024-03-04,15.567
150815,"JM Mid Cap Fund (Direct) - Growth",2024-03-04,15.9166
150817,"Canara Robeco Mid Cap Fund- Direct Plan- Growth Option",2024-03-04,14.04
150404,"BANDHAN MID CAP FUND - GROWTH - DIRECT PLAN",2024-03-05,14.322
150584,"WhiteOak Capital Mid Cap Fund Direct Plan Growth",2024-03-05,15.393
150815,"JM Mid Cap Fund (Direct) - Growth",2024-03-05,15.8951
150817,"Canara Robeco Mid Cap Fund- Direct Plan- Growth Option",2024-03-05,13.98
150404,"BANDHAN MID CAP FUND - GROWTH - DIRECT PLAN",2024-03-06,14.282
150584,"WhiteOak Capital Mid Cap Fund Direct Plan Growth",2024-03-06,15.258
150815,"JM Mid Cap Fund (Direct) - Growth",2024-03-06,15.714
150817,"Canara Robeco Mid Cap Fund- Direct Plan- Growth Option",2024-03-06,13.97
150404,"BANDHAN MID CAP FUND - GROWTH - DIRECT PLAN",2024-03-07,14.375
150584,"WhiteOak Capital Mid Cap Fund Direct Plan Growth",2024-03-07,15.304
150815,"JM Mid Cap Fund (Direct) - Growth",2024-03-07,15.835
150817,"Canara Robeco Mid Cap Fund- Direct Plan- Growth Option",2024-03-07,14
150404,"BANDHAN MID CAP FUND - GROWTH - DIRECT PLAN",2024-03-11,14.258
150584,"WhiteOak Capital Mid Cap Fund Direct Plan Growth",2024-03-11,15.219
150815,"JM Mid Cap Fund (Direct) - Growth",2024-03-11,15.7119
150817,"Canara Robeco Mid Cap Fund- Direct Plan- Growth Option",2024-03-11,13.95
150404,"BANDHAN MID CAP FUND - GROWTH - DIRECT PLAN",2024-03-12,14.097
150584,"WhiteOak Capital Mid Cap Fund Direct Plan Growth",2024-03-12,15.04
150815,"JM Mid Cap Fund (Direct) - Growth",2024-03-12,15.4824
150817,"Canara Robeco Mid Cap Fund- Direct Plan- Growth Option",2024-03-12,13.84
150404,"BANDHAN MID CAP FUND - GROWTH - DIRECT PLAN",2024-03-13,13.641
150584,"WhiteOak Capital Mid Cap Fund Direct Plan Growth",2024-03-13,14.542
150815,"JM Mid Cap Fund (Direct) - Growth",2024-03-13,14.8452
150817,"Canara Robeco Mid Cap Fund- Direct Plan- Growth Option",2024-03-13,13.4
150404,"BANDHAN MID CAP FUND - GROWTH - DIRECT PLAN",2024-03-14,13.865
150584,"WhiteOak Capital Mid Cap Fund Direct Plan Growth",2024-03-14,14.757
150815,"JM Mid Cap Fund (Direct) - Growth",2024-03-14,15.2121
150817,"Canara Robeco Mid Cap Fund- Direct Plan- Growth Option",2024-03-14,13.56
150404,"BANDHAN MID CAP FUND - GROWTH - DIRECT PLAN",2024-03-15,13.87
150584,"WhiteOak Capital Mid Cap Fund Direct Plan Growth",2024-03-15,14.784
150815,"JM Mid Cap Fund (Direct) - Growth",2024-03-15,15.1194
150817,"Canara Robeco Mid Cap Fund- Direct Plan- Growth Option",2024-03-15,13.54
150404,"BANDHAN MID CAP FUND - GROWTH - DIRECT PLAN",2024-03-18,13.847
150584,"WhiteOak Capital Mid Cap Fund Direct Plan Growth",2024-03-18,14.713
150815,"JM Mid Cap Fund (Direct) - Growth",2024-03-18,15.1319
150817,"Canara Robeco Mid Cap Fund- Direct Plan- Growth Option",2024-03-18,13.58
150404,"BANDHAN MID CAP FUND - GROWTH - DIRECT PLAN",2024-03-19,13.764
150584,"WhiteOak Capital Mid Cap Fund Direct Plan Growth",2024-03-19,14.592
150815,"JM Mid Cap Fund (Direct) - Growth",2024-03-19,14.9563
150817,"Canara Robeco Mid Cap Fund- Direct Plan- Growth Option",2024-03-19,13.48
150404,"BANDHAN MID CAP FUND - GROWTH - DIRECT PLAN",2024-03-20,13.798
150584,"WhiteOak Capital Mid Cap Fund Direct Plan Growth",2024-03-20,14.622
150815,"JM Mid Cap Fund (Direct) - Growth",2024-03-20,15.0248
150817,"Canara Robeco Mid Cap Fund- Direct Plan- Growth Option",2024-03-20,13.46
150404,"BANDHAN MID CAP FUND - GROWTH - DIRECT PLAN",2024-03-21,14.088
150584,"WhiteOak Capital Mid Cap Fund Direct Plan Growth",2024-03-21,14.906
150815,"JM Mid Cap Fund (Direct) - Growth",2024-03-21,15.4026
150817,"Canara Robeco Mid Cap Fund- Direct Plan- Growth Option",2024-03-21,13.7
150404,"BANDHAN MID CAP FUND - GROWTH - DIRECT PLAN",2024-03-22,14.15
150584,"WhiteOak Capital Mid Cap Fund Direct Plan Growth",2024-03-22,14.955
150815,"JM Mid Cap Fund (Direct) - Growth",2024-03-22,15.5058
150817,"Canara Robeco Mid Cap Fund- Direct Plan- Growth Option",2024-03-22,13.74
150404,"BANDHAN MID CAP FUND - GROWTH - DIRECT PLAN",2024-03-26,14.308
150584,"WhiteOak Capital Mid Cap Fund Direct Plan Growth",2024-03-26,15.089
150815,"JM Mid Cap Fund (Direct) - Growth",2024-03-26,15.5993
150817,"Canara Robeco Mid Cap Fund- Direct Plan- Growth Option",2024-03-26,13.88
150404,"BANDHAN MID CAP FUND - GROWTH - DIRECT PLAN",2024-03-27,14.387
150584,"WhiteOak Capital Mid Cap Fund Direct Plan Growth",2024-03-27,15.195
150815,"JM Mid Cap Fund (Direct) - Growth",2024-03-27,15.6307
150817,"Canara Robeco Mid Cap Fund- Direct Plan- Growth Option",2024-03-27,13.96
150404,"BANDHAN MID CAP FUND - GROWTH - DIRECT PLAN",2024-03-28,14.451
150584,"WhiteOak Capital Mid Cap Fund Direct Plan Growth",2024-03-28,15.27
150815,"JM Mid Cap Fund (Direct) - Growth",2024-03-28,15.7503
150817,"Canara Robeco Mid Cap Fund- Direct Plan- Growth Option",2024-03-28,14.05
150404,"BANDHAN MID CAP FUND - GROWTH - DIRECT PLAN",2024-03-31,14.451
150584,"WhiteOak Capital Mid Cap Fund Direct Plan Growth",2024-03-31,15.271
150815,"JM Mid Cap Fund (Direct) - Growth",2024-03-31,15.7501
150817,"Canara Robeco Mid Cap Fund- Direct Plan- Growth Option",2024-03-31,14.04
150404,"BANDHAN MID CAP FUND - GROWTH - DIRECT PLAN",2024-04-01,14.601
150584,"WhiteOak Capital Mid Cap Fund Direct Plan Growth",2024-04-01,15.448
150815,"JM Mid Cap Fund (Direct) - Growth",2024-04-01,16.0227
150817,"Canara Robeco Mid Cap Fund- Direct Plan- Growth Option",2024-04-01,14.22
150404,"BANDHAN MID CAP FUND - GROWTH - DIRECT PLAN",2024-04-02,14.757
150584,"WhiteOak Capital Mid Cap Fund Direct Plan Growth",2024-04-02,15.585
150815,"JM Mid Cap Fund (Direct) - Growth",2024-04-02,16.1949
150817,"Canara Robeco Mid Cap Fund- Direct Plan- Growth Option",2024-04-02,14.37
150404,"BANDHAN MID CAP FUND - GROWTH - DIRECT PLAN",2024-04-03,14.82
150584,"WhiteOak Capital Mid Cap Fund Direct Plan Growth",2024-04-03,15.636
150815,"JM Mid Cap Fund (Direct) - Growth",2024-04-03,16.346
150817,"Canara Robeco Mid Cap Fund- Direct Plan- Growth Option",2024-04-03,14.41
150404,"BANDHAN MID CAP FUND - GROWTH - DIRECT PLAN",2024-04-04,14.87
150584,"WhiteOak Capital Mid Cap Fund Direct Plan Growth",2024-04-04,15.68
150815,"JM Mid Cap Fund (Direct) - Growth",2024-04-04,16.3936
150817,"Canara Robeco Mid Cap Fund- Direct Plan- Growth Option",2024-04-04,14.45
150404,"BANDHAN MID CAP FUND - GROWTH - DIRECT PLAN",2024-04-05,14.895
150584,"WhiteOak Capital Mid Cap Fund Direct Plan Growth",2024-04-05,15.703
150815,"JM Mid Cap Fund (Direct) - Growth",2024-04-05,16.4714
150817,"Canara Robeco Mid Cap Fund- Direct Plan- Growth Option",2024-04-05,14.47
150404,"BANDHAN MID CAP FUND - GROWTH - DIRECT PLAN",2024-04-08,14.845
150584,"WhiteOak Capital Mid Cap Fund Direct Plan Growth",2024-04-08,15.708
150815,"JM Mid Cap Fund (Direct) - Growth",2024-04-08,16.542
150817,"Canara Robeco Mid Cap Fund- Direct Plan- Growth Option",2024-04-08,14.54
150404,"BANDHAN MID CAP FUND - GROWTH - DIRECT PLAN",2024-04-09,14.794
150584,"WhiteOak Capital Mid Cap Fund Direct Plan Growth",2024-04-09,15.694
150815,"JM Mid Cap Fund (Direct) - Growth",2024-04-09,16.5216
150817,"Canara Robeco Mid Cap Fund- Direct Plan- Growth Option",2024-04-09,14.51
150404,"BANDHAN MID CAP FUND - GROWTH - DIRECT PLAN",2024-04-10,14.887
150584,"WhiteOak Capital Mid Cap Fund Direct Plan Growth",2024-04-10,15.797
150815,"JM Mid Cap Fund (Direct) - Growth",2024-04-10,16.6676
150817,"Canara Robeco Mid Cap Fund- Direct Plan- Growth Option",2024-04-10,14.58
150404,"BANDHAN MID CAP FUND - GROWTH - DIRECT PLAN",2024-04-12,14.851
150584,"WhiteOak Capital Mid Cap Fund Direct Plan Growth",2024-04-12,15.737
150815,"JM Mid Cap Fund (Direct) - Growth",2024-04-12,16.6032
150817,"Canara Robeco Mid Cap Fund- Direct Plan- Growth Option",2024-04-12,14.52
150404,"BANDHAN MID CAP FUND - GROWTH - DIRECT PLAN",2024-04-15,14.681
150584,"WhiteOak Capital Mid Cap Fund Direct Plan Growth",2024-04-15,15.56
150815,"JM Mid Cap Fund (Direct) - Growth",2024-04-15,16.4006
150817,"Canara Robeco Mid Cap Fund- Direct Plan- Growth Option",2024-04-15,14.36
150404,"BANDHAN MID CAP FUND - GROWTH - DIRECT PLAN",2024-04-16,14.684
150584,"WhiteOak Capital Mid Cap Fund Direct Plan Growth",2024-04-16,15.574
150815,"JM Mid Cap Fund (Direct) - Growth",2024-04-16,16.5639
150817,"Canara Robeco Mid Cap Fund- Direct Plan- Growth Option",2024-04-16,14.34
150404,"BANDHAN MID CAP FUND - GROWTH - DIRECT PLAN",2024-04-18,14.682
150584,"WhiteOak Capital Mid Cap Fund Direct Plan Growth",2024-04-18,15.561
150815,"JM Mid Cap Fund (Direct) - Growth",2024-04-18,16.6605
150817,"Canara Robeco Mid Cap Fund- Direct Plan- Growth Option",2024-04-18,14.29
150404,"BANDHAN MID CAP FUND - GROWTH - DIRECT PLAN",2024-04-19,14.664
150584,"WhiteOak Capital Mid Cap Fund Direct Plan Growth",2024-04-19,15.552
150815,"JM Mid Cap Fund (Direct) - Growth",2024-04-19,16.6241
150817,"Canara Robeco Mid Cap Fund- Direct Plan- Growth Option",2024-04-19,14.29
150404,"BANDHAN MID CAP FUND - GROWTH - DIRECT PLAN",2024-04-22,14.705
150584,"WhiteOak Capital Mid Cap Fund Direct Plan Growth",2024-04-22,15.614
150815,"JM Mid Cap Fund (Direct) - Growth",2024-04-22,16.8127
150817,"Canara Robeco Mid Cap Fund- Direct Plan- Growth Option",2024-04-22,14.33
150404,"BANDHAN MID CAP FUND - GROWTH - DIRECT PLAN",2024-04-23,14.842
150584,"WhiteOak Capital Mid Cap Fund Direct Plan Growth",2024-04-23,15.665
150815,"JM Mid Cap Fund (Direct) - Growth",2024-04-23,16.9966
150817,"Canara Robeco Mid Cap Fund- Direct Plan- Growth Option",2024-04-23,14.41
150404,"BANDHAN MID CAP FUND - GROWTH - DIRECT PLAN",2024-04-24,14.995
150584,"WhiteOak Capital Mid Cap Fund Direct Plan Growth",2024-04-24,15.777
150815,"JM Mid Cap Fund (Direct) - Growth",2024-04-24,17.139
150817,"Canara Robeco Mid Cap Fund- Direct Plan- Growth Option",2024-04-24,14.56
150404,"BANDHAN MID CAP FUND - GROWTH - DIRECT PLAN",2024-04-25,15.013
150584,"WhiteOak Capital Mid Cap Fund Direct Plan Growth",2024-04-25,15.821
150815,"JM Mid Cap Fund (Direct) - Growth",2024-04-25,17.331
150817,"Canara Robeco Mid Cap Fund- Direct Plan- Growth Option",2024-04-25,14.6
150404,"BANDHAN MID CAP FUND - GROWTH - DIRECT PLAN",2024-04-26,15.106
150584,"WhiteOak Capital Mid Cap Fund Direct Plan Growth",2024-04-26,15.889
150815,"JM Mid Cap Fund (Direct) - Growth",2024-04-26,17.4505
150817,"Canara Robeco Mid Cap Fund- Direct Plan- Growth Option",2024-04-26,14.67
150404,"BANDHAN MID CAP FUND - GROWTH - DIRECT PLAN",2024-04-29,15.202
150584,"WhiteOak Capital Mid Cap Fund Direct Plan Growth",2024-04-29,15.995
150815,"JM Mid Cap Fund (Direct) - Growth",2024-04-29,17.4902
150817,"Canara Robeco Mid Cap Fund- Direct Plan- Growth Option",2024-04-29,14.75
150404,"BANDHAN MID CAP FUND - GROWTH - DIRECT PLAN",2024-04-30,15.277
150584,"WhiteOak Capital Mid Cap Fund Direct Plan Growth",2024-04-30,16.106
150815,"JM Mid Cap Fund (Direct) - Growth",2024-04-30,17.6505
150817,"Canara Robeco Mid Cap Fund- Direct Plan- Growth Option",2024-04-30,14.81
150404,"BANDHAN MID CAP FUND - GROWTH - DIRECT PLAN",2024-05-02,15.384
150584,"WhiteOak Capital Mid Cap Fund Direct Plan Growth",2024-05-02,16.183
150815,"JM Mid Cap Fund (Direct) - Growth",2024-05-02,17.7592
150817,"Canara Robeco Mid Cap Fund- Direct Plan- Growth Option",2024-05-02,14.91
150404,"BANDHAN MID CAP FUND - GROWTH - DIRECT PLAN",2024-05-03,15.348
150584,"WhiteOak Capital Mid Cap Fund Direct Plan Growth",2024-05-03,16.126
150815,"JM Mid Cap Fund (Direct) - Growth",2024-05-03,17.7708
150817,"Canara Robeco Mid Cap Fund- Direct Plan- Growth Option",2024-05-03,14.86
150404,"BANDHAN MID CAP FUND - GROWTH - DIRECT PLAN",2024-05-06,15.288
150584,"WhiteOak Capital Mid Cap Fund Direct Plan Growth",2024-05-06,16.025
150815,"JM Mid Cap Fund (Direct) - Growth",2024-05-06,17.6186
150817,"Canara Robeco Mid Cap Fund- Direct Plan- Growth Option",2024-05-06,14.77
150404,"BANDHAN MID CAP FUND - GROWTH - DIRECT PLAN",2024-05-07,15.108
150584,"WhiteOak Capital Mid Cap Fund Direct Plan Growth",2024-05-07,15.817
150815,"JM Mid Cap Fund (Direct) - Growth",2024-05-07,17.3898
150817,"Canara Robeco Mid Cap Fund- Direct Plan- Growth Option",2024-05-07,14.51
150404,"BANDHAN MID CAP FUND - GROWTH - DIRECT PLAN",2024-05-08,15.228
150584,"WhiteOak Capital Mid Cap Fund Direct Plan Growth",2024-05-08,15.878
150815,"JM Mid Cap Fund (Direct) - Growth",2024-05-08,17.6314
150817,"Canara Robeco Mid Cap Fund- Direct Plan- Growth Option",2024-05-08,14.56
150404,"BANDHAN MID CAP FUND - GROWTH - DIRECT PLAN",2024-05-09,15.035
150584,"WhiteOak Capital Mid Cap Fund Direct Plan Growth",2024-05-09,15.607
150815,"JM Mid Cap Fund (Direct) - Growth",2024-05-09,17.2721
150817,"Canara Robeco Mid Cap Fund- Direct Plan- Growth Option",2024-05-09,14.31
150404,"BANDHAN MID CAP FUND - GROWTH - DIRECT PLAN",2024-05-10,15.112
150584,"WhiteOak Capital Mid Cap Fund Direct Plan Growth",2024-05-10,15.715
150815,"JM Mid Cap Fund (Direct) - Growth",2024-05-10,17.3816
150817,"Canara Robeco Mid Cap Fund- Direct Plan- Growth Option",2024-05-10,14.48
150404,"BANDHAN MID CAP FUND - GROWTH - DIRECT PLAN",2024-05-13,15.133
150584,"WhiteOak Capital Mid Cap Fund Direct Plan Growth",2024-05-13,15.777
150815,"JM Mid Cap Fund (Direct) - Growth",2024-05-13,17.5036
150817,"Canara Robeco Mid Cap Fund- Direct Plan- Growth Option",2024-05-13,14.48
150404,"BANDHAN MID CAP FUND - GROWTH - DIRECT PLAN",2024-05-14,15.328
150584,"WhiteOak Capital Mid Cap Fund Direct Plan Growth",2024-05-14,15.911
150815,"JM Mid Cap Fund (Direct) - Growth",2024-05-14,17.8323
150817,"Canara Robeco Mid Cap Fund- Direct Plan- Growth Option",2024-05-14,14.65
150404,"BANDHAN MID CAP FUND - GROWTH - DIRECT PLAN",2024-05-15,15.497
150584,"WhiteOak Capital Mid Cap Fund Direct Plan Growth",2024-05-15,16.071
150815,"JM Mid Cap Fund (Direct) - Growth",2024-05-15,18.1244
150817,"Canara Robeco Mid Cap Fund- Direct Plan- Growth Option",2024-05-15,14.78
150404,"BANDHAN MID CAP FUND - GROWTH - DIRECT PLAN",2024-05-16,15.672
150584,"WhiteOak Capital Mid Cap Fund Direct Plan Growth",2024-05-16,16.218
150815,"JM Mid Cap Fund (Direct) - Growth",2024-05-16,18.3585
150817,"Canara Robeco Mid Cap Fund- Direct Plan- Growth Option",2024-05-16,14.95
150404,"BANDHAN MID CAP FUND - GROWTH - DIRECT PLAN",2024-05-17,15.907
150584,"WhiteOak Capital Mid Cap Fund Direct Plan Growth",2024-05-17,16.399
150815,"JM Mid Cap Fund (Direct) - Growth",2024-05-17,18.5211
150817,"Canara Robeco Mid Cap Fund- Direct Plan- Growth Option",2024-05-17,15.18
150404,"BANDHAN MID CAP FUND - GROWTH - DIRECT PLAN",2024-05-21,15.922
150584,"WhiteOak Capital Mid Cap Fund Direct Plan Growth",2024-05-21,16.452
150815,"JM Mid Cap Fund (Direct) - Growth",2024-05-21,18.5653
150817,"Canara Robeco Mid Cap Fund- Direct Plan- Growth Option",2024-05-21,15.27
150404,"BANDHAN MID CAP FUND - GROWTH - DIRECT PLAN",2024-05-22,15.918
150584,"WhiteOak Capital Mid Cap Fund Direct Plan Growth",2024-05-22,16.429
150815,"JM Mid Cap Fund (Direct) - Growth",2024-05-22,18.5567
150817,"Canara Robeco Mid Cap Fund- Direct Plan- Growth Option",2024-05-22,15.2
150404,"BANDHAN MID CAP FUND - GROWTH - DIRECT PLAN",2024-05-23,16.017
150584,"WhiteOak Capital Mid Cap Fund Direct Plan Growth",2024-05-23,16.462
150815,"JM Mid Cap Fund (Direct) - Growth",2024-05-23,18.5862
150817,"Canara Robeco Mid Cap Fund- Direct Plan- Growth Option",2024-05-23,15.33
150404,"BANDHAN MID CAP FUND - GROWTH - DIRECT PLAN",2024-05-24,16.065
150584,"WhiteOak Capital Mid Cap Fund Direct Plan Growth",2024-05-24,16.455
150815,"JM Mid Cap Fund (Direct) - Growth",2024-05-24,18.612
150817,"Canara Robeco Mid Cap Fund- Direct Plan- Growth Option",2024-05-24,15.32
150404,"BANDHAN MID CAP FUND - GROWTH - DIRECT PLAN",2024-05-27,16.098
150584,"WhiteOak Capital Mid Cap Fund Direct Plan Growth",2024-05-27,16.529
150815,"JM Mid Cap Fund (Direct) - Growth",2024-05-27,18.6661
150817,"Canara Robeco Mid Cap Fund- Direct Plan- Growth Option",2024-05-27,15.33
150404,"BANDHAN MID CAP FUND - GROWTH - DIRECT PLAN",2024-05-28,15.928
150584,"WhiteOak Capital Mid Cap Fund Direct Plan Growth",2024-05-28,16.398
150815,"JM Mid Cap Fund (Direct) - Growth",2024-05-28,18.5631
150817,"Canara Robeco Mid Cap Fund- Direct Plan- Growth Option",2024-05-28,15.16
150404,"BANDHAN MID CAP FUND - GROWTH - DIRECT PLAN",2024-05-29,15.919
150584,"WhiteOak Capital Mid Cap Fund Direct Plan Growth",2024-05-29,16.34
150815,"JM Mid Cap Fund (Direct) - Growth",2024-05-29,18.6804
150817,"Canara Robeco Mid Cap Fund- Direct Plan- Growth Option",2024-05-29,15.18
150404,"BANDHAN MID CAP FUND - GROWTH - DIRECT PLAN",2024-05-30,15.783
150584,"WhiteOak Capital Mid Cap Fund Direct Plan Growth",2024-05-30,16.151
150815,"JM Mid Cap Fund (Direct) - Growth",2024-05-30,18.3936
150817,"Canara Robeco Mid Cap Fund- Direct Plan- Growth Option",2024-05-30,15.05
150404,"BANDHAN MID CAP FUND - GROWTH - DIRECT PLAN",2024-05-31,15.801
150584,"WhiteOak Capital Mid Cap Fund Direct Plan Growth",2024-05-31,16.177
150815,"JM Mid Cap Fund (Direct) - Growth",2024-05-31,18.4523
150817,"Canara Robeco Mid Cap Fund- Direct Plan- Growth Option",2024-05-31,15.04
150404,"BANDHAN MID CAP FUND - GROWTH - DIRECT PLAN",2024-06-03,16.263
150584,"WhiteOak Capital Mid Cap Fund Direct Plan Growth",2024-06-03,16.62
150815,"JM Mid Cap Fund (Direct) - Growth",2024-06-03,18.9966
150817,"Canara Robeco Mid Cap Fund- Direct Plan- Growth Option",2024-06-03,15.52
150404,"BANDHAN MID CAP FUND - GROWTH - DIRECT PLAN",2024-06-04,15.209
150584,"WhiteOak Capital Mid Cap Fund Direct Plan Growth",2024-06-04,15.56
150815,"JM Mid Cap Fund (Direct) - Growth",2024-06-04,17.524
150817,"Canara Robeco Mid Cap Fund- Direct Plan- Growth Option",2024-06-04,14.5
150404,"BANDHAN MID CAP FUND - GROWTH - DIRECT PLAN",2024-06-05,15.719
150584,"WhiteOak Capital Mid Cap Fund Direct Plan Growth",2024-06-05,16.147
150815,"JM Mid Cap Fund (Direct) - Growth",2024-06-05,17.9792
150817,"Canara Robeco Mid Cap Fund- Direct Plan- Growth Option",2024-06-05,15
150404,"BANDHAN MID CAP FUND - GROWTH - DIRECT PLAN",2024-06-06,16.11
150584,"WhiteOak Capital Mid Cap Fund Direct Plan Growth",2024-06-06,16.494
150815,"JM Mid Cap Fund (Direct) - Growth",2024-06-06,18.4783
150817,"Canara Robeco Mid Cap Fund- Direct Plan- Growth Option",2024-06-06,15.41
150404,"BANDHAN MID CAP FUND - GROWTH - DIRECT PLAN",2024-06-07,16.32
150584,"WhiteOak Capital Mid Cap Fund Direct Plan Growth",2024-06-07,16.752
150815,"JM Mid Cap Fund (Direct) - Growth",2024-06-07,18.6838
150817,"Canara Robeco Mid Cap Fund- Direct Plan- Growth Option",2024-06-07,15.63
150404,"BANDHAN MID CAP FUND - GROWTH - DIRECT PLAN",2024-06-10,16.396
150584,"WhiteOak Capital Mid Cap Fund Direct Plan Growth",2024-06-10,16.841
150815,"JM Mid Cap Fund (Direct) - Growth",2024-06-10,18.7897
150817,"Canara Robeco Mid Cap Fund- Direct Plan- Growth Option",2024-06-10,15.67
150404,"BANDHAN MID CAP FUND - GROWTH - DIRECT PLAN",2024-06-11,16.534
150584,"WhiteOak Capital Mid Cap Fund Direct Plan Growth",2024-06-11,16.916
150815,"JM Mid Cap Fund (Direct) - Growth",2024-06-11,19.0086
150817,"Canara Robeco Mid Cap Fund- Direct Plan- Growth Option",2024-06-11,15.8
150404,"BANDHAN MID CAP FUND - GROWTH - DIRECT PLAN",2024-06-12,16.724
150584,"WhiteOak Capital Mid Cap Fund Direct Plan Growth",2024-06-12,17.129
150815,"JM Mid Cap Fund (Direct) - Growth",2024-06-12,19.2222
150817,"Canara Robeco Mid Cap Fund- Direct Plan- Growth Option",2024-06-12,15.96
150404,"BANDHAN MID CAP FUND - GROWTH - DIRECT PLAN",2024-06-13,16.858
150584,"WhiteOak Capital Mid Cap Fund Direct Plan Growth",2024-06-13,17.281
150815,"JM Mid Cap Fund (Direct) - Growth",2024-06-13,19.3698
150817,"Canara Robeco Mid Cap Fund- Direct Plan- Growth Option",2024-06-13,16.14
150404,"BANDHAN MID CAP FUND - GROWTH - DIRECT PLAN",2024-06-14,17.143
150584,"WhiteOak Capital Mid Cap Fund Direct Plan Growth",2024-06-14,17.46
150815,"JM Mid Cap Fund (Direct) - Growth",2024-06-14,19.6362
150817,"Canara Robeco Mid Cap Fund- Direct Plan- Growth Option",2024-06-14,16.38
150404,"BANDHAN MID CAP FUND - GROWTH - DIRECT PLAN",2024-06-18,17.301
150584,"WhiteOak Capital Mid Cap Fund Direct Plan Growth",2024-06-18,17.57
150815,"JM Mid Cap Fund (Direct) - Growth",2024-06-18,19.6538
150817,"Canara Robeco Mid Cap Fund- Direct Plan- Growth Option",2024-06-18,16.54
150404,"BANDHAN MID CAP FUND - GROWTH - DIRECT PLAN",2024-06-19,17.154
150584,"WhiteOak Capital Mid Cap Fund Direct Plan Growth",2024-06-19,17.44
150815,"JM Mid Cap Fund (Direct) - Growth",2024-06-19,19.5274
150817,"Canara Robeco Mid Cap Fund- Direct Plan- Growth Option",2024-06-19,16.37
150404,"BANDHAN MID CAP FUND - GROWTH - DIRECT PLAN",2024-06-20,17.297
150584,"WhiteOak Capital Mid Cap Fund Direct Plan Growth",2024-06-20,17.516
150815,"JM Mid Cap Fund (Direct) - Growth",2024-06-20,19.6395
150817,"Canara Robeco Mid Cap Fund- Direct Plan- Growth Option",2024-06-20,16.49
150404,"BANDHAN MID CAP FUND - GROWTH - DIRECT PLAN",2024-06-21,17.236
150584,"WhiteOak Capital Mid Cap Fund Direct Plan Growth",2024-06-21,17.513
150815,"JM Mid Cap Fund (Direct) - Growth",2024-06-21,19.6465
150817,"Canara Robeco Mid Cap Fund- Direct Plan- Growth Option",2024-06-21,16.48
150404,"BANDHAN MID CAP FUND - GROWTH - DIRECT PLAN",2024-06-24,17.351
150584,"WhiteOak Capital Mid Cap Fund Direct Plan Growth",2024-06-24,17.577
150815,"JM Mid Cap Fund (Direct) - Growth",2024-06-24,19.7144
150817,"Canara Robeco Mid Cap Fund- Direct Plan- Growth Option",2024-06-24,16.59
150404,"BANDHAN MID CAP FUND - GROWTH - DIRECT PLAN",2024-06-25,17.358
150584,"WhiteOak Capital Mid Cap Fund Direct Plan Growth",2024-06-25,17.611
150815,"JM Mid Cap Fund (Direct) - Growth",2024-06-25,19.6522
150817,"Canara Robeco Mid Cap Fund- Direct Plan- Growth Option",2024-06-25,16.57
150404,"BANDHAN MID CAP FUND - GROWTH - DIRECT PLAN",2024-06-26,17.321
150584,"WhiteOak Capital Mid Cap Fund Direct Plan Growth",2024-06-26,17.613
150815,"JM Mid Cap Fund (Direct) - Growth",2024-06-26,19.7345
150817,"Canara Robeco Mid Cap Fund- Direct Plan- Growth Option",2024-06-26,16.55
150404,"BANDHAN MID CAP FUND - GROWTH - DIRECT PLAN",2024-06-27,17.363
150584,"WhiteOak Capital Mid Cap Fund Direct Plan Growth",2024-06-27,17.618
150815,"JM Mid Cap Fund (Direct) - Growth",2024-06-27,19.738
150817,"Canara Robeco Mid Cap Fund- Direct Plan- Growth Option",2024-06-27,16.61
150404,"BANDHAN MID CAP FUND - GROWTH - DIRECT PLAN",2024-06-28,17.444
150584,"WhiteOak Capital Mid Cap Fund Direct Plan Growth",2024-06-28,17.707
150815,"JM Mid Cap Fund (Direct) - Growth",2024-06-28,19.8137
150817,"Canara Robeco Mid Cap Fund- Direct Plan- Growth Option",2024-06-28,16.66
150404,"BANDHAN MID CAP FUND - GROWTH - DIRECT PLAN",2024-06-30,17.443
150404,"BANDHAN MID CAP FUND - GROWTH - DIRECT PLAN",2024-07-01,17.64
150584,"WhiteOak Capital Mid Cap Fund Direct Plan Growth",2024-07-01,17.922
150815,"JM Mid Cap Fund (Direct) - Growth",2024-07-01,20.0019
150817,"Canara Robeco Mid Cap Fund- Direct Plan- Growth Option",2024-07-01,16.89
150404,"BANDHAN MID CAP FUND - GROWTH - DIRECT PLAN",2024-07-02,17.631
150584,"WhiteOak Capital Mid Cap Fund Direct Plan Growth",2024-07-02,17.856
150815,"JM Mid Cap Fund (Direct) - Growth",2024-07-02,20.0206
150817,"Canara Robeco Mid Cap Fund- Direct Plan- Growth Option",2024-07-02,16.84
150404,"BANDHAN MID CAP FUND - GROWTH - DIRECT PLAN",2024-07-03,17.757
150584,"WhiteOak Capital Mid Cap Fund Direct Plan Growth",2024-07-03,17.999
150815,"JM Mid Cap Fund (Direct) - Growth",2024-07-03,20.2164
150817,"Canara Robeco Mid Cap Fund- Direct Plan- Growth Option",2024-07-03,17.01
150404,"BANDHAN MID CAP FUND - GROWTH - DIRECT PLAN",2024-07-04,17.88
150584,"WhiteOak Capital Mid Cap Fund Direct Plan Growth",2024-07-04,18.104
150815,"JM Mid Cap Fund (Direct) - Growth",2024-07-04,20.3039
150817,"Canara Robeco Mid Cap Fund- Direct Plan- Growth Option",2024-07-04,17.21
150404,"BANDHAN MID CAP FUND - GROWTH - DIRECT PLAN",2024-07-05,17.964
150584,"WhiteOak Capital Mid Cap Fund Direct Plan Growth",2024-07-05,18.21
150815,"JM Mid Cap Fund (Direct) - Growth",2024-07-05,20.4477
150817,"Canara Robeco Mid Cap Fund- Direct Plan- Growth Option",2024-07-05,17.25
150404,"BANDHAN MID CAP FUND - GROWTH - DIRECT PLAN",2024-07-08,17.841
150584,"WhiteOak Capital Mid Cap Fund Direct Plan Growth",2024-07-08,18.153
150815,"JM Mid Cap Fund (Direct) - Growth",2024-07-08,20.4147
150817,"Canara Robeco Mid Cap Fund- Direct Plan- Growth Option",2024-07-08,17.15
150404,"BANDHAN MID CAP FUND - GROWTH - DIRECT PLAN",2024-07-09,17.826
150584,"WhiteOak Capital Mid Cap Fund Direct Plan Growth",2024-07-09,18.268
150815,"JM Mid Cap Fund (Direct) - Growth",2024-07-09,20.4334
150817,"Canara Robeco Mid Cap Fund- Direct Plan- Growth Option",2024-07-09,17.17
150404,"BANDHAN MID CAP FUND - GROWTH - DIRECT PLAN",2024-07-10,17.768
150584,"WhiteOak Capital Mid Cap Fund Direct Plan Growth",2024-07-10,18.232
150815,"JM Mid Cap Fund (Direct) - Growth",2024-07-10,20.3315
150817,"Canara Robeco Mid Cap Fund- Direct Plan- Growth Option",2024-07-10,17.13
150404,"BANDHAN MID CAP FUND - GROWTH - DIRECT PLAN",2024-07-11,17.813
150584,"WhiteOak Capital Mid Cap Fund Direct Plan Growth",2024-07-11,18.282
150815,"JM Mid Cap Fund (Direct) - Growth",2024-07-11,20.4115
150817,"Canara Robeco Mid Cap Fund- Direct Plan- Growth Option",2024-07-11,17.19
150404,"BANDHAN MID CAP FUND - GROWTH - DIRECT PLAN",2024-07-12,17.816
150584,"WhiteOak Capital Mid Cap Fund Direct Plan Growth",2024-07-12,18.364
150815,"JM Mid Cap Fund (Direct) - Growth",2024-07-12,20.4181
150817,"Canara Robeco Mid Cap Fund- Direct Plan- Growth Option",2024-07-12,17.2
150404,"BANDHAN MID CAP FUND - GROWTH - DIRECT PLAN",2024-07-15,17.855
150584,"WhiteOak Capital Mid Cap Fund Direct Plan Growth",2024-07-15,18.483
150815,"JM Mid Cap Fund (Direct) - Growth",2024-07-15,20.576
150817,"Canara Robeco Mid Cap Fund- Direct Plan- Growth Option",2024-07-15,17.31
150404,"BANDHAN MID CAP FUND - GROWTH - DIRECT PLAN",2024-07-16,17.864
150584,"WhiteOak Capital Mid Cap Fund Direct Plan Growth",2024-07-16,18.473
150815,"JM Mid Cap Fund (Direct) - Growth",2024-07-16,20.5598
150817,"Canara Robeco Mid Cap Fund- Direct Plan- Growth Option",2024-07-16,17.31
150404,"BANDHAN MID CAP FUND - GROWTH - DIRECT PLAN",2024-07-18,17.601
150584,"WhiteOak Capital Mid Cap Fund Direct Plan Growth",2024-07-18,18.374
150815,"JM Mid Cap Fund (Direct) - Growth",2024-07-18,20.3237
150817,"Canara Robeco Mid Cap Fund- Direct Plan- Growth Option",2024-07-18,17.16
150404,"BANDHAN MID CAP FUND - GROWTH - DIRECT PLAN",2024-07-19,17.201
150584,"WhiteOak Capital Mid Cap Fund Direct Plan Growth",2024-07-19,17.991
150815,"JM Mid Cap Fund (Direct) - Growth",2024-07-19,19.9181
150817,"Canara Robeco Mid Cap Fund- Direct Plan- Growth Option",2024-07-19,16.79
150404,"BANDHAN MID CAP FUND - GROWTH - DIRECT PLAN",2024-07-22,17.359
150584,"WhiteOak Capital Mid Cap Fund Direct Plan Growth",2024-07-22,18.11
150815,"JM Mid Cap Fund (Direct) - Growth",2024-07-22,20.1078
150817,"Canara Robeco Mid Cap Fund- Direct Plan- Growth Option",2024-07-22,16.96
150404,"BANDHAN MID CAP FUND - GROWTH - DIRECT PLAN",2024-07-23,17.326
150584,"WhiteOak Capital Mid Cap Fund Direct Plan Growth",2024-07-23,18.038
150815,"JM Mid Cap Fund (Direct) - Growth",2024-07-23,20.0203
150817,"Canara Robeco Mid Cap Fund- Direct Plan- Growth Option",2024-07-23,16.89
150404,"BANDHAN MID CAP FUND - GROWTH - DIRECT PLAN",2024-07-24,17.505
150584,"WhiteOak Capital Mid Cap Fund Direct Plan Growth",2024-07-24,18.236
150815,"JM Mid Cap Fund (Direct) - Growth",2024-07-24,20.2725
150817,"Canara Robeco Mid Cap Fund- Direct Plan- Growth Option",2024-07-24,17
150404,"BANDHAN MID CAP FUND - GROWTH - DIRECT PLAN",2024-07-25,17.482
150584,"WhiteOak Capital Mid Cap Fund Direct Plan Growth",2024-07-25,18.235
150815,"JM Mid Cap Fund (Direct) - Growth",2024-07-25,20.339
150817,"Canara Robeco Mid Cap Fund- Direct Plan- Growth Option",2024-07-25,16.96
150404,"BANDHAN MID CAP FUND - GROWTH - DIRECT PLAN",2024-07-26,17.771
150584,"WhiteOak Capital Mid Cap Fund Direct Plan Growth",2024-07-26,18.52
150815,"JM Mid Cap Fund (Direct) - Growth",2024-07-26,20.5686
150817,"Canara Robeco Mid Cap Fund- Direct Plan- Growth Option",2024-07-26,17.24
150404,"BANDHAN MID CAP FUND - GROWTH - DIRECT PLAN",2024-07-29,17.953
150584,"WhiteOak Capital Mid Cap Fund Direct Plan Growth",2024-07-29,18.634
150815,"JM Mid Cap Fund (Direct) - Growth",2024-07-29,20.7352
150817,"Canara Robeco Mid Cap Fund- Direct Plan- Growth Option",2024-07-29,17.46
150404,"BANDHAN MID CAP FUND - GROWTH - DIRECT PLAN",2024-07-30,18.011
150584,"WhiteOak Capital Mid Cap Fund Direct Plan Growth",2024-07-30,18.724
150815,"JM Mid Cap Fund (Direct) - Growth",2024-07-30,20.8078
150817,"Canara Robeco Mid Cap Fund- Direct Plan- Growth Option",2024-07-30,17.56
150404,"BANDHAN MID CAP FUND - GROWTH - DIRECT PLAN",2024-07-31,18.108
150584,"WhiteOak Capital Mid Cap Fund Direct Plan Growth",2024-07-31,18.756
150815,"JM Mid Cap Fund (Direct) - Growth",2024-07-31,20.7816
150817,"Canara Robeco Mid Cap Fund- Direct Plan- Growth Option",2024-07-31,17.62
150404,"BANDHAN MID CAP FUND - GROWTH - DIRECT PLAN",2024-08-01,17.964
150584,"WhiteOak Capital Mid Cap Fund Direct Plan Growth",2024-08-01,18.682
150815,"JM Mid Cap Fund (Direct) - Growth",2024-08-01,20.6009
150817,"Canara Robeco Mid Cap Fund- Direct Plan- Growth Option",2024-08-01,17.5
150404,"BANDHAN MID CAP FUND - GROWTH - DIRECT PLAN",2024-08-02,17.734
150584,"WhiteOak Capital Mid Cap Fund Direct Plan Growth",2024-08-02,18.588
150815,"JM Mid Cap Fund (Direct) - Growth",2024-08-02,20.3825
150817,"Canara Robeco Mid Cap Fund- Direct Plan- Growth Option",2024-08-02,17.34
150404,"BANDHAN MID CAP FUND - GROWTH - DIRECT PLAN",2024-08-05,17.081
150584,"WhiteOak Capital Mid Cap Fund Direct Plan Growth",2024-08-05,17.959
150815,"JM Mid Cap Fund (Direct) - Growth",2024-08-05,19.7304
150817,"Canara Robeco Mid Cap Fund- Direct Plan- Growth Option",2024-08-05,16.75
150404,"BANDHAN MID CAP FUND - GROWTH - DIRECT PLAN",2024-08-06,16.982
150584,"WhiteOak Capital Mid Cap Fund Direct Plan Growth",2024-08-06,17.785
150815,"JM Mid Cap Fund (Direct) - Growth",2024-08-06,19.5535
150817,"Canara Robeco Mid Cap Fund- Direct Plan- Growth Option",2024-08-06,16.65
150404,"BANDHAN MID CAP FUND - GROWTH - DIRECT PLAN",2024-08-07,17.379
150584,"WhiteOak Capital Mid Cap Fund Direct Plan Growth",2024-08-07,18.206
150815,"JM Mid Cap Fund (Direct) - Growth",2024-08-07,19.9467
150817,"Canara Robeco Mid Cap Fund- Direct Plan- Growth Option",2024-08-07,17.02
150404,"BANDHAN MID CAP FUND - GROWTH - DIRECT PLAN",2024-08-08,17.327
150584,"WhiteOak Capital Mid Cap Fund Direct Plan Growth",2024-08-08,18.186
150815,"JM Mid Cap Fund (Direct) - Growth",2024-08-08,19.8696
150817,"Canara Robeco Mid Cap Fund- Direct Plan- Growth Option",2024-08-08,16.98
150404,"BANDHAN MID CAP FUND - GROWTH - DIRECT PLAN",2024-08-09,17.589
150584,"WhiteOak Capital Mid Cap Fund Direct Plan Growth",2024-08-09,18.404
150815,"JM Mid Cap Fund (Direct) - Growth",2024-08-09,20.0503
150817,"Canara Robeco Mid Cap Fund- Direct Plan- Growth Option",2024-08-09,17.14
150404,"BANDHAN MID CAP FUND - GROWTH - DIRECT PLAN",2024-08-12,17.676
150584,"WhiteOak Capital Mid Cap Fund Direct Plan Growth",2024-08-12,18.364
150815,"JM Mid Cap Fund (Direct) - Growth",2024-08-12,20.2484
150817,"Canara Robeco Mid Cap Fund- Direct Plan- Growth Option",2024-08-12,17.19
150404,"BANDHAN MID CAP FUND - GROWTH - DIRECT PLAN",2024-08-13,17.611
150584,"WhiteOak Capital Mid Cap Fund Direct Plan Growth",2024-08-13,18.186
150815,"JM Mid Cap Fund (Direct) - Growth",2024-08-13,20.0624
150817,"Canara Robeco Mid Cap Fund- Direct Plan- Growth Option",2024-08-13,17.03
150404,"BANDHAN MID CAP FUND - GROWTH - DIRECT PLAN",2024-08-14,17.62
150584,"WhiteOak Capital Mid Cap Fund Direct Plan Growth",2024-08-14,18.144
150815,"JM Mid Cap Fund (Direct) - Growth",2024-08-14,19.9107
150817,"Canara Robeco Mid Cap Fund- Direct Plan- Growth Option",2024-08-14,16.99
150404,"BANDHAN MID CAP FUND - GROWTH - DIRECT PLAN",2024-08-16,17.963
150584,"WhiteOak Capital Mid Cap Fund Direct Plan Growth",2024-08-16,18.44
150815,"JM Mid Cap Fund (Direct) - Growth",2024-08-16,20.2403
150817,"Canara Robeco Mid Cap Fund- Direct Plan- Growth Option",2024-08-16,17.27
150404,"BANDHAN MID CAP FUND - GROWTH - DIRECT PLAN",2024-08-19,18.055
150584,"WhiteOak Capital Mid Cap Fund Direct Plan Growth",2024-08-19,18.519
150815,"JM Mid Cap Fund (Direct) - Growth",2024-08-19,20.4356
150817,"Canara Robeco Mid Cap Fund- Direct Plan- Growth Option",2024-08-19,17.33
150404,"BANDHAN MID CAP FUND - GROWTH - DIRECT PLAN",2024-08-20,18.168
150584,"WhiteOak Capital Mid Cap Fund Direct Plan Growth",2024-08-20,18.741
150815,"JM Mid Cap Fund (Direct) - Growth",2024-08-20,20.5384
150817,"Canara Robeco Mid Cap Fund- Direct Plan- Growth Option",2024-08-20,17.43
150404,"BANDHAN MID CAP FUND - GROWTH - DIRECT PLAN",2024-08-21,18.221
150584,"WhiteOak Capital Mid Cap Fund Direct Plan Growth",2024-08-21,18.832
150815,"JM Mid Cap Fund (Direct) - Growth",2024-08-21,20.6934
150817,"Canara Robeco Mid Cap Fund- Direct Plan- Growth Option",2024-08-21,17.48
150404,"BANDHAN MID CAP FUND - GROWTH - DIRECT PLAN",2024-08-22,18.289
150584,"WhiteOak Capital Mid Cap Fund Direct Plan Growth",2024-08-22,18.931
150815,"JM Mid Cap Fund (Direct) - Growth",2024-08-22,20.7271
150817,"Canara Robeco Mid Cap Fund- Direct Plan- Growth Option",2024-08-22,17.55
150404,"BANDHAN MID CAP FUND - GROWTH - DIRECT PLAN",2024-08-23,18.294
150584,"WhiteOak Capital Mid Cap Fund Direct Plan Growth",2024-08-23,18.868
150815,"JM Mid Cap Fund (Direct) - Growth",2024-08-23,20.6915
150817,"Canara Robeco Mid Cap Fund- Direct Plan- Growth Option",2024-08-23,17.48
150404,"BANDHAN MID CAP FUND - GROWTH - DIRECT PLAN",2024-08-26,18.37
150584,"WhiteOak Capital Mid Cap Fund Direct Plan Growth",2024-08-26,19.027
150815,"JM Mid Cap Fund (Direct) - Growth",2024-08-26,20.7396
150817,"Canara Robeco Mid Cap Fund- Direct Plan- Growth Option",2024-08-26,17.49
150404,"BANDHAN MID CAP FUND - GROWTH - DIRECT PLAN",2024-08-27,18.374
150584,"WhiteOak Capital Mid Cap Fund Direct Plan Growth",2024-08-27,19.089
150815,"JM Mid Cap Fund (Direct) - Growth",2024-08-27,20.9519
150817,"Canara Robeco Mid Cap Fund- Direct Plan- Growth Option",2024-08-27,17.56
150404,"BANDHAN MID CAP FUND - GROWTH - DIRECT PLAN",2024-08-28,18.383
150584,"WhiteOak Capital Mid Cap Fund Direct Plan Growth",2024-08-28,19.106
150815,"JM Mid Cap Fund (Direct) - Growth",2024-08-28,20.9297
150817,"Canara Robeco Mid Cap Fund- Direct Plan- Growth Option",2024-08-28,17.62
150404,"BANDHAN MID CAP FUND - GROWTH - DIRECT PLAN",2024-08-29,18.305
150584,"WhiteOak Capital Mid Cap Fund Direct Plan Growth",2024-08-29,19.023
150815,"JM Mid Cap Fund (Direct) - Growth",2024-08-29,20.7783
150817,"Canara Robeco Mid Cap Fund- Direct Plan- Growth Option",2024-08-29,17.58
150404,"BANDHAN MID CAP FUND - GROWTH - DIRECT PLAN",2024-08-30,18.466
150584,"WhiteOak Capital Mid Cap Fund Direct Plan Growth",2024-08-30,19.144
150815,"JM Mid Cap Fund (Direct) - Growth",2024-08-30,20.855
150817,"Canara Robeco Mid Cap Fund- Direct Plan- Growth Option",2024-08-30,17.69
150404,"BANDHAN MID CAP FUND - GROWTH - DIRECT PLAN",2024-08-31,18.466
150404,"BANDHAN MID CAP FUND - GROWTH - DIRECT PLAN",2024-09-02,18.368
150584,"WhiteOak Capital Mid Cap Fund Direct Plan Growth",2024-09-02,19.16
150815,"JM Mid Cap Fund (Direct) - Growth",2024-09-02,20.741
150817,"Canara Robeco Mid Cap Fund- Direct Plan- Growth Option",2024-09-02,17.67
150404,"BANDHAN MID CAP FUND - GROWTH - DIRECT PLAN",2024-09-03,18.398
150584,"WhiteOak Capital Mid Cap Fund Direct Plan Growth",2024-09-03,19.257
150815,"JM Mid Cap Fund (Direct) - Growth",2024-09-03,20.8477
150817,"Canara Robeco Mid Cap Fund- Direct Plan- Growth Option",2024-09-03,17.76
150404,"BANDHAN MID CAP FUND - GROWTH - DIRECT PLAN",2024-09-04,18.42
150584,"WhiteOak Capital Mid Cap Fund Direct Plan Growth",2024-09-04,19.257
150815,"JM Mid Cap Fund (Direct) - Growth",2024-09-04,20.7885
150817,"Canara Robeco Mid Cap Fund- Direct Plan- Growth Option",2024-09-04,17.78
150404,"BANDHAN MID CAP FUND - GROWTH - DIRECT PLAN",2024-09-05,18.444
150584,"WhiteOak Capital Mid Cap Fund Direct Plan Growth",2024-09-05,19.343
150815,"JM Mid Cap Fund (Direct) - Growth",2024-09-05,20.9608
150817,"Canara Robeco Mid Cap Fund- Direct Plan- Growth Option",2024-09-05,17.8
150404,"BANDHAN MID CAP FUND - GROWTH - DIRECT PLAN",2024-09-06,18.262
150584,"WhiteOak Capital Mid Cap Fund Direct Plan Growth",2024-09-06,19.167
150815,"JM Mid Cap Fund (Direct) - Growth",2024-09-06,20.7851
150817,"Canara Robeco Mid Cap Fund- Direct Plan- Growth Option",2024-09-06,17.63
150404,"BANDHAN MID CAP FUND - GROWTH - DIRECT PLAN",2024-09-09,18.225
150584,"WhiteOak Capital Mid Cap Fund Direct Plan Growth",2024-09-09,19.055
150815,"JM Mid Cap Fund (Direct) - Growth",2024-09-09,20.6937
150817,"Canara Robeco Mid Cap Fund- Direct Plan- Growth Option",2024-09-09,17.56
150404,"BANDHAN MID CAP FUND - GROWTH - DIRECT PLAN",2024-09-10,18.391
150584,"WhiteOak Capital Mid Cap Fund Direct Plan Growth",2024-09-10,19.239
150815,"JM Mid Cap Fund (Direct) - Growth",2024-09-10,20.9618
150817,"Canara Robeco Mid Cap Fund- Direct Plan- Growth Option",2024-09-10,17.67
150404,"BANDHAN MID CAP FUND - GROWTH - DIRECT PLAN",2024-09-11,18.426
150584,"WhiteOak Capital Mid Cap Fund Direct Plan Growth",2024-09-11,19.248
150815,"JM Mid Cap Fund (Direct) - Growth",2024-09-11,20.8487
150817,"Canara Robeco Mid Cap Fund- Direct Plan- Growth Option",2024-09-11,17.64
150404,"BANDHAN MID CAP FUND - GROWTH - DIRECT PLAN",2024-09-12,18.699
150584,"WhiteOak Capital Mid Cap Fund Direct Plan Growth",2024-09-12,19.476
150815,"JM Mid Cap Fund (Direct) - Growth",2024-09-12,21.0517
150817,"Canara Robeco Mid Cap Fund- Direct Plan- Growth Option",2024-09-12,17.85
150404,"BANDHAN MID CAP FUND - GROWTH - DIRECT PLAN",2024-09-13,18.808
150584,"WhiteOak Capital Mid Cap Fund Direct Plan Growth",2024-09-13,19.502
150815,"JM Mid Cap Fund (Direct) - Growth",2024-09-13,21.226
150817,"Canara Robeco Mid Cap Fund- Direct Plan- Growth Option",2024-09-13,17.92
150404,"BANDHAN MID CAP FUND - GROWTH - DIRECT PLAN",2024-09-16,18.863
150584,"WhiteOak Capital Mid Cap Fund Direct Plan Growth",2024-09-16,19.523
150815,"JM Mid Cap Fund (Direct) - Growth",2024-09-16,21.2587
150817,"Canara Robeco Mid Cap Fund- Direct Plan- Growth Option",2024-09-16,17.94
150404,"BANDHAN MID CAP FUND - GROWTH - DIRECT PLAN",2024-09-17,18.979
150584,"WhiteOak Capital Mid Cap Fund Direct Plan Growth",2024-09-17,19.575
150815,"JM Mid Cap Fund (Direct) - Growth",2024-09-17,21.223
150817,"Canara Robeco Mid Cap Fund- Direct Plan- Growth Option",2024-09-17,17.91
150404,"BANDHAN MID CAP FUND - GROWTH - DIRECT PLAN",2024-09-18,18.874
150584,"WhiteOak Capital Mid Cap Fund Direct Plan Growth",2024-09-18,19.462
150815,"JM Mid Cap Fund (Direct) - Growth",2024-09-18,21.1431
150817,"Canara Robeco Mid Cap Fund- Direct Plan- Growth Option",2024-09-18,17.82
150404,"BANDHAN MID CAP FUND - GROWTH - DIRECT PLAN",2024-09-19,18.794
150584,"WhiteOak Capital Mid Cap Fund Direct Plan Growth",2024-09-19,19.398
150815,"JM Mid Cap Fund (Direct) - Growth",2024-09-19,20.9842
150817,"Canara Robeco Mid Cap Fund- Direct Plan- Growth Option",2024-09-19,17.79
150404,"BANDHAN MID CAP FUND - GROWTH - DIRECT PLAN",2024-09-20,19.091
150584,"WhiteOak Capital Mid Cap Fund Direct Plan Growth",2024-09-20,19.612
150815,"JM Mid Cap Fund (Direct) - Growth",2024-09-20,21.3072
150817,"Canara Robeco Mid Cap Fund- Direct Plan- Growth Option",2024-09-20,18.04
150404,"BANDHAN MID CAP FUND - GROWTH - DIRECT PLAN",2024-09-23,19.197
150584,"WhiteOak Capital Mid Cap Fund Direct Plan Growth",2024-09-23,19.807
150815,"JM Mid Cap Fund (Direct) - Growth",2024-09-23,21.5736
150817,"Canara Robeco Mid Cap Fund- Direct Plan- Growth Option",2024-09-23,18.19
150404,"BANDHAN MID CAP FUND - GROWTH - DIRECT PLAN",2024-09-24,19.214
150584,"WhiteOak Capital Mid Cap Fund Direct Plan Growth",2024-09-24,19.749
150815,"JM Mid Cap Fund (Direct) - Growth",2024-09-24,21.6009
150817,"Canara Robeco Mid Cap Fund- Direct Plan- Growth Option",2024-09-24,18.22
150404,"BANDHAN MID CAP FUND - GROWTH - DIRECT PLAN",2024-09-25,19.086
150584,"WhiteOak Capital Mid Cap Fund Direct Plan Growth",2024-09-25,19.63
150815,"JM Mid Cap Fund (Direct) - Growth",2024-09-25,21.4402
150817,"Canara Robeco Mid Cap Fund- Direct Plan- Growth Option",2024-09-25,18.11
150404,"BANDHAN MID CAP FUND - GROWTH - DIRECT PLAN",2024-09-26,19.068
150584,"WhiteOak Capital Mid Cap Fund Direct Plan Growth",2024-09-26,19.681
150815,"JM Mid Cap Fund (Direct) - Growth",2024-09-26,21.2743
150817,"Canara Robeco Mid Cap Fund- Direct Plan- Growth Option",2024-09-26,18.13
150404,"BANDHAN MID CAP FUND - GROWTH - DIRECT PLAN",2024-09-27,19.091
150584,"WhiteOak Capital Mid Cap Fund Direct Plan Growth",2024-09-27,19.738
150815,"JM Mid Cap Fund (Direct) - Growth",2024-09-27,21.3415
150817,"Canara Robeco Mid Cap Fund- Direct Plan- Growth Option",2024-09-27,18.19
150404,"BANDHAN MID CAP FUND - GROWTH - DIRECT PLAN",2024-09-30,18.917
150584,"WhiteOak Capital Mid Cap Fund Direct Plan Growth",2024-09-30,19.687
150815,"JM Mid Cap Fund (Direct) - Growth",2024-09-30,21.2872
150817,"Canara Robeco Mid Cap Fund- Direct Plan- Growth Option",2024-09-30,18.08
150404,"BANDHAN MID CAP FUND - GROWTH - DIRECT PLAN",2024-10-01,18.997
150584,"WhiteOak Capital Mid Cap Fund Direct Plan Growth",2024-10-01,19.684
150815,"JM Mid Cap Fund (Direct) - Growth",2024-10-01,21.294
150817,"Canara Robeco Mid Cap Fund- Direct Plan- Growth Option",2024-10-01,18.11
150404,"BANDHAN MID CAP FUND - GROWTH - DIRECT PLAN",2024-10-03,18.556
150584,"WhiteOak Capital Mid Cap Fund Direct Plan Growth",2024-10-03,19.267
150815,"JM Mid Cap Fund (Direct) - Growth",2024-10-03,20.8835
150817,"Canara Robeco Mid Cap Fund- Direct Plan- Growth Option",2024-10-03,17.68
150404,"BANDHAN MID CAP FUND - GROWTH - DIRECT PLAN",2024-10-04,18.446
150584,"WhiteOak Capital Mid Cap Fund Direct Plan Growth",2024-10-04,19.165
150815,"JM Mid Cap Fund (Direct) - Growth",2024-10-04,20.639
150817,"Canara Robeco Mid Cap Fund- Direct Plan- Growth Option",2024-10-04,17.55
150404,"BANDHAN MID CAP FUND - GROWTH - DIRECT PLAN",2024-10-07,18.114
150584,"WhiteOak Capital Mid Cap Fund Direct Plan Growth",2024-10-07,18.842
150815,"JM Mid Cap Fund (Direct) - Growth",2024-10-07,20.1237
150817,"Canara Robeco Mid Cap Fund- Direct Plan- Growth Option",2024-10-07,17.27
150404,"BANDHAN MID CAP FUND - GROWTH - DIRECT PLAN",2024-10-08,18.599
150584,"WhiteOak Capital Mid Cap Fund Direct Plan Growth",2024-10-08,19.239
150815,"JM Mid Cap Fund (Direct) - Growth",2024-10-08,20.6152
150817,"Canara Robeco Mid Cap Fund- Direct Plan- Growth Option",2024-10-08,17.61
150404,"BANDHAN MID CAP FUND - GROWTH - DIRECT PLAN",2024-10-09,18.826
150584,"WhiteOak Capital Mid Cap Fund Direct Plan Growth",2024-10-09,19.473
150815,"JM Mid Cap Fund (Direct) - Growth",2024-10-09,20.8128
150817,"Canara Robeco Mid Cap Fund- Direct Plan- Growth Option",2024-10-09,17.79
150404,"BANDHAN MID CAP FUND - GROWTH - DIRECT PLAN",2024-10-10,18.819
150584,"WhiteOak Capital Mid Cap Fund Direct Plan Growth",2024-10-10,19.467
150815,"JM Mid Cap Fund (Direct) - Growth",2024-10-10,20.7439
150817,"Canara Robeco Mid Cap Fund- Direct Plan- Growth Option",2024-10-10,17.75
150404,"BANDHAN MID CAP FUND - GROWTH - DIRECT PLAN",2024-10-11,18.885
150584,"WhiteOak Capital Mid Cap Fund Direct Plan Growth",2024-10-11,19.615
150815,"JM Mid Cap Fund (Direct) - Growth",2024-10-11,20.7784
150817,"Canara Robeco Mid Cap Fund- Direct Plan- Growth Option",2024-10-11,17.77
150404,"BANDHAN MID CAP FUND - GROWTH - DIRECT PLAN",2024-10-14,18.991
150584,"WhiteOak Capital Mid Cap Fund Direct Plan Growth",2024-10-14,19.696
150815,"JM Mid Cap Fund (Direct) - Growth",2024-10-14,20.885
150817,"Canara Robeco Mid Cap Fund- Direct Plan- Growth Option",2024-10-14,17.84
150404,"BANDHAN MID CAP FUND - GROWTH - DIRECT PLAN",2024-10-15,19.084
150584,"WhiteOak Capital Mid Cap Fund Direct Plan Growth",2024-10-15,19.867
150815,"JM Mid Cap Fund (Direct) - Growth",2024-10-15,21.0357
150817,"Canara Robeco Mid Cap Fund- Direct Plan- Growth Option",2024-10-15,17.91
150404,"BANDHAN MID CAP FUND - GROWTH - DIRECT PLAN",2024-10-16,19.005
150584,"WhiteOak Capital Mid Cap Fund Direct Plan Growth",2024-10-16,19.84
150815,"JM Mid Cap Fund (Direct) - Growth",2024-10-16,21.0757
150817,"Canara Robeco Mid Cap Fund- Direct Plan- Growth Option",2024-10-16,17.86
150404,"BANDHAN MID CAP FUND - GROWTH - DIRECT PLAN",2024-10-17,18.696
150584,"WhiteOak Capital Mid Cap Fund Direct Plan Growth",2024-10-17,19.568
150815,"JM Mid Cap Fund (Direct) - Growth",2024-10-17,20.7417
150817,"Canara Robeco Mid Cap Fund- Direct Plan- Growth Option",2024-10-17,17.56
150404,"BANDHAN MID CAP FUND - GROWTH - DIRECT PLAN",2024-10-18,18.687
150584,"WhiteOak Capital Mid Cap Fund Direct Plan Growth",2024-10-18,19.614
150815,"JM Mid Cap Fund (Direct) - Growth",2024-10-18,20.7622
150817,"Canara Robeco Mid Cap Fund- Direct Plan- Growth Option",2024-10-18,17.58
150404,"BANDHAN MID CAP FUND - GROWTH - DIRECT PLAN",2024-10-21,18.365
150584,"WhiteOak Capital Mid Cap Fund Direct Plan Growth",2024-10-21,19.297
150815,"JM Mid Cap Fund (Direct) - Growth",2024-10-21,20.5428
150817,"Canara Robeco Mid Cap Fund- Direct Plan- Growth Option",2024-10-21,17.33
150404,"BANDHAN MID CAP FUND - GROWTH - DIRECT PLAN",2024-10-22,17.912
150584,"WhiteOak Capital Mid Cap Fund Direct Plan Growth",2024-10-22,18.766
150815,"JM Mid Cap Fund (Direct) - Growth",2024-10-22,19.9405
150817,"Canara Robeco Mid Cap Fund- Direct Plan- Growth Option",2024-10-22,16.92
150404,"BANDHAN MID CAP FUND - GROWTH - DIRECT PLAN",2024-10-23,18.032
150584,"WhiteOak Capital Mid Cap Fund Direct Plan Growth",2024-10-23,18.97
150815,"JM Mid Cap Fund (Direct) - Growth",2024-10-23,20.1155
150817,"Canara Robeco Mid Cap Fund- Direct Plan- Growth Option",2024-10-23,17.02
150404,"BANDHAN MID CAP FUND - GROWTH - DIRECT PLAN",2024-10-24,17.914
150584,"WhiteOak Capital Mid Cap Fund Direct Plan Growth",2024-10-24,18.963
150815,"JM Mid Cap Fund (Direct) - Growth",2024-10-24,20.0484
150817,"Canara Robeco Mid Cap Fund- Direct Plan- Growth Option",2024-10-24,16.92
150404,"BANDHAN MID CAP FUND - GROWTH - DIRECT PLAN",2024-10-25,17.702
150584,"WhiteOak Capital Mid Cap Fund Direct Plan Growth",2024-10-25,18.688
150815,"JM Mid Cap Fund (Direct) - Growth",2024-10-25,19.7181
150817,"Canara Robeco Mid Cap Fund- Direct Plan- Growth Option",2024-10-25,16.64
150404,"BANDHAN MID CAP FUND - GROWTH - DIRECT PLAN",2024-10-28,17.72
150584,"WhiteOak Capital Mid Cap Fund Direct Plan Growth",2024-10-28,18.809
150815,"JM Mid Cap Fund (Direct) - Growth",2024-10-28,19.9518
150817,"Canara Robeco Mid Cap Fund- Direct Plan- Growth Option",2024-10-28,16.77
150404,"BANDHAN MID CAP FUND - GROWTH - DIRECT PLAN",2024-10-29,17.832
150584,"WhiteOak Capital Mid Cap Fund Direct Plan Growth",2024-10-29,18.998
150815,"JM Mid Cap Fund (Direct) - Growth",2024-10-29,20.214
150817,"Canara Robeco Mid Cap Fund- Direct Plan- Growth Option",2024-10-29,16.93
150404,"BANDHAN MID CAP FUND - GROWTH - DIRECT PLAN",2024-10-30,17.832
150584,"WhiteOak Capital Mid Cap Fund Direct Plan Growth",2024-10-30,18.985
150815,"JM Mid Cap Fund (Direct) - Growth",2024-10-30,20.1806
150817,"Canara Robeco Mid Cap Fund- Direct Plan- Growth Option",2024-10-30,16.91
150404,"BANDHAN MID CAP FUND - GROWTH - DIRECT PLAN",2024-10-31,17.849
150584,"WhiteOak Capital Mid Cap Fund Direct Plan Growth",2024-10-31,19.009
150815,"JM Mid Cap Fund (Direct) - Growth",2024-10-31,20.2596
150817,"Canara Robeco Mid Cap Fund- Direct Plan- Growth Option",2024-10-31,16.9
150404,"BANDHAN MID CAP FUND - GROWTH - DIRECT PLAN",2024-11-04,17.787
150584,"WhiteOak Capital Mid Cap Fund Direct Plan Growth",2024-11-04,18.971
150815,"JM Mid Cap Fund (Direct) - Growth",2024-11-04,20.1875
150817,"Canara Robeco Mid Cap Fund- Direct Plan- Growth Option",2024-11-04,16.82
150404,"BANDHAN MID CAP FUND - GROWTH - DIRECT PLAN",2024-11-05,17.827
150584,"WhiteOak Capital Mid Cap Fund Direct Plan Growth",2024-11-05,18.991
150815,"JM Mid Cap Fund (Direct) - Growth",2024-11-05,20.1829
150817,"Canara Robeco Mid Cap Fund- Direct Plan- Growth Option",2024-11-05,16.89
150404,"BANDHAN MID CAP FUND - GROWTH - DIRECT PLAN",2024-11-06,18.222
150584,"WhiteOak Capital Mid Cap Fund Direct Plan Growth",2024-11-06,19.387
150815,"JM Mid Cap Fund (Direct) - Growth",2024-11-06,20.5309
150817,"Canara Robeco Mid Cap Fund- Direct Plan- Growth Option",2024-11-06,17.24
150404,"BANDHAN MID CAP FUND - GROWTH - DIRECT PLAN",2024-11-07,18.066
150584,"WhiteOak Capital Mid Cap Fund Direct Plan Growth",2024-11-07,19.27
150815,"JM Mid Cap Fund (Direct) - Growth",2024-11-07,20.3818
150817,"Canara Robeco Mid Cap Fund- Direct Plan- Growth Option",2024-11-07,17.04
150404,"BANDHAN MID CAP FUND - GROWTH - DIRECT PLAN",2024-11-08,17.842
150584,"WhiteOak Capital Mid Cap Fund Direct Plan Growth",2024-11-08,19.116
150815,"JM Mid Cap Fund (Direct) - Growth",2024-11-08,20.1124
150817,"Canara Robeco Mid Cap Fund- Direct Plan- Growth Option",2024-11-08,16.8
150404,"BANDHAN MID CAP FUND - GROWTH - DIRECT PLAN",2024-11-11,17.785
150584,"WhiteOak Capital Mid Cap Fund Direct Plan Growth",2024-11-11,19.061
150815,"JM Mid Cap Fund (Direct) - Growth",2024-11-11,19.8838
150817,"Canara Robeco Mid Cap Fund- Direct Plan- Growth Option",2024-11-11,16.72
150404,"BANDHAN MID CAP FUND - GROWTH - DIRECT PLAN",2024-11-12,17.69
150584,"WhiteOak Capital Mid Cap Fund Direct Plan Growth",2024-11-12,18.907
150815,"JM Mid Cap Fund (Direct) - Growth",2024-11-12,19.7379
150817,"Canara Robeco Mid Cap Fund- Direct Plan- Growth Option",2024-11-12,16.61
150404,"BANDHAN MID CAP FUND - GROWTH - DIRECT PLAN",2024-11-13,17.304
150584,"WhiteOak Capital Mid Cap Fund Direct Plan Growth",2024-11-13,18.476
150815,"JM Mid Cap Fund (Direct) - Growth",2024-11-13,19.19
150817,"Canara Robeco Mid Cap Fund- Direct Plan- Growth Option",2024-11-13,16.22
150404,"BANDHAN MID CAP FUND - GROWTH - DIRECT PLAN",2024-11-14,17.427
150584,"WhiteOak Capital Mid Cap Fund Direct Plan Growth",2024-11-14,18.61
150815,"JM Mid Cap Fund (Direct) - Growth",2024-11-14,19.3033
150817,"Canara Robeco Mid Cap Fund- Direct Plan- Growth Option",2024-11-14,16.28
150404,"BANDHAN MID CAP FUND - GROWTH - DIRECT PLAN",2024-11-18,17.394
150584,"WhiteOak Capital Mid Cap Fund Direct Plan Growth",2024-11-18,18.553
150815,"JM Mid Cap Fund (Direct) - Growth",2024-11-18,19.2206
150817,"Canara Robeco Mid Cap Fund- Direct Plan- Growth Option",2024-11-18,16.25
150404,"BANDHAN MID CAP FUND - GROWTH - DIRECT PLAN",2024-11-19,17.583
150584,"WhiteOak Capital Mid Cap Fund Direct Plan Growth",2024-11-19,18.675
150815,"JM Mid Cap Fund (Direct) - Growth",2024-11-19,19.3705
150817,"Canara Robeco Mid Cap Fund- Direct Plan- Growth Option",2024-11-19,16.4
150404,"BANDHAN MID CAP FUND - GROWTH - DIRECT PLAN",2024-11-21,17.578
150584,"WhiteOak Capital Mid Cap Fund Direct Plan Growth",2024-11-21,18.628
150815,"JM Mid Cap Fund (Direct) - Growth",2024-11-21,19.3411
150817,"Canara Robeco Mid Cap Fund- Direct Plan- Growth Option",2024-11-21,16.37
150404,"BANDHAN MID CAP FUND - GROWTH - DIRECT PLAN",2024-11-22,17.728
150584,"WhiteOak Capital Mid Cap Fund Direct Plan Growth",2024-11-22,18.863
150815,"JM Mid Cap Fund (Direct) - Growth",2024-11-22,19.4784
150817,"Canara Robeco Mid Cap Fund- Direct Plan- Growth Option",2024-11-22,16.55
150404,"BANDHAN MID CAP FUND - GROWTH - DIRECT PLAN",2024-11-25,18.012
150584,"WhiteOak Capital Mid Cap Fund Direct Plan Growth",2024-11-25,19.167
150815,"JM Mid Cap Fund (Direct) - Growth",2024-11-25,19.6994
150817,"Canara Robeco Mid Cap Fund- Direct Plan- Growth Option",2024-11-25,16.82
150404,"BANDHAN MID CAP FUND - GROWTH - DIRECT PLAN",2024-11-26,18.037
150584,"WhiteOak Capital Mid Cap Fund Direct Plan Growth",2024-11-26,19.215
150815,"JM Mid Cap Fund (Direct) - Growth",2024-11-26,19.7326
150817,"Canara Robeco Mid Cap Fund- Direct Plan- Growth Option",2024-11-26,16.87
150404,"BANDHAN MID CAP FUND - GROWTH - DIRECT PLAN",2024-11-27,18.102
150584,"WhiteOak Capital Mid Cap Fund Direct Plan Growth",2024-11-27,19.343
150815,"JM Mid Cap Fund (Direct) - Growth",2024-11-27,19.8365
150817,"Canara Robeco Mid Cap Fund- Direct Plan- Growth Option",2024-11-27,17.02
150404,"BANDHAN MID CAP FUND - GROWTH - DIRECT PLAN",2024-11-28,18.062
150584,"WhiteOak Capital Mid Cap Fund Direct Plan Growth",2024-11-28,19.269
150815,"JM Mid Cap Fund (Direct) - Growth",2024-11-28,19.8141
150817,"Canara Robeco Mid Cap Fund- Direct Plan- Growth Option",2024-11-28,16.98
150404,"BANDHAN MID CAP FUND - GROWTH - DIRECT PLAN",2024-11-29,18.173
150584,"WhiteOak Capital Mid Cap Fund Direct Plan Growth",2024-11-29,19.374
150815,"JM Mid Cap Fund (Direct) - Growth",2024-11-29,19.9884
150817,"Canara Robeco Mid Cap Fund- Direct Plan- Growth Option",2024-11-29,17.02
150404,"BANDHAN MID CAP FUND - GROWTH - DIRECT PLAN",2024-11-30,18.173
150404,"BANDHAN MID CAP FUND - GROWTH - DIRECT PLAN",2024-12-02,18.394
150584,"WhiteOak Capital Mid Cap Fund Direct Plan Growth",2024-12-02,19.562
150815,"JM Mid Cap Fund (Direct) - Growth",2024-12-02,20.1174
150817,"Canara Robeco Mid Cap Fund- Direct Plan- Growth Option",2024-12-02,17.19
150404,"BANDHAN MID CAP FUND - GROWTH - DIRECT PLAN",2024-12-03,18.536
150584,"WhiteOak Capital Mid Cap Fund Direct Plan Growth",2024-12-03,19.726
150815,"JM Mid Cap Fund (Direct) - Growth",2024-12-03,20.2451
150817,"Canara Robeco Mid Cap Fund- Direct Plan- Growth Option",2024-12-03,17.35
150404,"BANDHAN MID CAP FUND - GROWTH - DIRECT PLAN",2024-12-04,18.668
150584,"WhiteOak Capital Mid Cap Fund Direct Plan Growth",2024-12-04,19.888
150815,"JM Mid Cap Fund (Direct) - Growth",2024-12-04,20.3907
150817,"Canara Robeco Mid Cap Fund- Direct Plan- Growth Option",2024-12-04,17.53
150404,"BANDHAN MID CAP FUND - GROWTH - DIRECT PLAN",2024-12-05,18.744
150584,"WhiteOak Capital Mid Cap Fund Direct Plan Growth",2024-12-05,19.94
150815,"JM Mid Cap Fund (Direct) - Growth",2024-12-05,20.3804
150817,"Canara Robeco Mid Cap Fund- Direct Plan- Growth Option",2024-12-05,17.6
150404,"BANDHAN MID CAP FUND - GROWTH - DIRECT PLAN",2024-12-06,18.808
150584,"WhiteOak Capital Mid Cap Fund Direct Plan Growth",2024-12-06,20.034
150815,"JM Mid Cap Fund (Direct) - Growth",2024-12-06,20.5275
150817,"Canara Robeco Mid Cap Fund- Direct Plan- Growth Option",2024-12-06,17.64
150404,"BANDHAN MID CAP FUND - GROWTH - DIRECT PLAN",2024-12-09,18.876
150584,"WhiteOak Capital Mid Cap Fund Direct Plan Growth",2024-12-09,20.167
150815,"JM Mid Cap Fund (Direct) - Growth",2024-12-09,20.5949
150817,"Canara Robeco Mid Cap Fund- Direct Plan- Growth Option",2024-12-09,17.74
150404,"BANDHAN MID CAP FUND - GROWTH - DIRECT PLAN",2024-12-10,18.937
150584,"WhiteOak Capital Mid Cap Fund Direct Plan Growth",2024-12-10,20.248
150815,"JM Mid Cap Fund (Direct) - Growth",2024-12-10,20.6005
150817,"Canara Robeco Mid Cap Fund- Direct Plan- Growth Option",2024-12-10,17.78
150404,"BANDHAN MID CAP FUND - GROWTH - DIRECT PLAN",2024-12-11,19.038
150584,"WhiteOak Capital Mid Cap Fund Direct Plan Growth",2024-12-11,20.314
150815,"JM Mid Cap Fund (Direct) - Growth",2024-12-11,20.6535
150817,"Canara Robeco Mid Cap Fund- Direct Plan- Growth Option",2024-12-11,17.84
150404,"BANDHAN MID CAP FUND - GROWTH - DIRECT PLAN",2024-12-12,18.95
150584,"WhiteOak Capital Mid Cap Fund Direct Plan Growth",2024-12-12,20.235
150815,"JM Mid Cap Fund (Direct) - Growth",2024-12-12,20.4637
150817,"Canara Robeco Mid Cap Fund- Direct Plan- Growth Option",2024-12-12,17.75
150404,"BANDHAN MID CAP FUND - GROWTH - DIRECT PLAN",2024-12-13,18.941
150584,"WhiteOak Capital Mid Cap Fund Direct Plan Growth",2024-12-13,20.172
150815,"JM Mid Cap Fund (Direct) - Growth",2024-12-13,20.417
150817,"Canara Robeco Mid Cap Fund- Direct Plan- Growth Option",2024-12-13,17.73
150404,"BANDHAN MID CAP FUND - GROWTH - DIRECT PLAN",2024-12-16,19.124
150584,"WhiteOak Capital Mid Cap Fund Direct Plan Growth",2024-12-16,20.326
150815,"JM Mid Cap Fund (Direct) - Growth",2024-12-16,20.5666
150817,"Canara Robeco Mid Cap Fund- Direct Plan- Growth Option",2024-12-16,17.83
150404,"BANDHAN MID CAP FUND - GROWTH - DIRECT PLAN",2024-12-17,19.033
150584,"WhiteOak Capital Mid Cap Fund Direct Plan Growth",2024-12-17,20.203
150815,"JM Mid Cap Fund (Direct) - Growth",2024-12-17,20.4141
150817,"Canara Robeco Mid Cap Fund- Direct Plan- Growth Option",2024-12-17,17.68
150404,"BANDHAN MID CAP FUND - GROWTH - DIRECT PLAN",2024-12-18,19.013
150584,"WhiteOak Capital Mid Cap Fund Direct Plan Growth",2024-12-18,20.106
150815,"JM Mid Cap Fund (Direct) - Growth",2024-12-18,20.2567
150817,"Canara Robeco Mid Cap Fund- Direct Plan- Growth Option",2024-12-18,17.55
150404,"BANDHAN MID CAP FUND - GROWTH - DIRECT PLAN",2024-12-19,18.941
150584,"WhiteOak Capital Mid Cap Fund Direct Plan Growth",2024-12-19,20.054
150815,"JM Mid Cap Fund (Direct) - Growth",2024-12-19,20.2669
150817,"Canara Robeco Mid Cap Fund- Direct Plan- Growth Option",2024-12-19,17.48
150404,"BANDHAN MID CAP FUND - GROWTH - DIRECT PLAN",2024-12-20,18.514
150584,"WhiteOak Capital Mid Cap Fund Direct Plan Growth",2024-12-20,19.654
150815,"JM Mid Cap Fund (Direct) - Growth",2024-12-20,19.9343
150817,"Canara Robeco Mid Cap Fund- Direct Plan- Growth Option",2024-12-20,17.05
150404,"BANDHAN MID CAP FUND - GROWTH - DIRECT PLAN",2024-12-23,18.518
150584,"WhiteOak Capital Mid Cap Fund Direct Plan Growth",2024-12-23,19.656
150815,"JM Mid Cap Fund (Direct) - Growth",2024-12-23,20.0024
150817,"Canara Robeco Mid Cap Fund- Direct Plan- Growth Option",2024-12-23,17.03
150404,"BANDHAN MID CAP FUND - GROWTH - DIRECT PLAN",2024-12-24,18.529
150584,"WhiteOak Capital Mid Cap Fund Direct Plan Growth",2024-12-24,19.665
150815,"JM Mid Cap Fund (Direct) - Growth",2024-12-24,20.085
150817,"Canara Robeco Mid Cap Fund- Direct Plan- Growth Option",2024-12-24,17.05
150404,"BANDHAN MID CAP FUND - GROWTH - DIRECT PLAN",2024-12-26,18.545
150584,"WhiteOak Capital Mid Cap Fund Direct Plan Growth",2024-12-26,19.718
150815,"JM Mid Cap Fund (Direct) - Growth",2024-12-26,20.1628
150817,"Canara Robeco Mid Cap Fund- Direct Plan- Growth Option",2024-12-26,17.1
150404,"BANDHAN MID CAP FUND - GROWTH - DIRECT PLAN",2024-12-27,18.517
150584,"WhiteOak Capital Mid Cap Fund Direct Plan Growth",2024-12-27,19.729
150815,"JM Mid Cap Fund (Direct) - Growth",2024-12-27,20.1946
150817,"Canara Robeco Mid Cap Fund- Direct Plan- Growth Option",2024-12-27,17.05
150404,"BANDHAN MID CAP FUND - GROWTH - DIRECT PLAN",2024-12-30,18.503
150584,"WhiteOak Capital Mid Cap Fund Direct Plan Growth",2024-12-30,19.854
150815,"JM Mid Cap Fund (Direct) - Growth",2024-12-30,20.2723
150817,"Canara Robeco Mid Cap Fund- Direct Plan- Growth Option",2024-12-30,17.04
150404,"BANDHAN MID CAP FUND - GROWTH - DIRECT PLAN",2024-12-31,18.548
150584,"WhiteOak Capital Mid Cap Fund Direct Plan Growth",2024-12-31,19.817
150815,"JM Mid Cap Fund (Direct) - Growth",2024-12-31,20.3091
150817,"Canara Robeco Mid Cap Fund- Direct Plan- Growth Option",2024-12-31,17.09
150404,"BANDHAN MID CAP FUND - GROWTH - DIRECT PLAN",2025-01-01,18.639
150584,"WhiteOak Capital Mid Cap Fund Direct Plan Growth",2025-01-01,19.984
150815,"JM Mid Cap Fund (Direct) - Growth",2025-01-01,20.4477
150817,"Canara Robeco Mid Cap Fund- Direct Plan- Growth Option",2025-01-01,17.12
150404,"BANDHAN MID CAP FUND - GROWTH - DIRECT PLAN",2025-01-02,18.835
150584,"WhiteOak Capital Mid Cap Fund Direct Plan Growth",2025-01-02,20.247
150815,"JM Mid Cap Fund (Direct) - Growth",2025-01-02,20.6987
150817,"Canara Robeco Mid Cap Fund- Direct Plan- Growth Option",2025-01-02,17.3
150404,"BANDHAN MID CAP FUND - GROWTH - DIRECT PLAN",2025-01-03,18.792
150584,"WhiteOak Capital Mid Cap Fund Direct Plan Growth",2025-01-03,20.197
150815,"JM Mid Cap Fund (Direct) - Growth",2025-01-03,20.6815
150817,"Canara Robeco Mid Cap Fund- Direct Plan- Growth Option",2025-01-03,17.24
150404,"BANDHAN MID CAP FUND - GROWTH - DIRECT PLAN",2025-01-06,18.403
150584,"WhiteOak Capital Mid Cap Fund Direct Plan Growth",2025-01-06,19.713
150815,"JM Mid Cap Fund (Direct) - Growth",2025-01-06,20.1815
150817,"Canara Robeco Mid Cap Fund- Direct Plan- Growth Option",2025-01-06,16.92
150404,"BANDHAN MID CAP FUND - GROWTH - DIRECT PLAN",2025-01-07,18.516
150584,"WhiteOak Capital Mid Cap Fund Direct Plan Growth",2025-01-07,19.85
150815,"JM Mid Cap Fund (Direct) - Growth",2025-01-07,20.4567
150817,"Canara Robeco Mid Cap Fund- Direct Plan- Growth Option",2025-01-07,17.01
150404,"BANDHAN MID CAP FUND - GROWTH - DIRECT PLAN",2025-01-08,18.218
150584,"WhiteOak Capital Mid Cap Fund Direct Plan Growth",2025-01-08,19.573
150815,"JM Mid Cap Fund (Direct) - Growth",2025-01-08,20.1891
150817,"Canara Robeco Mid Cap Fund- Direct Plan- Growth Option",2025-01-08,16.85
150404,"BANDHAN MID CAP FUND - GROWTH - DIRECT PLAN",2025-01-09,18.029
150584,"WhiteOak Capital Mid Cap Fund Direct Plan Growth",2025-01-09,19.314
150815,"JM Mid Cap Fund (Direct) - Growth",2025-01-09,19.9325
150817,"Canara Robeco Mid Cap Fund- Direct Plan- Growth Option",2025-01-09,16.68
150404,"BANDHAN MID CAP FUND - GROWTH - DIRECT PLAN",2025-01-10,17.707
150584,"WhiteOak Capital Mid Cap Fund Direct Plan Growth",2025-01-10,18.959
150815,"JM Mid Cap Fund (Direct) - Growth",2025-01-10,19.4552
150817,"Canara Robeco Mid Cap Fund- Direct Plan- Growth Option",2025-01-10,16.4
150404,"BANDHAN MID CAP FUND - GROWTH - DIRECT PLAN",2025-01-13,16.938
150584,"WhiteOak Capital Mid Cap Fund Direct Plan Growth",2025-01-13,18.211
150815,"JM Mid Cap Fund (Direct) - Growth",2025-01-13,18.6859
150817,"Canara Robeco Mid Cap Fund- Direct Plan- Growth Option",2025-01-13,15.76
150404,"BANDHAN MID CAP FUND - GROWTH - DIRECT PLAN",2025-01-14,17.181
150584,"WhiteOak Capital Mid Cap Fund Direct Plan Growth",2025-01-14,18.504
150815,"JM Mid Cap Fund (Direct) - Growth",2025-01-14,18.9105
150817,"Canara Robeco Mid Cap Fund- Direct Plan- Growth Option",2025-01-14,16.03
150404,"BANDHAN MID CAP FUND - GROWTH - DIRECT PLAN",2025-01-15,17.313
150584,"WhiteOak Capital Mid Cap Fund Direct Plan Growth",2025-01-15,18.547
150815,"JM Mid Cap Fund (Direct) - Growth",2025-01-15,18.8773
150817,"Canara Robeco Mid Cap Fund- Direct Plan- Growth Option",2025-01-15,16.14
150404,"BANDHAN MID CAP FUND - GROWTH - DIRECT PLAN",2025-01-16,17.463
150584,"WhiteOak Capital Mid Cap Fund Direct Plan Growth",2025-01-16,18.648
150815,"JM Mid Cap Fund (Direct) - Growth",2025-01-16,19.0119
150817,"Canara Robeco Mid Cap Fund- Direct Plan- Growth Option",2025-01-16,16.29
150404,"BANDHAN MID CAP FUND - GROWTH - DIRECT PLAN",2025-01-17,17.422
150584,"WhiteOak Capital Mid Cap Fund Direct Plan Growth",2025-01-17,18.583
150815,"JM Mid Cap Fund (Direct) - Growth",2025-01-17,19.0257
150817,"Canara Robeco Mid Cap Fund- Direct Plan- Growth Option",2025-01-17,16.27
150404,"BANDHAN MID CAP FUND - GROWTH - DIRECT PLAN",2025-01-20,17.448
150584,"WhiteOak Capital Mid Cap Fund Direct Plan Growth",2025-01-20,18.669
150815,"JM Mid Cap Fund (Direct) - Growth",2025-01-20,19.1456
150817,"Canara Robeco Mid Cap Fund- Direct Plan- Growth Option",2025-01-20,16.28
150404,"BANDHAN MID CAP FUND - GROWTH - DIRECT PLAN",2025-01-21,16.972
150584,"WhiteOak Capital Mid Cap Fund Direct Plan Growth",2025-01-21,18.239
150815,"JM Mid Cap Fund (Direct) - Growth",2025-01-21,18.7955
150817,"Canara Robeco Mid Cap Fund- Direct Plan- Growth Option",2025-01-21,15.88
150404,"BANDHAN MID CAP FUND - GROWTH - DIRECT PLAN",2025-01-22,16.659
150584,"WhiteOak Capital Mid Cap Fund Direct Plan Growth",2025-01-22,18.006
150815,"JM Mid Cap Fund (Direct) - Growth",2025-01-22,18.6118
150817,"Canara Robeco Mid Cap Fund- Direct Plan- Growth Option",2025-01-22,15.65
150404,"BANDHAN MID CAP FUND - GROWTH - DIRECT PLAN",2025-01-23,16.991
150584,"WhiteOak Capital Mid Cap Fund Direct Plan Growth",2025-01-23,18.342
150815,"JM Mid Cap Fund (Direct) - Growth",2025-01-23,18.9151
150817,"Canara Robeco Mid Cap Fund- Direct Plan- Growth Option",2025-01-23,15.94
150404,"BANDHAN MID CAP FUND - GROWTH - DIRECT PLAN",2025-01-24,16.701
150584,"WhiteOak Capital Mid Cap Fund Direct Plan Growth",2025-01-24,18.04
150815,"JM Mid Cap Fund (Direct) - Growth",2025-01-24,18.5778
150817,"Canara Robeco Mid Cap Fund- Direct Plan- Growth Option",2025-01-24,15.66
150404,"BANDHAN MID CAP FUND - GROWTH - DIRECT PLAN",2025-01-27,16.243
150584,"WhiteOak Capital Mid Cap Fund Direct Plan Growth",2025-01-27,17.528
150815,"JM Mid Cap Fund (Direct) - Growth",2025-01-27,18.0387
150817,"Canara Robeco Mid Cap Fund- Direct Plan- Growth Option",2025-01-27,15.28
150404,"BANDHAN MID CAP FUND - GROWTH - DIRECT PLAN",2025-01-28,16.001
150584,"WhiteOak Capital Mid Cap Fund Direct Plan Growth",2025-01-28,17.269
150815,"JM Mid Cap Fund (Direct) - Growth",2025-01-28,17.821
150817,"Canara Robeco Mid Cap Fund- Direct Plan- Growth Option",2025-01-28,15.15
150404,"BANDHAN MID CAP FUND - GROWTH - DIRECT PLAN",2025-01-29,16.475
150584,"WhiteOak Capital Mid Cap Fund Direct Plan Growth",2025-01-29,17.828
150815,"JM Mid Cap Fund (Direct) - Growth",2025-01-29,18.3591
150817,"Canara Robeco Mid Cap Fund- Direct Plan- Growth Option",2025-01-29,15.57
150404,"BANDHAN MID CAP FUND - GROWTH - DIRECT PLAN",2025-01-30,16.408
150584,"WhiteOak Capital Mid Cap Fund Direct Plan Growth",2025-01-30,17.845
150815,"JM Mid Cap Fund (Direct) - Growth",2025-01-30,18.3494
150817,"Canara Robeco Mid Cap Fund- Direct Plan- Growth Option",2025-01-30,15.59
150404,"BANDHAN MID CAP FUND - GROWTH - DIRECT PLAN",2025-01-31,16.67
150584,"WhiteOak Capital Mid Cap Fund Direct Plan Growth",2025-01-31,18.041
150815,"JM Mid Cap Fund (Direct) - Growth",2025-01-31,18.5931
150817,"Canara Robeco Mid Cap Fund- Direct Plan- Growth Option",2025-01-31,15.89
150404,"BANDHAN MID CAP FUND - GROWTH - DIRECT PLAN",2025-02-03,16.647
150584,"WhiteOak Capital Mid Cap Fund Direct Plan Growth",2025-02-03,17.924
150815,"JM Mid Cap Fund (Direct) - Growth",2025-02-03,18.3545
150817,"Canara Robeco Mid Cap Fund- Direct Plan- Growth Option",2025-02-03,15.79
150404,"BANDHAN MID CAP FUND - GROWTH - DIRECT PLAN",2025-02-04,16.805
150584,"WhiteOak Capital Mid Cap Fund Direct Plan Growth",2025-02-04,18.174
150815,"JM Mid Cap Fund (Direct) - Growth",2025-02-04,18.6993
150817,"Canara Robeco Mid Cap Fund- Direct Plan- Growth Option",2025-02-04,15.94
150404,"BANDHAN MID CAP FUND - GROWTH - DIRECT PLAN",2025-02-05,16.893
150584,"WhiteOak Capital Mid Cap Fund Direct Plan Growth",2025-02-05,18.375
150815,"JM Mid Cap Fund (Direct) - Growth",2025-02-05,18.9234
150817,"Canara Robeco Mid Cap Fund- Direct Plan- Growth Option",2025-02-05,16.05
150404,"BANDHAN MID CAP FUND - GROWTH - DIRECT PLAN",2025-02-06,16.707
150584,"WhiteOak Capital Mid Cap Fund Direct Plan Growth",2025-02-06,18.2
150815,"JM Mid Cap Fund (Direct) - Growth",2025-02-06,18.7955
150817,"Canara Robeco Mid Cap Fund- Direct Plan- Growth Option",2025-02-06,15.84
150404,"BANDHAN MID CAP FUND - GROWTH - DIRECT PLAN",2025-02-07,16.746
150584,"WhiteOak Capital Mid Cap Fund Direct Plan Growth",2025-02-07,18.263
150815,"JM Mid Cap Fund (Direct) - Growth",2025-02-07,18.8167
150817,"Canara Robeco Mid Cap Fund- Direct Plan- Growth Option",2025-02-07,15.92
150404,"BANDHAN MID CAP FUND - GROWTH - DIRECT PLAN",2025-02-10,16.377
150584,"WhiteOak Capital Mid Cap Fund Direct Plan Growth",2025-02-10,17.833
150815,"JM Mid Cap Fund (Direct) - Growth",2025-02-10,18.4769
150817,"Canara Robeco Mid Cap Fund- Direct Plan- Growth Option",2025-02-10,15.61
150404,"BANDHAN MID CAP FUND - GROWTH - DIRECT PLAN",2025-02-11,15.907
150584,"WhiteOak Capital Mid Cap Fund Direct Plan Growth",2025-02-11,17.334
150815,"JM Mid Cap Fund (Direct) - Growth",2025-02-11,17.9311
150817,"Canara Robeco Mid Cap Fund- Direct Plan- Growth Option",2025-02-11,15.19
150404,"BANDHAN MID CAP FUND - GROWTH - DIRECT PLAN",2025-02-12,15.803
150584,"WhiteOak Capital Mid Cap Fund Direct Plan Growth",2025-02-12,17.298
150815,"JM Mid Cap Fund (Direct) - Growth",2025-02-12,17.8853
150817,"Canara Robeco Mid Cap Fund- Direct Plan- Growth Option",2025-02-12,15.08
150404,"BANDHAN MID CAP FUND - GROWTH - DIRECT PLAN",2025-02-13,15.803
150584,"WhiteOak Capital Mid Cap Fund Direct Plan Growth",2025-02-13,17.339
150815,"JM Mid Cap Fund (Direct) - Growth",2025-02-13,17.8
150817,"Canara Robeco Mid Cap Fund- Direct Plan- Growth Option",2025-02-13,15.08
150404,"BANDHAN MID CAP FUND - GROWTH - DIRECT PLAN",2025-02-14,15.39
150584,"WhiteOak Capital Mid Cap Fund Direct Plan Growth",2025-02-14,16.925
150815,"JM Mid Cap Fund (Direct) - Growth",2025-02-14,17.4961
150817,"Canara Robeco Mid Cap Fund- Direct Plan- Growth Option",2025-02-14,14.77
150404,"BANDHAN MID CAP FUND - GROWTH - DIRECT PLAN",2025-02-17,15.359
150584,"WhiteOak Capital Mid Cap Fund Direct Plan Growth",2025-02-17,16.899
150815,"JM Mid Cap Fund (Direct) - Growth",2025-02-17,17.5784
150817,"Canara Robeco Mid Cap Fund- Direct Plan- Growth Option",2025-02-17,14.76
150404,"BANDHAN MID CAP FUND - GROWTH - DIRECT PLAN",2025-02-18,15.323
150584,"WhiteOak Capital Mid Cap Fund Direct Plan Growth",2025-02-18,16.904
150815,"JM Mid Cap Fund (Direct) - Growth",2025-02-18,17.5161
150817,"Canara Robeco Mid Cap Fund- Direct Plan- Growth Option",2025-02-18,14.76
150404,"BANDHAN MID CAP FUND - GROWTH - DIRECT PLAN",2025-02-19,15.532
150584,"WhiteOak Capital Mid Cap Fund Direct Plan Growth",2025-02-19,17.085
150815,"JM Mid Cap Fund (Direct) - Growth",2025-02-19,17.687
150817,"Canara Robeco Mid Cap Fund- Direct Plan- Growth Option",2025-02-19,14.94
150404,"BANDHAN MID CAP FUND - GROWTH - DIRECT PLAN",2025-02-20,15.742
150584,"WhiteOak Capital Mid Cap Fund Direct Plan Growth",2025-02-20,17.307
150815,"JM Mid Cap Fund (Direct) - Growth",2025-02-20,17.8339
150817,"Canara Robeco Mid Cap Fund- Direct Plan- Growth Option",2025-02-20,15.13
150404,"BANDHAN MID CAP FUND - GROWTH - DIRECT PLAN",2025-02-21,15.582
150584,"WhiteOak Capital Mid Cap Fund Direct Plan Growth",2025-02-21,17.136
150815,"JM Mid Cap Fund (Direct) - Growth",2025-02-21,17.5363
150817,"Canara Robeco Mid Cap Fund- Direct Plan- Growth Option",2025-02-21,15
150404,"BANDHAN MID CAP FUND - GROWTH - DIRECT PLAN",2025-02-24,15.479
150584,"WhiteOak Capital Mid Cap Fund Direct Plan Growth",2025-02-24,16.967
150815,"JM Mid Cap Fund (Direct) - Growth",2025-02-24,17.404
150817,"Canara Robeco Mid Cap Fund- Direct Plan- Growth Option",2025-02-24,14.87
150404,"BANDHAN MID CAP FUND - GROWTH - DIRECT PLAN",2025-02-25,15.411
150584,"WhiteOak Capital Mid Cap Fund Direct Plan Growth",2025-02-25,16.926
150815,"JM Mid Cap Fund (Direct) - Growth",2025-02-25,17.3778
150817,"Canara Robeco Mid Cap Fund- Direct Plan- Growth Option",2025-02-25,14.82
150404,"BANDHAN MID CAP FUND - GROWTH - DIRECT PLAN",2025-02-27,15.136
150584,"WhiteOak Capital Mid Cap Fund Direct Plan Growth",2025-02-27,16.797
150815,"JM Mid Cap Fund (Direct) - Growth",2025-02-27,17.1755
150817,"Canara Robeco Mid Cap Fund- Direct Plan- Growth Option",2025-02-27,14.62
150404,"BANDHAN MID CAP FUND - GROWTH - DIRECT PLAN",2025-02-28,14.86
150584,"WhiteOak Capital Mid Cap Fund Direct Plan Growth",2025-02-28,16.47
150815,"JM Mid Cap Fund (Direct) - Growth",2025-02-28,16.7324
150817,"Canara Robeco Mid Cap Fund- Direct Plan- Growth Option",2025-02-28,14.35
150404,"BANDHAN MID CAP FUND - GROWTH - DIRECT PLAN",2025-03-03,14.975
150584,"WhiteOak Capital Mid Cap Fund Direct Plan Growth",2025-03-03,16.544
150815,"JM Mid Cap Fund (Direct) - Growth",2025-03-03,16.8107
150817,"Canara Robeco Mid Cap Fund- Direct Plan- Growth Option",2025-03-03,14.45
150404,"BANDHAN MID CAP FUND - GROWTH - DIRECT PLAN",2025-03-04,15.013
150584,"WhiteOak Capital Mid Cap Fund Direct Plan Growth",2025-03-04,16.565
150815,"JM Mid Cap Fund (Direct) - Growth",2025-03-04,16.9006
150817,"Canara Robeco Mid Cap Fund- Direct Plan- Growth Option",2025-03-04,14.5
150404,"BANDHAN MID CAP FUND - GROWTH - DIRECT PLAN",2025-03-05,15.341
150584,"WhiteOak Capital Mid Cap Fund Direct Plan Growth",2025-03-05,17.012
150815,"JM Mid Cap Fund (Direct) - Growth",2025-03-05,17.2899
150817,"Canara Robeco Mid Cap Fund- Direct Plan- Growth Option",2025-03-05,14.79
150404,"BANDHAN MID CAP FUND - GROWTH - DIRECT PLAN",2025-03-06,15.391
150584,"WhiteOak Capital Mid Cap Fund Direct Plan Growth",2025-03-06,17.095
150815,"JM Mid Cap Fund (Direct) - Growth",2025-03-06,17.4588
150817,"Canara Robeco Mid Cap Fund- Direct Plan- Growth Option",2025-03-06,14.84
150404,"BANDHAN MID CAP FUND - GROWTH - DIRECT PLAN",2025-03-07,15.367
150584,"WhiteOak Capital Mid Cap Fund Direct Plan Growth",2025-03-07,17.014
150815,"JM Mid Cap Fund (Direct) - Growth",2025-03-07,17.4036
150817,"Canara Robeco Mid Cap Fund- Direct Plan- Growth Option",2025-03-07,14.79
150404,"BANDHAN MID CAP FUND - GROWTH - DIRECT PLAN",2025-03-10,15.108
150584,"WhiteOak Capital Mid Cap Fund Direct Plan Growth",2025-03-10,16.749
150815,"JM Mid Cap Fund (Direct) - Growth",2025-03-10,17.131
150817,"Canara Robeco Mid Cap Fund- Direct Plan- Growth Option",2025-03-10,14.55
150404,"BANDHAN MID CAP FUND - GROWTH - DIRECT PLAN",2025-03-11,15.184
150584,"WhiteOak Capital Mid Cap Fund Direct Plan Growth",2025-03-11,16.859
150815,"JM Mid Cap Fund (Direct) - Growth",2025-03-11,17.1497
150817,"Canara Robeco Mid Cap Fund- Direct Plan- Growth Option",2025-03-11,14.66
150404,"BANDHAN MID CAP FUND - GROWTH - DIRECT PLAN",2025-03-12,15.097
150584,"WhiteOak Capital Mid Cap Fund Direct Plan Growth",2025-03-12,16.697
150815,"JM Mid Cap Fund (Direct) - Growth",2025-03-12,17.0604
150817,"Canara Robeco Mid Cap Fund- Direct Plan- Growth Option",2025-03-12,14.55
150404,"BANDHAN MID CAP FUND - GROWTH - DIRECT PLAN",2025-03-13,15.045
150584,"WhiteOak Capital Mid Cap Fund Direct Plan Growth",2025-03-13,16.584
150815,"JM Mid Cap Fund (Direct) - Growth",2025-03-13,16.94
150817,"Canara Robeco Mid Cap Fund- Direct Plan- Growth Option",2025-03-13,14.47
150404,"BANDHAN MID CAP FUND - GROWTH - DIRECT PLAN",2025-03-17,15.171
150584,"WhiteOak Capital Mid Cap Fund Direct Plan Growth",2025-03-17,16.725
150815,"JM Mid Cap Fund (Direct) - Growth",2025-03-17,17.0693
150817,"Canara Robeco Mid Cap Fund- Direct Plan- Growth Option",2025-03-17,14.6
153326,"Helios Mid Cap Fund - Direct Plan - Growth Option",2025-03-17,10.06
150404,"BANDHAN MID CAP FUND - GROWTH - DIRECT PLAN",2025-03-18,15.522
150584,"WhiteOak Capital Mid Cap Fund Direct Plan Growth",2025-03-18,17.052
150815,"JM Mid Cap Fund (Direct) - Growth",2025-03-18,17.4137
150817,"Canara Robeco Mid Cap Fund- Direct Plan- Growth Option",2025-03-18,14.94
153326,"Helios Mid Cap Fund - Direct Plan - Growth Option",2025-03-18,10.05
150404,"BANDHAN MID CAP FUND - GROWTH - DIRECT PLAN",2025-03-19,15.838
150584,"WhiteOak Capital Mid Cap Fund Direct Plan Growth",2025-03-19,17.363
150815,"JM Mid Cap Fund (Direct) - Growth",2025-03-19,17.7454
150817,"Canara Robeco Mid Cap Fund- Direct Plan- Growth Option",2025-03-19,15.26
153326,"Helios Mid Cap Fund - Direct Plan - Growth Option",2025-03-19,10.14
150404,"BANDHAN MID CAP FUND - GROWTH - DIRECT PLAN",2025-03-20,15.884
150584,"WhiteOak Capital Mid Cap Fund Direct Plan Growth",2025-03-20,17.427
150815,"JM Mid Cap Fund (Direct) - Growth",2025-03-20,17.8319
150817,"Canara Robeco Mid Cap Fund- Direct Plan- Growth Option",2025-03-20,15.33
153326,"Helios Mid Cap Fund - Direct Plan - Growth Option",2025-03-20,10.17
150404,"BANDHAN MID CAP FUND - GROWTH - DIRECT PLAN",2025-03-21,16.064
150584,"WhiteOak Capital Mid Cap Fund Direct Plan Growth",2025-03-21,17.595
150815,"JM Mid Cap Fund (Direct) - Growth",2025-03-21,18.0337
150817,"Canara Robeco Mid Cap Fund- Direct Plan- Growth Option",2025-03-21,15.49
153326,"Helios Mid Cap Fund - Direct Plan - Growth Option",2025-03-21,10.3
150404,"BANDHAN MID CAP FUND - GROWTH - DIRECT PLAN",2025-03-24,16.221
150584,"WhiteOak Capital Mid Cap Fund Direct Plan Growth",2025-03-24,17.84
150815,"JM Mid Cap Fund (Direct) - Growth",2025-03-24,18.2221
150817,"Canara Robeco Mid Cap Fund- Direct Plan- Growth Option",2025-03-24,15.63
153326,"Helios Mid Cap Fund - Direct Plan - Growth Option",2025-03-24,10.46
150404,"BANDHAN MID CAP FUND - GROWTH - DIRECT PLAN",2025-03-25,16.087
150584,"WhiteOak Capital Mid Cap Fund Direct Plan Growth",2025-03-25,17.701
150815,"JM Mid Cap Fund (Direct) - Growth",2025-03-25,18.0113
150817,"Canara Robeco Mid Cap Fund- Direct Plan- Growth Option",2025-03-25,15.5
153326,"Helios Mid Cap Fund - Direct Plan - Growth Option",2025-03-25,10.37
150404,"BANDHAN MID CAP FUND - GROWTH - DIRECT PLAN",2025-03-26,15.989
150584,"WhiteOak Capital Mid Cap Fund Direct Plan Growth",2025-03-26,17.542
150815,"JM Mid Cap Fund (Direct) - Growth",2025-03-26,17.8639
150817,"Canara Robeco Mid Cap Fund- Direct Plan- Growth Option",2025-03-26,15.4
153326,"Helios Mid Cap Fund - Direct Plan - Growth Option",2025-03-26,10.29
150404,"BANDHAN MID CAP FUND - GROWTH - DIRECT PLAN",2025-03-27,16.087
150584,"WhiteOak Capital Mid Cap Fund Direct Plan Growth",2025-03-27,17.691
150815,"JM Mid Cap Fund (Direct) - Growth",2025-03-27,18.0257
150817,"Canara Robeco Mid Cap Fund- Direct Plan- Growth Option",2025-03-27,15.46
153326,"Helios Mid Cap Fund - Direct Plan - Growth Option",2025-03-27,10.39
150404,"BANDHAN MID CAP FUND - GROWTH - DIRECT PLAN",2025-03-28,16.008
150584,"WhiteOak Capital Mid Cap Fund Direct Plan Growth",2025-03-28,17.579
150815,"JM Mid Cap Fund (Direct) - Growth",2025-03-28,18.0428
150817,"Canara Robeco Mid Cap Fund- Direct Plan- Growth Option",2025-03-28,15.39
153326,"Helios Mid Cap Fund - Direct Plan - Growth Option",2025-03-28,10.34
150404,"BANDHAN MID CAP FUND - GROWTH - DIRECT PLAN",2025-03-31,16.008
150584,"WhiteOak Capital Mid Cap Fund Direct Plan Growth",2025-03-31,17.579
150815,"JM Mid Cap Fund (Direct) - Growth",2025-03-31,18.0422
150817,"Canara Robeco Mid Cap Fund- Direct Plan- Growth Option",2025-03-31,15.39
153326,"Helios Mid Cap Fund - Direct Plan - Growth Option",2025-03-31,10.34
150404,"BANDHAN MID CAP FUND - GROWTH - DIRECT PLAN",2025-04-01,15.825
150584,"WhiteOak Capital Mid Cap Fund Direct Plan Growth",2025-04-01,17.338
150815,"JM Mid Cap Fund (Direct) - Growth",2025-04-01,17.8266
150817,"Canara Robeco Mid Cap Fund- Direct Plan- Growth Option",2025-04-01,15.22
153326,"Helios Mid Cap Fund - Direct Plan - Growth Option",2025-04-01,10.25
150404,"BANDHAN MID CAP FUND - GROWTH - DIRECT PLAN",2025-04-02,16.019
150584,"WhiteOak Capital Mid Cap Fund Direct Plan Growth",2025-04-02,17.541
150815,"JM Mid Cap Fund (Direct) - Growth",2025-04-02,18.0195
150817,"Canara Robeco Mid Cap Fund- Direct Plan- Growth Option",2025-04-02,15.39
153326,"Helios Mid Cap Fund - Direct Plan - Growth Option",2025-04-02,10.39
150404,"BANDHAN MID CAP FUND - GROWTH - DIRECT PLAN",2025-04-03,15.956
150584,"WhiteOak Capital Mid Cap Fund Direct Plan Growth",2025-04-03,17.504
150815,"JM Mid Cap Fund (Direct) - Growth",2025-04-03,18.0922
150817,"Canara Robeco Mid Cap Fund- Direct Plan- Growth Option",2025-04-03,15.35
153326,"Helios Mid Cap Fund - Direct Plan - Growth Option",2025-04-03,10.44
150404,"BANDHAN MID CAP FUND - GROWTH - DIRECT PLAN",2025-04-04,15.492
150584,"WhiteOak Capital Mid Cap Fund Direct Plan Growth",2025-04-04,17.01
150815,"JM Mid Cap Fund (Direct) - Growth",2025-04-04,17.5645
150817,"Canara Robeco Mid Cap Fund- Direct Plan- Growth Option",2025-04-04,14.94
153326,"Helios Mid Cap Fund - Direct Plan - Growth Option",2025-04-04,10.22
150404,"BANDHAN MID CAP FUND - GROWTH - DIRECT PLAN",2025-04-07,14.85
150584,"WhiteOak Capital Mid Cap Fund Direct Plan Growth",2025-04-07,16.397
150815,"JM Mid Cap Fund (Direct) - Growth",2025-04-07,16.9608
150817,"Canara Robeco Mid Cap Fund- Direct Plan- Growth Option",2025-04-07,14.42
153326,"Helios Mid Cap Fund - Direct Plan - Growth Option",2025-04-07,9.89
150404,"BANDHAN MID CAP FUND - GROWTH - DIRECT PLAN",2025-04-08,15.154
150584,"WhiteOak Capital Mid Cap Fund Direct Plan Growth",2025-04-08,16.743
150815,"JM Mid Cap Fund (Direct) - Growth",2025-04-08,17.3684
150817,"Canara Robeco Mid Cap Fund- Direct Plan- Growth Option",2025-04-08,14.69
153326,"Helios Mid Cap Fund - Direct Plan - Growth Option",2025-04-08,10.11
150404,"BANDHAN MID CAP FUND - GROWTH - DIRECT PLAN",2025-04-09,15.015
150584,"WhiteOak Capital Mid Cap Fund Direct Plan Growth",2025-04-09,16.537
150815,"JM Mid Cap Fund (Direct) - Growth",2025-04-09,17.2793
150817,"Canara Robeco Mid Cap Fund- Direct Plan- Growth Option",2025-04-09,14.56
153326,"Helios Mid Cap Fund - Direct Plan - Growth Option",2025-04-09,10.01
150404,"BANDHAN MID CAP FUND - GROWTH - DIRECT PLAN",2025-04-11,15.369
150584,"WhiteOak Capital Mid Cap Fund Direct Plan Growth",2025-04-11,16.86
150815,"JM Mid Cap Fund (Direct) - Growth",2025-04-11,17.6118
150817,"Canara Robeco Mid Cap Fund- Direct Plan- Growth Option",2025-04-11,14.82
153326,"Helios Mid Cap Fund - Direct Plan - Growth Option",2025-04-11,10.21
150404,"BANDHAN MID CAP FUND - GROWTH - DIRECT PLAN",2025-04-15,15.902
150584,"WhiteOak Capital Mid Cap Fund Direct Plan Growth",2025-04-15,17.363
150815,"JM Mid Cap Fund (Direct) - Growth",2025-04-15,18.0568
150817,"Canara Robeco Mid Cap Fund- Direct Plan- Growth Option",2025-04-15,15.28
153326,"Helios Mid Cap Fund - Direct Plan - Growth Option",2025-04-15,10.44
150404,"BANDHAN MID CAP FUND - GROWTH - DIRECT PLAN",2025-04-16,15.993
150584,"WhiteOak Capital Mid Cap Fund Direct Plan Growth",2025-04-16,17.462
150815,"JM Mid Cap Fund (Direct) - Growth",2025-04-16,18.2714
150817,"Canara Robeco Mid Cap Fund- Direct Plan- Growth Option",2025-04-16,15.37
153326,"Helios Mid Cap Fund - Direct Plan - Growth Option",2025-04-16,10.52
150404,"BANDHAN MID CAP FUND - GROWTH - DIRECT PLAN",2025-04-17,16.103
150584,"WhiteOak Capital Mid Cap Fund Direct Plan Growth",2025-04-17,17.621
150815,"JM Mid Cap Fund (Direct) - Growth",2025-04-17,18.4084
150817,"Canara Robeco Mid Cap Fund- Direct Plan- Growth Option",2025-04-17,15.51
153326,"Helios Mid Cap Fund - Direct Plan - Growth Option",2025-04-17,10.59
150404,"BANDHAN MID CAP FUND - GROWTH - DIRECT PLAN",2025-04-21,16.399
150584,"WhiteOak Capital Mid Cap Fund Direct Plan Growth",2025-04-21,17.947
150815,"JM Mid Cap Fund (Direct) - Growth",2025-04-21,18.6589
150817,"Canara Robeco Mid Cap Fund- Direct Plan- Growth Option",2025-04-21,15.85
153326,"Helios Mid Cap Fund - Direct Plan - Growth Option",2025-04-21,10.76
150404,"BANDHAN MID CAP FUND - GROWTH - DIRECT PLAN",2025-04-22,16.544
150584,"WhiteOak Capital Mid Cap Fund Direct Plan Growth",2025-04-22,18.15
150815,"JM Mid Cap Fund (Direct) - Growth",2025-04-22,18.8176
150817,"Canara Robeco Mid Cap Fund- Direct Plan- Growth Option",2025-04-22,15.97
153326,"Helios Mid Cap Fund - Direct Plan - Growth Option",2025-04-22,10.87
150404,"BANDHAN MID CAP FUND - GROWTH - DIRECT PLAN",2025-04-23,16.688
150584,"WhiteOak Capital Mid Cap Fund Direct Plan Growth",2025-04-23,18.296
150815,"JM Mid Cap Fund (Direct) - Growth",2025-04-23,18.9606
150817,"Canara Robeco Mid Cap Fund- Direct Plan- Growth Option",2025-04-23,16.09
153326,"Helios Mid Cap Fund - Direct Plan - Growth Option",2025-04-23,10.89
150404,"BANDHAN MID CAP FUND - GROWTH - DIRECT PLAN",2025-04-24,16.623
150584,"WhiteOak Capital Mid Cap Fund Direct Plan Growth",2025-04-24,18.251
150815,"JM Mid Cap Fund (Direct) - Growth",2025-04-24,18.9467
150817,"Canara Robeco Mid Cap Fund- Direct Plan- Growth Option",2025-04-24,16.05
153326,"Helios Mid Cap Fund - Direct Plan - Growth Option",2025-04-24,10.84
150404,"BANDHAN MID CAP FUND - GROWTH - DIRECT PLAN",2025-04-25,16.291
150584,"WhiteOak Capital Mid Cap Fund Direct Plan Growth",2025-04-25,17.875
150815,"JM Mid Cap Fund (Direct) - Growth",2025-04-25,18.4402
150817,"Canara Robeco Mid Cap Fund- Direct Plan- Growth Option",2025-04-25,15.71
153326,"Helios Mid Cap Fund - Direct Plan - Growth Option",2025-04-25,10.59
150404,"BANDHAN MID CAP FUND - GROWTH - DIRECT PLAN",2025-04-28,16.461
150584,"WhiteOak Capital Mid Cap Fund Direct Plan Growth",2025-04-28,18.062
150815,"JM Mid Cap Fund (Direct) - Growth",2025-04-28,18.6423
150817,"Canara Robeco Mid Cap Fund- Direct Plan- Growth Option",2025-04-28,15.87
153326,"Helios Mid Cap Fund - Direct Plan - Growth Option",2025-04-28,10.66
150404,"BANDHAN MID CAP FUND - GROWTH - DIRECT PLAN",2025-04-29,16.545
150584,"WhiteOak Capital Mid Cap Fund Direct Plan Growth",2025-04-29,18.163
150815,"JM Mid Cap Fund (Direct) - Growth",2025-04-29,18.6492
150817,"Canara Robeco Mid Cap Fund- Direct Plan- Growth Option",2025-04-29,15.98
153326,"Helios Mid Cap Fund - Direct Plan - Growth Option",2025-04-29,10.68
150404,"BANDHAN MID CAP FUND - GROWTH - DIRECT PLAN",2025-04-30,16.408
150584,"WhiteOak Capital Mid Cap Fund Direct Plan Growth",2025-04-30,18.098
150815,"JM Mid Cap Fund (Direct) - Growth",2025-04-30,18.5159
150817,"Canara Robeco Mid Cap Fund- Direct Plan- Growth Option",2025-04-30,15.87
153326,"Helios Mid Cap Fund - Direct Plan - Growth Option",2025-04-30,10.65
150404,"BANDHAN MID CAP FUND - GROWTH - DIRECT PLAN",2025-05-02,16.341
150584,"WhiteOak Capital Mid Cap Fund Direct Plan Growth",2025-05-02,18.036
150815,"JM Mid Cap Fund (Direct) - Growth",2025-05-02,18.4244
150817,"Canara Robeco Mid Cap Fund- Direct Plan- Growth Option",2025-05-02,15.76
153326,"Helios Mid Cap Fund - Direct Plan - Growth Option",2025-05-02,10.6
150404,"BANDHAN MID CAP FUND - GROWTH - DIRECT PLAN",2025-05-05,16.605
150584,"WhiteOak Capital Mid Cap Fund Direct Plan Growth",2025-05-05,18.298
150815,"JM Mid Cap Fund (Direct) - Growth",2025-05-05,18.8082
150817,"Canara Robeco Mid Cap Fund- Direct Plan- Growth Option",2025-05-05,15.99
153326,"Helios Mid Cap Fund - Direct Plan - Growth Option",2025-05-05,10.73
150404,"BANDHAN MID CAP FUND - GROWTH - DIRECT PLAN",2025-05-06,16.266
150584,"WhiteOak Capital Mid Cap Fund Direct Plan Growth",2025-05-06,18.013
150815,"JM Mid Cap Fund (Direct) - Growth",2025-05-06,18.4075
150817,"Canara Robeco Mid Cap Fund- Direct Plan- Growth Option",2025-05-06,15.69
153326,"Helios Mid Cap Fund - Direct Plan - Growth Option",2025-05-06,10.54
150404,"BANDHAN MID CAP FUND - GROWTH - DIRECT PLAN",2025-05-07,16.469
150584,"WhiteOak Capital Mid Cap Fund Direct Plan Growth",2025-05-07,18.238
150815,"JM Mid Cap Fund (Direct) - Growth",2025-05-07,18.5578
150817,"Canara Robeco Mid Cap Fund- Direct Plan- Growth Option",2025-05-07,15.89
153326,"Helios Mid Cap Fund - Direct Plan - Growth Option",2025-05-07,10.74
150404,"BANDHAN MID CAP FUND - GROWTH - DIRECT PLAN",2025-05-08,16.287
150584,"WhiteOak Capital Mid Cap Fund Direct Plan Growth",2025-05-08,17.996
150815,"JM Mid Cap Fund (Direct) - Growth",2025-05-08,18.1955
150817,"Canara Robeco Mid Cap Fund- Direct Plan- Growth Option",2025-05-08,15.73
153326,"Helios Mid Cap Fund - Direct Plan - Growth Option",2025-05-08,10.62
150404,"BANDHAN MID CAP FUND - GROWTH - DIRECT PLAN",2025-05-09,16.211
150584,"WhiteOak Capital Mid Cap Fund Direct Plan Growth",2025-05-09,17.934
150815,"JM Mid Cap Fund (Direct) - Growth",2025-05-09,18.1331
150817,"Canara Robeco Mid Cap Fund- Direct Plan- Growth Option",2025-05-09,15.66
153326,"Helios Mid Cap Fund - Direct Plan - Growth Option",2025-05-09,10.6
150404,"BANDHAN MID CAP FUND - GROWTH - DIRECT PLAN",2025-05-12,16.828
150584,"WhiteOak Capital Mid Cap Fund Direct Plan Growth",2025-05-12,18.618
150815,"JM Mid Cap Fund (Direct) - Growth",2025-05-12,18.779
150817,"Canara Robeco Mid Cap Fund- Direct Plan- Growth Option",2025-05-12,16.26
153326,"Helios Mid Cap Fund - Direct Plan - Growth Option",2025-05-12,10.96
150404,"BANDHAN MID CAP FUND - GROWTH - DIRECT PLAN",2025-05-13,16.896
150584,"WhiteOak Capital Mid Cap Fund Direct Plan Growth",2025-05-13,18.65
150815,"JM Mid Cap Fund (Direct) - Growth",2025-05-13,18.9792
150817,"Canara Robeco Mid Cap Fund- Direct Plan- Growth Option",2025-05-13,16.34
153326,"Helios Mid Cap Fund - Direct Plan - Growth Option",2025-05-13,11.02
150404,"BANDHAN MID CAP FUND - GROWTH - DIRECT PLAN",2025-05-14,17.048
150584,"WhiteOak Capital Mid Cap Fund Direct Plan Growth",2025-05-14,18.827
150815,"JM Mid Cap Fund (Direct) - Growth",2025-05-14,19.1034
150817,"Canara Robeco Mid Cap Fund- Direct Plan- Growth Option",2025-05-14,16.57
153326,"Helios Mid Cap Fund - Direct Plan - Growth Option",2025-05-14,11.14
150404,"BANDHAN MID CAP FUND - GROWTH - DIRECT PLAN",2025-05-15,17.234
150584,"WhiteOak Capital Mid Cap Fund Direct Plan Growth",2025-05-15,18.879
150815,"JM Mid Cap Fund (Direct) - Growth",2025-05-15,19.2193
150817,"Canara Robeco Mid Cap Fund- Direct Plan- Growth Option",2025-05-15,16.76
153326,"Helios Mid Cap Fund - Direct Plan - Growth Option",2025-05-15,11.2
150404,"BANDHAN MID CAP FUND - GROWTH - DIRECT PLAN",2025-05-16,17.31
150584,"WhiteOak Capital Mid Cap Fund Direct Plan Growth",2025-05-16,18.973
150815,"JM Mid Cap Fund (Direct) - Growth",2025-05-16,19.3663
150817,"Canara Robeco Mid Cap Fund- Direct Plan- Growth Option",2025-05-16,16.85
153326,"Helios Mid Cap Fund - Direct Plan - Growth Option",2025-05-16,11.23
150404,"BANDHAN MID CAP FUND - GROWTH - DIRECT PLAN",2025-05-19,17.332
150584,"WhiteOak Capital Mid Cap Fund Direct Plan Growth",2025-05-19,19.031
150815,"JM Mid Cap Fund (Direct) - Growth",2025-05-19,19.4039
150817,"Canara Robeco Mid Cap Fund- Direct Plan- Growth Option",2025-05-19,16.93
153326,"Helios Mid Cap Fund - Direct Plan - Growth Option",2025-05-19,11.26
150404,"BANDHAN MID CAP FUND - GROWTH - DIRECT PLAN",2025-05-20,17.067
150584,"WhiteOak Capital Mid Cap Fund Direct Plan Growth",2025-05-20,18.778
150815,"JM Mid Cap Fund (Direct) - Growth",2025-05-20,19.1926
150817,"Canara Robeco Mid Cap Fund- Direct Plan- Growth Option",2025-05-20,16.67
153326,"Helios Mid Cap Fund - Direct Plan - Growth Option",2025-05-20,11.12
150404,"BANDHAN MID CAP FUND - GROWTH - DIRECT PLAN",2025-05-21,17.188
150584,"WhiteOak Capital Mid Cap Fund Direct Plan Growth",2025-05-21,18.946
150815,"JM Mid Cap Fund (Direct) - Growth",2025-05-21,19.2781
150817,"Canara Robeco Mid Cap Fund- Direct Plan- Growth Option",2025-05-21,16.8
153326,"Helios Mid Cap Fund - Direct Plan - Growth Option",2025-05-21,11.23
150404,"BANDHAN MID CAP FUND - GROWTH - DIRECT PLAN",2025-05-22,17.168
150584,"WhiteOak Capital Mid Cap Fund Direct Plan Growth",2025-05-22,18.909
150815,"JM Mid Cap Fund (Direct) - Growth",2025-05-22,19.1497
150817,"Canara Robeco Mid Cap Fund- Direct Plan- Growth Option",2025-05-22,16.77
153326,"Helios Mid Cap Fund - Direct Plan - Growth Option",2025-05-22,11.24
150404,"BANDHAN MID CAP FUND - GROWTH - DIRECT PLAN",2025-05-23,17.245
150584,"WhiteOak Capital Mid Cap Fund Direct Plan Growth",2025-05-23,19.059
150815,"JM Mid Cap Fund (Direct) - Growth",2025-05-23,19.2244
150817,"Canara Robeco Mid Cap Fund- Direct Plan- Growth Option",2025-05-23,16.89
153326,"Helios Mid Cap Fund - Direct Plan - Growth Option",2025-05-23,11.26
150404,"BANDHAN MID CAP FUND - GROWTH - DIRECT PLAN",2025-05-26,17.349
150584,"WhiteOak Capital Mid Cap Fund Direct Plan Growth",2025-05-26,19.101
150815,"JM Mid Cap Fund (Direct) - Growth",2025-05-26,19.2784
150817,"Canara Robeco Mid Cap Fund- Direct Plan- Growth Option",2025-05-26,17
153326,"Helios Mid Cap Fund - Direct Plan - Growth Option",2025-05-26,11.29
150404,"BANDHAN MID CAP FUND - GROWTH - DIRECT PLAN",2025-05-27,17.381
150584,"WhiteOak Capital Mid Cap Fund Direct Plan Growth",2025-05-27,19.146
150815,"JM Mid Cap Fund (Direct) - Growth",2025-05-27,19.2647
150817,"Canara Robeco Mid Cap Fund- Direct Plan- Growth Option",2025-05-27,17.07
153326,"Helios Mid Cap Fund - Direct Plan - Growth Option",2025-05-27,11.31
150404,"BANDHAN MID CAP FUND - GROWTH - DIRECT PLAN",2025-05-28,17.393
150584,"WhiteOak Capital Mid Cap Fund Direct Plan Growth",2025-05-28,19.176
150815,"JM Mid Cap Fund (Direct) - Growth",2025-05-28,19.3477
150817,"Canara Robeco Mid Cap Fund- Direct Plan- Growth Option",2025-05-28,17.09
153326,"Helios Mid Cap Fund - Direct Plan - Growth Option",2025-05-28,11.33
150404,"BANDHAN MID CAP FUND - GROWTH - DIRECT PLAN",2025-05-29,17.496
150584,"WhiteOak Capital Mid Cap Fund Direct Plan Growth",2025-05-29,19.275
150815,"JM Mid Cap Fund (Direct) - Growth",2025-05-29,19.4537
150817,"Canara Robeco Mid Cap Fund- Direct Plan- Growth Option",2025-05-29,17.17
153326,"Helios Mid Cap Fund - Direct Plan - Growth Option",2025-05-29,11.39
150404,"BANDHAN MID CAP FUND - GROWTH - DIRECT PLAN",2025-05-30,17.529
150584,"WhiteOak Capital Mid Cap Fund Direct Plan Growth",2025-05-30,19.295
150815,"JM Mid Cap Fund (Direct) - Growth",2025-05-30,19.539
150817,"Canara Robeco Mid Cap Fund- Direct Plan- Growth Option",2025-05-30,17.17
153326,"Helios Mid Cap Fund - Direct Plan - Growth Option",2025-05-30,11.42
150404,"BANDHAN MID CAP FUND - GROWTH - DIRECT PLAN",2025-05-31,17.529
150404,"BANDHAN MID CAP FUND - GROWTH - DIRECT PLAN",2025-06-02,17.596
150584,"WhiteOak Capital Mid Cap Fund Direct Plan Growth",2025-06-02,19.374
150815,"JM Mid Cap Fund (Direct) - Growth",2025-06-02,19.5694
150817,"Canara Robeco Mid Cap Fund- Direct Plan- Growth Option",2025-06-02,17.28
153326,"Helios Mid Cap Fund - Direct Plan - Growth Option",2025-06-02,11.44
150404,"BANDHAN MID CAP FUND - GROWTH - DIRECT PLAN",2025-06-03,17.574
150584,"WhiteOak Capital Mid Cap Fund Direct Plan Growth",2025-06-03,19.338
150815,"JM Mid Cap Fund (Direct) - Growth",2025-06-03,19.4542
150817,"Canara Robeco Mid Cap Fund- Direct Plan- Growth Option",2025-06-03,17.24
153326,"Helios Mid Cap Fund - Direct Plan - Growth Option",2025-06-03,11.43
150404,"BANDHAN MID CAP FUND - GROWTH - DIRECT PLAN",2025-06-04,17.716
150584,"WhiteOak Capital Mid Cap Fund Direct Plan Growth",2025-06-04,19.492
150815,"JM Mid Cap Fund (Direct) - Growth",2025-06-04,19.6416
150817,"Canara Robeco Mid Cap Fund- Direct Plan- Growth Option",2025-06-04,17.38
153326,"Helios Mid Cap Fund - Direct Plan - Growth Option",2025-06-04,11.52
150404,"BANDHAN MID CAP FUND - GROWTH - DIRECT PLAN",2025-06-05,17.859
150584,"WhiteOak Capital Mid Cap Fund Direct Plan Growth",2025-06-05,19.608
150815,"JM Mid Cap Fund (Direct) - Growth",2025-06-05,19.7228
150817,"Canara Robeco Mid Cap Fund- Direct Plan- Growth Option",2025-06-05,17.51
153326,"Helios Mid Cap Fund - Direct Plan - Growth Option",2025-06-05,11.6
150404,"BANDHAN MID CAP FUND - GROWTH - DIRECT PLAN",2025-06-06,17.996
150584,"WhiteOak Capital Mid Cap Fund Direct Plan Growth",2025-06-06,19.751
150815,"JM Mid Cap Fund (Direct) - Growth",2025-06-06,19.9338
150817,"Canara Robeco Mid Cap Fund- Direct Plan- Growth Option",2025-06-06,17.68
153326,"Helios Mid Cap Fund - Direct Plan - Growth Option",2025-06-06,11.71
150404,"BANDHAN MID CAP FUND - GROWTH - DIRECT PLAN",2025-06-09,18.131
150584,"WhiteOak Capital Mid Cap Fund Direct Plan Growth",2025-06-09,19.951
150815,"JM Mid Cap Fund (Direct) - Growth",2025-06-09,20.1111
150817,"Canara Robeco Mid Cap Fund- Direct Plan- Growth Option",2025-06-09,17.81
153326,"Helios Mid Cap Fund - Direct Plan - Growth Option",2025-06-09,11.82
150404,"BANDHAN MID CAP FUND - GROWTH - DIRECT PLAN",2025-06-10,18.115
150584,"WhiteOak Capital Mid Cap Fund Direct Plan Growth",2025-06-10,19.93
150815,"JM Mid Cap Fund (Direct) - Growth",2025-06-10,20.0817
150817,"Canara Robeco Mid Cap Fund- Direct Plan- Growth Option",2025-06-10,17.81
153326,"Helios Mid Cap Fund - Direct Plan - Growth Option",2025-06-10,11.78
150404,"BANDHAN MID CAP FUND - GROWTH - DIRECT PLAN",2025-06-11,18.132
150584,"WhiteOak Capital Mid Cap Fund Direct Plan Growth",2025-06-11,19.938
150815,"JM Mid Cap Fund (Direct) - Growth",2025-06-11,19.9969
150817,"Canara Robeco Mid Cap Fund- Direct Plan- Growth Option",2025-06-11,17.83
153326,"Helios Mid Cap Fund - Direct Plan - Growth Option",2025-06-11,11.74
150404,"BANDHAN MID CAP FUND - GROWTH - DIRECT PLAN",2025-06-12,17.881
150584,"WhiteOak Capital Mid Cap Fund Direct Plan Growth",2025-06-12,19.69
150815,"JM Mid Cap Fund (Direct) - Growth",2025-06-12,19.6824
150817,"Canara Robeco Mid Cap Fund- Direct Plan- Growth Option",2025-06-12,17.56
153326,"Helios Mid Cap Fund - Direct Plan - Growth Option",2025-06-12,11.58
150404,"BANDHAN MID CAP FUND - GROWTH - DIRECT PLAN",2025-06-13,17.874
150584,"WhiteOak Capital Mid Cap Fund Direct Plan Growth",2025-06-13,19.666
150815,"JM Mid Cap Fund (Direct) - Growth",2025-06-13,19.6696
150817,"Canara Robeco Mid Cap Fund- Direct Plan- Growth Option",2025-06-13,17.5
153326,"Helios Mid Cap Fund - Direct Plan - Growth Option",2025-06-13,11.58
150404,"BANDHAN MID CAP FUND - GROWTH - DIRECT PLAN",2025-06-16,17.992
150584,"WhiteOak Capital Mid Cap Fund Direct Plan Growth",2025-06-16,19.866
150815,"JM Mid Cap Fund (Direct) - Growth",2025-06-16,19.7982
150817,"Canara Robeco Mid Cap Fund- Direct Plan- Growth Option",2025-06-16,17.64
153326,"Helios Mid Cap Fund - Direct Plan - Growth Option",2025-06-16,11.67
150404,"BANDHAN MID CAP FUND - GROWTH - DIRECT PLAN",2025-06-17,17.931
150584,"WhiteOak Capital Mid Cap Fund Direct Plan Growth",2025-06-17,19.809
150815,"JM Mid Cap Fund (Direct) - Growth",2025-06-17,19.6289
150817,"Canara Robeco Mid Cap Fund- Direct Plan- Growth Option",2025-06-17,17.58
153326,"Helios Mid Cap Fund - Direct Plan - Growth Option",2025-06-17,11.66
150404,"BANDHAN MID CAP FUND - GROWTH - DIRECT PLAN",2025-06-18,17.896
150584,"WhiteOak Capital Mid Cap Fund Direct Plan Growth",2025-06-18,19.744
150815,"JM Mid Cap Fund (Direct) - Growth",2025-06-18,19.5878
150817,"Canara Robeco Mid Cap Fund- Direct Plan- Growth Option",2025-06-18,17.55
153326,"Helios Mid Cap Fund - Direct Plan - Growth Option",2025-06-18,11.63
150404,"BANDHAN MID CAP FUND - GROWTH - DIRECT PLAN",2025-06-19,17.653
150584,"WhiteOak Capital Mid Cap Fund Direct Plan Growth",2025-06-19,19.516
150815,"JM Mid Cap Fund (Direct) - Growth",2025-06-19,19.334
150817,"Canara Robeco Mid Cap Fund- Direct Plan- Growth Option",2025-06-19,17.32
153326,"Helios Mid Cap Fund - Direct Plan - Growth Option",2025-06-19,11.46
150404,"BANDHAN MID CAP FUND - GROWTH - DIRECT PLAN",2025-06-20,17.894
150584,"WhiteOak Capital Mid Cap Fund Direct Plan Growth",2025-06-20,19.745
150815,"JM Mid Cap Fund (Direct) - Growth",2025-06-20,19.5161
150817,"Canara Robeco Mid Cap Fund- Direct Plan- Growth Option",2025-06-20,17.58
153326,"Helios Mid Cap Fund - Direct Plan - Growth Option",2025-06-20,11.58
150404,"BANDHAN MID CAP FUND - GROWTH - DIRECT PLAN",2025-06-23,17.909
150584,"WhiteOak Capital Mid Cap Fund Direct Plan Growth",2025-06-23,19.751
150815,"JM Mid Cap Fund (Direct) - Growth",2025-06-23,19.5339
150817,"Canara Robeco Mid Cap Fund- Direct Plan- Growth Option",2025-06-23,17.66
153326,"Helios Mid Cap Fund - Direct Plan - Growth Option",2025-06-23,11.61
150404,"BANDHAN MID CAP FUND - GROWTH - DIRECT PLAN",2025-06-24,18.013
150584,"WhiteOak Capital Mid Cap Fund Direct Plan Growth",2025-06-24,19.835
150815,"JM Mid Cap Fund (Direct) - Growth",2025-06-24,19.7199
150817,"Canara Robeco Mid Cap Fund- Direct Plan- Growth Option",2025-06-24,17.77
153326,"Helios Mid Cap Fund - Direct Plan - Growth Option",2025-06-24,11.71
150404,"BANDHAN MID CAP FUND - GROWTH - DIRECT PLAN",2025-06-25,18.128
150584,"WhiteOak Capital Mid Cap Fund Direct Plan Growth",2025-06-25,19.983
150815,"JM Mid Cap Fund (Direct) - Growth",2025-06-25,19.8745
150817,"Canara Robeco Mid Cap Fund- Direct Plan- Growth Option",2025-06-25,17.87
153326,"Helios Mid Cap Fund - Direct Plan - Growth Option",2025-06-25,11.82
150404,"BANDHAN MID CAP FUND - GROWTH - DIRECT PLAN",2025-06-26,18.156
150584,"WhiteOak Capital Mid Cap Fund Direct Plan Growth",2025-06-26,20.044
150815,"JM Mid Cap Fund (Direct) - Growth",2025-06-26,19.9822
150817,"Canara Robeco Mid Cap Fund- Direct Plan- Growth Option",2025-06-26,17.95
153326,"Helios Mid Cap Fund - Direct Plan - Growth Option",2025-06-26,11.85
150404,"BANDHAN MID CAP FUND - GROWTH - DIRECT PLAN",2025-06-27,18.232
150584,"WhiteOak Capital Mid Cap Fund Direct Plan Growth",2025-06-27,20.136
150815,"JM Mid Cap Fund (Direct) - Growth",2025-06-27,20.1704
150817,"Canara Robeco Mid Cap Fund- Direct Plan- Growth Option",2025-06-27,18.01
153326,"Helios Mid Cap Fund - Direct Plan - Growth Option",2025-06-27,11.92
150404,"BANDHAN MID CAP FUND - GROWTH - DIRECT PLAN",2025-06-30,18.365
150584,"WhiteOak Capital Mid Cap Fund Direct Plan Growth",2025-06-30,20.329
150815,"JM Mid Cap Fund (Direct) - Growth",2025-06-30,20.2706
150817,"Canara Robeco Mid Cap Fund- Direct Plan- Growth Option",2025-06-30,18.12
153326,"Helios Mid Cap Fund - Direct Plan - Growth Option",2025-06-30,11.99
150404,"BANDHAN MID CAP FUND - GROWTH - DIRECT PLAN",2025-07-01,18.294
150584,"WhiteOak Capital Mid Cap Fund Direct Plan Growth",2025-07-01,20.286
150815,"JM Mid Cap Fund (Direct) - Growth",2025-07-01,20.2173
150817,"Canara Robeco Mid Cap Fund- Direct Plan- Growth Option",2025-07-01,18.07
153326,"Helios Mid Cap Fund - Direct Plan - Growth Option",2025-07-01,11.98
150404,"BANDHAN MID CAP FUND - GROWTH - DIRECT PLAN",2025-07-02,18.273
150584,"WhiteOak Capital Mid Cap Fund Direct Plan Growth",2025-07-02,20.253
150815,"JM Mid Cap Fund (Direct) - Growth",2025-07-02,20.1346
150817,"Canara Robeco Mid Cap Fund- Direct Plan- Growth Option",2025-07-02,18.03
153326,"Helios Mid Cap Fund - Direct Plan - Growth Option",2025-07-02,11.94
150404,"BANDHAN MID CAP FUND - GROWTH - DIRECT PLAN",2025-07-03,18.272
150584,"WhiteOak Capital Mid Cap Fund Direct Plan Growth",2025-07-03,20.259
150815,"JM Mid Cap Fund (Direct) - Growth",2025-07-03,20.2561
150817,"Canara Robeco Mid Cap Fund- Direct Plan- Growth Option",2025-07-03,18.04
153326,"Helios Mid Cap Fund - Direct Plan - Growth Option",2025-07-03,11.99
150404,"BANDHAN MID CAP FUND - GROWTH - DIRECT PLAN",2025-07-04,18.183
150584,"WhiteOak Capital Mid Cap Fund Direct Plan Growth",2025-07-04,20.28
150815,"JM Mid Cap Fund (Direct) - Growth",2025-07-04,20.2883
150817,"Canara Robeco Mid Cap Fund- Direct Plan- Growth Option",2025-07-04,17.94
153326,"Helios Mid Cap Fund - Direct Plan - Growth Option",2025-07-04,12.02
150404,"BANDHAN MID CAP FUND - GROWTH - DIRECT PLAN",2025-07-07,18.178
150584,"WhiteOak Capital Mid Cap Fund Direct Plan Growth",2025-07-07,20.215
150815,"JM Mid Cap Fund (Direct) - Growth",2025-07-07,20.2364
150817,"Canara Robeco Mid Cap Fund- Direct Plan- Growth Option",2025-07-07,17.87
153326,"Helios Mid Cap Fund - Direct Plan - Growth Option",2025-07-07,12
150404,"BANDHAN MID CAP FUND - GROWTH - DIRECT PLAN",2025-07-08,18.161
150584,"WhiteOak Capital Mid Cap Fund Direct Plan Growth",2025-07-08,20.154
150815,"JM Mid Cap Fund (Direct) - Growth",2025-07-08,20.172
150817,"Canara Robeco Mid Cap Fund- Direct Plan- Growth Option",2025-07-08,17.92
153326,"Helios Mid Cap Fund - Direct Plan - Growth Option",2025-07-08,12.04
150404,"BANDHAN MID CAP FUND - GROWTH - DIRECT PLAN",2025-07-09,18.212
150584,"WhiteOak Capital Mid Cap Fund Direct Plan Growth",2025-07-09,20.193
150815,"JM Mid Cap Fund (Direct) - Growth",2025-07-09,20.181
150817,"Canara Robeco Mid Cap Fund- Direct Plan- Growth Option",2025-07-09,17.92
153326,"Helios Mid Cap Fund - Direct Plan - Growth Option",2025-07-09,12.07
150404,"BANDHAN MID CAP FUND - GROWTH - DIRECT PLAN",2025-07-10,18.172
150584,"WhiteOak Capital Mid Cap Fund Direct Plan Growth",2025-07-10,20.135
150815,"JM Mid Cap Fund (Direct) - Growth",2025-07-10,20.1935
150817,"Canara Robeco Mid Cap Fund- Direct Plan- Growth Option",2025-07-10,17.89
153326,"Helios Mid Cap Fund - Direct Plan - Growth Option",2025-07-10,12.08
150404,"BANDHAN MID CAP FUND - GROWTH - DIRECT PLAN",2025-07-11,18.002
150584,"WhiteOak Capital Mid Cap Fund Direct Plan Growth",2025-07-11,19.962
150815,"JM Mid Cap Fund (Direct) - Growth",2025-07-11,20.0609
150817,"Canara Robeco Mid Cap Fund- Direct Plan- Growth Option",2025-07-11,17.76
153326,"Helios Mid Cap Fund - Direct Plan - Growth Option",2025-07-11,12.01
150404,"BANDHAN MID CAP FUND - GROWTH - DIRECT PLAN",2025-07-14,18.153
150584,"WhiteOak Capital Mid Cap Fund Direct Plan Growth",2025-07-14,20.095
150815,"JM Mid Cap Fund (Direct) - Growth",2025-07-14,20.2249
150817,"Canara Robeco Mid Cap Fund- Direct Plan- Growth Option",2025-07-14,17.85
153326,"Helios Mid Cap Fund - Direct Plan - Growth Option",2025-07-14,12.07
150404,"BANDHAN MID CAP FUND - GROWTH - DIRECT PLAN",2025-07-15,18.309
150584,"WhiteOak Capital Mid Cap Fund Direct Plan Growth",2025-07-15,20.261
150815,"JM Mid Cap Fund (Direct) - Growth",2025-07-15,20.4559
150817,"Canara Robeco Mid Cap Fund- Direct Plan- Growth Option",2025-07-15,18
153326,"Helios Mid Cap Fund - Direct Plan - Growth Option",2025-07-15,12.15
150404,"BANDHAN MID CAP FUND - GROWTH - DIRECT PLAN",2025-07-16,18.32
150584,"WhiteOak Capital Mid Cap Fund Direct Plan Growth",2025-07-16,20.302
150815,"JM Mid Cap Fund (Direct) - Growth",2025-07-16,20.5135
150817,"Canara Robeco Mid Cap Fund- Direct Plan- Growth Option",2025-07-16,18.01
153326,"Helios Mid Cap Fund - Direct Plan - Growth Option",2025-07-16,12.21
150404,"BANDHAN MID CAP FUND - GROWTH - DIRECT PLAN",2025-07-17,18.335
150584,"WhiteOak Capital Mid Cap Fund Direct Plan Growth",2025-07-17,20.332
150815,"JM Mid Cap Fund (Direct) - Growth",2025-07-17,20.5418
150817,"Canara Robeco Mid Cap Fund- Direct Plan- Growth Option",2025-07-17,18.02
153326,"Helios Mid Cap Fund - Direct Plan - Growth Option",2025-07-17,12.23
150404,"BANDHAN MID CAP FUND - GROWTH - DIRECT PLAN",2025-07-18,18.216
150584,"WhiteOak Capital Mid Cap Fund Direct Plan Growth",2025-07-18,20.218
150815,"JM Mid Cap Fund (Direct) - Growth",2025-07-18,20.4073
150817,"Canara Robeco Mid Cap Fund- Direct Plan- Growth Option",2025-07-18,17.93
153326,"Helios Mid Cap Fund - Direct Plan - Growth Option",2025-07-18,12.17
150404,"BANDHAN MID CAP FUND - GROWTH - DIRECT PLAN",2025-07-21,18.407
150584,"WhiteOak Capital Mid Cap Fund Direct Plan Growth",2025-07-21,20.362
150815,"JM Mid Cap Fund (Direct) - Growth",2025-07-21,20.452
150817,"Canara Robeco Mid Cap Fund- Direct Plan- Growth Option",2025-07-21,18.08
153326,"Helios Mid Cap Fund - Direct Plan - Growth Option",2025-07-21,12.24
150404,"BANDHAN MID CAP FUND - GROWTH - DIRECT PLAN",2025-07-22,18.355
150584,"WhiteOak Capital Mid Cap Fund Direct Plan Growth",2025-07-22,20.336
150815,"JM Mid Cap Fund (Direct) - Growth",2025-07-22,20.3654
150817,"Canara Robeco Mid Cap Fund- Direct Plan- Growth Option",2025-07-22,18.08
153326,"Helios Mid Cap Fund - Direct Plan - Growth Option",2025-07-22,12.23
150404,"BANDHAN MID CAP FUND - GROWTH - DIRECT PLAN",2025-07-23,18.386
150584,"WhiteOak Capital Mid Cap Fund Direct Plan Growth",2025-07-23,20.346
150815,"JM Mid Cap Fund (Direct) - Growth",2025-07-23,20.4234
150817,"Canara Robeco Mid Cap Fund- Direct Plan- Growth Option",2025-07-23,18.14
153326,"Helios Mid Cap Fund - Direct Plan - Growth Option",2025-07-23,12.25
150404,"BANDHAN MID CAP FUND - GROWTH - DIRECT PLAN",2025-07-24,18.303
150584,"WhiteOak Capital Mid Cap Fund Direct Plan Growth",2025-07-24,20.183
150815,"JM Mid Cap Fund (Direct) - Growth",2025-07-24,20.3124
150817,"Canara Robeco Mid Cap Fund- Direct Plan- Growth Option",2025-07-24,18.07
153326,"Helios Mid Cap Fund - Direct Plan - Growth Option",2025-07-24,12.22
150404,"BANDHAN MID CAP FUND - GROWTH - DIRECT PLAN",2025-07-25,18.055
150584,"WhiteOak Capital Mid Cap Fund Direct Plan Growth",2025-07-25,19.96
150815,"JM Mid Cap Fund (Direct) - Growth",2025-07-25,20.0113
150817,"Canara Robeco Mid Cap Fund- Direct Plan- Growth Option",2025-07-25,17.82
153326,"Helios Mid Cap Fund - Direct Plan - Growth Option",2025-07-25,12.02
150404,"BANDHAN MID CAP FUND - GROWTH - DIRECT PLAN",2025-07-28,17.899
150584,"WhiteOak Capital Mid Cap Fund Direct Plan Growth",2025-07-28,19.815
150815,"JM Mid Cap Fund (Direct) - Growth",2025-07-28,19.8342
150817,"Canara Robeco Mid Cap Fund- Direct Plan- Growth Option",2025-07-28,17.69
153326,"Helios Mid Cap Fund - Direct Plan - Growth Option",2025-07-28,11.92
150404,"BANDHAN MID CAP FUND - GROWTH - DIRECT PLAN",2025-07-29,18.108
150584,"WhiteOak Capital Mid Cap Fund Direct Plan Growth",2025-07-29,19.976
150815,"JM Mid Cap Fund (Direct) - Growth",2025-07-29,20.05
150817,"Canara Robeco Mid Cap Fund- Direct Plan- Growth Option",2025-07-29,17.84
153326,"Helios Mid Cap Fund - Direct Plan - Growth Option",2025-07-29,12.01
150404,"BANDHAN MID CAP FUND - GROWTH - DIRECT PLAN",2025-07-30,18.176
150584,"WhiteOak Capital Mid Cap Fund Direct Plan Growth",2025-07-30,20.065
150815,"JM Mid Cap Fund (Direct) - Growth",2025-07-30,20.1559
150817,"Canara Robeco Mid Cap Fund- Direct Plan- Growth Option",2025-07-30,17.83
153326,"Helios Mid Cap Fund - Direct Plan - Growth Option",2025-07-30,12.06
150404,"BANDHAN MID CAP FUND - GROWTH - DIRECT PLAN",2025-07-31,18.139
150584,"WhiteOak Capital Mid Cap Fund Direct Plan Growth",2025-07-31,19.994
150815,"JM Mid Cap Fund (Direct) - Growth",2025-07-31,20.0482
150817,"Canara Robeco Mid Cap Fund- Direct Plan- Growth Option",2025-07-31,17.76
153326,"Helios Mid Cap Fund - Direct Plan - Growth Option",2025-07-31,12.02
150404,"BANDHAN MID CAP FUND - GROWTH - DIRECT PLAN",2025-08-01,18.012
150584,"WhiteOak Capital Mid Cap Fund Direct Plan Growth",2025-08-01,19.764
150815,"JM Mid Cap Fund (Direct) - Growth",2025-08-01,19.7867
150817,"Canara Robeco Mid Cap Fund- Direct Plan- Growth Option",2025-08-01,17.63
153326,"Helios Mid Cap Fund - Direct Plan - Growth Option",2025-08-01,11.87
150404,"BANDHAN MID CAP FUND - GROWTH - DIRECT PLAN",2025-08-04,18.16
150584,"WhiteOak Capital Mid Cap Fund Direct Plan Growth",2025-08-04,19.947
150815,"JM Mid Cap Fund (Direct) - Growth",2025-08-04,19.9873
150817,"Canara Robeco Mid Cap Fund- Direct Plan- Growth Option",2025-08-04,17.84
153326,"Helios Mid Cap Fund - Direct Plan - Growth Option",2025-08-04,12.03
150404,"BANDHAN MID CAP FUND - GROWTH - DIRECT PLAN",2025-08-05,18.212
150584,"WhiteOak Capital Mid Cap Fund Direct Plan Growth",2025-08-05,19.905
150815,"JM Mid Cap Fund (Direct) - Growth",2025-08-05,20.0058
150817,"Canara Robeco Mid Cap Fund- Direct Plan- Growth Option",2025-08-05,17.82
153326,"Helios Mid Cap Fund - Direct Plan - Growth Option",2025-08-05,12.02
150404,"BANDHAN MID CAP FUND - GROWTH - DIRECT PLAN",2025-08-06,18.031
150584,"WhiteOak Capital Mid Cap Fund Direct Plan Growth",2025-08-06,19.701
150815,"JM Mid Cap Fund (Direct) - Growth",2025-08-06,19.9902
150817,"Canara Robeco Mid Cap Fund- Direct Plan- Growth Option",2025-08-06,17.68
153326,"Helios Mid Cap Fund - Direct Plan - Growth Option",2025-08-06,11.89
150404,"BANDHAN MID CAP FUND - GROWTH - DIRECT PLAN",2025-08-07,18.079
150584,"WhiteOak Capital Mid Cap Fund Direct Plan Growth",2025-08-07,19.817
150815,"JM Mid Cap Fund (Direct) - Growth",2025-08-07,19.9994
150817,"Canara Robeco Mid Cap Fund- Direct Plan- Growth Option",2025-08-07,17.72
153326,"Helios Mid Cap Fund - Direct Plan - Growth Option",2025-08-07,11.94
150404,"BANDHAN MID CAP FUND - GROWTH - DIRECT PLAN",2025-08-08,17.839
150584,"WhiteOak Capital Mid Cap Fund Direct Plan Growth",2025-08-08,19.659
150815,"JM Mid Cap Fund (Direct) - Growth",2025-08-08,19.7468
150817,"Canara Robeco Mid Cap Fund- Direct Plan- Growth Option",2025-08-08,17.58
153326,"Helios Mid Cap Fund - Direct Plan - Growth Option",2025-08-08,11.85
150404,"BANDHAN MID CAP FUND - GROWTH - DIRECT PLAN",2025-08-11,18.001
150584,"WhiteOak Capital Mid Cap Fund Direct Plan Growth",2025-08-11,19.818
150815,"JM Mid Cap Fund (Direct) - Growth",2025-08-11,19.7963
150817,"Canara Robeco Mid Cap Fund- Direct Plan- Growth Option",2025-08-11,17.72
153326,"Helios Mid Cap Fund - Direct Plan - Growth Option",2025-08-11,11.93
150404,"BANDHAN MID CAP FUND - GROWTH - DIRECT PLAN",2025-08-12,17.928
150584,"WhiteOak Capital Mid Cap Fund Direct Plan Growth",2025-08-12,19.789
150815,"JM Mid Cap Fund (Direct) - Growth",2025-08-12,19.7539
150817,"Canara Robeco Mid Cap Fund- Direct Plan- Growth Option",2025-08-12,17.68
153326,"Helios Mid Cap Fund - Direct Plan - Growth Option",2025-08-12,11.89
150404,"BANDHAN MID CAP FUND - GROWTH - DIRECT PLAN",2025-08-13,18.068
150584,"WhiteOak Capital Mid Cap Fund Direct Plan Growth",2025-08-13,19.881
150815,"JM Mid Cap Fund (Direct) - Growth",2025-08-13,19.9357
150817,"Canara Robeco Mid Cap Fund- Direct Plan- Growth Option",2025-08-13,17.82
153326,"Helios Mid Cap Fund - Direct Plan - Growth Option",2025-08-13,12
150404,"BANDHAN MID CAP FUND - GROWTH - DIRECT PLAN",2025-08-14,18.06
150584,"WhiteOak Capital Mid Cap Fund Direct Plan Growth",2025-08-14,19.934
150815,"JM Mid Cap Fund (Direct) - Growth",2025-08-14,19.8341
150817,"Canara Robeco Mid Cap Fund- Direct Plan- Growth Option",2025-08-14,17.82
153326,"Helios Mid Cap Fund - Direct Plan - Growth Option",2025-08-14,12.01
150404,"BANDHAN MID CAP FUND - GROWTH - DIRECT PLAN",2025-08-18,18.28
150584,"WhiteOak Capital Mid Cap Fund Direct Plan Growth",2025-08-18,20.117
150815,"JM Mid Cap Fund (Direct) - Growth",2025-08-18,19.9926
150817,"Canara Robeco Mid Cap Fund- Direct Plan- Growth Option",2025-08-18,18.03
153326,"Helios Mid Cap Fund - Direct Plan - Growth Option",2025-08-18,12.18
150404,"BANDHAN MID CAP FUND - GROWTH - DIRECT PLAN",2025-08-19,18.402
150584,"WhiteOak Capital Mid Cap Fund Direct Plan Growth",2025-08-19,20.301
150815,"JM Mid Cap Fund (Direct) - Growth",2025-08-19,20.2155
150817,"Canara Robeco Mid Cap Fund- Direct Plan- Growth Option",2025-08-19,18.17
153326,"Helios Mid Cap Fund - Direct Plan - Growth Option",2025-08-19,12.32
150404,"BANDHAN MID CAP FUND - GROWTH - DIRECT PLAN",2025-08-20,18.496
150584,"WhiteOak Capital Mid Cap Fund Direct Plan Growth",2025-08-20,20.391
150815,"JM Mid Cap Fund (Direct) - Growth",2025-08-20,20.4118
150817,"Canara Robeco Mid Cap Fund- Direct Plan- Growth Option",2025-08-20,18.26
153326,"Helios Mid Cap Fund - Direct Plan - Growth Option",2025-08-20,12.44
150404,"BANDHAN MID CAP FUND - GROWTH - DIRECT PLAN",2025-08-21,18.481
150584,"WhiteOak Capital Mid Cap Fund Direct Plan Growth",2025-08-21,20.382
150815,"JM Mid Cap Fund (Direct) - Growth",2025-08-21,20.3859
150817,"Canara Robeco Mid Cap Fund- Direct Plan- Growth Option",2025-08-21,18.24
153326,"Helios Mid Cap Fund - Direct Plan - Growth Option",2025-08-21,12.44
150404,"BANDHAN MID CAP FUND - GROWTH - DIRECT PLAN",2025-08-22,18.464
150584,"WhiteOak Capital Mid Cap Fund Direct Plan Growth",2025-08-22,20.374
150815,"JM Mid Cap Fund (Direct) - Growth",2025-08-22,20.2824
150817,"Canara Robeco Mid Cap Fund- Direct Plan- Growth Option",2025-08-22,18.2
153326,"Helios Mid Cap Fund - Direct Plan - Growth Option",2025-08-22,12.41
150404,"BANDHAN MID CAP FUND - GROWTH - DIRECT PLAN",2025-08-25,18.458
150584,"WhiteOak Capital Mid Cap Fund Direct Plan Growth",2025-08-25,20.363
150815,"JM Mid Cap Fund (Direct) - Growth",2025-08-25,20.2982
150817,"Canara Robeco Mid Cap Fund- Direct Plan- Growth Option",2025-08-25,18.21
153326,"Helios Mid Cap Fund - Direct Plan - Growth Option",2025-08-25,12.38
153728,"Bank of India Mid Cap Fund - Direct Plan Growth",2025-08-25,9.98
150404,"BANDHAN MID CAP FUND - GROWTH - DIRECT PLAN",2025-08-26,18.22
150584,"WhiteOak Capital Mid Cap Fund Direct Plan Growth",2025-08-26,20.111
150815,"JM Mid Cap Fund (Direct) - Growth",2025-08-26,20.0261
150817,"Canara Robeco Mid Cap Fund- Direct Plan- Growth Option",2025-08-26,17.98
153326,"Helios Mid Cap Fund - Direct Plan - Growth Option",2025-08-26,12.26
153728,"Bank of India Mid Cap Fund - Direct Plan Growth",2025-08-26,9.91
150404,"BANDHAN MID CAP FUND - GROWTH - DIRECT PLAN",2025-08-28,18.034
150584,"WhiteOak Capital Mid Cap Fund Direct Plan Growth",2025-08-28,19.912
150815,"JM Mid Cap Fund (Direct) - Growth",2025-08-28,19.8727
150817,"Canara Robeco Mid Cap Fund- Direct Plan- Growth Option",2025-08-28,17.79
153326,"Helios Mid Cap Fund - Direct Plan - Growth Option",2025-08-28,12.12
153728,"Bank of India Mid Cap Fund - Direct Plan Growth",2025-08-28,9.87
150404,"BANDHAN MID CAP FUND - GROWTH - DIRECT PLAN",2025-08-29,17.992
150584,"WhiteOak Capital Mid Cap Fund Direct Plan Growth",2025-08-29,19.824
150815,"JM Mid Cap Fund (Direct) - Growth",2025-08-29,19.7837
150817,"Canara Robeco Mid Cap Fund- Direct Plan- Growth Option",2025-08-29,17.7
153326,"Helios Mid Cap Fund - Direct Plan - Growth Option",2025-08-29,12.08
153728,"Bank of India Mid Cap Fund - Direct Plan Growth",2025-08-29,9.85
150404,"BANDHAN MID CAP FUND - GROWTH - DIRECT PLAN",2025-08-31,17.991
150404,"BANDHAN MID CAP FUND - GROWTH - DIRECT PLAN",2025-09-01,18.312
150584,"WhiteOak Capital Mid Cap Fund Direct Plan Growth",2025-09-01,20.136
150815,"JM Mid Cap Fund (Direct) - Growth",2025-09-01,20.0314
150817,"Canara Robeco Mid Cap Fund- Direct Plan- Growth Option",2025-09-01,18.03
153326,"Helios Mid Cap Fund - Direct Plan - Growth Option",2025-09-01,12.31
153728,"Bank of India Mid Cap Fund - Direct Plan Growth",2025-09-01,9.96
150404,"BANDHAN MID CAP FUND - GROWTH - DIRECT PLAN",2025-09-02,18.304
150584,"WhiteOak Capital Mid Cap Fund Direct Plan Growth",2025-09-02,20.118
150815,"JM Mid Cap Fund (Direct) - Growth",2025-09-02,19.9512
150817,"Canara Robeco Mid Cap Fund- Direct Plan- Growth Option",2025-09-02,18.04
153326,"Helios Mid Cap Fund - Direct Plan - Growth Option",2025-09-02,12.3
153728,"Bank of India Mid Cap Fund - Direct Plan Growth",2025-09-02,9.98
150404,"BANDHAN MID CAP FUND - GROWTH - DIRECT PLAN",2025-09-03,18.432
150584,"WhiteOak Capital Mid Cap Fund Direct Plan Growth",2025-09-03,20.283
150815,"JM Mid Cap Fund (Direct) - Growth",2025-09-03,20.1145
150817,"Canara Robeco Mid Cap Fund- Direct Plan- Growth Option",2025-09-03,18.13
153326,"Helios Mid Cap Fund - Direct Plan - Growth Option",2025-09-03,12.43
153728,"Bank of India Mid Cap Fund - Direct Plan Growth",2025-09-03,9.99
150404,"BANDHAN MID CAP FUND - GROWTH - DIRECT PLAN",2025-09-04,18.411
150584,"WhiteOak Capital Mid Cap Fund Direct Plan Growth",2025-09-04,20.17
150815,"JM Mid Cap Fund (Direct) - Growth",2025-09-04,20.0889
150817,"Canara Robeco Mid Cap Fund- Direct Plan- Growth Option",2025-09-04,18.02
153326,"Helios Mid Cap Fund - Direct Plan - Growth Option",2025-09-04,12.36
153728,"Bank of India Mid Cap Fund - Direct Plan Growth",2025-09-04,9.95
150404,"BANDHAN MID CAP FUND - GROWTH - DIRECT PLAN",2025-09-05,18.385
150584,"WhiteOak Capital Mid Cap Fund Direct Plan Growth",2025-09-05,20.119
150815,"JM Mid Cap Fund (Direct) - Growth",2025-09-05,20.2092
150817,"Canara Robeco Mid Cap Fund- Direct Plan- Growth Option",2025-09-05,18.03
153326,"Helios Mid Cap Fund - Direct Plan - Growth Option",2025-09-05,12.37
153728,"Bank of India Mid Cap Fund - Direct Plan Growth",2025-09-05,9.94
150404,"BANDHAN MID CAP FUND - GROWTH - DIRECT PLAN",2025-09-08,18.406
150584,"WhiteOak Capital Mid Cap Fund Direct Plan Growth",2025-09-08,20.149
150815,"JM Mid Cap Fund (Direct) - Growth",2025-09-08,20.3094
150817,"Canara Robeco Mid Cap Fund- Direct Plan- Growth Option",2025-09-08,18.08
153326,"Helios Mid Cap Fund - Direct Plan - Growth Option",2025-09-08,12.45
153728,"Bank of India Mid Cap Fund - Direct Plan Growth",2025-09-08,9.97
150404,"BANDHAN MID CAP FUND - GROWTH - DIRECT PLAN",2025-09-09,18.449
150584,"WhiteOak Capital Mid Cap Fund Direct Plan Growth",2025-09-09,20.244
150815,"JM Mid Cap Fund (Direct) - Growth",2025-09-09,20.4292
150817,"Canara Robeco Mid Cap Fund- Direct Plan- Growth Option",2025-09-09,18.04
153326,"Helios Mid Cap Fund - Direct Plan - Growth Option",2025-09-09,12.47
153728,"Bank of India Mid Cap Fund - Direct Plan Growth",2025-09-09,9.97
150404,"BANDHAN MID CAP FUND - GROWTH - DIRECT PLAN",2025-09-10,18.596
150584,"WhiteOak Capital Mid Cap Fund Direct Plan Growth",2025-09-10,20.448
150815,"JM Mid Cap Fund (Direct) - Growth",2025-09-10,20.6672
150817,"Canara Robeco Mid Cap Fund- Direct Plan- Growth Option",2025-09-10,18.19
153326,"Helios Mid Cap Fund - Direct Plan - Growth Option",2025-09-10,12.49
153728,"Bank of India Mid Cap Fund - Direct Plan Growth",2025-09-10,10.01
150404,"BANDHAN MID CAP FUND - GROWTH - DIRECT PLAN",2025-09-11,18.599
150584,"WhiteOak Capital Mid Cap Fund Direct Plan Growth",2025-09-11,20.404
150815,"JM Mid Cap Fund (Direct) - Growth",2025-09-11,20.6528
150817,"Canara Robeco Mid Cap Fund- Direct Plan- Growth Option",2025-09-11,18.18
153326,"Helios Mid Cap Fund - Direct Plan - Growth Option",2025-09-11,12.47
153728,"Bank of India Mid Cap Fund - Direct Plan Growth",2025-09-11,9.99
150404,"BANDHAN MID CAP FUND - GROWTH - DIRECT PLAN",2025-09-12,18.627
150584,"WhiteOak Capital Mid Cap Fund Direct Plan Growth",2025-09-12,20.424
150815,"JM Mid Cap Fund (Direct) - Growth",2025-09-12,20.548
150817,"Canara Robeco Mid Cap Fund- Direct Plan- Growth Option",2025-09-12,18.18
153326,"Helios Mid Cap Fund - Direct Plan - Growth Option",2025-09-12,12.51
153728,"Bank of India Mid Cap Fund - Direct Plan Growth",2025-09-12,10
150404,"BANDHAN MID CAP FUND - GROWTH - DIRECT PLAN",2025-09-15,18.673
150584,"WhiteOak Capital Mid Cap Fund Direct Plan Growth",2025-09-15,20.5
150815,"JM Mid Cap Fund (Direct) - Growth",2025-09-15,20.6274
150817,"Canara Robeco Mid Cap Fund- Direct Plan- Growth Option",2025-09-15,18.22
153326,"Helios Mid Cap Fund - Direct Plan - Growth Option",2025-09-15,12.55
153728,"Bank of India Mid Cap Fund - Direct Plan Growth",2025-09-15,10.03
150404,"BANDHAN MID CAP FUND - GROWTH - DIRECT PLAN",2025-09-16,18.828
150584,"WhiteOak Capital Mid Cap Fund Direct Plan Growth",2025-09-16,20.633
150815,"JM Mid Cap Fund (Direct) - Growth",2025-09-16,20.8122
150817,"Canara Robeco Mid Cap Fund- Direct Plan- Growth Option",2025-09-16,18.4
153326,"Helios Mid Cap Fund - Direct Plan - Growth Option",2025-09-16,12.62
153728,"Bank of India Mid Cap Fund - Direct Plan Growth",2025-09-16,10.09
150404,"BANDHAN MID CAP FUND - GROWTH - DIRECT PLAN",2025-09-17,18.899
150584,"WhiteOak Capital Mid Cap Fund Direct Plan Growth",2025-09-17,20.684
150815,"JM Mid Cap Fund (Direct) - Growth",2025-09-17,20.8459
150817,"Canara Robeco Mid Cap Fund- Direct Plan- Growth Option",2025-09-17,18.49
153326,"Helios Mid Cap Fund - Direct Plan - Growth Option",2025-09-17,12.67
153728,"Bank of India Mid Cap Fund - Direct Plan Growth",2025-09-17,10.15
150404,"BANDHAN MID CAP FUND - GROWTH - DIRECT PLAN",2025-09-18,18.898
150584,"WhiteOak Capital Mid Cap Fund Direct Plan Growth",2025-09-18,20.733
150815,"JM Mid Cap Fund (Direct) - Growth",2025-09-18,20.8437
150817,"Canara Robeco Mid Cap Fund- Direct Plan- Growth Option",2025-09-18,18.54
153326,"Helios Mid Cap Fund - Direct Plan - Growth Option",2025-09-18,12.7
153728,"Bank of India Mid Cap Fund - Direct Plan Growth",2025-09-18,10.13
150404,"BANDHAN MID CAP FUND - GROWTH - DIRECT PLAN",2025-09-19,18.892
150584,"WhiteOak Capital Mid Cap Fund Direct Plan Growth",2025-09-19,20.691
150815,"JM Mid Cap Fund (Direct) - Growth",2025-09-19,20.8517
150817,"Canara Robeco Mid Cap Fund- Direct Plan- Growth Option",2025-09-19,18.49
153326,"Helios Mid Cap Fund - Direct Plan - Growth Option",2025-09-19,12.74
153728,"Bank of India Mid Cap Fund - Direct Plan Growth",2025-09-19,10.16
150404,"BANDHAN MID CAP FUND - GROWTH - DIRECT PLAN",2025-09-22,18.715
150584,"WhiteOak Capital Mid Cap Fund Direct Plan Growth",2025-09-22,20.563
150815,"JM Mid Cap Fund (Direct) - Growth",2025-09-22,20.6863
150817,"Canara Robeco Mid Cap Fund- Direct Plan- Growth Option",2025-09-22,18.35
153326,"Helios Mid Cap Fund - Direct Plan - Growth Option",2025-09-22,12.71
153728,"Bank of India Mid Cap Fund - Direct Plan Growth",2025-09-22,10.14
150404,"BANDHAN MID CAP FUND - GROWTH - DIRECT PLAN",2025-09-23,18.658
150584,"WhiteOak Capital Mid Cap Fund Direct Plan Growth",2025-09-23,20.518
150815,"JM Mid Cap Fund (Direct) - Growth",2025-09-23,20.6041
150817,"Canara Robeco Mid Cap Fund- Direct Plan- Growth Option",2025-09-23,18.27
153326,"Helios Mid Cap Fund - Direct Plan - Growth Option",2025-09-23,12.69
153728,"Bank of India Mid Cap Fund - Direct Plan Growth",2025-09-23,10.12
150404,"BANDHAN MID CAP FUND - GROWTH - DIRECT PLAN",2025-09-24,18.534
150584,"WhiteOak Capital Mid Cap Fund Direct Plan Growth",2025-09-24,20.404
150815,"JM Mid Cap Fund (Direct) - Growth",2025-09-24,20.5259
150817,"Canara Robeco Mid Cap Fund- Direct Plan- Growth Option",2025-09-24,18.11
153326,"Helios Mid Cap Fund - Direct Plan - Growth Option",2025-09-24,12.6
153728,"Bank of India Mid Cap Fund - Direct Plan Growth",2025-09-24,10.06
150404,"BANDHAN MID CAP FUND - GROWTH - DIRECT PLAN",2025-09-25,18.384
150584,"WhiteOak Capital Mid Cap Fund Direct Plan Growth",2025-09-25,20.304
150815,"JM Mid Cap Fund (Direct) - Growth",2025-09-25,20.3274
150817,"Canara Robeco Mid Cap Fund- Direct Plan- Growth Option",2025-09-25,17.98
153326,"Helios Mid Cap Fund - Direct Plan - Growth Option",2025-09-25,12.52
153728,"Bank of India Mid Cap Fund - Direct Plan Growth",2025-09-25,10.04
150404,"BANDHAN MID CAP FUND - GROWTH - DIRECT PLAN",2025-09-26,17.998
150584,"WhiteOak Capital Mid Cap Fund Direct Plan Growth",2025-09-26,19.948
150815,"JM Mid Cap Fund (Direct) - Growth",2025-09-26,19.9177
150817,"Canara Robeco Mid Cap Fund- Direct Plan- Growth Option",2025-09-26,17.61
153326,"Helios Mid Cap Fund - Direct Plan - Growth Option",2025-09-26,12.32
153728,"Bank of India Mid Cap Fund - Direct Plan Growth",2025-09-26,9.87
150404,"BANDHAN MID CAP FUND - GROWTH - DIRECT PLAN",2025-09-29,18.074
150584,"WhiteOak Capital Mid Cap Fund Direct Plan Growth",2025-09-29,19.992
150815,"JM Mid Cap Fund (Direct) - Growth",2025-09-29,19.9906
150817,"Canara Robeco Mid Cap Fund- Direct Plan- Growth Option",2025-09-29,17.63
153326,"Helios Mid Cap Fund - Direct Plan - Growth Option",2025-09-29,12.43
153728,"Bank of India Mid Cap Fund - Direct Plan Growth",2025-09-29,9.85
150404,"BANDHAN MID CAP FUND - GROWTH - DIRECT PLAN",2025-09-30,18.056
150584,"WhiteOak Capital Mid Cap Fund Direct Plan Growth",2025-09-30,20.001
150815,"JM Mid Cap Fund (Direct) - Growth",2025-09-30,19.9211
150817,"Canara Robeco Mid Cap Fund- Direct Plan- Growth Option",2025-09-30,17.65
153326,"Helios Mid Cap Fund - Direct Plan - Growth Option",2025-09-30,12.39
153728,"Bank of India Mid Cap Fund - Direct Plan Growth",2025-09-30,9.86
150404,"BANDHAN MID CAP FUND - GROWTH - DIRECT PLAN",2025-10-01,18.192
150584,"WhiteOak Capital Mid Cap Fund Direct Plan Growth",2025-10-01,20.168
150815,"JM Mid Cap Fund (Direct) - Growth",2025-10-01,20.0564
150817,"Canara Robeco Mid Cap Fund- Direct Plan- Growth Option",2025-10-01,17.77
153326,"Helios Mid Cap Fund - Direct Plan - Growth Option",2025-10-01,12.51
153728,"Bank of India Mid Cap Fund - Direct Plan Growth",2025-10-01,9.95
150404,"BANDHAN MID CAP FUND - GROWTH - DIRECT PLAN",2025-10-03,18.294
150584,"WhiteOak Capital Mid Cap Fund Direct Plan Growth",2025-10-03,20.281
150815,"JM Mid Cap Fund (Direct) - Growth",2025-10-03,20.2618
150817,"Canara Robeco Mid Cap Fund- Direct Plan- Growth Option",2025-10-03,17.92
153326,"Helios Mid Cap Fund - Direct Plan - Growth Option",2025-10-03,12.6
153728,"Bank of India Mid Cap Fund - Direct Plan Growth",2025-10-03,10.04
150404,"BANDHAN MID CAP FUND - GROWTH - DIRECT PLAN",2025-10-06,18.488
150584,"WhiteOak Capital Mid Cap Fund Direct Plan Growth",2025-10-06,20.446
150815,"JM Mid Cap Fund (Direct) - Growth",2025-10-06,20.529
150817,"Canara Robeco Mid Cap Fund- Direct Plan- Growth Option",2025-10-06,18.07
153326,"Helios Mid Cap Fund - Direct Plan - Growth Option",2025-10-06,12.69
153728,"Bank of India Mid Cap Fund - Direct Plan Growth",2025-10-06,10.08
150404,"BANDHAN MID CAP FUND - GROWTH - DIRECT PLAN",2025-10-07,18.572
150584,"WhiteOak Capital Mid Cap Fund Direct Plan Growth",2025-10-07,20.54
150815,"JM Mid Cap Fund (Direct) - Growth",2025-10-07,20.6494
150817,"Canara Robeco Mid Cap Fund- Direct Plan- Growth Option",2025-10-07,18.15
153326,"Helios Mid Cap Fund - Direct Plan - Growth Option",2025-10-07,12.72
153728,"Bank of India Mid Cap Fund - Direct Plan Growth",2025-10-07,10.11
150404,"BANDHAN MID CAP FUND - GROWTH - DIRECT PLAN",2025-10-08,18.433
150584,"WhiteOak Capital Mid Cap Fund Direct Plan Growth",2025-10-08,20.457
150815,"JM Mid Cap Fund (Direct) - Growth",2025-10-08,20.4629
150817,"Canara Robeco Mid Cap Fund- Direct Plan- Growth Option",2025-10-08,18.04
153326,"Helios Mid Cap Fund - Direct Plan - Growth Option",2025-10-08,12.65
153728,"Bank of India Mid Cap Fund - Direct Plan Growth",2025-10-08,10.03
150404,"BANDHAN MID CAP FUND - GROWTH - DIRECT PLAN",2025-10-09,18.536
150584,"WhiteOak Capital Mid Cap Fund Direct Plan Growth",2025-10-09,20.567
150815,"JM Mid Cap Fund (Direct) - Growth",2025-10-09,20.5802
150817,"Canara Robeco Mid Cap Fund- Direct Plan- Growth Option",2025-10-09,18.13
153326,"Helios Mid Cap Fund - Direct Plan - Growth Option",2025-10-09,12.72
153728,"Bank of India Mid Cap Fund - Direct Plan Growth",2025-10-09,10.06
150404,"BANDHAN MID CAP FUND - GROWTH - DIRECT PLAN",2025-10-10,18.587
150584,"WhiteOak Capital Mid Cap Fund Direct Plan Growth",2025-10-10,20.582
150815,"JM Mid Cap Fund (Direct) - Growth",2025-10-10,20.6298
150817,"Canara Robeco Mid Cap Fund- Direct Plan- Growth Option",2025-10-10,18.15
153326,"Helios Mid Cap Fund - Direct Plan - Growth Option",2025-10-10,12.69
153728,"Bank of India Mid Cap Fund - Direct Plan Growth",2025-10-10,10.07
150404,"BANDHAN MID CAP FUND - GROWTH - DIRECT PLAN",2025-10-13,18.606
150584,"WhiteOak Capital Mid Cap Fund Direct Plan Growth",2025-10-13,20.638
150815,"JM Mid Cap Fund (Direct) - Growth",2025-10-13,20.609
150817,"Canara Robeco Mid Cap Fund- Direct Plan- Growth Option",2025-10-13,18.14
153326,"Helios Mid Cap Fund - Direct Plan - Growth Option",2025-10-13,12.74
153728,"Bank of India Mid Cap Fund - Direct Plan Growth",2025-10-13,10.06
150404,"BANDHAN MID CAP FUND - GROWTH - DIRECT PLAN",2025-10-14,18.526
150584,"WhiteOak Capital Mid Cap Fund Direct Plan Growth",2025-10-14,20.679
150815,"JM Mid Cap Fund (Direct) - Growth",2025-10-14,20.4143
150817,"Canara Robeco Mid Cap Fund- Direct Plan- Growth Option",2025-10-14,18.03
153326,"Helios Mid Cap Fund - Direct Plan - Growth Option",2025-10-14,12.64
153728,"Bank of India Mid Cap Fund - Direct Plan Growth",2025-10-14,9.99
150404,"BANDHAN MID CAP FUND - GROWTH - DIRECT PLAN",2025-10-15,18.701
150584,"WhiteOak Capital Mid Cap Fund Direct Plan Growth",2025-10-15,20.913
150815,"JM Mid Cap Fund (Direct) - Growth",2025-10-15,20.587
150817,"Canara Robeco Mid Cap Fund- Direct Plan- Growth Option",2025-10-15,18.24
153326,"Helios Mid Cap Fund - Direct Plan - Growth Option",2025-10-15,12.78
153728,"Bank of India Mid Cap Fund - Direct Plan Growth",2025-10-15,10.07
150404,"BANDHAN MID CAP FUND - GROWTH - DIRECT PLAN",2025-10-16,18.806
150584,"WhiteOak Capital Mid Cap Fund Direct Plan Growth",2025-10-16,20.932
150815,"JM Mid Cap Fund (Direct) - Growth",2025-10-16,20.7068
150817,"Canara Robeco Mid Cap Fund- Direct Plan- Growth Option",2025-10-16,18.35
153326,"Helios Mid Cap Fund - Direct Plan - Growth Option",2025-10-16,12.82
153728,"Bank of India Mid Cap Fund - Direct Plan Growth",2025-10-16,10.09
150404,"BANDHAN MID CAP FUND - GROWTH - DIRECT PLAN",2025-10-17,18.743
150584,"WhiteOak Capital Mid Cap Fund Direct Plan Growth",2025-10-17,20.915
150815,"JM Mid Cap Fund (Direct) - Growth",2025-10-17,20.6593
150817,"Canara Robeco Mid Cap Fund- Direct Plan- Growth Option",2025-10-17,18.28
153326,"Helios Mid Cap Fund - Direct Plan - Growth Option",2025-10-17,12.82
153728,"Bank of India Mid Cap Fund - Direct Plan Growth",2025-10-17,10.09
150404,"BANDHAN MID CAP FUND - GROWTH - DIRECT PLAN",2025-10-20,18.755
150584,"WhiteOak Capital Mid Cap Fund Direct Plan Growth",2025-10-20,21.023
150815,"JM Mid Cap Fund (Direct) - Growth",2025-10-20,20.7508
150817,"Canara Robeco Mid Cap Fund- Direct Plan- Growth Option",2025-10-20,18.33
153326,"Helios Mid Cap Fund - Direct Plan - Growth Option",2025-10-20,12.91
153728,"Bank of India Mid Cap Fund - Direct Plan Growth",2025-10-20,10.14
150404,"BANDHAN MID CAP FUND - GROWTH - DIRECT PLAN",2025-10-23,18.67
150584,"WhiteOak Capital Mid Cap Fund Direct Plan Growth",2025-10-23,21.002
150815,"JM Mid Cap Fund (Direct) - Growth",2025-10-23,20.6923
150817,"Canara Robeco Mid Cap Fund- Direct Plan- Growth Option",2025-10-23,18.31
153326,"Helios Mid Cap Fund - Direct Plan - Growth Option",2025-10-23,12.92
153728,"Bank of India Mid Cap Fund - Direct Plan Growth",2025-10-23,10.08
150404,"BANDHAN MID CAP FUND - GROWTH - DIRECT PLAN",2025-10-24,18.667
150584,"WhiteOak Capital Mid Cap Fund Direct Plan Growth",2025-10-24,20.952
150815,"JM Mid Cap Fund (Direct) - Growth",2025-10-24,20.6395
150817,"Canara Robeco Mid Cap Fund- Direct Plan- Growth Option",2025-10-24,18.29
153326,"Helios Mid Cap Fund - Direct Plan - Growth Option",2025-10-24,12.91
153728,"Bank of India Mid Cap Fund - Direct Plan Growth",2025-10-24,10.06
150404,"BANDHAN MID CAP FUND - GROWTH - DIRECT PLAN",2025-10-27,18.816
150584,"WhiteOak Capital Mid Cap Fund Direct Plan Growth",2025-10-27,21.148
150815,"JM Mid Cap Fund (Direct) - Growth",2025-10-27,20.7964
150817,"Canara Robeco Mid Cap Fund- Direct Plan- Growth Option",2025-10-27,18.42
153326,"Helios Mid Cap Fund - Direct Plan - Growth Option",2025-10-27,13
153728,"Bank of India Mid Cap Fund - Direct Plan Growth",2025-10-27,10.15
150404,"BANDHAN MID CAP FUND - GROWTH - DIRECT PLAN",2025-10-28,18.795
150584,"WhiteOak Capital Mid Cap Fund Direct Plan Growth",2025-10-28,21.155
150815,"JM Mid Cap Fund (Direct) - Growth",2025-10-28,20.8631
150817,"Canara Robeco Mid Cap Fund- Direct Plan- Growth Option",2025-10-28,18.4
153326,"Helios Mid Cap Fund - Direct Plan - Growth Option",2025-10-28,13.05
153728,"Bank of India Mid Cap Fund - Direct Plan Growth",2025-10-28,10.15
150404,"BANDHAN MID CAP FUND - GROWTH - DIRECT PLAN",2025-10-29,18.91
150584,"WhiteOak Capital Mid Cap Fund Direct Plan Growth",2025-10-29,21.192
150815,"JM Mid Cap Fund (Direct) - Growth",2025-10-29,20.8413
150817,"Canara Robeco Mid Cap Fund- Direct Plan- Growth Option",2025-10-29,18.47
153326,"Helios Mid Cap Fund - Direct Plan - Growth Option",2025-10-29,13.02
153728,"Bank of India Mid Cap Fund - Direct Plan Growth",2025-10-29,10.17
150404,"BANDHAN MID CAP FUND - GROWTH - DIRECT PLAN",2025-10-30,18.871
150584,"WhiteOak Capital Mid Cap Fund Direct Plan Growth",2025-10-30,21.213
150815,"JM Mid Cap Fund (Direct) - Growth",2025-10-30,20.805
150817,"Canara Robeco Mid Cap Fund- Direct Plan- Growth Option",2025-10-30,18.49
153326,"Helios Mid Cap Fund - Direct Plan - Growth Option",2025-10-30,13.08
153728,"Bank of India Mid Cap Fund - Direct Plan Growth",2025-10-30,10.15
150404,"BANDHAN MID CAP FUND - GROWTH - DIRECT PLAN",2025-10-31,18.709
150584,"WhiteOak Capital Mid Cap Fund Direct Plan Growth",2025-10-31,21.085
150815,"JM Mid Cap Fund (Direct) - Growth",2025-10-31,20.6561
150817,"Canara Robeco Mid Cap Fund- Direct Plan- Growth Option",2025-10-31,18.35
153326,"Helios Mid Cap Fund - Direct Plan - Growth Option",2025-10-31,13
153728,"Bank of India Mid Cap Fund - Direct Plan Growth",2025-10-31,10.1
150404,"BANDHAN MID CAP FUND - GROWTH - DIRECT PLAN",2025-11-03,18.87
150584,"WhiteOak Capital Mid Cap Fund Direct Plan Growth",2025-11-03,21.287
150815,"JM Mid Cap Fund (Direct) - Growth",2025-11-03,20.7735
150817,"Canara Robeco Mid Cap Fund- Direct Plan- Growth Option",2025-11-03,18.44
153326,"Helios Mid Cap Fund - Direct Plan - Growth Option",2025-11-03,13.1
153728,"Bank of India Mid Cap Fund - Direct Plan Growth",2025-11-03,10.17
150404,"BANDHAN MID CAP FUND - GROWTH - DIRECT PLAN",2025-11-04,18.772
150584,"WhiteOak Capital Mid Cap Fund Direct Plan Growth",2025-11-04,21.296
150815,"JM Mid Cap Fund (Direct) - Growth",2025-11-04,20.5419
150817,"Canara Robeco Mid Cap Fund- Direct Plan- Growth Option",2025-11-04,18.33
153326,"Helios Mid Cap Fund - Direct Plan - Growth Option",2025-11-04,13.06
153728,"Bank of India Mid Cap Fund - Direct Plan Growth",2025-11-04,10.1
150404,"BANDHAN MID CAP FUND - GROWTH - DIRECT PLAN",2025-11-06,18.539
150584,"WhiteOak Capital Mid Cap Fund Direct Plan Growth",2025-11-06,21.062
150815,"JM Mid Cap Fund (Direct) - Growth",2025-11-06,20.2485
150817,"Canara Robeco Mid Cap Fund- Direct Plan- Growth Option",2025-11-06,18.11
153326,"Helios Mid Cap Fund - Direct Plan - Growth Option",2025-11-06,12.9
153728,"Bank of India Mid Cap Fund - Direct Plan Growth",2025-11-06,9.96
150404,"BANDHAN MID CAP FUND - GROWTH - DIRECT PLAN",2025-11-07,18.571
150584,"WhiteOak Capital Mid Cap Fund Direct Plan Growth",2025-11-07,21.1
150815,"JM Mid Cap Fund (Direct) - Growth",2025-11-07,20.3063
150817,"Canara Robeco Mid Cap Fund- Direct Plan- Growth Option",2025-11-07,18.17
153326,"Helios Mid Cap Fund - Direct Plan - Growth Option",2025-11-07,12.95
153728,"Bank of India Mid Cap Fund - Direct Plan Growth",2025-11-07,10.01
150404,"BANDHAN MID CAP FUND - GROWTH - DIRECT PLAN",2025-11-10,18.635
150584,"WhiteOak Capital Mid Cap Fund Direct Plan Growth",2025-11-10,21.245
150815,"JM Mid Cap Fund (Direct) - Growth",2025-11-10,20.3505
150817,"Canara Robeco Mid Cap Fund- Direct Plan- Growth Option",2025-11-10,18.2
153326,"Helios Mid Cap Fund - Direct Plan - Growth Option",2025-11-10,12.99
153728,"Bank of India Mid Cap Fund - Direct Plan Growth",2025-11-10,10.09
150404,"BANDHAN MID CAP FUND - GROWTH - DIRECT PLAN",2025-11-11,18.649
150584,"WhiteOak Capital Mid Cap Fund Direct Plan Growth",2025-11-11,21.319
150815,"JM Mid Cap Fund (Direct) - Growth",2025-11-11,20.3553
150817,"Canara Robeco Mid Cap Fund- Direct Plan- Growth Option",2025-11-11,18.27
153326,"Helios Mid Cap Fund - Direct Plan - Growth Option",2025-11-11,13.01
153728,"Bank of India Mid Cap Fund - Direct Plan Growth",2025-11-11,10.1
150404,"BANDHAN MID CAP FUND - GROWTH - DIRECT PLAN",2025-11-12,18.802
150584,"WhiteOak Capital Mid Cap Fund Direct Plan Growth",2025-11-12,21.457
150815,"JM Mid Cap Fund (Direct) - Growth",2025-11-12,20.5256
150817,"Canara Robeco Mid Cap Fund- Direct Plan- Growth Option",2025-11-12,18.36
153326,"Helios Mid Cap Fund - Direct Plan - Growth Option",2025-11-12,13.08
153728,"Bank of India Mid Cap Fund - Direct Plan Growth",2025-11-12,10.11
150404,"BANDHAN MID CAP FUND - GROWTH - DIRECT PLAN",2025-11-13,18.719
150584,"WhiteOak Capital Mid Cap Fund Direct Plan Growth",2025-11-13,21.359
150815,"JM Mid Cap Fund (Direct) - Growth",2025-11-13,20.4417
150817,"Canara Robeco Mid Cap Fund- Direct Plan- Growth Option",2025-11-13,18.23
153326,"Helios Mid Cap Fund - Direct Plan - Growth Option",2025-11-13,13.03
153728,"Bank of India Mid Cap Fund - Direct Plan Growth",2025-11-13,10.07
150404,"BANDHAN MID CAP FUND - GROWTH - DIRECT PLAN",2025-11-14,18.734
150584,"WhiteOak Capital Mid Cap Fund Direct Plan Growth",2025-11-14,21.401
150815,"JM Mid Cap Fund (Direct) - Growth",2025-11-14,20.5024
150817,"Canara Robeco Mid Cap Fund- Direct Plan- Growth Option",2025-11-14,18.2
153326,"Helios Mid Cap Fund - Direct Plan - Growth Option",2025-11-14,13.06
153728,"Bank of India Mid Cap Fund - Direct Plan Growth",2025-11-14,10.06
150404,"BANDHAN MID CAP FUND - GROWTH - DIRECT PLAN",2025-11-17,18.876
150584,"WhiteOak Capital Mid Cap Fund Direct Plan Growth",2025-11-17,21.565
150815,"JM Mid Cap Fund (Direct) - Growth",2025-11-17,20.6715
150817,"Canara Robeco Mid Cap Fund- Direct Plan- Growth Option",2025-11-17,18.35
153326,"Helios Mid Cap Fund - Direct Plan - Growth Option",2025-11-17,13.2
153728,"Bank of India Mid Cap Fund - Direct Plan Growth",2025-11-17,10.1
150404,"BANDHAN MID CAP FUND - GROWTH - DIRECT PLAN",2025-11-18,18.738
150584,"WhiteOak Capital Mid Cap Fund Direct Plan Growth",2025-11-18,21.443
150815,"JM Mid Cap Fund (Direct) - Growth",2025-11-18,20.5196
150817,"Canara Robeco Mid Cap Fund- Direct Plan- Growth Option",2025-11-18,18.29
153326,"Helios Mid Cap Fund - Direct Plan - Growth Option",2025-11-18,13.15
153728,"Bank of India Mid Cap Fund - Direct Plan Growth",2025-11-18,10.05
150404,"BANDHAN MID CAP FUND - GROWTH - DIRECT PLAN",2025-11-19,18.819
150584,"WhiteOak Capital Mid Cap Fund Direct Plan Growth",2025-11-19,21.588
150815,"JM Mid Cap Fund (Direct) - Growth",2025-11-19,20.6579
150817,"Canara Robeco Mid Cap Fund- Direct Plan- Growth Option",2025-11-19,18.42
153326,"Helios Mid Cap Fund - Direct Plan - Growth Option",2025-11-19,13.14
153728,"Bank of India Mid Cap Fund - Direct Plan Growth",2025-11-19,10.14
150404,"BANDHAN MID CAP FUND - GROWTH - DIRECT PLAN",2025-11-20,18.824
150584,"WhiteOak Capital Mid Cap Fund Direct Plan Growth",2025-11-20,21.618
150815,"JM Mid Cap Fund (Direct) - Growth",2025-11-20,20.6643
150817,"Canara Robeco Mid Cap Fund- Direct Plan- Growth Option",2025-11-20,18.39
153326,"Helios Mid Cap Fund - Direct Plan - Growth Option",2025-11-20,13.15
153728,"Bank of India Mid Cap Fund - Direct Plan Growth",2025-11-20,10.15
150404,"BANDHAN MID CAP FUND - GROWTH - DIRECT PLAN",2025-11-21,18.558
150584,"WhiteOak Capital Mid Cap Fund Direct Plan Growth",2025-11-21,21.313
150815,"JM Mid Cap Fund (Direct) - Growth",2025-11-21,20.367
150817,"Canara Robeco Mid Cap Fund- Direct Plan- Growth Option",2025-11-21,18.17
153326,"Helios Mid Cap Fund - Direct Plan - Growth Option",2025-11-21,12.99
153728,"Bank of India Mid Cap Fund - Direct Plan Growth",2025-11-21,9.99
150404,"BANDHAN MID CAP FUND - GROWTH - DIRECT PLAN",2025-11-24,18.467
150584,"WhiteOak Capital Mid Cap Fund Direct Plan Growth",2025-11-24,21.278
150815,"JM Mid Cap Fund (Direct) - Growth",2025-11-24,20.3156
150817,"Canara Robeco Mid Cap Fund- Direct Plan- Growth Option",2025-11-24,18.1
153326,"Helios Mid Cap Fund - Direct Plan - Growth Option",2025-11-24,12.98
153728,"Bank of India Mid Cap Fund - Direct Plan Growth",2025-11-24,9.97
150404,"BANDHAN MID CAP FUND - GROWTH - DIRECT PLAN",2025-11-25,18.512
150584,"WhiteOak Capital Mid Cap Fund Direct Plan Growth",2025-11-25,21.359
150815,"JM Mid Cap Fund (Direct) - Growth",2025-11-25,20.3723
150817,"Canara Robeco Mid Cap Fund- Direct Plan- Growth Option",2025-11-25,18.14
153326,"Helios Mid Cap Fund - Direct Plan - Growth Option",2025-11-25,12.99
153728,"Bank of India Mid Cap Fund - Direct Plan Growth",2025-11-25,9.97
150404,"BANDHAN MID CAP FUND - GROWTH - DIRECT PLAN",2025-11-26,18.769
150584,"WhiteOak Capital Mid Cap Fund Direct Plan Growth",2025-11-26,21.587
150815,"JM Mid Cap Fund (Direct) - Growth",2025-11-26,20.6406
150817,"Canara Robeco Mid Cap Fund- Direct Plan- Growth Option",2025-11-26,18.38
153326,"Helios Mid Cap Fund - Direct Plan - Growth Option",2025-11-26,13.16
153728,"Bank of India Mid Cap Fund - Direct Plan Growth",2025-11-26,10.1
150404,"BANDHAN MID CAP FUND - GROWTH - DIRECT PLAN",2025-11-27,18.693
150584,"WhiteOak Capital Mid Cap Fund Direct Plan Growth",2025-11-27,21.534
150815,"JM Mid Cap Fund (Direct) - Growth",2025-11-27,20.6269
150817,"Canara Robeco Mid Cap Fund- Direct Plan- Growth Option",2025-11-27,18.35
153326,"Helios Mid Cap Fund - Direct Plan - Growth Option",2025-11-27,13.12
153728,"Bank of India Mid Cap Fund - Direct Plan Growth",2025-11-27,10.07
150404,"BANDHAN MID CAP FUND - GROWTH - DIRECT PLAN",2025-11-28,18.693
150584,"WhiteOak Capital Mid Cap Fund Direct Plan Growth",2025-11-28,21.564
150815,"JM Mid Cap Fund (Direct) - Growth",2025-11-28,20.6022
150817,"Canara Robeco Mid Cap Fund- Direct Plan- Growth Option",2025-11-28,18.34
153326,"Helios Mid Cap Fund - Direct Plan - Growth Option",2025-11-28,13.12
153728,"Bank of India Mid Cap Fund - Direct Plan Growth",2025-11-28,10.06
150404,"BANDHAN MID CAP FUND - GROWTH - DIRECT PLAN",2025-11-30,18.692
150404,"BANDHAN MID CAP FUND - GROWTH - DIRECT PLAN",2025-12-01,18.68
150584,"WhiteOak Capital Mid Cap Fund Direct Plan Growth",2025-12-01,21.556
150815,"JM Mid Cap Fund (Direct) - Growth",2025-12-01,20.5837
150817,"Canara Robeco Mid Cap Fund- Direct Plan- Growth Option",2025-12-01,18.37
153326,"Helios Mid Cap Fund - Direct Plan - Growth Option",2025-12-01,13.15
153728,"Bank of India Mid Cap Fund - Direct Plan Growth",2025-12-01,10.04
150404,"BANDHAN MID CAP FUND - GROWTH - DIRECT PLAN",2025-12-02,18.638
150584,"WhiteOak Capital Mid Cap Fund Direct Plan Growth",2025-12-02,21.494
150815,"JM Mid Cap Fund (Direct) - Growth",2025-12-02,20.4557
150817,"Canara Robeco Mid Cap Fund- Direct Plan- Growth Option",2025-12-02,18.31
153326,"Helios Mid Cap Fund - Direct Plan - Growth Option",2025-12-02,13.08
153728,"Bank of India Mid Cap Fund - Direct Plan Growth",2025-12-02,9.98
150404,"BANDHAN MID CAP FUND - GROWTH - DIRECT PLAN",2025-12-03,18.457
150584,"WhiteOak Capital Mid Cap Fund Direct Plan Growth",2025-12-03,21.321
150815,"JM Mid Cap Fund (Direct) - Growth",2025-12-03,20.2635
150817,"Canara Robeco Mid Cap Fund- Direct Plan- Growth Option",2025-12-03,18.14
153326,"Helios Mid Cap Fund - Direct Plan - Growth Option",2025-12-03,12.98
153728,"Bank of India Mid Cap Fund - Direct Plan Growth",2025-12-03,9.87
150404,"BANDHAN MID CAP FUND - GROWTH - DIRECT PLAN",2025-12-04,18.41
150584,"WhiteOak Capital Mid Cap Fund Direct Plan Growth",2025-12-04,21.281
150815,"JM Mid Cap Fund (Direct) - Growth",2025-12-04,20.2016
150817,"Canara Robeco Mid Cap Fund- Direct Plan- Growth Option",2025-12-04,18.15
153326,"Helios Mid Cap Fund - Direct Plan - Growth Option",2025-12-04,12.92
153728,"Bank of India Mid Cap Fund - Direct Plan Growth",2025-12-04,9.83
150404,"BANDHAN MID CAP FUND - GROWTH - DIRECT PLAN",2025-12-05,18.401
150584,"WhiteOak Capital Mid Cap Fund Direct Plan Growth",2025-12-05,21.249
150815,"JM Mid Cap Fund (Direct) - Growth",2025-12-05,20.2203
150817,"Canara Robeco Mid Cap Fund- Direct Plan- Growth Option",2025-12-05,18.15
153326,"Helios Mid Cap Fund - Direct Plan - Growth Option",2025-12-05,12.92
153728,"Bank of India Mid Cap Fund - Direct Plan Growth",2025-12-05,9.81
150404,"BANDHAN MID CAP FUND - GROWTH - DIRECT PLAN",2025-12-08,18.064
150584,"WhiteOak Capital Mid Cap Fund Direct Plan Growth",2025-12-08,20.947
150815,"JM Mid Cap Fund (Direct) - Growth",2025-12-08,19.8197
150817,"Canara Robeco Mid Cap Fund- Direct Plan- Growth Option",2025-12-08,17.84
153326,"Helios Mid Cap Fund - Direct Plan - Growth Option",2025-12-08,12.69
153728,"Bank of India Mid Cap Fund - Direct Plan Growth",2025-12-08,9.63
150404,"BANDHAN MID CAP FUND - GROWTH - DIRECT PLAN",2025-12-09,18.215
150584,"WhiteOak Capital Mid Cap Fund Direct Plan Growth",2025-12-09,21.031
150815,"JM Mid Cap Fund (Direct) - Growth",2025-12-09,19.9313
150817,"Canara Robeco Mid Cap Fund- Direct Plan- Growth Option",2025-12-09,17.92
153326,"Helios Mid Cap Fund - Direct Plan - Growth Option",2025-12-09,12.76
153728,"Bank of India Mid Cap Fund - Direct Plan Growth",2025-12-09,9.69
150404,"BANDHAN MID CAP FUND - GROWTH - DIRECT PLAN",2025-12-10,18.029
150584,"WhiteOak Capital Mid Cap Fund Direct Plan Growth",2025-12-10,20.816
150815,"JM Mid Cap Fund (Direct) - Growth",2025-12-10,19.7804
150817,"Canara Robeco Mid Cap Fund- Direct Plan- Growth Option",2025-12-10,17.77
153326,"Helios Mid Cap Fund - Direct Plan - Growth Option",2025-12-10,12.65
153728,"Bank of India Mid Cap Fund - Direct Plan Growth",2025-12-10,9.6
150404,"BANDHAN MID CAP FUND - GROWTH - DIRECT PLAN",2025-12-11,18.209
150584,"WhiteOak Capital Mid Cap Fund Direct Plan Growth",2025-12-11,20.939
150815,"JM Mid Cap Fund (Direct) - Growth",2025-12-11,19.8956
150817,"Canara Robeco Mid Cap Fund- Direct Plan- Growth Option",2025-12-11,17.94
153326,"Helios Mid Cap Fund - Direct Plan - Growth Option",2025-12-11,12.7
153728,"Bank of India Mid Cap Fund - Direct Plan Growth",2025-12-11,9.65
150404,"BANDHAN MID CAP FUND - GROWTH - DIRECT PLAN",2025-12-12,18.377
150584,"WhiteOak Capital Mid Cap Fund Direct Plan Growth",2025-12-12,21.14
150815,"JM Mid Cap Fund (Direct) - Growth",2025-12-12,20.0444
150817,"Canara Robeco Mid Cap Fund- Direct Plan- Growth Option",2025-12-12,18.1
153326,"Helios Mid Cap Fund - Direct Plan - Growth Option",2025-12-12,12.87
153728,"Bank of India Mid Cap Fund - Direct Plan Growth",2025-12-12,9.71
150404,"BANDHAN MID CAP FUND - GROWTH - DIRECT PLAN",2025-12-15,18.367
150584,"WhiteOak Capital Mid Cap Fund Direct Plan Growth",2025-12-15,21.14
150815,"JM Mid Cap Fund (Direct) - Growth",2025-12-15,19.9859
150817,"Canara Robeco Mid Cap Fund- Direct Plan- Growth Option",2025-12-15,18.07
153326,"Helios Mid Cap Fund - Direct Plan - Growth Option",2025-12-15,12.87
153728,"Bank of India Mid Cap Fund - Direct Plan Growth",2025-12-15,9.7
150404,"BANDHAN MID CAP FUND - GROWTH - DIRECT PLAN",2025-12-16,18.205
150584,"WhiteOak Capital Mid Cap Fund Direct Plan Growth",2025-12-16,21.004
150815,"JM Mid Cap Fund (Direct) - Growth",2025-12-16,19.7999
150817,"Canara Robeco Mid Cap Fund- Direct Plan- Growth Option",2025-12-16,17.89
153326,"Helios Mid Cap Fund - Direct Plan - Growth Option",2025-12-16,12.78
153728,"Bank of India Mid Cap Fund - Direct Plan Growth",2025-12-16,9.64
150404,"BANDHAN MID CAP FUND - GROWTH - DIRECT PLAN",2025-12-17,18.074
150584,"WhiteOak Capital Mid Cap Fund Direct Plan Growth",2025-12-17,20.899
150815,"JM Mid Cap Fund (Direct) - Growth",2025-12-17,19.7284
150817,"Canara Robeco Mid Cap Fund- Direct Plan- Growth Option",2025-12-17,17.78
153326,"Helios Mid Cap Fund - Direct Plan - Growth Option",2025-12-17,12.66
153728,"Bank of India Mid Cap Fund - Direct Plan Growth",2025-12-17,9.56
150404,"BANDHAN MID CAP FUND - GROWTH - DIRECT PLAN",2025-12-18,18.076
150584,"WhiteOak Capital Mid Cap Fund Direct Plan Growth",2025-12-18,20.912
150815,"JM Mid Cap Fund (Direct) - Growth",2025-12-18,19.715
150817,"Canara Robeco Mid Cap Fund- Direct Plan- Growth Option",2025-12-18,17.81
153326,"Helios Mid Cap Fund - Direct Plan - Growth Option",2025-12-18,12.68
153728,"Bank of India Mid Cap Fund - Direct Plan Growth",2025-12-18,9.59
150404,"BANDHAN MID CAP FUND - GROWTH - DIRECT PLAN",2025-12-19,18.36
150584,"WhiteOak Capital Mid Cap Fund Direct Plan Growth",2025-12-19,21.151
150815,"JM Mid Cap Fund (Direct) - Growth",2025-12-19,19.9494
150817,"Canara Robeco Mid Cap Fund- Direct Plan- Growth Option",2025-12-19,17.99
153326,"Helios Mid Cap Fund - Direct Plan - Growth Option",2025-12-19,12.8
153728,"Bank of India Mid Cap Fund - Direct Plan Growth",2025-12-19,9.69
150404,"BANDHAN MID CAP FUND - GROWTH - DIRECT PLAN",2025-12-22,18.517
150584,"WhiteOak Capital Mid Cap Fund Direct Plan Growth",2025-12-22,21.325
150815,"JM Mid Cap Fund (Direct) - Growth",2025-12-22,20.1492
150817,"Canara Robeco Mid Cap Fund- Direct Plan- Growth Option",2025-12-22,18.13
153326,"Helios Mid Cap Fund - Direct Plan - Growth Option",2025-12-22,12.9
153728,"Bank of India Mid Cap Fund - Direct Plan Growth",2025-12-22,9.79
150404,"BANDHAN MID CAP FUND - GROWTH - DIRECT PLAN",2025-12-23,18.479
150584,"WhiteOak Capital Mid Cap Fund Direct Plan Growth",2025-12-23,21.3
150815,"JM Mid Cap Fund (Direct) - Growth",2025-12-23,20.1077
150817,"Canara Robeco Mid Cap Fund- Direct Plan- Growth Option",2025-12-23,18.13
153326,"Helios Mid Cap Fund - Direct Plan - Growth Option",2025-12-23,12.91
153728,"Bank of India Mid Cap Fund - Direct Plan Growth",2025-12-23,9.81
150404,"BANDHAN MID CAP FUND - GROWTH - DIRECT PLAN",2025-12-24,18.397
150584,"WhiteOak Capital Mid Cap Fund Direct Plan Growth",2025-12-24,21.215
150815,"JM Mid Cap Fund (Direct) - Growth",2025-12-24,20.0174
150817,"Canara Robeco Mid Cap Fund- Direct Plan- Growth Option",2025-12-24,18.06
153326,"Helios Mid Cap Fund - Direct Plan - Growth Option",2025-12-24,12.87
153728,"Bank of India Mid Cap Fund - Direct Plan Growth",2025-12-24,9.78
150404,"BANDHAN MID CAP FUND - GROWTH - DIRECT PLAN",2025-12-26,18.286
150584,"WhiteOak Capital Mid Cap Fund Direct Plan Growth",2025-12-26,21.089
150815,"JM Mid Cap Fund (Direct) - Growth",2025-12-26,19.9628
150817,"Canara Robeco Mid Cap Fund- Direct Plan- Growth Option",2025-12-26,17.99
153326,"Helios Mid Cap Fund - Direct Plan - Growth Option",2025-12-26,12.82
153728,"Bank of India Mid Cap Fund - Direct Plan Growth",2025-12-26,9.76
150404,"BANDHAN MID CAP FUND - GROWTH - DIRECT PLAN",2025-12-29,18.196
150584,"WhiteOak Capital Mid Cap Fund Direct Plan Growth",2025-12-29,20.995
150815,"JM Mid Cap Fund (Direct) - Growth",2025-12-29,19.8988
150817,"Canara Robeco Mid Cap Fund- Direct Plan- Growth Option",2025-12-29,17.94
153326,"Helios Mid Cap Fund - Direct Plan - Growth Option",2025-12-29,12.77
153728,"Bank of India Mid Cap Fund - Direct Plan Growth",2025-12-29,9.75
150404,"BANDHAN MID CAP FUND - GROWTH - DIRECT PLAN",2025-12-30,18.096
150584,"WhiteOak Capital Mid Cap Fund Direct Plan Growth",2025-12-30,20.908
150815,"JM Mid Cap Fund (Direct) - Growth",2025-12-30,19.842
150817,"Canara Robeco Mid Cap Fund- Direct Plan- Growth Option",2025-12-30,17.87
153326,"Helios Mid Cap Fund - Direct Plan - Growth Option",2025-12-30,12.74
153728,"Bank of India Mid Cap Fund - Direct Plan Growth",2025-12-30,9.72
150404,"BANDHAN MID CAP FUND - GROWTH - DIRECT PLAN",2025-12-31,18.252
150584,"WhiteOak Capital Mid Cap Fund Direct Plan Growth",2025-12-31,21.14
150815,"JM Mid Cap Fund (Direct) - Growth",2025-12-31,20.0725
150817,"Canara Robeco Mid Cap Fund- Direct Plan- Growth Option",2025-12-31,18.07
153326,"Helios Mid Cap Fund - Direct Plan - Growth Option",2025-12-31,12.87
153728,"Bank of India Mid Cap Fund - Direct Plan Growth",2025-12-31,9.84
150404,"BANDHAN MID CAP FUND - GROWTH - DIRECT PLAN",2026-01-01,18.249
150584,"WhiteOak Capital Mid Cap Fund Direct Plan Growth",2026-01-01,21.172
150815,"JM Mid Cap Fund (Direct) - Growth",2026-01-01,19.9282
150817,"Canara Robeco Mid Cap Fund- Direct Plan- Growth Option",2026-01-01,18.12
153326,"Helios Mid Cap Fund - Direct Plan - Growth Option",2026-01-01,12.88
153728,"Bank of India Mid Cap Fund - Direct Plan Growth",2026-01-01,9.84
150404,"BANDHAN MID CAP FUND - GROWTH - DIRECT PLAN",2026-01-02,18.382
150584,"WhiteOak Capital Mid Cap Fund Direct Plan Growth",2026-01-02,21.317
150815,"JM Mid Cap Fund (Direct) - Growth",2026-01-02,20.0595
150817,"Canara Robeco Mid Cap Fund- Direct Plan- Growth Option",2026-01-02,18.29
153326,"Helios Mid Cap Fund - Direct Plan - Growth Option",2026-01-02,12.99
153728,"Bank of India Mid Cap Fund - Direct Plan Growth",2026-01-02,9.91
150404,"BANDHAN MID CAP FUND - GROWTH - DIRECT PLAN",2026-01-05,18.388
150584,"WhiteOak Capital Mid Cap Fund Direct Plan Growth",2026-01-05,21.301
150815,"JM Mid Cap Fund (Direct) - Growth",2026-01-05,20.0014
150817,"Canara Robeco Mid Cap Fund- Direct Plan- Growth Option",2026-01-05,18.29
153326,"Helios Mid Cap Fund - Direct Plan - Growth Option",2026-01-05,12.97
153728,"Bank of India Mid Cap Fund - Direct Plan Growth",2026-01-05,9.94
150404,"BANDHAN MID CAP FUND - GROWTH - DIRECT PLAN",2026-01-06,18.278
150584,"WhiteOak Capital Mid Cap Fund Direct Plan Growth",2026-01-06,21.342
150815,"JM Mid Cap Fund (Direct) - Growth",2026-01-06,19.9397
150817,"Canara Robeco Mid Cap Fund- Direct Plan- Growth Option",2026-01-06,18.2
153326,"Helios Mid Cap Fund - Direct Plan - Growth Option",2026-01-06,12.92
153728,"Bank of India Mid Cap Fund - Direct Plan Growth",2026-01-06,9.95
150404,"BANDHAN MID CAP FUND - GROWTH - DIRECT PLAN",2026-01-07,18.333
150584,"WhiteOak Capital Mid Cap Fund Direct Plan Growth",2026-01-07,21.448
150815,"JM Mid Cap Fund (Direct) - Growth",2026-01-07,19.9557
150817,"Canara Robeco Mid Cap Fund- Direct Plan- Growth Option",2026-01-07,18.31
153326,"Helios Mid Cap Fund - Direct Plan - Growth Option",2026-01-07,12.91
153728,"Bank of India Mid Cap Fund - Direct Plan Growth",2026-01-07,10
150404,"BANDHAN MID CAP FUND - GROWTH - DIRECT PLAN",2026-01-08,18.039
150584,"WhiteOak Capital Mid Cap Fund Direct Plan Growth",2026-01-08,21.038
150815,"JM Mid Cap Fund (Direct) - Growth",2026-01-08,19.6169
150817,"Canara Robeco Mid Cap Fund- Direct Plan- Growth Option",2026-01-08,18
153326,"Helios Mid Cap Fund - Direct Plan - Growth Option",2026-01-08,12.66
153728,"Bank of India Mid Cap Fund - Direct Plan Growth",2026-01-08,9.8
150404,"BANDHAN MID CAP FUND - GROWTH - DIRECT PLAN",2026-01-09,17.842
150584,"WhiteOak Capital Mid Cap Fund Direct Plan Growth",2026-01-09,20.9
150815,"JM Mid Cap Fund (Direct) - Growth",2026-01-09,19.3945
150817,"Canara Robeco Mid Cap Fund- Direct Plan- Growth Option",2026-01-09,17.86
153326,"Helios Mid Cap Fund - Direct Plan - Growth Option",2026-01-09,12.49
153728,"Bank of India Mid Cap Fund - Direct Plan Growth",2026-01-09,9.66
150404,"BANDHAN MID CAP FUND - GROWTH - DIRECT PLAN",2026-01-12,17.689
150584,"WhiteOak Capital Mid Cap Fund Direct Plan Growth",2026-01-12,20.778
150815,"JM Mid Cap Fund (Direct) - Growth",2026-01-12,19.3453
150817,"Canara Robeco Mid Cap Fund- Direct Plan- Growth Option",2026-01-12,17.77
153326,"Helios Mid Cap Fund - Direct Plan - Growth Option",2026-01-12,12.41
153728,"Bank of India Mid Cap Fund - Direct Plan Growth",2026-01-12,9.61
150404,"BANDHAN MID CAP FUND - GROWTH - DIRECT PLAN",2026-01-13,17.671
150584,"WhiteOak Capital Mid Cap Fund Direct Plan Growth",2026-01-13,20.856
150815,"JM Mid Cap Fund (Direct) - Growth",2026-01-13,19.4474
150817,"Canara Robeco Mid Cap Fund- Direct Plan- Growth Option",2026-01-13,17.74
153326,"Helios Mid Cap Fund - Direct Plan - Growth Option",2026-01-13,12.45
153728,"Bank of India Mid Cap Fund - Direct Plan Growth",2026-01-13,9.63
150404,"BANDHAN MID CAP FUND - GROWTH - DIRECT PLAN",2026-01-14,17.678
150584,"WhiteOak Capital Mid Cap Fund Direct Plan Growth",2026-01-14,20.868
150815,"JM Mid Cap Fund (Direct) - Growth",2026-01-14,19.4667
150817,"Canara Robeco Mid Cap Fund- Direct Plan- Growth Option",2026-01-14,17.83
153326,"Helios Mid Cap Fund - Direct Plan - Growth Option",2026-01-14,12.47
153728,"Bank of India Mid Cap Fund - Direct Plan Growth",2026-01-14,9.64
150404,"BANDHAN MID CAP FUND - GROWTH - DIRECT PLAN",2026-01-16,17.661
150584,"WhiteOak Capital Mid Cap Fund Direct Plan Growth",2026-01-16,20.889
150815,"JM Mid Cap Fund (Direct) - Growth",2026-01-16,19.5217
150817,"Canara Robeco Mid Cap Fund- Direct Plan- Growth Option",2026-01-16,17.86
153326,"Helios Mid Cap Fund - Direct Plan - Growth Option",2026-01-16,12.48
153728,"Bank of India Mid Cap Fund - Direct Plan Growth",2026-01-16,9.64
150404,"BANDHAN MID CAP FUND - GROWTH - DIRECT PLAN",2026-01-19,17.559
150584,"WhiteOak Capital Mid Cap Fund Direct Plan Growth",2026-01-19,20.788
150815,"JM Mid Cap Fund (Direct) - Growth",2026-01-19,19.3933
150817,"Canara Robeco Mid Cap Fund- Direct Plan- Growth Option",2026-01-19,17.79
153326,"Helios Mid Cap Fund - Direct Plan - Growth Option",2026-01-19,12.36
153728,"Bank of India Mid Cap Fund - Direct Plan Growth",2026-01-19,9.6
150404,"BANDHAN MID CAP FUND - GROWTH - DIRECT PLAN",2026-01-20,17.167
150584,"WhiteOak Capital Mid Cap Fund Direct Plan Growth",2026-01-20,20.379
150815,"JM Mid Cap Fund (Direct) - Growth",2026-01-20,18.9582
150817,"Canara Robeco Mid Cap Fund- Direct Plan- Growth Option",2026-01-20,17.38
153326,"Helios Mid Cap Fund - Direct Plan - Growth Option",2026-01-20,12.06
153728,"Bank of India Mid Cap Fund - Direct Plan Growth",2026-01-20,9.36
150404,"BANDHAN MID CAP FUND - GROWTH - DIRECT PLAN",2026-01-21,17.06
150584,"WhiteOak Capital Mid Cap Fund Direct Plan Growth",2026-01-21,20.236
150815,"JM Mid Cap Fund (Direct) - Growth",2026-01-21,18.7311
150817,"Canara Robeco Mid Cap Fund- Direct Plan- Growth Option",2026-01-21,17.28
153326,"Helios Mid Cap Fund - Direct Plan - Growth Option",2026-01-21,11.95
153728,"Bank of India Mid Cap Fund - Direct Plan Growth",2026-01-21,9.32
150404,"BANDHAN MID CAP FUND - GROWTH - DIRECT PLAN",2026-01-22,17.251
150584,"WhiteOak Capital Mid Cap Fund Direct Plan Growth",2026-01-22,20.364
150815,"JM Mid Cap Fund (Direct) - Growth",2026-01-22,19.0105
150817,"Canara Robeco Mid Cap Fund- Direct Plan- Growth Option",2026-01-22,17.43
153326,"Helios Mid Cap Fund - Direct Plan - Growth Option",2026-01-22,12.09
153728,"Bank of India Mid Cap Fund - Direct Plan Growth",2026-01-22,9.43
150404,"BANDHAN MID CAP FUND - GROWTH - DIRECT PLAN",2026-01-23,16.98
150584,"WhiteOak Capital Mid Cap Fund Direct Plan Growth",2026-01-23,20.065
150815,"JM Mid Cap Fund (Direct) - Growth",2026-01-23,18.6544
150817,"Canara Robeco Mid Cap Fund- Direct Plan- Growth Option",2026-01-23,17.1
153326,"Helios Mid Cap Fund - Direct Plan - Growth Option",2026-01-23,11.85
153728,"Bank of India Mid Cap Fund - Direct Plan Growth",2026-01-23,9.27
150404,"BANDHAN MID CAP FUND - GROWTH - DIRECT PLAN",2026-01-27,17.013
150584,"WhiteOak Capital Mid Cap Fund Direct Plan Growth",2026-01-27,20.105
150815,"JM Mid Cap Fund (Direct) - Growth",2026-01-27,18.649
150817,"Canara Robeco Mid Cap Fund- Direct Plan- Growth Option",2026-01-27,17.14
153326,"Helios Mid Cap Fund - Direct Plan - Growth Option",2026-01-27,11.91
153728,"Bank of India Mid Cap Fund - Direct Plan Growth",2026-01-27,9.33
150404,"BANDHAN MID CAP FUND - GROWTH - DIRECT PLAN",2026-01-28,17.301
150584,"WhiteOak Capital Mid Cap Fund Direct Plan Growth",2026-01-28,20.398
150815,"JM Mid Cap Fund (Direct) - Growth",2026-01-28,18.9554
150817,"Canara Robeco Mid Cap Fund- Direct Plan- Growth Option",2026-01-28,17.51
153326,"Helios Mid Cap Fund - Direct Plan - Growth Option",2026-01-28,12.12
153728,"Bank of India Mid Cap Fund - Direct Plan Growth",2026-01-28,9.51
150404,"BANDHAN MID CAP FUND - GROWTH - DIRECT PLAN",2026-01-29,17.341
150584,"WhiteOak Capital Mid Cap Fund Direct Plan Growth",2026-01-29,20.424
150815,"JM Mid Cap Fund (Direct) - Growth",2026-01-29,18.925
150817,"Canara Robeco Mid Cap Fund- Direct Plan- Growth Option",2026-01-29,17.52
153326,"Helios Mid Cap Fund - Direct Plan - Growth Option",2026-01-29,12.08
153728,"Bank of India Mid Cap Fund - Direct Plan Growth",2026-01-29,9.53
150404,"BANDHAN MID CAP FUND - GROWTH - DIRECT PLAN",2026-01-30,17.44
150584,"WhiteOak Capital Mid Cap Fund Direct Plan Growth",2026-01-30,20.399
150815,"JM Mid Cap Fund (Direct) - Growth",2026-01-30,19.0637
150817,"Canara Robeco Mid Cap Fund- Direct Plan- Growth Option",2026-01-30,17.54
153326,"Helios Mid Cap Fund - Direct Plan - Growth Option",2026-01-30,12.13
153728,"Bank of India Mid Cap Fund - Direct Plan Growth",2026-01-30,9.55
150404,"BANDHAN MID CAP FUND - GROWTH - DIRECT PLAN",2026-01-31,17.44
150404,"BANDHAN MID CAP FUND - GROWTH - DIRECT PLAN",2026-02-02,17.254
150584,"WhiteOak Capital Mid Cap Fund Direct Plan Growth",2026-02-02,20.161
150815,"JM Mid Cap Fund (Direct) - Growth",2026-02-02,18.7914
150817,"Canara Robeco Mid Cap Fund- Direct Plan- Growth Option",2026-02-02,17.36
153326,"Helios Mid Cap Fund - Direct Plan - Growth Option",2026-02-02,11.99
153728,"Bank of India Mid Cap Fund - Direct Plan Growth",2026-02-02,9.36
150404,"BANDHAN MID CAP FUND - GROWTH - DIRECT PLAN",2026-02-03,17.82
150584,"WhiteOak Capital Mid Cap Fund Direct Plan Growth",2026-02-03,20.679
150815,"JM Mid Cap Fund (Direct) - Growth",2026-02-03,19.4891
150817,"Canara Robeco Mid Cap Fund- Direct Plan- Growth Option",2026-02-03,17.85
153326,"Helios Mid Cap Fund - Direct Plan - Growth Option",2026-02-03,12.32
153728,"Bank of India Mid Cap Fund - Direct Plan Growth",2026-02-03,9.61
150404,"BANDHAN MID CAP FUND - GROWTH - DIRECT PLAN",2026-02-04,17.883
150584,"WhiteOak Capital Mid Cap Fund Direct Plan Growth",2026-02-04,20.69
150815,"JM Mid Cap Fund (Direct) - Growth",2026-02-04,19.6904
150817,"Canara Robeco Mid Cap Fund- Direct Plan- Growth Option",2026-02-04,17.96
153326,"Helios Mid Cap Fund - Direct Plan - Growth Option",2026-02-04,12.39
153728,"Bank of India Mid Cap Fund - Direct Plan Growth",2026-02-04,9.66
150404,"BANDHAN MID CAP FUND - GROWTH - DIRECT PLAN",2026-02-05,17.899
150584,"WhiteOak Capital Mid Cap Fund Direct Plan Growth",2026-02-05,20.574
150815,"JM Mid Cap Fund (Direct) - Growth",2026-02-05,19.5681
150817,"Canara Robeco Mid Cap Fund- Direct Plan- Growth Option",2026-02-05,17.93
153326,"Helios Mid Cap Fund - Direct Plan - Growth Option",2026-02-05,12.37
153728,"Bank of India Mid Cap Fund - Direct Plan Growth",2026-02-05,9.63
150404,"BANDHAN MID CAP FUND - GROWTH - DIRECT PLAN",2026-02-06,17.871
150584,"WhiteOak Capital Mid Cap Fund Direct Plan Growth",2026-02-06,20.561
150815,"JM Mid Cap Fund (Direct) - Growth",2026-02-06,19.6333
150817,"Canara Robeco Mid Cap Fund- Direct Plan- Growth Option",2026-02-06,17.86
153326,"Helios Mid Cap Fund - Direct Plan - Growth Option",2026-02-06,12.36
153728,"Bank of India Mid Cap Fund - Direct Plan Growth",2026-02-06,9.66
150404,"BANDHAN MID CAP FUND - GROWTH - DIRECT PLAN",2026-02-09,18.246
150584,"WhiteOak Capital Mid Cap Fund Direct Plan Growth",2026-02-09,20.906
150815,"JM Mid Cap Fund (Direct) - Growth",2026-02-09,19.9762
150817,"Canara Robeco Mid Cap Fund- Direct Plan- Growth Option",2026-02-09,18.11
153326,"Helios Mid Cap Fund - Direct Plan - Growth Option",2026-02-09,12.54
153728,"Bank of India Mid Cap Fund - Direct Plan Growth",2026-02-09,9.77
150404,"BANDHAN MID CAP FUND - GROWTH - DIRECT PLAN",2026-02-10,18.318
150584,"WhiteOak Capital Mid Cap Fund Direct Plan Growth",2026-02-10,20.96
150815,"JM Mid Cap Fund (Direct) - Growth",2026-02-10,20.0631
150817,"Canara Robeco Mid Cap Fund- Direct Plan- Growth Option",2026-02-10,18.18
153326,"Helios Mid Cap Fund - Direct Plan - Growth Option",2026-02-10,12.57
153728,"Bank of India Mid Cap Fund - Direct Plan Growth",2026-02-10,9.74
150404,"BANDHAN MID CAP FUND - GROWTH - DIRECT PLAN",2026-02-11,18.396
150584,"WhiteOak Capital Mid Cap Fund Direct Plan Growth",2026-02-11,21.011
150815,"JM Mid Cap Fund (Direct) - Growth",2026-02-11,20.0051
150817,"Canara Robeco Mid Cap Fund- Direct Plan- Growth Option",2026-02-11,18.11
153326,"Helios Mid Cap Fund - Direct Plan - Growth Option",2026-02-11,12.57
153728,"Bank of India Mid Cap Fund - Direct Plan Growth",2026-02-11,9.73
150404,"BANDHAN MID CAP FUND - GROWTH - DIRECT PLAN",2026-02-12,18.339
150584,"WhiteOak Capital Mid Cap Fund Direct Plan Growth",2026-02-12,20.931
150815,"JM Mid Cap Fund (Direct) - Growth",2026-02-12,19.9405
150817,"Canara Robeco Mid Cap Fund- Direct Plan- Growth Option",2026-02-12,18.01
153326,"Helios Mid Cap Fund - Direct Plan - Growth Option",2026-02-12,12.55
153728,"Bank of India Mid Cap Fund - Direct Plan Growth",2026-02-12,9.72
150404,"BANDHAN MID CAP FUND - GROWTH - DIRECT PLAN",2026-02-13,18.085
150584,"WhiteOak Capital Mid Cap Fund Direct Plan Growth",2026-02-13,20.54
150815,"JM Mid Cap Fund (Direct) - Growth",2026-02-13,19.5955
150817,"Canara Robeco Mid Cap Fund- Direct Plan- Growth Option",2026-02-13,17.77
153326,"Helios Mid Cap Fund - Direct Plan - Growth Option",2026-02-13,12.33
153728,"Bank of India Mid Cap Fund - Direct Plan Growth",2026-02-13,9.55
154114,"Samco Mid Cap Fund - Direct Plan",2026-02-13,9.79
150404,"BANDHAN MID CAP FUND - GROWTH - DIRECT PLAN",2026-02-16,18.155
150584,"WhiteOak Capital Mid Cap Fund Direct Plan Growth",2026-02-16,20.644
150815,"JM Mid Cap Fund (Direct) - Growth",2026-02-16,19.6471
150817,"Canara Robeco Mid Cap Fund- Direct Plan- Growth Option",2026-02-16,17.87
153326,"Helios Mid Cap Fund - Direct Plan - Growth Option",2026-02-16,12.37
153728,"Bank of India Mid Cap Fund - Direct Plan Growth",2026-02-16,9.56
154114,"Samco Mid Cap Fund - Direct Plan",2026-02-16,9.88
150404,"BANDHAN MID CAP FUND - GROWTH - DIRECT PLAN",2026-02-17,18.193
150584,"WhiteOak Capital Mid Cap Fund Direct Plan Growth",2026-02-17,20.72
150815,"JM Mid Cap Fund (Direct) - Growth",2026-02-17,19.8207
150817,"Canara Robeco Mid Cap Fund- Direct Plan- Growth Option",2026-02-17,17.93
153326,"Helios Mid Cap Fund - Direct Plan - Growth Option",2026-02-17,12.4
153728,"Bank of India Mid Cap Fund - Direct Plan Growth",2026-02-17,9.61
154114,"Samco Mid Cap Fund - Direct Plan",2026-02-17,9.95
150404,"BANDHAN MID CAP FUND - GROWTH - DIRECT PLAN",2026-02-18,18.349
150584,"WhiteOak Capital Mid Cap Fund Direct Plan Growth",2026-02-18,20.815
150815,"JM Mid Cap Fund (Direct) - Growth",2026-02-18,20.0627
150817,"Canara Robeco Mid Cap Fund- Direct Plan- Growth Option",2026-02-18,18.02
153326,"Helios Mid Cap Fund - Direct Plan - Growth Option",2026-02-18,12.49
153728,"Bank of India Mid Cap Fund - Direct Plan Growth",2026-02-18,9.68
154114,"Samco Mid Cap Fund - Direct Plan",2026-02-18,10.02
150404,"BANDHAN MID CAP FUND - GROWTH - DIRECT PLAN",2026-02-19,18.044
150584,"WhiteOak Capital Mid Cap Fund Direct Plan Growth",2026-02-19,20.534
150815,"JM Mid Cap Fund (Direct) - Growth",2026-02-19,19.7684
150817,"Canara Robeco Mid Cap Fund- Direct Plan- Growth Option",2026-02-19,17.73
153326,"Helios Mid Cap Fund - Direct Plan - Growth Option",2026-02-19,12.27
153728,"Bank of India Mid Cap Fund - Direct Plan Growth",2026-02-19,9.59
154114,"Samco Mid Cap Fund - Direct Plan",2026-02-19,9.86
150404,"BANDHAN MID CAP FUND - GROWTH - DIRECT PLAN",2026-02-20,18.123
150584,"WhiteOak Capital Mid Cap Fund Direct Plan Growth",2026-02-20,20.615
150815,"JM Mid Cap Fund (Direct) - Growth",2026-02-20,19.8274
150817,"Canara Robeco Mid Cap Fund- Direct Plan- Growth Option",2026-02-20,17.81
153326,"Helios Mid Cap Fund - Direct Plan - Growth Option",2026-02-20,12.33
153728,"Bank of India Mid Cap Fund - Direct Plan Growth",2026-02-20,9.63
154114,"Samco Mid Cap Fund - Direct Plan",2026-02-20,9.93
150404,"BANDHAN MID CAP FUND - GROWTH - DIRECT PLAN",2026-02-23,18.211
150584,"WhiteOak Capital Mid Cap Fund Direct Plan Growth",2026-02-23,20.698
150815,"JM Mid Cap Fund (Direct) - Growth",2026-02-23,19.6939
150817,"Canara Robeco Mid Cap Fund- Direct Plan- Growth Option",2026-02-23,17.86
153326,"Helios Mid Cap Fund - Direct Plan - Growth Option",2026-02-23,12.37
153728,"Bank of India Mid Cap Fund - Direct Plan Growth",2026-02-23,9.66
154114,"Samco Mid Cap Fund - Direct Plan",2026-02-23,9.95
150404,"BANDHAN MID CAP FUND - GROWTH - DIRECT PLAN",2026-02-24,18.077
150584,"WhiteOak Capital Mid Cap Fund Direct Plan Growth",2026-02-24,20.541
150815,"JM Mid Cap Fund (Direct) - Growth",2026-02-24,19.5179
150817,"Canara Robeco Mid Cap Fund- Direct Plan- Growth Option",2026-02-24,17.69
153326,"Helios Mid Cap Fund - Direct Plan - Growth Option",2026-02-24,12.33
153728,"Bank of India Mid Cap Fund - Direct Plan Growth",2026-02-24,9.63
154114,"Samco Mid Cap Fund - Direct Plan",2026-02-24,9.97
150404,"BANDHAN MID CAP FUND - GROWTH - DIRECT PLAN",2026-02-25,18.227
150584,"WhiteOak Capital Mid Cap Fund Direct Plan Growth",2026-02-25,20.744
150815,"JM Mid Cap Fund (Direct) - Growth",2026-02-25,19.6183
150817,"Canara Robeco Mid Cap Fund- Direct Plan- Growth Option",2026-02-25,17.83
153326,"Helios Mid Cap Fund - Direct Plan - Growth Option",2026-02-25,12.4
153728,"Bank of India Mid Cap Fund - Direct Plan Growth",2026-02-25,9.73
154114,"Samco Mid Cap Fund - Direct Plan",2026-02-25,10.09
150404,"BANDHAN MID CAP FUND - GROWTH - DIRECT PLAN",2026-02-26,18.351
150584,"WhiteOak Capital Mid Cap Fund Direct Plan Growth",2026-02-26,20.864
150815,"JM Mid Cap Fund (Direct) - Growth",2026-02-26,19.7728
150817,"Canara Robeco Mid Cap Fund- Direct Plan- Growth Option",2026-02-26,17.89
153326,"Helios Mid Cap Fund - Direct Plan - Growth Option",2026-02-26,12.45
153728,"Bank of India Mid Cap Fund - Direct Plan Growth",2026-02-26,9.76
154114,"Samco Mid Cap Fund - Direct Plan",2026-02-26,10.13
150404,"BANDHAN MID CAP FUND - GROWTH - DIRECT PLAN",2026-02-27,18.184
150584,"WhiteOak Capital Mid Cap Fund Direct Plan Growth",2026-02-27,20.616
150815,"JM Mid Cap Fund (Direct) - Growth",2026-02-27,19.5975
150817,"Canara Robeco Mid Cap Fund- Direct Plan- Growth Option",2026-02-27,17.73
153326,"Helios Mid Cap Fund - Direct Plan - Growth Option",2026-02-27,12.27
153728,"Bank of India Mid Cap Fund - Direct Plan Growth",2026-02-27,9.66
154114,"Samco Mid Cap Fund - Direct Plan",2026-02-27,10.02
150404,"BANDHAN MID CAP FUND - GROWTH - DIRECT PLAN",2026-02-28,18.184
150404,"BANDHAN MID CAP FUND - GROWTH - DIRECT PLAN",2026-03-02,17.928
150584,"WhiteOak Capital Mid Cap Fund Direct Plan Growth",2026-03-02,20.413
150815,"JM Mid Cap Fund (Direct) - Growth",2026-03-02,19.2725
150817,"Canara Robeco Mid Cap Fund- Direct Plan- Growth Option",2026-03-02,17.49
153326,"Helios Mid Cap Fund - Direct Plan - Growth Option",2026-03-02,12.05
153728,"Bank of India Mid Cap Fund - Direct Plan Growth",2026-03-02,9.56
154114,"Samco Mid Cap Fund - Direct Plan",2026-03-02,9.87
150404,"BANDHAN MID CAP FUND - GROWTH - DIRECT PLAN",2026-03-04,17.546
150584,"WhiteOak Capital Mid Cap Fund Direct Plan Growth",2026-03-04,20.012
150815,"JM Mid Cap Fund (Direct) - Growth",2026-03-04,18.8517
150817,"Canara Robeco Mid Cap Fund- Direct Plan- Growth Option",2026-03-04,17.15
153326,"Helios Mid Cap Fund - Direct Plan - Growth Option",2026-03-04,11.76
153728,"Bank of India Mid Cap Fund - Direct Plan Growth",2026-03-04,9.4
154114,"Samco Mid Cap Fund - Direct Plan",2026-03-04,9.64
150404,"BANDHAN MID CAP FUND - GROWTH - DIRECT PLAN",2026-03-05,17.785
150584,"WhiteOak Capital Mid Cap Fund Direct Plan Growth",2026-03-05,20.226
150815,"JM Mid Cap Fund (Direct) - Growth",2026-03-05,19.1404
150817,"Canara Robeco Mid Cap Fund- Direct Plan- Growth Option",2026-03-05,17.4
153326,"Helios Mid Cap Fund - Direct Plan - Growth Option",2026-03-05,11.95
153728,"Bank of India Mid Cap Fund - Direct Plan Growth",2026-03-05,9.5
154114,"Samco Mid Cap Fund - Direct Plan",2026-03-05,9.8
150404,"BANDHAN MID CAP FUND - GROWTH - DIRECT PLAN",2026-03-06,17.664
150584,"WhiteOak Capital Mid Cap Fund Direct Plan Growth",2026-03-06,20.071
150815,"JM Mid Cap Fund (Direct) - Growth",2026-03-06,19.0337
150817,"Canara Robeco Mid Cap Fund- Direct Plan- Growth Option",2026-03-06,17.28
153326,"Helios Mid Cap Fund - Direct Plan - Growth Option",2026-03-06,11.85
153728,"Bank of India Mid Cap Fund - Direct Plan Growth",2026-03-06,9.47
154114,"Samco Mid Cap Fund - Direct Plan",2026-03-06,9.7
150404,"BANDHAN MID CAP FUND - GROWTH - DIRECT PLAN",2026-03-09,17.295
150584,"WhiteOak Capital Mid Cap Fund Direct Plan Growth",2026-03-09,19.735
150815,"JM Mid Cap Fund (Direct) - Growth",2026-03-09,18.5611
150817,"Canara Robeco Mid Cap Fund- Direct Plan- Growth Option",2026-03-09,16.94
153326,"Helios Mid Cap Fund - Direct Plan - Growth Option",2026-03-09,11.66
153728,"Bank of India Mid Cap Fund - Direct Plan Growth",2026-03-09,9.32
154114,"Samco Mid Cap Fund - Direct Plan",2026-03-09,9.45
150404,"BANDHAN MID CAP FUND - GROWTH - DIRECT PLAN",2026-03-10,17.538
150584,"WhiteOak Capital Mid Cap Fund Direct Plan Growth",2026-03-10,19.961
150815,"JM Mid Cap Fund (Direct) - Growth",2026-03-10,18.9478
150817,"Canara Robeco Mid Cap Fund- Direct Plan- Growth Option",2026-03-10,17.14
153326,"Helios Mid Cap Fund - Direct Plan - Growth Option",2026-03-10,11.84
153728,"Bank of India Mid Cap Fund - Direct Plan Growth",2026-03-10,9.42
154114,"Samco Mid Cap Fund - Direct Plan",2026-03-10,9.61
150404,"BANDHAN MID CAP FUND - GROWTH - DIRECT PLAN",2026-03-11,17.251
150584,"WhiteOak Capital Mid Cap Fund Direct Plan Growth",2026-03-11,19.736
150815,"JM Mid Cap Fund (Direct) - Growth",2026-03-11,18.7505
150817,"Canara Robeco Mid Cap Fund- Direct Plan- Growth Option",2026-03-11,16.93
153326,"Helios Mid Cap Fund - Direct Plan - Growth Option",2026-03-11,11.68
153728,"Bank of India Mid Cap Fund - Direct Plan Growth",2026-03-11,9.38
154114,"Samco Mid Cap Fund - Direct Plan",2026-03-11,9.46
150404,"BANDHAN MID CAP FUND - GROWTH - DIRECT PLAN",2026-03-12,17.173
150584,"WhiteOak Capital Mid Cap Fund Direct Plan Growth",2026-03-12,19.656
150815,"JM Mid Cap Fund (Direct) - Growth",2026-03-12,18.7031
150817,"Canara Robeco Mid Cap Fund- Direct Plan- Growth Option",2026-03-12,16.93
153326,"Helios Mid Cap Fund - Direct Plan - Growth Option",2026-03-12,11.6
153728,"Bank of India Mid Cap Fund - Direct Plan Growth",2026-03-12,9.36
154114,"Samco Mid Cap Fund - Direct Plan",2026-03-12,9.45
150404,"BANDHAN MID CAP FUND - GROWTH - DIRECT PLAN",2026-03-13,16.729
150584,"WhiteOak Capital Mid Cap Fund Direct Plan Growth",2026-03-13,19.196
150815,"JM Mid Cap Fund (Direct) - Growth",2026-03-13,18.153
150817,"Canara Robeco Mid Cap Fund- Direct Plan- Growth Option",2026-03-13,16.54
153326,"Helios Mid Cap Fund - Direct Plan - Growth Option",2026-03-13,11.3
153728,"Bank of India Mid Cap Fund - Direct Plan Growth",2026-03-13,9.14
154114,"Samco Mid Cap Fund - Direct Plan",2026-03-13,9.2
150404,"BANDHAN MID CAP FUND - GROWTH - DIRECT PLAN",2026-03-16,16.75
150584,"WhiteOak Capital Mid Cap Fund Direct Plan Growth",2026-03-16,19.125
150815,"JM Mid Cap Fund (Direct) - Growth",2026-03-16,18.1369
150817,"Canara Robeco Mid Cap Fund- Direct Plan- Growth Option",2026-03-16,16.52
153326,"Helios Mid Cap Fund - Direct Plan - Growth Option",2026-03-16,11.3
153728,"Bank of India Mid Cap Fund - Direct Plan Growth",2026-03-16,9.14
154114,"Samco Mid Cap Fund - Direct Plan",2026-03-16,9.14
150404,"BANDHAN MID CAP FUND - GROWTH - DIRECT PLAN",2026-03-17,16.999
150584,"WhiteOak Capital Mid Cap Fund Direct Plan Growth",2026-03-17,19.341
150815,"JM Mid Cap Fund (Direct) - Growth",2026-03-17,18.3214
150817,"Canara Robeco Mid Cap Fund- Direct Plan- Growth Option",2026-03-17,16.7
153326,"Helios Mid Cap Fund - Direct Plan - Growth Option",2026-03-17,11.44
153728,"Bank of India Mid Cap Fund - Direct Plan Growth",2026-03-17,9.24
154114,"Samco Mid Cap Fund - Direct Plan",2026-03-17,9.23
150404,"BANDHAN MID CAP FUND - GROWTH - DIRECT PLAN",2026-03-18,17.336
150584,"WhiteOak Capital Mid Cap Fund Direct Plan Growth",2026-03-18,19.702
150815,"JM Mid Cap Fund (Direct) - Growth",2026-03-18,18.6823
150817,"Canara Robeco Mid Cap Fund- Direct Plan- Growth Option",2026-03-18,17
153326,"Helios Mid Cap Fund - Direct Plan - Growth Option",2026-03-18,11.67
153728,"Bank of India Mid Cap Fund - Direct Plan Growth",2026-03-18,9.36
154114,"Samco Mid Cap Fund - Direct Plan",2026-03-18,9.33
150404,"BANDHAN MID CAP FUND - GROWTH - DIRECT PLAN",2026-03-19,16.849
150584,"WhiteOak Capital Mid Cap Fund Direct Plan Growth",2026-03-19,19.181
150815,"JM Mid Cap Fund (Direct) - Growth",2026-03-19,18.1341
150817,"Canara Robeco Mid Cap Fund- Direct Plan- Growth Option",2026-03-19,16.5
153326,"Helios Mid Cap Fund - Direct Plan - Growth Option",2026-03-19,11.33
153728,"Bank of India Mid Cap Fund - Direct Plan Growth",2026-03-19,9.14
154114,"Samco Mid Cap Fund - Direct Plan",2026-03-19,9.08
150404,"BANDHAN MID CAP FUND - GROWTH - DIRECT PLAN",2026-03-20,16.898
150584,"WhiteOak Capital Mid Cap Fund Direct Plan Growth",2026-03-20,19.21
150815,"JM Mid Cap Fund (Direct) - Growth",2026-03-20,18.3155
150817,"Canara Robeco Mid Cap Fund- Direct Plan- Growth Option",2026-03-20,16.57
153326,"Helios Mid Cap Fund - Direct Plan - Growth Option",2026-03-20,11.41
153728,"Bank of India Mid Cap Fund - Direct Plan Growth",2026-03-20,9.2
154114,"Samco Mid Cap Fund - Direct Plan",2026-03-20,9.15
150404,"BANDHAN MID CAP FUND - GROWTH - DIRECT PLAN",2026-03-23,16.345
150584,"WhiteOak Capital Mid Cap Fund Direct Plan Growth",2026-03-23,18.582
150815,"JM Mid Cap Fund (Direct) - Growth",2026-03-23,17.6422
150817,"Canara Robeco Mid Cap Fund- Direct Plan- Growth Option",2026-03-23,15.98
153326,"Helios Mid Cap Fund - Direct Plan - Growth Option",2026-03-23,10.99
153728,"Bank of India Mid Cap Fund - Direct Plan Growth",2026-03-23,8.9
154114,"Samco Mid Cap Fund - Direct Plan",2026-03-23,8.81
150404,"BANDHAN MID CAP FUND - GROWTH - DIRECT PLAN",2026-03-24,16.729
150584,"WhiteOak Capital Mid Cap Fund Direct Plan Growth",2026-03-24,19.043
150815,"JM Mid Cap Fund (Direct) - Growth",2026-03-24,18.1097
150817,"Canara Robeco Mid Cap Fund- Direct Plan- Growth Option",2026-03-24,16.36
153326,"Helios Mid Cap Fund - Direct Plan - Growth Option",2026-03-24,11.28
153728,"Bank of India Mid Cap Fund - Direct Plan Growth",2026-03-24,9.13
154114,"Samco Mid Cap Fund - Direct Plan",2026-03-24,9
154210,"TRUSTMF MID CAP FUND -DIRECT -GROWTH",2026-03-24,10.01
150404,"BANDHAN MID CAP FUND - GROWTH - DIRECT PLAN",2026-03-25,17.099
150584,"WhiteOak Capital Mid Cap Fund Direct Plan Growth",2026-03-25,19.48
150815,"JM Mid Cap Fund (Direct) - Growth",2026-03-25,18.6016
150817,"Canara Robeco Mid Cap Fund- Direct Plan- Growth Option",2026-03-25,16.71
153326,"Helios Mid Cap Fund - Direct Plan - Growth Option",2026-03-25,11.54
153728,"Bank of India Mid Cap Fund - Direct Plan Growth",2026-03-25,9.3
154114,"Samco Mid Cap Fund - Direct Plan",2026-03-25,9.18
154210,"TRUSTMF MID CAP FUND -DIRECT -GROWTH",2026-03-25,10.03
150404,"BANDHAN MID CAP FUND - GROWTH - DIRECT PLAN",2026-03-27,16.785
150584,"WhiteOak Capital Mid Cap Fund Direct Plan Growth",2026-03-27,19.1
150815,"JM Mid Cap Fund (Direct) - Growth",2026-03-27,18.1592
150817,"Canara Robeco Mid Cap Fund- Direct Plan- Growth Option",2026-03-27,16.38
153326,"Helios Mid Cap Fund - Direct Plan - Growth Option",2026-03-27,11.33
153728,"Bank of India Mid Cap Fund - Direct Plan Growth",2026-03-27,9.12
154114,"Samco Mid Cap Fund - Direct Plan",2026-03-27,9.03
154210,"TRUSTMF MID CAP FUND -DIRECT -GROWTH",2026-03-27,9.93
150404,"BANDHAN MID CAP FUND - GROWTH - DIRECT PLAN",2026-03-30,16.386
150584,"WhiteOak Capital Mid Cap Fund Direct Plan Growth",2026-03-30,18.788
150815,"JM Mid Cap Fund (Direct) - Growth",2026-03-30,17.7157
150817,"Canara Robeco Mid Cap Fund- Direct Plan- Growth Option",2026-03-30,15.99
153326,"Helios Mid Cap Fund - Direct Plan - Growth Option",2026-03-30,11.02
153728,"Bank of India Mid Cap Fund - Direct Plan Growth",2026-03-30,8.95
154114,"Samco Mid Cap Fund - Direct Plan",2026-03-30,8.85
154210,"TRUSTMF MID CAP FUND -DIRECT -GROWTH",2026-03-30,9.8
150404,"BANDHAN MID CAP FUND - GROWTH - DIRECT PLAN",2026-03-31,16.386
150584,"WhiteOak Capital Mid Cap Fund Direct Plan Growth",2026-03-31,18.789
150815,"JM Mid Cap Fund (Direct) - Growth",2026-03-31,17.7154
150817,"Canara Robeco Mid Cap Fund- Direct Plan- Growth Option",2026-03-31,15.99
153326,"Helios Mid Cap Fund - Direct Plan - Growth Option",2026-03-31,11.02
153728,"Bank of India Mid Cap Fund - Direct Plan Growth",2026-03-31,8.94
154114,"Samco Mid Cap Fund - Direct Plan",2026-03-31,8.84
154210,"TRUSTMF MID CAP FUND -DIRECT -GROWTH",2026-03-31,9.8
150404,"BANDHAN MID CAP FUND - GROWTH - DIRECT PLAN",2026-04-01,16.66
150584,"WhiteOak Capital Mid Cap Fund Direct Plan Growth",2026-04-01,19.139
150815,"JM Mid Cap Fund (Direct) - Growth",2026-04-01,18.0647
150817,"Canara Robeco Mid Cap Fund- Direct Plan- Growth Option",2026-04-01,16.37
153326,"Helios Mid Cap Fund - Direct Plan - Growth Option",2026-04-01,11.28
153728,"Bank of India Mid Cap Fund - Direct Plan Growth",2026-04-01,9.14
154114,"Samco Mid Cap Fund - Direct Plan",2026-04-01,9.01
154210,"TRUSTMF MID CAP FUND -DIRECT -GROWTH",2026-04-01,9.92
150404,"BANDHAN MID CAP FUND - GROWTH - DIRECT PLAN",2026-04-02,16.622
150584,"WhiteOak Capital Mid Cap Fund Direct Plan Growth",2026-04-02,19.164
150815,"JM Mid Cap Fund (Direct) - Growth",2026-04-02,18.0005
150817,"Canara Robeco Mid Cap Fund- Direct Plan- Growth Option",2026-04-02,16.36
153326,"Helios Mid Cap Fund - Direct Plan - Growth Option",2026-04-02,11.22
153728,"Bank of India Mid Cap Fund - Direct Plan Growth",2026-04-02,9.11
154114,"Samco Mid Cap Fund - Direct Plan",2026-04-02,8.97
154210,"TRUSTMF MID CAP FUND -DIRECT -GROWTH",2026-04-02,9.89
150404,"BANDHAN MID CAP FUND - GROWTH - DIRECT PLAN",2026-04-06,16.89
150584,"WhiteOak Capital Mid Cap Fund Direct Plan Growth",2026-04-06,19.413
150815,"JM Mid Cap Fund (Direct) - Growth",2026-04-06,18.2545
150817,"Canara Robeco Mid Cap Fund- Direct Plan- Growth Option",2026-04-06,16.62
153326,"Helios Mid Cap Fund - Direct Plan - Growth Option",2026-04-06,11.38
153728,"Bank of India Mid Cap Fund - Direct Plan Growth",2026-04-06,9.24
154114,"Samco Mid Cap Fund - Direct Plan",2026-04-06,9.1
154210,"TRUSTMF MID CAP FUND -DIRECT -GROWTH",2026-04-06,10
150404,"BANDHAN MID CAP FUND - GROWTH - DIRECT PLAN",2026-04-07,16.931
150584,"WhiteOak Capital Mid Cap Fund Direct Plan Growth",2026-04-07,19.496
150815,"JM Mid Cap Fund (Direct) - Growth",2026-04-07,18.3011
150817,"Canara Robeco Mid Cap Fund- Direct Plan- Growth Option",2026-04-07,16.64
153326,"Helios Mid Cap Fund - Direct Plan - Growth Option",2026-04-07,11.37
153728,"Bank of India Mid Cap Fund - Direct Plan Growth",2026-04-07,9.23
154114,"Samco Mid Cap Fund - Direct Plan",2026-04-07,9.09
154210,"TRUSTMF MID CAP FUND -DIRECT -GROWTH",2026-04-07,9.99
150404,"BANDHAN MID CAP FUND - GROWTH - DIRECT PLAN",2026-04-08,17.561
150584,"WhiteOak Capital Mid Cap Fund Direct Plan Growth",2026-04-08,20.119
150815,"JM Mid Cap Fund (Direct) - Growth",2026-04-08,19.0469
150817,"Canara Robeco Mid Cap Fund- Direct Plan- Growth Option",2026-04-08,17.27
153326,"Helios Mid Cap Fund - Direct Plan - Growth Option",2026-04-08,11.86
153728,"Bank of India Mid Cap Fund - Direct Plan Growth",2026-04-08,9.53
154114,"Samco Mid Cap Fund - Direct Plan",2026-04-08,9.44
154210,"TRUSTMF MID CAP FUND -DIRECT -GROWTH",2026-04-08,10.27
150404,"BANDHAN MID CAP FUND - GROWTH - DIRECT PLAN",2026-04-09,17.595
150584,"WhiteOak Capital Mid Cap Fund Direct Plan Growth",2026-04-09,20.202
150815,"JM Mid Cap Fund (Direct) - Growth",2026-04-09,19.0879
150817,"Canara Robeco Mid Cap Fund- Direct Plan- Growth Option",2026-04-09,17.31
153326,"Helios Mid Cap Fund - Direct Plan - Growth Option",2026-04-09,11.89
153728,"Bank of India Mid Cap Fund - Direct Plan Growth",2026-04-09,9.56
154114,"Samco Mid Cap Fund - Direct Plan",2026-04-09,9.48
154210,"TRUSTMF MID CAP FUND -DIRECT -GROWTH",2026-04-09,10.31
150404,"BANDHAN MID CAP FUND - GROWTH - DIRECT PLAN",2026-04-10,17.907
150584,"WhiteOak Capital Mid Cap Fund Direct Plan Growth",2026-04-10,20.51
150815,"JM Mid Cap Fund (Direct) - Growth",2026-04-10,19.4226
150817,"Canara Robeco Mid Cap Fund- Direct Plan- Growth Option",2026-04-10,17.62
153326,"Helios Mid Cap Fund - Direct Plan - Growth Option",2026-04-10,12.12
153728,"Bank of India Mid Cap Fund - Direct Plan Growth",2026-04-10,9.69
154114,"Samco Mid Cap Fund - Direct Plan",2026-04-10,9.64
154210,"TRUSTMF MID CAP FUND -DIRECT -GROWTH",2026-04-10,10.46
150404,"BANDHAN MID CAP FUND - GROWTH - DIRECT PLAN",2026-04-13,17.765
150584,"WhiteOak Capital Mid Cap Fund Direct Plan Growth",2026-04-13,20.41
150815,"JM Mid Cap Fund (Direct) - Growth",2026-04-13,19.2377
150817,"Canara Robeco Mid Cap Fund- Direct Plan- Growth Option",2026-04-13,17.53
153326,"Helios Mid Cap Fund - Direct Plan - Growth Option",2026-04-13,12.01
153728,"Bank of India Mid Cap Fund - Direct Plan Growth",2026-04-13,9.65
154114,"Samco Mid Cap Fund - Direct Plan",2026-04-13,9.55
154210,"TRUSTMF MID CAP FUND -DIRECT -GROWTH",2026-04-13,10.42
150404,"BANDHAN MID CAP FUND - GROWTH - DIRECT PLAN",2026-04-15,18.106
150584,"WhiteOak Capital Mid Cap Fund Direct Plan Growth",2026-04-15,20.817
150815,"JM Mid Cap Fund (Direct) - Growth",2026-04-15,19.6053
150817,"Canara Robeco Mid Cap Fund- Direct Plan- Growth Option",2026-04-15,17.86
153326,"Helios Mid Cap Fund - Direct Plan - Growth Option",2026-04-15,12.23
153728,"Bank of India Mid Cap Fund - Direct Plan Growth",2026-04-15,9.84
154114,"Samco Mid Cap Fund - Direct Plan",2026-04-15,9.7
154210,"TRUSTMF MID CAP FUND -DIRECT -GROWTH",2026-04-15,10.59
150404,"BANDHAN MID CAP FUND - GROWTH - DIRECT PLAN",2026-04-16,18.185
150584,"WhiteOak Capital Mid Cap Fund Direct Plan Growth",2026-04-16,20.92
150815,"JM Mid Cap Fund (Direct) - Growth",2026-04-16,19.735
150817,"Canara Robeco Mid Cap Fund- Direct Plan- Growth Option",2026-04-16,17.97
153326,"Helios Mid Cap Fund - Direct Plan - Growth Option",2026-04-16,12.27
153728,"Bank of India Mid Cap Fund - Direct Plan Growth",2026-04-16,9.93
154114,"Samco Mid Cap Fund - Direct Plan",2026-04-16,9.7
154210,"TRUSTMF MID CAP FUND -DIRECT -GROWTH",2026-04-16,10.62
150404,"BANDHAN MID CAP FUND - GROWTH - DIRECT PLAN",2026-04-17,18.379
150584,"WhiteOak Capital Mid Cap Fund Direct Plan Growth",2026-04-17,21.159
150815,"JM Mid Cap Fund (Direct) - Growth",2026-04-17,19.9813
150817,"Canara Robeco Mid Cap Fund- Direct Plan- Growth Option",2026-04-17,18.15
153326,"Helios Mid Cap Fund - Direct Plan - Growth Option",2026-04-17,12.44
153728,"Bank of India Mid Cap Fund - Direct Plan Growth",2026-04-17,10.05
154114,"Samco Mid Cap Fund - Direct Plan",2026-04-17,9.8
154210,"TRUSTMF MID CAP FUND -DIRECT -GROWTH",2026-04-17,10.71
150404,"BANDHAN MID CAP FUND - GROWTH - DIRECT PLAN",2026-04-20,18.447
150584,"WhiteOak Capital Mid Cap Fund Direct Plan Growth",2026-04-20,21.165
150815,"JM Mid Cap Fund (Direct) - Growth",2026-04-20,19.9626
150817,"Canara Robeco Mid Cap Fund- Direct Plan- Growth Option",2026-04-20,18.23
153326,"Helios Mid Cap Fund - Direct Plan - Growth Option",2026-04-20,12.46
153728,"Bank of India Mid Cap Fund - Direct Plan Growth",2026-04-20,10.06
154114,"Samco Mid Cap Fund - Direct Plan",2026-04-20,9.82
154210,"TRUSTMF MID CAP FUND -DIRECT -GROWTH",2026-04-20,10.72
150404,"BANDHAN MID CAP FUND - GROWTH - DIRECT PLAN",2026-04-21,18.571
150584,"WhiteOak Capital Mid Cap Fund Direct Plan Growth",2026-04-21,21.299
150815,"JM Mid Cap Fund (Direct) - Growth",2026-04-21,20.1517
150817,"Canara Robeco Mid Cap Fund- Direct Plan- Growth Option",2026-04-21,18.37
153326,"Helios Mid Cap Fund - Direct Plan - Growth Option",2026-04-21,12.59
153728,"Bank of India Mid Cap Fund - Direct Plan Growth",2026-04-21,10.12
154114,"Samco Mid Cap Fund - Direct Plan",2026-04-21,9.86
154210,"TRUSTMF MID CAP FUND -DIRECT -GROWTH",2026-04-21,10.79
150404,"BANDHAN MID CAP FUND - GROWTH - DIRECT PLAN",2026-04-22,18.656
150584,"WhiteOak Capital Mid Cap Fund Direct Plan Growth",2026-04-22,21.282
150815,"JM Mid Cap Fund (Direct) - Growth",2026-04-22,20.2576
150817,"Canara Robeco Mid Cap Fund- Direct Plan- Growth Option",2026-04-22,18.35
153326,"Helios Mid Cap Fund - Direct Plan - Growth Option",2026-04-22,12.65
153728,"Bank of India Mid Cap Fund - Direct Plan Growth",2026-04-22,10.13
154114,"Samco Mid Cap Fund - Direct Plan",2026-04-22,9.89
154210,"TRUSTMF MID CAP FUND -DIRECT -GROWTH",2026-04-22,10.8
150404,"BANDHAN MID CAP FUND - GROWTH - DIRECT PLAN",2026-04-23,18.649
150584,"WhiteOak Capital Mid Cap Fund Direct Plan Growth",2026-04-23,21.291
150815,"JM Mid Cap Fund (Direct) - Growth",2026-04-23,20.2045
150817,"Canara Robeco Mid Cap Fund- Direct Plan- Growth Option",2026-04-23,18.22
153326,"Helios Mid Cap Fund - Direct Plan - Growth Option",2026-04-23,12.62
153728,"Bank of India Mid Cap Fund - Direct Plan Growth",2026-04-23,10.13
154114,"Samco Mid Cap Fund - Direct Plan",2026-04-23,9.84
154210,"TRUSTMF MID CAP FUND -DIRECT -GROWTH",2026-04-23,10.75
150404,"BANDHAN MID CAP FUND - GROWTH - DIRECT PLAN",2026-04-24,18.51
150584,"WhiteOak Capital Mid Cap Fund Direct Plan Growth",2026-04-24,21.074
150815,"JM Mid Cap Fund (Direct) - Growth",2026-04-24,19.9643
150817,"Canara Robeco Mid Cap Fund- Direct Plan- Growth Option",2026-04-24,18.05
153326,"Helios Mid Cap Fund - Direct Plan - Growth Option",2026-04-24,12.53
153728,"Bank of India Mid Cap Fund - Direct Plan Growth",2026-04-24,10.05
154114,"Samco Mid Cap Fund - Direct Plan",2026-04-24,9.79
154210,"TRUSTMF MID CAP FUND -DIRECT -GROWTH",2026-04-24,10.67
150404,"BANDHAN MID CAP FUND - GROWTH - DIRECT PLAN",2026-04-27,18.686
150584,"WhiteOak Capital Mid Cap Fund Direct Plan Growth",2026-04-27,21.338
150815,"JM Mid Cap Fund (Direct) - Growth",2026-04-27,20.3274
150817,"Canara Robeco Mid Cap Fund- Direct Plan- Growth Option",2026-04-27,18.27
153326,"Helios Mid Cap Fund - Direct Plan - Growth Option",2026-04-27,12.67
153728,"Bank of India Mid Cap Fund - Direct Plan Growth",2026-04-27,10.15
154114,"Samco Mid Cap Fund - Direct Plan",2026-04-27,9.87
154210,"TRUSTMF MID CAP FUND -DIRECT -GROWTH",2026-04-27,10.78
150404,"BANDHAN MID CAP FUND - GROWTH - DIRECT PLAN",2026-04-28,18.629
150584,"WhiteOak Capital Mid Cap Fund Direct Plan Growth",2026-04-28,21.32
150815,"JM Mid Cap Fund (Direct) - Growth",2026-04-28,20.2561
150817,"Canara Robeco Mid Cap Fund- Direct Plan- Growth Option",2026-04-28,18.18
153326,"Helios Mid Cap Fund - Direct Plan - Growth Option",2026-04-28,12.69
153728,"Bank of India Mid Cap Fund - Direct Plan Growth",2026-04-28,10.16
154114,"Samco Mid Cap Fund - Direct Plan",2026-04-28,9.83
154210,"TRUSTMF MID CAP FUND -DIRECT -GROWTH",2026-04-28,10.79
150404,"BANDHAN MID CAP FUND - GROWTH - DIRECT PLAN",2026-04-29,18.618
150584,"WhiteOak Capital Mid Cap Fund Direct Plan Growth",2026-04-29,21.274
150815,"JM Mid Cap Fund (Direct) - Growth",2026-04-29,20.2854
150817,"Canara Robeco Mid Cap Fund- Direct Plan- Growth Option",2026-04-29,18.17
153326,"Helios Mid Cap Fund - Direct Plan - Growth Option",2026-04-29,12.71
153728,"Bank of India Mid Cap Fund - Direct Plan Growth",2026-04-29,10.18
154114,"Samco Mid Cap Fund - Direct Plan",2026-04-29,9.85
154210,"TRUSTMF MID CAP FUND -DIRECT -GROWTH",2026-04-29,10.8
150404,"BANDHAN MID CAP FUND - GROWTH - DIRECT PLAN",2026-04-30,18.477
150584,"WhiteOak Capital Mid Cap Fund Direct Plan Growth",2026-04-30,21.127
150815,"JM Mid Cap Fund (Direct) - Growth",2026-04-30,20.136
150817,"Canara Robeco Mid Cap Fund- Direct Plan- Growth Option",2026-04-30,18
153326,"Helios Mid Cap Fund - Direct Plan - Growth Option",2026-04-30,12.62
153728,"Bank of India Mid Cap Fund - Direct Plan Growth",2026-04-30,10.07
154114,"Samco Mid Cap Fund - Direct Plan",2026-04-30,9.7
154210,"TRUSTMF MID CAP FUND -DIRECT -GROWTH",2026-04-30,10.73
150404,"BANDHAN MID CAP FUND - GROWTH - DIRECT PLAN",2026-05-04,18.652
150584,"WhiteOak Capital Mid Cap Fund Direct Plan Growth",2026-05-04,21.312
150815,"JM Mid Cap Fund (Direct) - Growth",2026-05-04,20.3331
150817,"Canara Robeco Mid Cap Fund- Direct Plan- Growth Option",2026-05-04,18.17
153326,"Helios Mid Cap Fund - Direct Plan - Growth Option",2026-05-04,12.76
153728,"Bank of India Mid Cap Fund - Direct Plan Growth",2026-05-04,10.09
154114,"Samco Mid Cap Fund - Direct Plan",2026-05-04,9.74
154210,"TRUSTMF MID CAP FUND -DIRECT -GROWTH",2026-05-04,10.82
150404,"BANDHAN MID CAP FUND - GROWTH - DIRECT PLAN",2026-05-05,18.717
150584,"WhiteOak Capital Mid Cap Fund Direct Plan Growth",2026-05-05,21.387
150815,"JM Mid Cap Fund (Direct) - Growth",2026-05-05,20.4706
150817,"Canara Robeco Mid Cap Fund- Direct Plan- Growth Option",2026-05-05,18.18
153326,"Helios Mid Cap Fund - Direct Plan - Growth Option",2026-05-05,12.79
153728,"Bank of India Mid Cap Fund - Direct Plan Growth",2026-05-05,10.12
154114,"Samco Mid Cap Fund - Direct Plan",2026-05-05,9.82
154210,"TRUSTMF MID CAP FUND -DIRECT -GROWTH",2026-05-05,10.84
150404,"BANDHAN MID CAP FUND - GROWTH - DIRECT PLAN",2026-05-06,18.979
150584,"WhiteOak Capital Mid Cap Fund Direct Plan Growth",2026-05-06,21.709
150815,"JM Mid Cap Fund (Direct) - Growth",2026-05-06,20.8691
150817,"Canara Robeco Mid Cap Fund- Direct Plan- Growth Option",2026-05-06,18.54
153326,"Helios Mid Cap Fund - Direct Plan - Growth Option",2026-05-06,12.97
153728,"Bank of India Mid Cap Fund - Direct Plan Growth",2026-05-06,10.22
154114,"Samco Mid Cap Fund - Direct Plan",2026-05-06,9.96
154210,"TRUSTMF MID CAP FUND -DIRECT -GROWTH",2026-05-06,11
150404,"BANDHAN MID CAP FUND - GROWTH - DIRECT PLAN",2026-05-07,19.148
150584,"WhiteOak Capital Mid Cap Fund Direct Plan Growth",2026-05-07,21.924
150815,"JM Mid Cap Fund (Direct) - Growth",2026-05-07,21.3063
150817,"Canara Robeco Mid Cap Fund- Direct Plan- Growth Option",2026-05-07,18.73
153326,"Helios Mid Cap Fund - Direct Plan - Growth Option",2026-05-07,13.23
153728,"Bank of India Mid Cap Fund - Direct Plan Growth",2026-05-07,10.35
154114,"Samco Mid Cap Fund - Direct Plan",2026-05-07,10.09
154210,"TRUSTMF MID CAP FUND -DIRECT -GROWTH",2026-05-07,11.13
150404,"BANDHAN MID CAP FUND - GROWTH - DIRECT PLAN",2026-05-08,19.15
150584,"WhiteOak Capital Mid Cap Fund Direct Plan Growth",2026-05-08,21.916
150815,"JM Mid Cap Fund (Direct) - Growth",2026-05-08,21.3703
150817,"Canara Robeco Mid Cap Fund- Direct Plan- Growth Option",2026-05-08,18.72
153326,"Helios Mid Cap Fund - Direct Plan - Growth Option",2026-05-08,13.23
153728,"Bank of India Mid Cap Fund - Direct Plan Growth",2026-05-08,10.35
154114,"Samco Mid Cap Fund - Direct Plan",2026-05-08,10.03
154210,"TRUSTMF MID CAP FUND -DIRECT -GROWTH",2026-05-08,11.15
150404,"BANDHAN MID CAP FUND - GROWTH - DIRECT PLAN",2026-05-11,18.98
150584,"WhiteOak Capital Mid Cap Fund Direct Plan Growth",2026-05-11,21.687
150815,"JM Mid Cap Fund (Direct) - Growth",2026-05-11,21.1005
150817,"Canara Robeco Mid Cap Fund- Direct Plan- Growth Option",2026-05-11,18.5
153326,"Helios Mid Cap Fund - Direct Plan - Growth Option",2026-05-11,13.13
153728,"Bank of India Mid Cap Fund - Direct Plan Growth",2026-05-11,10.27
154114,"Samco Mid Cap Fund - Direct Plan",2026-05-11,9.9
154210,"TRUSTMF MID CAP FUND -DIRECT -GROWTH",2026-05-11,11.07
150404,"BANDHAN MID CAP FUND - GROWTH - DIRECT PLAN",2026-05-12,18.461
150584,"WhiteOak Capital Mid Cap Fund Direct Plan Growth",2026-05-12,21.234
150815,"JM Mid Cap Fund (Direct) - Growth",2026-05-12,20.5743
150817,"Canara Robeco Mid Cap Fund- Direct Plan- Growth Option",2026-05-12,18.02
153326,"Helios Mid Cap Fund - Direct Plan - Growth Option",2026-05-12,12.81
153728,"Bank of India Mid Cap Fund - Direct Plan Growth",2026-05-12,10.09
154114,"Samco Mid Cap Fund - Direct Plan",2026-05-12,9.68
154210,"TRUSTMF MID CAP FUND -DIRECT -GROWTH",2026-05-12,10.81
150404,"BANDHAN MID CAP FUND - GROWTH - DIRECT PLAN",2026-05-13,18.513
150584,"WhiteOak Capital Mid Cap Fund Direct Plan Growth",2026-05-13,21.314
150815,"JM Mid Cap Fund (Direct) - Growth",2026-05-13,20.6952
150817,"Canara Robeco Mid Cap Fund- Direct Plan- Growth Option",2026-05-13,18.03
153326,"Helios Mid Cap Fund - Direct Plan - Growth Option",2026-05-13,12.86
153728,"Bank of India Mid Cap Fund - Direct Plan Growth",2026-05-13,10.19
154114,"Samco Mid Cap Fund - Direct Plan",2026-05-13,9.75
154210,"TRUSTMF MID CAP FUND -DIRECT -GROWTH",2026-05-13,10.87
150404,"BANDHAN MID CAP FUND - GROWTH - DIRECT PLAN",2026-05-14,18.665
150584,"WhiteOak Capital Mid Cap Fund Direct Plan Growth",2026-05-14,21.532
150815,"JM Mid Cap Fund (Direct) - Growth",2026-05-14,20.7968
150817,"Canara Robeco Mid Cap Fund- Direct Plan- Growth Option",2026-05-14,18.19
153326,"Helios Mid Cap Fund - Direct Plan - Growth Option",2026-05-14,12.96
153728,"Bank of India Mid Cap Fund - Direct Plan Growth",2026-05-14,10.28
154114,"Samco Mid Cap Fund - Direct Plan",2026-05-14,9.87
154210,"TRUSTMF MID CAP FUND -DIRECT -GROWTH",2026-05-14,11
150404,"BANDHAN MID CAP FUND - GROWTH - DIRECT PLAN",2026-05-15,18.646
150584,"WhiteOak Capital Mid Cap Fund Direct Plan Growth",2026-05-15,21.465
150815,"JM Mid Cap Fund (Direct) - Growth",2026-05-15,20.6997
150817,"Canara Robeco Mid Cap Fund- Direct Plan- Growth Option",2026-05-15,18.13
153326,"Helios Mid Cap Fund - Direct Plan - Growth Option",2026-05-15,12.95
153728,"Bank of India Mid Cap Fund - Direct Plan Growth",2026-05-15,10.24
154114,"Samco Mid Cap Fund - Direct Plan",2026-05-15,9.82
154210,"TRUSTMF MID CAP FUND -DIRECT -GROWTH",2026-05-15,11
150404,"BANDHAN MID CAP FUND - GROWTH - DIRECT PLAN",2026-05-18,18.596
150584,"WhiteOak Capital Mid Cap Fund Direct Plan Growth",2026-05-18,21.447
150815,"JM Mid Cap Fund (Direct) - Growth",2026-05-18,20.568
150817,"Canara Robeco Mid Cap Fund- Direct Plan- Growth Option",2026-05-18,18.1
153326,"Helios Mid Cap Fund - Direct Plan - Growth Option",2026-05-18,12.83
153728,"Bank of India Mid Cap Fund - Direct Plan Growth",2026-05-18,10.16
154114,"Samco Mid Cap Fund - Direct Plan",2026-05-18,9.76
154210,"TRUSTMF MID CAP FUND -DIRECT -GROWTH",2026-05-18,10.98
150404,"BANDHAN MID CAP FUND - GROWTH - DIRECT PLAN",2026-05-19,18.714
150584,"WhiteOak Capital Mid Cap Fund Direct Plan Growth",2026-05-19,21.625
150815,"JM Mid Cap Fund (Direct) - Growth",2026-05-19,20.8242
150817,"Canara Robeco Mid Cap Fund- Direct Plan- Growth Option",2026-05-19,18.25
153326,"Helios Mid Cap Fund - Direct Plan - Growth Option",2026-05-19,12.9
153728,"Bank of India Mid Cap Fund - Direct Plan Growth",2026-05-19,10.21
154114,"Samco Mid Cap Fund - Direct Plan",2026-05-19,9.81
154210,"TRUSTMF MID CAP FUND -DIRECT -GROWTH",2026-05-19,11.09
150404,"BANDHAN MID CAP FUND - GROWTH - DIRECT PLAN",2026-05-20,18.861
150584,"WhiteOak Capital Mid Cap Fund Direct Plan Growth",2026-05-20,21.776
150815,"JM Mid Cap Fund (Direct) - Growth",2026-05-20,20.9458
150817,"Canara Robeco Mid Cap Fund- Direct Plan- Growth Option",2026-05-20,18.33
153326,"Helios Mid Cap Fund - Direct Plan - Growth Option",2026-05-20,13.01
153728,"Bank of India Mid Cap Fund - Direct Plan Growth",2026-05-20,10.26
154114,"Samco Mid Cap Fund - Direct Plan",2026-05-20,9.9
154210,"TRUSTMF MID CAP FUND -DIRECT -GROWTH",2026-05-20,11.14
150404,"BANDHAN MID CAP FUND - GROWTH - DIRECT PLAN",2026-05-21,18.914
150584,"WhiteOak Capital Mid Cap Fund Direct Plan Growth",2026-05-21,21.815
150815,"JM Mid Cap Fund (Direct) - Growth",2026-05-21,21.0254
150817,"Canara Robeco Mid Cap Fund- Direct Plan- Growth Option",2026-05-21,18.39
153326,"Helios Mid Cap Fund - Direct Plan - Growth Option",2026-05-21,13.03
153728,"Bank of India Mid Cap Fund - Direct Plan Growth",2026-05-21,10.32
154114,"Samco Mid Cap Fund - Direct Plan",2026-05-21,9.9
154210,"TRUSTMF MID CAP FUND -DIRECT -GROWTH",2026-05-21,11.13
150404,"BANDHAN MID CAP FUND - GROWTH - DIRECT PLAN",2026-05-22,18.906
150584,"WhiteOak Capital Mid Cap Fund Direct Plan Growth",2026-05-22,21.832
150815,"JM Mid Cap Fund (Direct) - Growth",2026-05-22,20.9547
150817,"Canara Robeco Mid Cap Fund- Direct Plan- Growth Option",2026-05-22,18.38
153326,"Helios Mid Cap Fund - Direct Plan - Growth Option",2026-05-22,13.04
153728,"Bank of India Mid Cap Fund - Direct Plan Growth",2026-05-22,10.29
154114,"Samco Mid Cap Fund - Direct Plan",2026-05-22,9.93
154210,"TRUSTMF MID CAP FUND -DIRECT -GROWTH",2026-05-22,11.11
150404,"BANDHAN MID CAP FUND - GROWTH - DIRECT PLAN",2026-05-25,19.057
150584,"WhiteOak Capital Mid Cap Fund Direct Plan Growth",2026-05-25,21.987
150815,"JM Mid Cap Fund (Direct) - Growth",2026-05-25,21.1976
150817,"Canara Robeco Mid Cap Fund- Direct Plan- Growth Option",2026-05-25,18.52
153326,"Helios Mid Cap Fund - Direct Plan - Growth Option",2026-05-25,13.16
153728,"Bank of India Mid Cap Fund - Direct Plan Growth",2026-05-25,10.33
154114,"Samco Mid Cap Fund - Direct Plan",2026-05-25,10.05
154210,"TRUSTMF MID CAP FUND -DIRECT -GROWTH",2026-05-25,11.19
150404,"BANDHAN MID CAP FUND - GROWTH - DIRECT PLAN",2026-05-26,19.096
150584,"WhiteOak Capital Mid Cap Fund Direct Plan Growth",2026-05-26,22.065
150815,"JM Mid Cap Fund (Direct) - Growth",2026-05-26,21.2666
150817,"Canara Robeco Mid Cap Fund- Direct Plan- Growth Option",2026-05-26,18.54
153326,"Helios Mid Cap Fund - Direct Plan - Growth Option",2026-05-26,13.19
153728,"Bank of India Mid Cap Fund - Direct Plan Growth",2026-05-26,10.37
154114,"Samco Mid Cap Fund - Direct Plan",2026-05-26,10.1
154210,"TRUSTMF MID CAP FUND -DIRECT -GROWTH",2026-05-26,11.27
150404,"BANDHAN MID CAP FUND - GROWTH - DIRECT PLAN",2026-05-27,19.226
150584,"WhiteOak Capital Mid Cap Fund Direct Plan Growth",2026-05-27,22.164
150815,"JM Mid Cap Fund (Direct) - Growth",2026-05-27,21.4048
150817,"Canara Robeco Mid Cap Fund- Direct Plan- Growth Option",2026-05-27,18.61
153326,"Helios Mid Cap Fund - Direct Plan - Growth Option",2026-05-27,13.25
153728,"Bank of India Mid Cap Fund - Direct Plan Growth",2026-05-27,10.34
154114,"Samco Mid Cap Fund - Direct Plan",2026-05-27,10.17
154210,"TRUSTMF MID CAP FUND -DIRECT -GROWTH",2026-05-27,11.26
150404,"BANDHAN MID CAP FUND - GROWTH - DIRECT PLAN",2026-05-29,19.01
150584,"WhiteOak Capital Mid Cap Fund Direct Plan Growth",2026-05-29,21.937
150815,"JM Mid Cap Fund (Direct) - Growth",2026-05-29,21.2297
150817,"Canara Robeco Mid Cap Fund- Direct Plan- Growth Option",2026-05-29,18.41
153326,"Helios Mid Cap Fund - Direct Plan - Growth Option",2026-05-29,13.13
153728,"Bank of India Mid Cap Fund - Direct Plan Growth",2026-05-29,10.18
154114,"Samco Mid Cap Fund - Direct Plan",2026-05-29,10.02
154210,"TRUSTMF MID CAP FUND -DIRECT -GROWTH",2026-05-29,11.2
150404,"BANDHAN MID CAP FUND - GROWTH - DIRECT PLAN",2026-05-31,19.01
150404,"BANDHAN MID CAP FUND - GROWTH - DIRECT PLAN",2026-06-01,18.746
150584,"WhiteOak Capital Mid Cap Fund Direct Plan Growth",2026-06-01,21.735
150815,"JM Mid Cap Fund (Direct) - Growth",2026-06-01,20.9502
150817,"Canara Robeco Mid Cap Fund- Direct Plan- Growth Option",2026-06-01,18.14
153326,"Helios Mid Cap Fund - Direct Plan - Growth Option",2026-06-01,12.9
153728,"Bank of India Mid Cap Fund - Direct Plan Growth",2026-06-01,10.1
154114,"Samco Mid Cap Fund - Direct Plan",2026-06-01,9.84
154210,"TRUSTMF MID CAP FUND -DIRECT -GROWTH",2026-06-01,11.12
150404,"BANDHAN MID CAP FUND - GROWTH - DIRECT PLAN",2026-06-02,18.837
150584,"WhiteOak Capital Mid Cap Fund Direct Plan Growth",2026-06-02,21.797
150815,"JM Mid Cap Fund (Direct) - Growth",2026-06-02,21.1299
150817,"Canara Robeco Mid Cap Fund- Direct Plan- Growth Option",2026-06-02,18.22
153326,"Helios Mid Cap Fund - Direct Plan - Growth Option",2026-06-02,12.9
153728,"Bank of India Mid Cap Fund - Direct Plan Growth",2026-06-02,10.07
154114,"Samco Mid Cap Fund - Direct Plan",2026-06-02,9.85
154210,"TRUSTMF MID CAP FUND -DIRECT -GROWTH",2026-06-02,11.18
150404,"BANDHAN MID CAP FUND - GROWTH - DIRECT PLAN",2026-06-03,18.85
150584,"WhiteOak Capital Mid Cap Fund Direct Plan Growth",2026-06-03,21.748
150815,"JM Mid Cap Fund (Direct) - Growth",2026-06-03,21.0184
150817,"Canara Robeco Mid Cap Fund- Direct Plan- Growth Option",2026-06-03,18.11
153326,"Helios Mid Cap Fund - Direct Plan - Growth Option",2026-06-03,12.93
153728,"Bank of India Mid Cap Fund - Direct Plan Growth",2026-06-03,10.09
154114,"Samco Mid Cap Fund - Direct Plan",2026-06-03,9.91
154210,"TRUSTMF MID CAP FUND -DIRECT -GROWTH",2026-06-03,11.12
150404,"BANDHAN MID CAP FUND - GROWTH - DIRECT PLAN",2026-06-04,18.996
150584,"WhiteOak Capital Mid Cap Fund Direct Plan Growth",2026-06-04,21.843
150815,"JM Mid Cap Fund (Direct) - Growth",2026-06-04,21.1721
150817,"Canara Robeco Mid Cap Fund- Direct Plan- Growth Option",2026-06-04,18.18
153326,"Helios Mid Cap Fund - Direct Plan - Growth Option",2026-06-04,13.05
153728,"Bank of India Mid Cap Fund - Direct Plan Growth",2026-06-04,10.08
154114,"Samco Mid Cap Fund - Direct Plan",2026-06-04,9.92
154210,"TRUSTMF MID CAP FUND -DIRECT -GROWTH",2026-06-04,11.21
150404,"BANDHAN MID CAP FUND - GROWTH - DIRECT PLAN",2026-06-05,19.031
150584,"WhiteOak Capital Mid Cap Fund Direct Plan Growth",2026-06-05,21.867
150815,"JM Mid Cap Fund (Direct) - Growth",2026-06-05,21.1864
150817,"Canara Robeco Mid Cap Fund- Direct Plan- Growth Option",2026-06-05,18.17
153326,"Helios Mid Cap Fund - Direct Plan - Growth Option",2026-06-05,13.06
153728,"Bank of India Mid Cap Fund - Direct Plan Growth",2026-06-05,10.05
154114,"Samco Mid Cap Fund - Direct Plan",2026-06-05,9.89
154210,"TRUSTMF MID CAP FUND -DIRECT -GROWTH",2026-06-05,11.16
150404,"BANDHAN MID CAP FUND - GROWTH - DIRECT PLAN",2026-06-08,18.739
150584,"WhiteOak Capital Mid Cap Fund Direct Plan Growth",2026-06-08,21.512
150815,"JM Mid Cap Fund (Direct) - Growth",2026-06-08,20.8932
150817,"Canara Robeco Mid Cap Fund- Direct Plan- Growth Option",2026-06-08,17.91
153326,"Helios Mid Cap Fund - Direct Plan - Growth Option",2026-06-08,12.83
153728,"Bank of India Mid Cap Fund - Direct Plan Growth",2026-06-08,9.9
154114,"Samco Mid Cap Fund - Direct Plan",2026-06-08,9.71
154210,"TRUSTMF MID CAP FUND -DIRECT -GROWTH",2026-06-08,11.03
150404,"BANDHAN MID CAP FUND - GROWTH - DIRECT PLAN",2026-06-09,19
150584,"WhiteOak Capital Mid Cap Fund Direct Plan Growth",2026-06-09,21.758
150815,"JM Mid Cap Fund (Direct) - Growth",2026-06-09,21.2036
150817,"Canara Robeco Mid Cap Fund- Direct Plan- Growth Option",2026-06-09,18.18
153326,"Helios Mid Cap Fund - Direct Plan - Growth Option",2026-06-09,13.04
153728,"Bank of India Mid Cap Fund - Direct Plan Growth",2026-06-09,10.02
154114,"Samco Mid Cap Fund - Direct Plan",2026-06-09,9.86
154210,"TRUSTMF MID CAP FUND -DIRECT -GROWTH",2026-06-09,11.16
150404,"BANDHAN MID CAP FUND - GROWTH - DIRECT PLAN",2026-06-10,18.823
150584,"WhiteOak Capital Mid Cap Fund Direct Plan Growth",2026-06-10,21.504
150815,"JM Mid Cap Fund (Direct) - Growth",2026-06-10,20.9786
150817,"Canara Robeco Mid Cap Fund- Direct Plan- Growth Option",2026-06-10,17.98
153326,"Helios Mid Cap Fund - Direct Plan - Growth Option",2026-06-10,12.93
153728,"Bank of India Mid Cap Fund - Direct Plan Growth",2026-06-10,9.93
154114,"Samco Mid Cap Fund - Direct Plan",2026-06-10,9.73
154210,"TRUSTMF MID CAP FUND -DIRECT -GROWTH",2026-06-10,11.05
150404,"BANDHAN MID CAP FUND - GROWTH - DIRECT PLAN",2026-06-11,18.682
150584,"WhiteOak Capital Mid Cap Fund Direct Plan Growth",2026-06-11,21.325
150815,"JM Mid Cap Fund (Direct) - Growth",2026-06-11,20.8048
150817,"Canara Robeco Mid Cap Fund- Direct Plan- Growth Option",2026-06-11,17.82
153326,"Helios Mid Cap Fund - Direct Plan - Growth Option",2026-06-11,12.8
153728,"Bank of India Mid Cap Fund - Direct Plan Growth",2026-06-11,9.85
154114,"Samco Mid Cap Fund - Direct Plan",2026-06-11,9.65
154210,"TRUSTMF MID CAP FUND -DIRECT -GROWTH",2026-06-11,11.01
150404,"BANDHAN MID CAP FUND - GROWTH - DIRECT PLAN",2026-06-12,19.082
150584,"WhiteOak Capital Mid Cap Fund Direct Plan Growth",2026-06-12,21.721
150815,"JM Mid Cap Fund (Direct) - Growth",2026-06-12,21.3537
150817,"Canara Robeco Mid Cap Fund- Direct Plan- Growth Option",2026-06-12,18.2
153326,"Helios Mid Cap Fund - Direct Plan - Growth Option",2026-06-12,13.14
153728,"Bank of India Mid Cap Fund - Direct Plan Growth",2026-06-12,10.06
154114,"Samco Mid Cap Fund - Direct Plan",2026-06-12,9.94
154210,"TRUSTMF MID CAP FUND -DIRECT -GROWTH",2026-06-12,11.2
150404,"BANDHAN MID CAP FUND - GROWTH - DIRECT PLAN",2026-06-15,19.37
150584,"WhiteOak Capital Mid Cap Fund Direct Plan Growth",2026-06-15,22.014
150815,"JM Mid Cap Fund (Direct) - Growth",2026-06-15,21.6495
150817,"Canara Robeco Mid Cap Fund- Direct Plan- Growth Option",2026-06-15,18.57
153326,"Helios Mid Cap Fund - Direct Plan - Growth Option",2026-06-15,13.41
153728,"Bank of India Mid Cap Fund - Direct Plan Growth",2026-06-15,10.19
154114,"Samco Mid Cap Fund - Direct Plan",2026-06-15,10.03
154210,"TRUSTMF MID CAP FUND -DIRECT -GROWTH",2026-06-15,11.36
150404,"BANDHAN MID CAP FUND - GROWTH - DIRECT PLAN",2026-06-16,19.44
150584,"WhiteOak Capital Mid Cap Fund Direct Plan Growth",2026-06-16,22.043
150815,"JM Mid Cap Fund (Direct) - Growth",2026-06-16,21.6793
150817,"Canara Robeco Mid Cap Fund- Direct Plan- Growth Option",2026-06-16,18.62
153326,"Helios Mid Cap Fund - Direct Plan - Growth Option",2026-06-16,13.43
153728,"Bank of India Mid Cap Fund - Direct Plan Growth",2026-06-16,10.16
154114,"Samco Mid Cap Fund - Direct Plan",2026-06-16,10
154210,"TRUSTMF MID CAP FUND -DIRECT -GROWTH",2026-06-16,11.37
150404,"BANDHAN MID CAP FUND - GROWTH - DIRECT PLAN",2026-06-17,19.592
150584,"WhiteOak Capital Mid Cap Fund Direct Plan Growth",2026-06-17,22.198
150815,"JM Mid Cap Fund (Direct) - Growth",2026-06-17,21.7982
150817,"Canara Robeco Mid Cap Fund- Direct Plan- Growth Option",2026-06-17,18.8
153326,"Helios Mid Cap Fund - Direct Plan - Growth Option",2026-06-17,13.51
153728,"Bank of India Mid Cap Fund - Direct Plan Growth",2026-06-17,10.27
154114,"Samco Mid Cap Fund - Direct Plan",2026-06-17,10.05
154210,"TRUSTMF MID CAP FUND -DIRECT -GROWTH",2026-06-17,11.42
150404,"BANDHAN MID CAP FUND - GROWTH - DIRECT PLAN",2026-06-18,19.692
150584,"WhiteOak Capital Mid Cap Fund Direct Plan Growth",2026-06-18,22.31
150815,"JM Mid Cap Fund (Direct) - Growth",2026-06-18,21.9165
150817,"Canara Robeco Mid Cap Fund- Direct Plan- Growth Option",2026-06-18,18.88
153326,"Helios Mid Cap Fund - Direct Plan - Growth Option",2026-06-18,13.61
153728,"Bank of India Mid Cap Fund - Direct Plan Growth",2026-06-18,10.37
154114,"Samco Mid Cap Fund - Direct Plan",2026-06-18,10.08
154210,"TRUSTMF MID CAP FUND -DIRECT -GROWTH",2026-06-18,11.47
150404,"BANDHAN MID CAP FUND - GROWTH - DIRECT PLAN",2026-06-19,19.848
150584,"WhiteOak Capital Mid Cap Fund Direct Plan Growth",2026-06-19,22.485
150815,"JM Mid Cap Fund (Direct) - Growth",2026-06-19,22.0182
150817,"Canara Robeco Mid Cap Fund- Direct Plan- Growth Option",2026-06-19,18.96
153326,"Helios Mid Cap Fund - Direct Plan - Growth Option",2026-06-19,13.75
153728,"Bank of India Mid Cap Fund - Direct Plan Growth",2026-06-19,10.48
154114,"Samco Mid Cap Fund - Direct Plan",2026-06-19,10.17
154210,"TRUSTMF MID CAP FUND -DIRECT -GROWTH",2026-06-19,11.56
150404,"BANDHAN MID CAP FUND - GROWTH - DIRECT PLAN",2026-06-22,19.887
150584,"WhiteOak Capital Mid Cap Fund Direct Plan Growth",2026-06-22,22.619
150815,"JM Mid Cap Fund (Direct) - Growth",2026-06-22,22.0501
150817,"Canara Robeco Mid Cap Fund- Direct Plan- Growth Option",2026-06-22,19.05
153326,"Helios Mid Cap Fund - Direct Plan - Growth Option",2026-06-22,13.79
153728,"Bank of India Mid Cap Fund - Direct Plan Growth",2026-06-22,10.51
154114,"Samco Mid Cap Fund - Direct Plan",2026-06-22,10.22
154210,"TRUSTMF MID CAP FUND -DIRECT -GROWTH",2026-06-22,11.68
150404,"BANDHAN MID CAP FUND - GROWTH - DIRECT PLAN",2026-06-23,19.77
150584,"WhiteOak Capital Mid Cap Fund Direct Plan Growth",2026-06-23,22.481
150815,"JM Mid Cap Fund (Direct) - Growth",2026-06-23,21.9431
150817,"Canara Robeco Mid Cap Fund- Direct Plan- Growth Option",2026-06-23,18.91
153326,"Helios Mid Cap Fund - Direct Plan - Growth Option",2026-06-23,13.75
153728,"Bank of India Mid Cap Fund - Direct Plan Growth",2026-06-23,10.42
154114,"Samco Mid Cap Fund - Direct Plan",2026-06-23,10.1
154210,"TRUSTMF MID CAP FUND -DIRECT -GROWTH",2026-06-23,11.61
150404,"BANDHAN MID CAP FUND - GROWTH - DIRECT PLAN",2026-06-24,19.731
150584,"WhiteOak Capital Mid Cap Fund Direct Plan Growth",2026-06-24,22.464
150815,"JM Mid Cap Fund (Direct) - Growth",2026-06-24,22.001
150817,"Canara Robeco Mid Cap Fund- Direct Plan- Growth Option",2026-06-24,18.98
153326,"Helios Mid Cap Fund - Direct Plan - Growth Option",2026-06-24,13.75
153728,"Bank of India Mid Cap Fund - Direct Plan Growth",2026-06-24,10.38
154114,"Samco Mid Cap Fund - Direct Plan",2026-06-24,10.09
154210,"TRUSTMF MID CAP FUND -DIRECT -GROWTH",2026-06-24,11.65
150404,"BANDHAN MID CAP FUND - GROWTH - DIRECT PLAN",2026-06-25,19.649
150584,"WhiteOak Capital Mid Cap Fund Direct Plan Growth",2026-06-25,22.322
150815,"JM Mid Cap Fund (Direct) - Growth",2026-06-25,21.9379
150817,"Canara Robeco Mid Cap Fund- Direct Plan- Growth Option",2026-06-25,18.91
153326,"Helios Mid Cap Fund - Direct Plan - Growth Option",2026-06-25,13.69
153728,"Bank of India Mid Cap Fund - Direct Plan Growth",2026-06-25,10.33
154114,"Samco Mid Cap Fund - Direct Plan",2026-06-25,10.02
154210,"TRUSTMF MID CAP FUND -DIRECT -GROWTH",2026-06-25,11.57
150404,"BANDHAN MID CAP FUND - GROWTH - DIRECT PLAN",2026-06-29,19.537
150584,"WhiteOak Capital Mid Cap Fund Direct Plan Growth",2026-06-29,22.332
150815,"JM Mid Cap Fund (Direct) - Growth",2026-06-29,21.9492
150817,"Canara Robeco Mid Cap Fund- Direct Plan- Growth Option",2026-06-29,18.85
153326,"Helios Mid Cap Fund - Direct Plan - Growth Option",2026-06-29,13.67
153728,"Bank of India Mid Cap Fund - Direct Plan Growth",2026-06-29,10.31
154114,"Samco Mid Cap Fund - Direct Plan",2026-06-29,10.1
154210,"TRUSTMF MID CAP FUND -DIRECT -GROWTH",2026-06-29,11.56
150404,"BANDHAN MID CAP FUND - GROWTH - DIRECT PLAN",2026-06-30,19.678
150584,"WhiteOak Capital Mid Cap Fund Direct Plan Growth",2026-06-30,22.494
150815,"JM Mid Cap Fund (Direct) - Growth",2026-06-30,22.0785
150817,"Canara Robeco Mid Cap Fund- Direct Plan- Growth Option",2026-06-30,18.95
153326,"Helios Mid Cap Fund - Direct Plan - Growth Option",2026-06-30,13.78
153728,"Bank of India Mid Cap Fund - Direct Plan Growth",2026-06-30,10.35
154114,"Samco Mid Cap Fund - Direct Plan",2026-06-30,10.1
154210,"TRUSTMF MID CAP FUND -DIRECT -GROWTH",2026-06-30,11.69
150404,"BANDHAN MID CAP FUND - GROWTH - DIRECT PLAN",2026-07-01,19.704
150584,"WhiteOak Capital Mid Cap Fund Direct Plan Growth",2026-07-01,22.548
150815,"JM Mid Cap Fund (Direct) - Growth",2026-07-01,22.0835
150817,"Canara Robeco Mid Cap Fund- Direct Plan- Growth Option",2026-07-01,19.05
153326,"Helios Mid Cap Fund - Direct Plan - Growth Option",2026-07-01,13.89
153728,"Bank of India Mid Cap Fund - Direct Plan Growth",2026-07-01,10.36
154114,"Samco Mid Cap Fund - Direct Plan",2026-07-01,10.07
154210,"TRUSTMF MID CAP FUND -DIRECT -GROWTH",2026-07-01,11.75
150404,"BANDHAN MID CAP FUND - GROWTH - DIRECT PLAN",2026-07-02,19.836
150584,"WhiteOak Capital Mid Cap Fund Direct Plan Growth",2026-07-02,22.714
150815,"JM Mid Cap Fund (Direct) - Growth",2026-07-02,22.2577
150817,"Canara Robeco Mid Cap Fund- Direct Plan- Growth Option",2026-07-02,19.18
153326,"Helios Mid Cap Fund - Direct Plan - Growth Option",2026-07-02,13.93
153728,"Bank of India Mid Cap Fund - Direct Plan Growth",2026-07-02,10.38
154114,"Samco Mid Cap Fund - Direct Plan",2026-07-02,10.09
154210,"TRUSTMF MID CAP FUND -DIRECT -GROWTH",2026-07-02,11.84
150404,"BANDHAN MID CAP FUND - GROWTH - DIRECT PLAN",2026-07-03,19.705
150584,"WhiteOak Capital Mid Cap Fund Direct Plan Growth",2026-07-03,22.687
150815,"JM Mid Cap Fund (Direct) - Growth",2026-07-03,22.1598
150817,"Canara Robeco Mid Cap Fund- Direct Plan- Growth Option",2026-07-03,19.08
153326,"Helios Mid Cap Fund - Direct Plan - Growth Option",2026-07-03,13.86
153728,"Bank of India Mid Cap Fund - Direct Plan Growth",2026-07-03,10.33
154114,"Samco Mid Cap Fund - Direct Plan",2026-07-03,9.99
154210,"TRUSTMF MID CAP FUND -DIRECT -GROWTH",2026-07-03,11.76
150404,"BANDHAN MID CAP FUND - GROWTH - DIRECT PLAN",2026-07-06,19.84
150584,"WhiteOak Capital Mid Cap Fund Direct Plan Growth",2026-07-06,22.802
150815,"JM Mid Cap Fund (Direct) - Growth",2026-07-06,22.1615
150817,"Canara Robeco Mid Cap Fund- Direct Plan- Growth Option",2026-07-06,19.12
153326,"Helios Mid Cap Fund - Direct Plan - Growth Option",2026-07-06,13.95
153728,"Bank of India Mid Cap Fund - Direct Plan Growth",2026-07-06,10.34
154114,"Samco Mid Cap Fund - Direct Plan",2026-07-06,10.01
154210,"TRUSTMF MID CAP FUND -DIRECT -GROWTH",2026-07-06,11.86
150404,"BANDHAN MID CAP FUND - GROWTH - DIRECT PLAN",2026-07-07,19.695
150584,"WhiteOak Capital Mid Cap Fund Direct Plan Growth",2026-07-07,22.779
150815,"JM Mid Cap Fund (Direct) - Growth",2026-07-07,21.9343
150817,"Canara Robeco Mid Cap Fund- Direct Plan- Growth Option",2026-07-07,19.12
153326,"Helios Mid Cap Fund - Direct Plan - Growth Option",2026-07-07,13.9
153728,"Bank of India Mid Cap Fund - Direct Plan Growth",2026-07-07,10.27
154114,"Samco Mid Cap Fund - Direct Plan",2026-07-07,9.91
154210,"TRUSTMF MID CAP FUND -DIRECT -GROWTH",2026-07-07,11.81
150404,"BANDHAN MID CAP FUND - GROWTH - DIRECT PLAN",2026-07-08,19.397
150584,"WhiteOak Capital Mid Cap Fund Direct Plan Growth",2026-07-08,22.408
150815,"JM Mid Cap Fund (Direct) - Growth",2026-07-08,21.529
150817,"Canara Robeco Mid Cap Fund- Direct Plan- Growth Option",2026-07-08,18.75
153326,"Helios Mid Cap Fund - Direct Plan - Growth Option",2026-07-08,13.68
153728,"Bank of India Mid Cap Fund - Direct Plan Growth",2026-07-08,10.15
154114,"Samco Mid Cap Fund - Direct Plan",2026-07-08,9.76
154210,"TRUSTMF MID CAP FUND -DIRECT -GROWTH",2026-07-08,11.6
150404,"BANDHAN MID CAP FUND - GROWTH - DIRECT PLAN",2026-07-09,19.685
150584,"WhiteOak Capital Mid Cap Fund Direct Plan Growth",2026-07-09,22.76
150815,"JM Mid Cap Fund (Direct) - Growth",2026-07-09,21.9225
150817,"Canara Robeco Mid Cap Fund- Direct Plan- Growth Option",2026-07-09,19.08
153326,"Helios Mid Cap Fund - Direct Plan - Growth Option",2026-07-09,13.92
153728,"Bank of India Mid Cap Fund - Direct Plan Growth",2026-07-09,10.31
154114,"Samco Mid Cap Fund - Direct Plan",2026-07-09,9.94
154210,"TRUSTMF MID CAP FUND -DIRECT -GROWTH",2026-07-09,11.8
150404,"BANDHAN MID CAP FUND - GROWTH - DIRECT PLAN",2026-07-10,19.945
150584,"WhiteOak Capital Mid Cap Fund Direct Plan Growth",2026-07-10,23.113
150815,"JM Mid Cap Fund (Direct) - Growth",2026-07-10,22.1845
150817,"Canara Robeco Mid Cap Fund- Direct Plan- Growth Option",2026-07-10,19.35
153326,"Helios Mid Cap Fund - Direct Plan - Growth Option",2026-07-10,14.04
153728,"Bank of India Mid Cap Fund - Direct Plan Growth",2026-07-10,10.44
154114,"Samco Mid Cap Fund - Direct Plan",2026-07-10,10.08
154210,"TRUSTMF MID CAP FUND -DIRECT -GROWTH",2026-07-10,11.95
150404,"BANDHAN MID CAP FUND - GROWTH - DIRECT PLAN",2026-07-13,19.886
150584,"WhiteOak Capital Mid Cap Fund Direct Plan Growth",2026-07-13,23.163
150815,"JM Mid Cap Fund (Direct) - Growth",2026-07-13,22.2263
150817,"Canara Robeco Mid Cap Fund- Direct Plan- Growth Option",2026-07-13,19.32
153326,"Helios Mid Cap Fund - Direct Plan - Growth Option",2026-07-13,14.03
153728,"Bank of India Mid Cap Fund - Direct Plan Growth",2026-07-13,10.41
154114,"Samco Mid Cap Fund - Direct Plan",2026-07-13,10.03
154210,"TRUSTMF MID CAP FUND -DIRECT -GROWTH",2026-07-13,11.97
150404,"BANDHAN MID CAP FUND - GROWTH - DIRECT PLAN",2026-07-14,19.779
150584,"WhiteOak Capital Mid Cap Fund Direct Plan Growth",2026-07-14,23.051
150815,"JM Mid Cap Fund (Direct) - Growth",2026-07-14,22.045
150817,"Canara Robeco Mid Cap Fund- Direct Plan- Growth Option",2026-07-14,19.17
153326,"Helios Mid Cap Fund - Direct Plan - Growth Option",2026-07-14,13.94
153728,"Bank of India Mid Cap Fund - Direct Plan Growth",2026-07-14,10.39
154114,"Samco Mid Cap Fund - Direct Plan",2026-07-14,9.96
154210,"TRUSTMF MID CAP FUND -DIRECT -GROWTH",2026-07-14,11.86
150404,"BANDHAN MID CAP FUND - GROWTH - DIRECT PLAN",2026-07-15,19.932
150584,"WhiteOak Capital Mid Cap Fund Direct Plan Growth",2026-07-15,23.175
150815,"JM Mid Cap Fund (Direct) - Growth",2026-07-15,22.156
150817,"Canara Robeco Mid Cap Fund- Direct Plan- Growth Option",2026-07-15,19.34
153326,"Helios Mid Cap Fund - Direct Plan - Growth Option",2026-07-15,14.02
153728,"Bank of India Mid Cap Fund - Direct Plan Growth",2026-07-15,10.47
154114,"Samco Mid Cap Fund - Direct Plan",2026-07-15,10.02
154210,"TRUSTMF MID CAP FUND -DIRECT -GROWTH",2026-07-15,11.91
150404,"BANDHAN MID CAP FUND - GROWTH - DIRECT PLAN",2026-07-16,19.797
150584,"WhiteOak Capital Mid Cap Fund Direct Plan Growth",2026-07-16,23.081
150815,"JM Mid Cap Fund (Direct) - Growth",2026-07-16,22.2109
150817,"Canara Robeco Mid Cap Fund- Direct Plan- Growth Option",2026-07-16,19.27
153326,"Helios Mid Cap Fund - Direct Plan - Growth Option",2026-07-16,13.97
153728,"Bank of India Mid Cap Fund - Direct Plan Growth",2026-07-16,10.42
154114,"Samco Mid Cap Fund - Direct Plan",2026-07-16,9.97
154210,"TRUSTMF MID CAP FUND -DIRECT -GROWTH",2026-07-16,11.86
150404,"BANDHAN MID CAP FUND - GROWTH - DIRECT PLAN",2026-07-17,19.72
150584,"WhiteOak Capital Mid Cap Fund Direct Plan Growth",2026-07-17,22.974
150815,"JM Mid Cap Fund (Direct) - Growth",2026-07-17,22.1112
150817,"Canara Robeco Mid Cap Fund- Direct Plan- Growth Option",2026-07-17,19.23
153326,"Helios Mid Cap Fund - Direct Plan - Growth Option",2026-07-17,13.9
153728,"Bank of India Mid Cap Fund - Direct Plan Growth",2026-07-17,10.37
154114,"Samco Mid Cap Fund - Direct Plan",2026-07-17,9.89
154210,"TRUSTMF MID CAP FUND -DIRECT -GROWTH",2026-07-17,11.83
150404,"BANDHAN MID CAP FUND - GROWTH - DIRECT PLAN",2026-07-20,19.795
150584,"WhiteOak Capital Mid Cap Fund Direct Plan Growth",2026-07-20,23.107
150815,"JM Mid Cap Fund (Direct) - Growth",2026-07-20,22.2674
150817,"Canara Robeco Mid Cap Fund- Direct Plan- Growth Option",2026-07-20,19.27
153326,"Helios Mid Cap Fund - Direct Plan - Growth Option",2026-07-20,13.95
153728,"Bank of India Mid Cap Fund - Direct Plan Growth",2026-07-20,10.43
154114,"Samco Mid Cap Fund - Direct Plan",2026-07-20,9.95
154210,"TRUSTMF MID CAP FUND -DIRECT -GROWTH",2026-07-20,11.88
150404,"BANDHAN MID CAP FUND - GROWTH - DIRECT PLAN",2026-07-21,19.893
150584,"WhiteOak Capital Mid Cap Fund Direct Plan Growth",2026-07-21,23.218
150815,"JM Mid Cap Fund (Direct) - Growth",2026-07-21,22.3314
150817,"Canara Robeco Mid Cap Fund- Direct Plan- Growth Option",2026-07-21,19.32
153326,"Helios Mid Cap Fund - Direct Plan - Growth Option",2026-07-21,13.94
153728,"Bank of India Mid Cap Fund - Direct Plan Growth",2026-07-21,10.48
154114,"Samco Mid Cap Fund - Direct Plan",2026-07-21,9.99
154210,"TRUSTMF MID CAP FUND -DIRECT -GROWTH",2026-07-21,11.92
150404,"BANDHAN MID CAP FUND - GROWTH - DIRECT PLAN",2026-07-22,19.732
150584,"WhiteOak Capital Mid Cap Fund Direct Plan Growth",2026-07-22,22.959
150815,"JM Mid Cap Fund (Direct) - Growth",2026-07-22,22.0882
150817,"Canara Robeco Mid Cap Fund- Direct Plan- Growth Option",2026-07-22,19.1
153326,"Helios Mid Cap Fund - Direct Plan - Growth Option",2026-07-22,13.81
153728,"Bank of India Mid Cap Fund - Direct Plan Growth",2026-07-22,10.37
154114,"Samco Mid Cap Fund - Direct Plan",2026-07-22,9.88
154210,"TRUSTMF MID CAP FUND -DIRECT -GROWTH",2026-07-22,11.82
150404,"BANDHAN MID CAP FUND - GROWTH - DIRECT PLAN",2026-07-23,19.582
150584,"WhiteOak Capital Mid Cap Fund Direct Plan Growth",2026-07-23,22.714
150815,"JM Mid Cap Fund (Direct) - Growth",2026-07-23,21.8319
150817,"Canara Robeco Mid Cap Fund- Direct Plan- Growth Option",2026-07-23,18.9
153326,"Helios Mid Cap Fund - Direct Plan - Growth Option",2026-07-23,13.67
153728,"Bank of India Mid Cap Fund - Direct Plan Growth",2026-07-23,10.26
154114,"Samco Mid Cap Fund - Direct Plan",2026-07-23,9.79
154210,"TRUSTMF MID CAP FUND -DIRECT -GROWTH",2026-07-23,11.7
150404,"BANDHAN MID CAP FUND - GROWTH - DIRECT PLAN",2026-07-24,19.522
150584,"WhiteOak Capital Mid Cap Fund Direct Plan Growth",2026-07-24,22.674
150815,"JM Mid Cap Fund (Direct) - Growth",2026-07-24,21.7943
150817,"Canara Robeco Mid Cap Fund- Direct Plan- Growth Option",2026-07-24,18.86
153326,"Helios Mid Cap Fund - Direct Plan - Growth Option",2026-07-24,13.6
153728,"Bank of India Mid Cap Fund - Direct Plan Growth",2026-07-24,10.28
154114,"Samco Mid Cap Fund - Direct Plan",2026-07-24,9.79
154210,"TRUSTMF MID CAP FUND -DIRECT -GROWTH",2026-07-24,11.71
150404,"BANDHAN MID CAP FUND - GROWTH - DIRECT PLAN",2026-07-27,19.756
150584,"WhiteOak Capital Mid Cap Fund Direct Plan Growth",2026-07-27,22.963
150815,"JM Mid Cap Fund (Direct) - Growth",2026-07-27,22.1214
150817,"Canara Robeco Mid Cap Fund- Direct Plan- Growth Option",2026-07-27,19.1
153326,"Helios Mid Cap Fund - Direct Plan - Growth Option",2026-07-27,13.77
153728,"Bank of India Mid Cap Fund - Direct Plan Growth",2026-07-27,10.36
154114,"Samco Mid Cap Fund - Direct Plan",2026-07-27,9.89
154210,"TRUSTMF MID CAP FUND -DIRECT -GROWTH",2026-07-27,11.84
150404,"BANDHAN MID CAP FUND - GROWTH - DIRECT PLAN",2026-07-28,19.696
150584,"WhiteOak Capital Mid Cap Fund Direct Plan Growth",2026-07-28,23.007
150815,"JM Mid Cap Fund (Direct) - Growth",2026-07-28,22.0039
150817,"Canara Robeco Mid Cap Fund- Direct Plan- Growth Option",2026-07-28,19.09
153326,"Helios Mid Cap Fund - Direct Plan - Growth Option",2026-07-28,13.7
153728,"Bank of India Mid Cap Fund - Direct Plan Growth",2026-07-28,10.32
154114,"Samco Mid Cap Fund - Direct Plan",2026-07-28,9.85
154210,"TRUSTMF MID CAP FUND -DIRECT -GROWTH",2026-07-28,11.84
150404,"BANDHAN MID CAP FUND - GROWTH - DIRECT PLAN",2026-07-29,19.798
150584,"WhiteOak Capital Mid Cap Fund Direct Plan Growth",2026-07-29,23.136
150815,"JM Mid Cap Fund (Direct) - Growth",2026-07-29,22.1704
150817,"Canara Robeco Mid Cap Fund- Direct Plan- Growth Option",2026-07-29,19.19
153326,"Helios Mid Cap Fund - Direct Plan - Growth Option",2026-07-29,13.77
153728,"Bank of India Mid Cap Fund - Direct Plan Growth",2026-07-29,10.4
154114,"Samco Mid Cap Fund - Direct Plan",2026-07-29,9.91
154210,"TRUSTMF MID CAP FUND -DIRECT -GROWTH",2026-07-29,11.92
150404,"BANDHAN MID CAP FUND - GROWTH - DIRECT PLAN",2026-07-30,19.746
150584,"WhiteOak Capital Mid Cap Fund Direct Plan Growth",2026-07-30,23.073
150815,"JM Mid Cap Fund (Direct) - Growth",2026-07-30,22.0836
150817,"Canara Robeco Mid Cap Fund- Direct Plan- Growth Option",2026-07-30,19.12
153326,"Helios Mid Cap Fund - Direct Plan - Growth Option",2026-07-30,13.7
153728,"Bank of India Mid Cap Fund - Direct Plan Growth",2026-07-30,10.33
154114,"Samco Mid Cap Fund - Direct Plan",2026-07-30,9.85
154210,"TRUSTMF MID CAP FUND -DIRECT -GROWTH",2026-07-30,11.88
150404,"BANDHAN MID CAP FUND - GROWTH - DIRECT PLAN",2026-07-31,19.893
150584,"WhiteOak Capital Mid Cap Fund Direct Plan Growth",2026-07-31,23.133
150815,"JM Mid Cap Fund (Direct) - Growth",2026-07-31,22.1888
150817,"Canara Robeco Mid Cap Fund- Direct Plan- Growth Option",2026-07-31,19.2
153326,"Helios Mid Cap Fund - Direct Plan - Growth Option",2026-07-31,13.78
153728,"Bank of India Mid Cap Fund - Direct Plan Growth",2026-07-31,10.37
154114,"Samco Mid Cap Fund - Direct Plan",2026-07-31,9.97
154210,"TRUSTMF MID CAP FUND -DIRECT -GROWTH",2026-07-31,11.93
150404,"BANDHAN MID CAP FUND - GROWTH - DIRECT PLAN",2026-08-03,20.176
150584,"WhiteOak Capital Mid Cap Fund Direct Plan Growth",2026-08-03,23.427
150815,"JM Mid Cap Fund (Direct) - Growth",2026-08-03,22.4583
150817,"Canara Robeco Mid Cap Fund- Direct Plan- Growth Option",2026-08-03,19.46
153326,"Helios Mid Cap Fund - Direct Plan - Growth Option",2026-08-03,13.97
153728,"Bank of India Mid Cap Fund - Direct Plan Growth",2026-08-03,10.49
154114,"Samco Mid Cap Fund - Direct Plan",2026-08-03,10.06
154210,"TRUSTMF MID CAP FUND -DIRECT -GROWTH",2026-08-03,12.11
150404,"BANDHAN MID CAP FUND - GROWTH - DIRECT PLAN",2026-08-04,20.173
150584,"WhiteOak Capital Mid Cap Fund Direct Plan Growth",2026-08-04,23.372
150815,"JM Mid Cap Fund (Direct) - Growth",2026-08-04,22.5134
150817,"Canara Robeco Mid Cap Fund- Direct Plan- Growth Option",2026-08-04,19.41
153326,"Helios Mid Cap Fund - Direct Plan - Growth Option",2026-08-04,14.03
153728,"Bank of India Mid Cap Fund - Direct Plan Growth",2026-08-04,10.47
154114,"Samco Mid Cap Fund - Direct Plan",2026-08-04,10.06
154210,"TRUSTMF MID CAP FUND -DIRECT -GROWTH",2026-08-04,12.1
150404,"BANDHAN MID CAP FUND - GROWTH - DIRECT PLAN",2026-08-05,20.275
150584,"WhiteOak Capital Mid Cap Fund Direct Plan Growth",2026-08-05,23.484
150815,"JM Mid Cap Fund (Direct) - Growth",2026-08-05,22.6938
150817,"Canara Robeco Mid Cap Fund- Direct Plan- Growth Option",2026-08-05,19.45
153326,"Helios Mid Cap Fund - Direct Plan - Growth Option",2026-08-05,14.14
153728,"Bank of India Mid Cap Fund - Direct Plan Growth",2026-08-05,10.51
154114,"Samco Mid Cap Fund - Direct Plan",2026-08-05,10.07
154210,"TRUSTMF MID CAP FUND -DIRECT -GROWTH",2026-08-05,12.15
150404,"BANDHAN MID CAP FUND - GROWTH - DIRECT PLAN",2026-08-06,20.289
150584,"WhiteOak Capital Mid Cap Fund Direct Plan Growth",2026-08-06,23.398
150815,"JM Mid Cap Fund (Direct) - Growth",2026-08-06,22.6112
150817,"Canara Robeco Mid Cap Fund- Direct Plan- Growth Option",2026-08-06,19.43
153326,"Helios Mid Cap Fund - Direct Plan - Growth Option",2026-08-06,14.11
153728,"Bank of India Mid Cap Fund - Direct Plan Growth",2026-08-06,10.46
154114,"Samco Mid Cap Fund - Direct Plan",2026-08-06,10.06
154210,"TRUSTMF MID CAP FUND -DIRECT -GROWTH",2026-08-06,12.16
154481,"The Wealth Company Mid Cap Fund- Direct-Growth",2026-08-06,9.9856
150404,"BANDHAN MID CAP FUND - GROWTH - DIRECT PLAN",2026-08-07,20.31
150584,"WhiteOak Capital Mid Cap Fund Direct Plan Growth",2026-08-07,23.426
150815,"JM Mid Cap Fund (Direct) - Growth",2026-08-07,22.7444
150817,"Canara Robeco Mid Cap Fund- Direct Plan- Growth Option",2026-08-07,19.44
153326,"Helios Mid Cap Fund - Direct Plan - Growth Option",2026-08-07,14.14
153728,"Bank of India Mid Cap Fund - Direct Plan Growth",2026-08-07,10.5
154114,"Samco Mid Cap Fund - Direct Plan",2026-08-07,10.07
154210,"TRUSTMF MID CAP FUND -DIRECT -GROWTH",2026-08-07,12.18
154481,"The Wealth Company Mid Cap Fund- Direct-Growth",2026-08-07,9.9661
150404,"BANDHAN MID CAP FUND - GROWTH - DIRECT PLAN",2026-08-10,20.423
150584,"WhiteOak Capital Mid Cap Fund Direct Plan Growth",2026-08-10,23.512
150815,"JM Mid Cap Fund (Direct) - Growth",2026-08-10,22.8352
150817,"Canara Robeco Mid Cap Fund- Direct Plan- Growth Option",2026-08-10,19.55
153326,"Helios Mid Cap Fund - Direct Plan - Growth Option",2026-08-10,14.2
153728,"Bank of India Mid Cap Fund - Direct Plan Growth",2026-08-10,10.58
154114,"Samco Mid Cap Fund - Direct Plan",2026-08-10,10.09
154210,"TRUSTMF MID CAP FUND -DIRECT -GROWTH",2026-08-10,12.3
154481,"The Wealth Company Mid Cap Fund- Direct-Growth",2026-08-10,9.9791
150404,"BANDHAN MID CAP FUND - GROWTH - DIRECT PLAN",2026-08-11,20.509
150584,"WhiteOak Capital Mid Cap Fund Direct Plan Growth",2026-08-11,23.592
150815,"JM Mid Cap Fund (Direct) - Growth",2026-08-11,22.8313
150817,"Canara Robeco Mid Cap Fund- Direct Plan- Growth Option",2026-08-11,19.53
153326,"Helios Mid Cap Fund - Direct Plan - Growth Option",2026-08-11,14.2
153728,"Bank of India Mid Cap Fund - Direct Plan Growth",2026-08-11,10.6
154114,"Samco Mid Cap Fund - Direct Plan",2026-08-11,10.11
154210,"TRUSTMF MID CAP FUND -DIRECT -GROWTH",2026-08-11,12.35
154481,"The Wealth Company Mid Cap Fund- Direct-Growth",2026-08-11,9.9762
150404,"BANDHAN MID CAP FUND - GROWTH - DIRECT PLAN",2026-08-12,20.562
150584,"WhiteOak Capital Mid Cap Fund Direct Plan Growth",2026-08-12,23.629
150815,"JM Mid Cap Fund (Direct) - Growth",2026-08-12,22.9351
150817,"Canara Robeco Mid Cap Fund- Direct Plan- Growth Option",2026-08-12,19.55
153326,"Helios Mid Cap Fund - Direct Plan - Growth Option",2026-08-12,14.19
153728,"Bank of India Mid Cap Fund - Direct Plan Growth",2026-08-12,10.64
154114,"Samco Mid Cap Fund - Direct Plan",2026-08-12,10.3
154210,"TRUSTMF MID CAP FUND -DIRECT -GROWTH",2026-08-12,12.42
154481,"The Wealth Company Mid Cap Fund- Direct-Growth",2026-08-12,9.9875
150404,"BANDHAN MID CAP FUND - GROWTH - DIRECT PLAN",2026-08-13,20.589
150584,"WhiteOak Capital Mid Cap Fund Direct Plan Growth",2026-08-13,23.658
150815,"JM Mid Cap Fund (Direct) - Growth",2026-08-13,22.9586
150817,"Canara Robeco Mid Cap Fund- Direct Plan- Growth Option",2026-08-13,19.63
153326,"Helios Mid Cap Fund - Direct Plan - Growth Option",2026-08-13,14.2
153728,"Bank of India Mid Cap Fund - Direct Plan Growth",2026-08-13,10.68
154114,"Samco Mid Cap Fund - Direct Plan",2026-08-13,10.21
154210,"TRUSTMF MID CAP FUND -DIRECT -GROWTH",2026-08-13,12.41
154481,"The Wealth Company Mid Cap Fund- Direct-Growth",2026-08-13,9.9834
150404,"BANDHAN MID CAP FUND - GROWTH - DIRECT PLAN",2026-08-14,20.501
150584,"WhiteOak Capital Mid Cap Fund Direct Plan Growth",2026-08-14,23.624
150815,"JM Mid Cap Fund (Direct) - Growth",2026-08-14,22.8196
150817,"Canara Robeco Mid Cap Fund- Direct Plan- Growth Option",2026-08-14,19.54
153326,"Helios Mid Cap Fund - Direct Plan - Growth Option",2026-08-14,14.14
153728,"Bank of India Mid Cap Fund - Direct Plan Growth",2026-08-14,10.66
154114,"Samco Mid Cap Fund - Direct Plan",2026-08-14,10.1
154210,"TRUSTMF MID CAP FUND -DIRECT -GROWTH",2026-08-14,12.35
154481,"The Wealth Company Mid Cap Fund- Direct-Growth",2026-08-14,9.9637
150404,"BANDHAN MID CAP FUND - GROWTH - DIRECT PLAN",2026-08-17,20.571
150584,"WhiteOak Capital Mid Cap Fund Direct Plan Growth",2026-08-17,23.735
150815,"JM Mid Cap Fund (Direct) - Growth",2026-08-17,22.8659
150817,"Canara Robeco Mid Cap Fund- Direct Plan- Growth Option",2026-08-17,19.61
153326,"Helios Mid Cap Fund - Direct Plan - Growth Option",2026-08-17,14.2
153728,"Bank of India Mid Cap Fund - Direct Plan Growth",2026-08-17,10.71
154114,"Samco Mid Cap Fund - Direct Plan",2026-08-17,10.13
154210,"TRUSTMF MID CAP FUND -DIRECT -GROWTH",2026-08-17,12.42
154481,"The Wealth Company Mid Cap Fund- Direct-Growth",2026-08-17,9.9681
150404,"BANDHAN MID CAP FUND - GROWTH - DIRECT PLAN",2026-08-18,20.602
150584,"WhiteOak Capital Mid Cap Fund Direct Plan Growth",2026-08-18,23.679
150815,"JM Mid Cap Fund (Direct) - Growth",2026-08-18,22.9522
150817,"Canara Robeco Mid Cap Fund- Direct Plan- Growth Option",2026-08-18,19.62
153326,"Helios Mid Cap Fund - Direct Plan - Growth Option",2026-08-18,14.23
153728,"Bank of India Mid Cap Fund - Direct Plan Growth",2026-08-18,10.71
154114,"Samco Mid Cap Fund - Direct Plan",2026-08-18,10.14
154210,"TRUSTMF MID CAP FUND -DIRECT -GROWTH",2026-08-18,12.45
154481,"The Wealth Company Mid Cap Fund- Direct-Growth",2026-08-18,9.9308
150404,"BANDHAN MID CAP FUND - GROWTH - DIRECT PLAN",2026-08-19,20.498
150584,"WhiteOak Capital Mid Cap Fund Direct Plan Growth",2026-08-19,23.632
150815,"JM Mid Cap Fund (Direct) - Growth",2026-08-19,22.8496
150817,"Canara Robeco Mid Cap Fund- Direct Plan- Growth Option",2026-08-19,19.57
153326,"Helios Mid Cap Fund - Direct Plan - Growth Option",2026-08-19,14.2
153728,"Bank of India Mid Cap Fund - Direct Plan Growth",2026-08-19,10.66
154114,"Samco Mid Cap Fund - Direct Plan",2026-08-19,10.05
154210,"TRUSTMF MID CAP FUND -DIRECT -GROWTH",2026-08-19,12.42
154481,"The Wealth Company Mid Cap Fund- Direct-Growth",2026-08-19,9.9139
150404,"BANDHAN MID CAP FUND - GROWTH - DIRECT PLAN",2026-08-20,20.616
150584,"WhiteOak Capital Mid Cap Fund Direct Plan Growth",2026-08-20,23.778
150815,"JM Mid Cap Fund (Direct) - Growth",2026-08-20,22.9962
150817,"Canara Robeco Mid Cap Fund- Direct Plan- Growth Option",2026-08-20,19.69
153326,"Helios Mid Cap Fund - Direct Plan - Growth Option",2026-08-20,14.31
153728,"Bank of India Mid Cap Fund - Direct Plan Growth",2026-08-20,10.72
154114,"Samco Mid Cap Fund - Direct Plan",2026-08-20,10.08
154210,"TRUSTMF MID CAP FUND -DIRECT -GROWTH",2026-08-20,12.5
154481,"The Wealth Company Mid Cap Fund- Direct-Growth",2026-08-20,9.9814
150404,"BANDHAN MID CAP FUND - GROWTH - DIRECT PLAN",2026-08-21,20.626
150584,"WhiteOak Capital Mid Cap Fund Direct Plan Growth",2026-08-21,23.785
150815,"JM Mid Cap Fund (Direct) - Growth",2026-08-21,23.0139
150817,"Canara Robeco Mid Cap Fund- Direct Plan- Growth Option",2026-08-21,19.71
153326,"Helios Mid Cap Fund - Direct Plan - Growth Option",2026-08-21,14.35
153728,"Bank of India Mid Cap Fund - Direct Plan Growth",2026-08-21,10.73
154114,"Samco Mid Cap Fund - Direct Plan",2026-08-21,10.12
154210,"TRUSTMF MID CAP FUND -DIRECT -GROWTH",2026-08-21,12.55
154481,"The Wealth Company Mid Cap Fund- Direct-Growth",2026-08-21,9.9995
150404,"BANDHAN MID CAP FUND - GROWTH - DIRECT PLAN",2026-08-24,20.639
150584,"WhiteOak Capital Mid Cap Fund Direct Plan Growth",2026-08-24,23.79
150815,"JM Mid Cap Fund (Direct) - Growth",2026-08-24,22.9309
150817,"Canara Robeco Mid Cap Fund- Direct Plan- Growth Option",2026-08-24,19.71
153326,"Helios Mid Cap Fund - Direct Plan - Growth Option",2026-08-24,14.32
153728,"Bank of India Mid Cap Fund - Direct Plan Growth",2026-08-24,10.72
154114,"Samco Mid Cap Fund - Direct Plan",2026-08-24,10.15
154210,"TRUSTMF MID CAP FUND -DIRECT -GROWTH",2026-08-24,12.53
154481,"The Wealth Company Mid Cap Fund- Direct-Growth",2026-08-24,10.0105
150404,"BANDHAN MID CAP FUND - GROWTH - DIRECT PLAN",2026-08-25,20.703
150584,"WhiteOak Capital Mid Cap Fund Direct Plan Growth",2026-08-25,23.825
150815,"JM Mid Cap Fund (Direct) - Growth",2026-08-25,23.0346
150817,"Canara Robeco Mid Cap Fund- Direct Plan- Growth Option",2026-08-25,19.85
153326,"Helios Mid Cap Fund - Direct Plan - Growth Option",2026-08-25,14.38
153728,"Bank of India Mid Cap Fund - Direct Plan Growth",2026-08-25,10.74
154114,"Samco Mid Cap Fund - Direct Plan",2026-08-25,10.21
154210,"TRUSTMF MID CAP FUND -DIRECT -GROWTH",2026-08-25,12.56
154481,"The Wealth Company Mid Cap Fund- Direct-Growth",2026-08-25,10.0321
150404,"BANDHAN MID CAP FUND - GROWTH - DIRECT PLAN",2026-08-26,20.763
150584,"WhiteOak Capital Mid Cap Fund Direct Plan Growth",2026-08-26,23.841
150815,"JM Mid Cap Fund (Direct) - Growth",2026-08-26,23.1037
150817,"Canara Robeco Mid Cap Fund- Direct Plan- Growth Option",2026-08-26,19.84
153326,"Helios Mid Cap Fund - Direct Plan - Growth Option",2026-08-26,14.39
153728,"Bank of India Mid Cap Fund - Direct Plan Growth",2026-08-26,10.77
154114,"Samco Mid Cap Fund - Direct Plan",2026-08-26,10.26
154210,"TRUSTMF MID CAP FUND -DIRECT -GROWTH",2026-08-26,12.57
154481,"The Wealth Company Mid Cap Fund- Direct-Growth",2026-08-26,10.042
150404,"BANDHAN MID CAP FUND - GROWTH - DIRECT PLAN",2026-08-27,20.851
150584,"WhiteOak Capital Mid Cap Fund Direct Plan Growth",2026-08-27,23.818
150815,"JM Mid Cap Fund (Direct) - Growth",2026-08-27,23.1218
150817,"Canara Robeco Mid Cap Fund- Direct Plan- Growth Option",2026-08-27,19.83
153326,"Helios Mid Cap Fund - Direct Plan - Growth Option",2026-08-27,14.4
153728,"Bank of India Mid Cap Fund - Direct Plan Growth",2026-08-27,10.75
154114,"Samco Mid Cap Fund - Direct Plan",2026-08-27,10.27
154210,"TRUSTMF MID CAP FUND -DIRECT -GROWTH",2026-08-27,12.54
154481,"The Wealth Company Mid Cap Fund- Direct-Growth",2026-08-27,10.0069
150404,"BANDHAN MID CAP FUND - GROWTH - DIRECT PLAN",2026-08-28,20.798
150584,"WhiteOak Capital Mid Cap Fund Direct Plan Growth",2026-08-28,23.899
150815,"JM Mid Cap Fund (Direct) - Growth",2026-08-28,23.0824
150817,"Canara Robeco Mid Cap Fund- Direct Plan- Growth Option",2026-08-28,19.76
153326,"Helios Mid Cap Fund - Direct Plan - Growth Option",2026-08-28,14.42
153728,"Bank of India Mid Cap Fund - Direct Plan Growth",2026-08-28,10.76
154114,"Samco Mid Cap Fund - Direct Plan",2026-08-28,10.25
154210,"TRUSTMF MID CAP FUND -DIRECT -GROWTH",2026-08-28,12.51
154481,"The Wealth Company Mid Cap Fund- Direct-Growth",2026-08-28,9.9896
150404,"BANDHAN MID CAP FUND - GROWTH - DIRECT PLAN",2026-08-31,20.925
150584,"WhiteOak Capital Mid Cap Fund Direct Plan Growth",2026-08-31,23.934
150815,"JM Mid Cap Fund (Direct) - Growth",2026-08-31,23.1303
150817,"Canara Robeco Mid Cap Fund- Direct Plan- Growth Option",2026-08-31,19.84
153326,"Helios Mid Cap Fund - Direct Plan - Growth Option",2026-08-31,14.4
153728,"Bank of India Mid Cap Fund - Direct Plan Growth",2026-08-31,10.82
154114,"Samco Mid Cap Fund - Direct Plan",2026-08-31,10.3
154210,"TRUSTMF MID CAP FUND -DIRECT -GROWTH",2026-08-31,12.56
154481,"The Wealth Company Mid Cap Fund- Direct-Growth",2026-08-31,9.9943
150404,"BANDHAN MID CAP FUND - GROWTH - DIRECT PLAN",2026-09-01,20.667
150584,"WhiteOak Capital Mid Cap Fund Direct Plan Growth",2026-09-01,23.711
150815,"JM Mid Cap Fund (Direct) - Growth",2026-09-01,22.9104
150817,"Canara Robeco Mid Cap Fund- Direct Plan- Growth Option",2026-09-01,19.57
153326,"Helios Mid Cap Fund - Direct Plan - Growth Option",2026-09-01,14.27
153728,"Bank of India Mid Cap Fund - Direct Plan Growth",2026-09-01,10.69
154114,"Samco Mid Cap Fund - Direct Plan",2026-09-01,10.11
154210,"TRUSTMF MID CAP FUND -DIRECT -GROWTH",2026-09-01,12.4
154481,"The Wealth Company Mid Cap Fund- Direct-Growth",2026-09-01,9.9102
150404,"BANDHAN MID CAP FUND - GROWTH - DIRECT PLAN",2026-09-02,20.574
150584,"WhiteOak Capital Mid Cap Fund Direct Plan Growth",2026-09-02,23.622
150815,"JM Mid Cap Fund (Direct) - Growth",2026-09-02,22.6903
150817,"Canara Robeco Mid Cap Fund- Direct Plan- Growth Option",2026-09-02,19.47
153326,"Helios Mid Cap Fund - Direct Plan - Growth Option",2026-09-02,14.16
153728,"Bank of India Mid Cap Fund - Direct Plan Growth",2026-09-02,10.63
154114,"Samco Mid Cap Fund - Direct Plan",2026-09-02,10.07
154210,"TRUSTMF MID CAP FUND -DIRECT -GROWTH",2026-09-02,12.33
154481,"The Wealth Company Mid Cap Fund- Direct-Growth",2026-09-02,9.8694
150404,"BANDHAN MID CAP FUND - GROWTH - DIRECT PLAN",2026-09-03,20.722
150584,"WhiteOak Capital Mid Cap Fund Direct Plan Growth",2026-09-03,23.708
150815,"JM Mid Cap Fund (Direct) - Growth",2026-09-03,22.827
150817,"Canara Robeco Mid Cap Fund- Direct Plan- Growth Option",2026-09-03,19.58
153326,"Helios Mid Cap Fund - Direct Plan - Growth Option",2026-09-03,14.27
153728,"Bank of India Mid Cap Fund - Direct Plan Growth",2026-09-03,10.66
154114,"Samco Mid Cap Fund - Direct Plan",2026-09-03,10.14
154210,"TRUSTMF MID CAP FUND -DIRECT -GROWTH",2026-09-03,12.39
154481,"The Wealth Company Mid Cap Fund- Direct-Growth",2026-09-03,9.8773
150404,"BANDHAN MID CAP FUND - GROWTH - DIRECT PLAN",2026-09-04,20.651
150584,"WhiteOak Capital Mid Cap Fund Direct Plan Growth",2026-09-04,23.628
150815,"JM Mid Cap Fund (Direct) - Growth",2026-09-04,22.76
150817,"Canara Robeco Mid Cap Fund- Direct Plan- Growth Option",2026-09-04,19.56
153326,"Helios Mid Cap Fund - Direct Plan - Growth Option",2026-09-04,14.28
153728,"Bank of India Mid Cap Fund - Direct Plan Growth",2026-09-04,10.68
154114,"Samco Mid Cap Fund - Direct Plan",2026-09-04,10.12
154210,"TRUSTMF MID CAP FUND -DIRECT -GROWTH",2026-09-04,12.4
154481,"The Wealth Company Mid Cap Fund- Direct-Growth",2026-09-04,9.8757
150404,"BANDHAN MID CAP FUND - GROWTH - DIRECT PLAN",2026-09-07,20.664
150584,"WhiteOak Capital Mid Cap Fund Direct Plan Growth",2026-09-07,23.572
150815,"JM Mid Cap Fund (Direct) - Growth",2026-09-07,22.8309
150817,"Canara Robeco Mid Cap Fund- Direct Plan- Growth Option",2026-09-07,19.47
153326,"Helios Mid Cap Fund - Direct Plan - Growth Option",2026-09-07,14.32
153728,"Bank of India Mid Cap Fund - Direct Plan Growth",2026-09-07,10.68
154114,"Samco Mid Cap Fund - Direct Plan",2026-09-07,10.09
154210,"TRUSTMF MID CAP FUND -DIRECT -GROWTH",2026-09-07,12.39
154481,"The Wealth Company Mid Cap Fund- Direct-Growth",2026-09-07,9.8246
150404,"BANDHAN MID CAP FUND - GROWTH - DIRECT PLAN",2026-09-08,20.806
150584,"WhiteOak Capital Mid Cap Fund Direct Plan Growth",2026-09-08,23.666
150815,"JM Mid Cap Fund (Direct) - Growth",2026-09-08,22.847
150817,"Canara Robeco Mid Cap Fund- Direct Plan- Growth Option",2026-09-08,19.48
153326,"Helios Mid Cap Fund - Direct Plan - Growth Option",2026-09-08,14.36
153728,"Bank of India Mid Cap Fund - Direct Plan Growth",2026-09-08,10.71
154114,"Samco Mid Cap Fund - Direct Plan",2026-09-08,10.14
154210,"TRUSTMF MID CAP FUND -DIRECT -GROWTH",2026-09-08,12.49
154481,"The Wealth Company Mid Cap Fund- Direct-Growth",2026-09-08,9.8415
150404,"BANDHAN MID CAP FUND - GROWTH - DIRECT PLAN",2026-09-09,20.768
150584,"WhiteOak Capital Mid Cap Fund Direct Plan Growth",2026-09-09,23.516
150815,"JM Mid Cap Fund (Direct) - Growth",2026-09-09,22.7019
150817,"Canara Robeco Mid Cap Fund- Direct Plan- Growth Option",2026-09-09,19.47
153326,"Helios Mid Cap Fund - Direct Plan - Growth Option",2026-09-09,14.3
153728,"Bank of India Mid Cap Fund - Direct Plan Growth",2026-09-09,10.68
154114,"Samco Mid Cap Fund - Direct Plan",2026-09-09,10.15
154210,"TRUSTMF MID CAP FUND -DIRECT -GROWTH",2026-09-09,12.46
154481,"The Wealth Company Mid Cap Fund- Direct-Growth",2026-09-09,9.8188
150404,"BANDHAN MID CAP FUND - GROWTH - DIRECT PLAN",2026-09-10,20.701
150584,"WhiteOak Capital Mid Cap Fund Direct Plan Growth",2026-09-10,23.499
150815,"JM Mid Cap Fund (Direct) - Growth",2026-09-10,22.6149
150817,"Canara Robeco Mid Cap Fund- Direct Plan- Growth Option",2026-09-10,19.42
153326,"Helios Mid Cap Fund - Direct Plan - Growth Option",2026-09-10,14.28
153728,"Bank of India Mid Cap Fund - Direct Plan Growth",2026-09-10,10.64
154114,"Samco Mid Cap Fund - Direct Plan",2026-09-10,10.1
154210,"TRUSTMF MID CAP FUND -DIRECT -GROWTH",2026-09-10,12.42
154481,"The Wealth Company Mid Cap Fund- Direct-Growth",2026-09-10,9.7734
150404,"BANDHAN MID CAP FUND - GROWTH - DIRECT PLAN",2026-09-11,20.632
150584,"WhiteOak Capital Mid Cap Fund Direct Plan Growth",2026-09-11,23.424
150815,"JM Mid Cap Fund (Direct) - Growth",2026-09-11,22.5823
150817,"Canara Robeco Mid Cap Fund- Direct Plan- Growth Option",2026-09-11,19.4
153326,"Helios Mid Cap Fund - Direct Plan - Growth Option",2026-09-11,14.28
153728,"Bank of India Mid Cap Fund - Direct Plan Growth",2026-09-11,10.62
154114,"Samco Mid Cap Fund - Direct Plan",2026-09-11,10.1
154210,"TRUSTMF MID CAP FUND -DIRECT -GROWTH",2026-09-11,12.39
154481,"The Wealth Company Mid Cap Fund- Direct-Growth",2026-09-11,9.7604
150404,"BANDHAN MID CAP FUND - GROWTH - DIRECT PLAN",2026-09-15,20.04
150584,"WhiteOak Capital Mid Cap Fund Direct Plan Growth",2026-09-15,22.93
150815,"JM Mid Cap Fund (Direct) - Growth",2026-09-15,22.0022
150817,"Canara Robeco Mid Cap Fund- Direct Plan- Growth Option",2026-09-15,18.89
153326,"Helios Mid Cap Fund - Direct Plan - Growth Option",2026-09-15,13.89
153728,"Bank of India Mid Cap Fund - Direct Plan Growth",2026-09-15,10.38
154114,"Samco Mid Cap Fund - Direct Plan",2026-09-15,9.84
154210,"TRUSTMF MID CAP FUND -DIRECT -GROWTH",2026-09-15,12.04
154481,"The Wealth Company Mid Cap Fund- Direct-Growth",2026-09-15,9.5791
150404,"BANDHAN MID CAP FUND - GROWTH - DIRECT PLAN",2026-09-16,20.049
150584,"WhiteOak Capital Mid Cap Fund Direct Plan Growth",2026-09-16,22.924
150815,"JM Mid Cap Fund (Direct) - Growth",2026-09-16,22.0668
150817,"Canara Robeco Mid Cap Fund- Direct Plan- Growth Option",2026-09-16,18.88
153326,"Helios Mid Cap Fund - Direct Plan - Growth Option",2026-09-16,13.89
153728,"Bank of India Mid Cap Fund - Direct Plan Growth",2026-09-16,10.41
154114,"Samco Mid Cap Fund - Direct Plan",2026-09-16,9.85
154210,"TRUSTMF MID CAP FUND -DIRECT -GROWTH",2026-09-16,12.06
154481,"The Wealth Company Mid Cap Fund- Direct-Growth",2026-09-16,9.5897
150404,"BANDHAN MID CAP FUND - GROWTH - DIRECT PLAN",2026-09-17,20.24
150584,"WhiteOak Capital Mid Cap Fund Direct Plan Growth",2026-09-17,23.094
150815,"JM Mid Cap Fund (Direct) - Growth",2026-09-17,22.2712
150817,"Canara Robeco Mid Cap Fund- Direct Plan- Growth Option",2026-09-17,19.04
153326,"Helios Mid Cap Fund - Direct Plan - Growth Option",2026-09-17,14.03
153728,"Bank of India Mid Cap Fund - Direct Plan Growth",2026-09-17,10.48
154114,"Samco Mid Cap Fund - Direct Plan",2026-09-17,9.93
154210,"TRUSTMF MID CAP FUND -DIRECT -GROWTH",2026-09-17,12.16
154481,"The Wealth Company Mid Cap Fund- Direct-Growth",2026-09-17,9.7025
150404,"BANDHAN MID CAP FUND - GROWTH - DIRECT PLAN",2026-09-18,20.611
150584,"WhiteOak Capital Mid Cap Fund Direct Plan Growth",2026-09-18,23.425
150815,"JM Mid Cap Fund (Direct) - Growth",2026-09-18,22.7774
150817,"Canara Robeco Mid Cap Fund- Direct Plan- Growth Option",2026-09-18,19.39
153326,"Helios Mid Cap Fund - Direct Plan - Growth Option",2026-09-18,14.39
153728,"Bank of India Mid Cap Fund - Direct Plan Growth",2026-09-18,10.73
154114,"Samco Mid Cap Fund - Direct Plan",2026-09-18,10.07
154210,"TRUSTMF MID CAP FUND -DIRECT -GROWTH",2026-09-18,12.34
154481,"The Wealth Company Mid Cap Fund- Direct-Growth",2026-09-18,9.8069
150404,"BANDHAN MID CAP FUND - GROWTH - DIRECT PLAN",2026-09-21,20.597
150584,"WhiteOak Capital Mid Cap Fund Direct Plan Growth",2026-09-21,23.407
150815,"JM Mid Cap Fund (Direct) - Growth",2026-09-21,22.6927
150817,"Canara Robeco Mid Cap Fund- Direct Plan- Growth Option",2026-09-21,19.4
153326,"Helios Mid Cap Fund - Direct Plan - Growth Option",2026-09-21,14.31
153728,"Bank of India Mid Cap Fund - Direct Plan Growth",2026-09-21,10.65
154114,"Samco Mid Cap Fund - Direct Plan",2026-09-21,10.01
154210,"TRUSTMF MID CAP FUND -DIRECT -GROWTH",2026-09-21,12.37
154481,"The Wealth Company Mid Cap Fund- Direct-Growth",2026-09-21,9.8339
150404,"BANDHAN MID CAP FUND - GROWTH - DIRECT PLAN",2026-09-22,20.59
150584,"WhiteOak Capital Mid Cap Fund Direct Plan Growth",2026-09-22,23.394
150815,"JM Mid Cap Fund (Direct) - Growth",2026-09-22,22.6467
150817,"Canara Robeco Mid Cap Fund- Direct Plan- Growth Option",2026-09-22,19.44
153326,"Helios Mid Cap Fund - Direct Plan - Growth Option",2026-09-22,14.31
153728,"Bank of India Mid Cap Fund - Direct Plan Growth",2026-09-22,10.67
154114,"Samco Mid Cap Fund - Direct Plan",2026-09-22,9.98
154210,"TRUSTMF MID CAP FUND -DIRECT -GROWTH",2026-09-22,12.36
154481,"The Wealth Company Mid Cap Fund- Direct-Growth",2026-09-22,9.8234
150404,"BANDHAN MID CAP FUND - GROWTH - DIRECT PLAN",2026-09-23,20.774
150584,"WhiteOak Capital Mid Cap Fund Direct Plan Growth",2026-09-23,23.566
150815,"JM Mid Cap Fund (Direct) - Growth",2026-09-23,22.84
150817,"Canara Robeco Mid Cap Fund- Direct Plan- Growth Option",2026-09-23,19.52
153326,"Helios Mid Cap Fund - Direct Plan - Growth Option",2026-09-23,14.39
153728,"Bank of India Mid Cap Fund - Direct Plan Growth",2026-09-23,10.76
154114,"Samco Mid Cap Fund - Direct Plan",2026-09-23,10.06
154210,"TRUSTMF MID CAP FUND -DIRECT -GROWTH",2026-09-23,12.46
154481,"The Wealth Company Mid Cap Fund- Direct-Growth",2026-09-23,9.8677
150404,"BANDHAN MID CAP FUND - GROWTH - DIRECT PLAN",2026-09-24,20.343
150584,"WhiteOak Capital Mid Cap Fund Direct Plan Growth",2026-09-24,23.007
150815,"JM Mid Cap Fund (Direct) - Growth",2026-09-24,22.3918
150817,"Canara Robeco Mid Cap Fund- Direct Plan- Growth Option",2026-09-24,19.22
153326,"Helios Mid Cap Fund - Direct Plan - Growth Option",2026-09-24,14.1
153728,"Bank of India Mid Cap Fund - Direct Plan Growth",2026-09-24,10.57
154114,"Samco Mid Cap Fund - Direct Plan",2026-09-24,9.9
154210,"TRUSTMF MID CAP FUND -DIRECT -GROWTH",2026-09-24,12.09
154481,"The Wealth Company Mid Cap Fund- Direct-Growth",2026-09-24,9.7327
150404,"BANDHAN MID CAP FUND - GROWTH - DIRECT PLAN",2026-09-25,20.246
150584,"WhiteOak Capital Mid Cap Fund Direct Plan Growth",2026-09-25,22.979
150815,"JM Mid Cap Fund (Direct) - Growth",2026-09-25,22.3517
150817,"Canara Robeco Mid Cap Fund- Direct Plan- Growth Option",2026-09-25,19.18
153326,"Helios Mid Cap Fund - Direct Plan - Growth Option",2026-09-25,14.07
153728,"Bank of India Mid Cap Fund - Direct Plan Growth",2026-09-25,10.51
154114,"Samco Mid Cap Fund - Direct Plan",2026-09-25,9.89
154210,"TRUSTMF MID CAP FUND -DIRECT -GROWTH",2026-09-25,12.06
154481,"The Wealth Company Mid Cap Fund- Direct-Growth",2026-09-25,9.723
150404,"BANDHAN MID CAP FUND - GROWTH - DIRECT PLAN",2026-09-28,19.916
150584,"WhiteOak Capital Mid Cap Fund Direct Plan Growth",2026-09-28,22.641
150815,"JM Mid Cap Fund (Direct) - Growth",2026-09-28,21.9508
150817,"Canara Robeco Mid Cap Fund- Direct Plan- Growth Option",2026-09-28,18.83
153326,"Helios Mid Cap Fund - Direct Plan - Growth Option",2026-09-28,13.81
153728,"Bank of India Mid Cap Fund - Direct Plan Growth",2026-09-28,10.36
154114,"Samco Mid Cap Fund - Direct Plan",2026-09-28,9.72
154210,"TRUSTMF MID CAP FUND -DIRECT -GROWTH",2026-09-28,11.86
154481,"The Wealth Company Mid Cap Fund- Direct-Growth",2026-09-28,9.6308
150404,"BANDHAN MID CAP FUND - GROWTH - DIRECT PLAN",2026-09-29,19.834
150584,"WhiteOak Capital Mid Cap Fund Direct Plan Growth",2026-09-29,22.52
150815,"JM Mid Cap Fund (Direct) - Growth",2026-09-29,21.9087
150817,"Canara Robeco Mid Cap Fund- Direct Plan- Growth Option",2026-09-29,18.67
153326,"Helios Mid Cap Fund - Direct Plan - Growth Option",2026-09-29,13.7
153728,"Bank of India Mid Cap Fund - Direct Plan Growth",2026-09-29,10.35
154114,"Samco Mid Cap Fund - Direct Plan",2026-09-29,9.69
154210,"TRUSTMF MID CAP FUND -DIRECT -GROWTH",2026-09-29,11.81
154481,"The Wealth Company Mid Cap Fund- Direct-Growth",2026-09-29,9.5319
150404,"BANDHAN MID CAP FUND - GROWTH - DIRECT PLAN",2026-09-30,19.794
150584,"WhiteOak Capital Mid Cap Fund Direct Plan Growth",2026-09-30,22.465
150815,"JM Mid Cap Fund (Direct) - Growth",2026-09-30,21.9029
150817,"Canara Robeco Mid Cap Fund- Direct Plan- Growth Option",2026-09-30,18.72
153326,"Helios Mid Cap Fund - Direct Plan - Growth Option",2026-09-30,13.73
153728,"Bank of India Mid Cap Fund - Direct Plan Growth",2026-09-30,10.36
154114,"Samco Mid Cap Fund - Direct Plan",2026-09-30,9.67
154210,"TRUSTMF MID CAP FUND -DIRECT -GROWTH",2026-09-30,11.78
154481,"The Wealth Company Mid Cap Fund- Direct-Growth",2026-09-30,9.5048
150404,"BANDHAN MID CAP FUND - GROWTH - DIRECT PLAN",2026-10-01,19.653
150584,"WhiteOak Capital Mid Cap Fund Direct Plan Growth",2026-10-01,22.335
150815,"JM Mid Cap Fund (Direct) - Growth",2026-10-01,21.668
150817,"Canara Robeco Mid Cap Fund- Direct Plan- Growth Option",2026-10-01,18.6
153326,"Helios Mid Cap Fund - Direct Plan - Growth Option",2026-10-01,13.57
153728,"Bank of India Mid Cap Fund - Direct Plan Growth",2026-10-01,10.23
154114,"Samco Mid Cap Fund - Direct Plan",2026-10-01,9.6
154210,"TRUSTMF MID CAP FUND -DIRECT -GROWTH",2026-10-01,11.62
154481,"The Wealth Company Mid Cap Fund- Direct-Growth",2026-10-01,9.4055