scheme_code,scheme_name,date,nav
150915,"Mahindra Manulife Small Cap Fund - Direct Plan - Growth",2022-12-14,10.0233
150915,"Mahindra Manulife Small Cap Fund - Direct Plan - Growth",2022-12-15,9.9951
150915,"Mahindra Manulife Small Cap Fund - Direct Plan - Growth",2022-12-16,9.9565
150915,"Mahindra Manulife Small Cap Fund - Direct Plan - Growth",2022-12-19,9.9876
150915,"Mahindra Manulife Small Cap Fund - Direct Plan - Growth",2022-12-20,9.9755
150915,"Mahindra Manulife Small Cap Fund - Direct Plan - Growth",2022-12-21,9.8716
150915,"Mahindra Manulife Small Cap Fund - Direct Plan - Growth",2022-12-22,9.8152
150915,"Mahindra Manulife Small Cap Fund - Direct Plan - Growth",2022-12-23,9.6337
150915,"Mahindra Manulife Small Cap Fund - Direct Plan - Growth",2022-12-26,9.775
150915,"Mahindra Manulife Small Cap Fund - Direct Plan - Growth",2022-12-27,9.8311
150915,"Mahindra Manulife Small Cap Fund - Direct Plan - Growth",2022-12-28,9.8305
150915,"Mahindra Manulife Small Cap Fund - Direct Plan - Growth",2022-12-29,9.8548
150915,"Mahindra Manulife Small Cap Fund - Direct Plan - Growth",2022-12-30,9.9303
150915,"Mahindra Manulife Small Cap Fund - Direct Plan - Growth",2023-01-02,10.0142
150915,"Mahindra Manulife Small Cap Fund - Direct Plan - Growth",2023-01-03,10.0124
150915,"Mahindra Manulife Small Cap Fund - Direct Plan - Growth",2023-01-04,9.9684
150915,"Mahindra Manulife Small Cap Fund - Direct Plan - Growth",2023-01-05,9.9884
150915,"Mahindra Manulife Small Cap Fund - Direct Plan - Growth",2023-01-06,9.9179
150915,"Mahindra Manulife Small Cap Fund - Direct Plan - Growth",2023-01-09,9.9707
150915,"Mahindra Manulife Small Cap Fund - Direct Plan - Growth",2023-01-10,9.9184
150915,"Mahindra Manulife Small Cap Fund - Direct Plan - Growth",2023-01-11,9.9107
150915,"Mahindra Manulife Small Cap Fund - Direct Plan - Growth",2023-01-12,9.9171
150915,"Mahindra Manulife Small Cap Fund - Direct Plan - Growth",2023-01-13,9.9403
150915,"Mahindra Manulife Small Cap Fund - Direct Plan - Growth",2023-01-16,9.9489
150915,"Mahindra Manulife Small Cap Fund - Direct Plan - Growth",2023-01-17,9.9297
150915,"Mahindra Manulife Small Cap Fund - Direct Plan - Growth",2023-01-18,9.9379
150915,"Mahindra Manulife Small Cap Fund - Direct Plan - Growth",2023-01-19,9.9603
150915,"Mahindra Manulife Small Cap Fund - Direct Plan - Growth",2023-01-20,9.9143
150915,"Mahindra Manulife Small Cap Fund - Direct Plan - Growth",2023-01-23,9.9412
150915,"Mahindra Manulife Small Cap Fund - Direct Plan - Growth",2023-01-24,9.8766
150915,"Mahindra Manulife Small Cap Fund - Direct Plan - Growth",2023-01-25,9.8254
150915,"Mahindra Manulife Small Cap Fund - Direct Plan - Growth",2023-01-27,9.7171
150915,"Mahindra Manulife Small Cap Fund - Direct Plan - Growth",2023-01-30,9.7461
150915,"Mahindra Manulife Small Cap Fund - Direct Plan - Growth",2023-01-31,9.9448
150915,"Mahindra Manulife Small Cap Fund - Direct Plan - Growth",2023-02-01,9.9038
150915,"Mahindra Manulife Small Cap Fund - Direct Plan - Growth",2023-02-02,9.9658
150915,"Mahindra Manulife Small Cap Fund - Direct Plan - Growth",2023-02-03,9.9613
150915,"Mahindra Manulife Small Cap Fund - Direct Plan - Growth",2023-02-06,9.998
150915,"Mahindra Manulife Small Cap Fund - Direct Plan - Growth",2023-02-07,9.9819
150915,"Mahindra Manulife Small Cap Fund - Direct Plan - Growth",2023-02-08,10.0222
150915,"Mahindra Manulife Small Cap Fund - Direct Plan - Growth",2023-02-09,9.9902
150915,"Mahindra Manulife Small Cap Fund - Direct Plan - Growth",2023-02-10,10.044
150915,"Mahindra Manulife Small Cap Fund - Direct Plan - Growth",2023-02-13,9.9294
150915,"Mahindra Manulife Small Cap Fund - Direct Plan - Growth",2023-02-14,9.8689
150915,"Mahindra Manulife Small Cap Fund - Direct Plan - Growth",2023-02-15,9.9116
150915,"Mahindra Manulife Small Cap Fund - Direct Plan - Growth",2023-02-16,9.9705
150915,"Mahindra Manulife Small Cap Fund - Direct Plan - Growth",2023-02-17,9.9447
150915,"Mahindra Manulife Small Cap Fund - Direct Plan - Growth",2023-02-20,9.9204
150915,"Mahindra Manulife Small Cap Fund - Direct Plan - Growth",2023-02-21,9.9071
150915,"Mahindra Manulife Small Cap Fund - Direct Plan - Growth",2023-02-22,9.8216
150915,"Mahindra Manulife Small Cap Fund - Direct Plan - Growth",2023-02-23,9.8273
150915,"Mahindra Manulife Small Cap Fund - Direct Plan - Growth",2023-02-24,9.8456
150915,"Mahindra Manulife Small Cap Fund - Direct Plan - Growth",2023-02-27,9.7557
150915,"Mahindra Manulife Small Cap Fund - Direct Plan - Growth",2023-02-28,9.7798
150915,"Mahindra Manulife Small Cap Fund - Direct Plan - Growth",2023-03-01,9.887
150915,"Mahindra Manulife Small Cap Fund - Direct Plan - Growth",2023-03-02,9.8978
150915,"Mahindra Manulife Small Cap Fund - Direct Plan - Growth",2023-03-03,9.965
150915,"Mahindra Manulife Small Cap Fund - Direct Plan - Growth",2023-03-06,10.0446
150915,"Mahindra Manulife Small Cap Fund - Direct Plan - Growth",2023-03-08,10.1226
150915,"Mahindra Manulife Small Cap Fund - Direct Plan - Growth",2023-03-09,10.1225
150915,"Mahindra Manulife Small Cap Fund - Direct Plan - Growth",2023-03-10,10.0616
150915,"Mahindra Manulife Small Cap Fund - Direct Plan - Growth",2023-03-13,9.9214
150915,"Mahindra Manulife Small Cap Fund - Direct Plan - Growth",2023-03-14,9.8718
150915,"Mahindra Manulife Small Cap Fund - Direct Plan - Growth",2023-03-15,9.866
150915,"Mahindra Manulife Small Cap Fund - Direct Plan - Growth",2023-03-16,9.8504
150915,"Mahindra Manulife Small Cap Fund - Direct Plan - Growth",2023-03-17,9.875
150915,"Mahindra Manulife Small Cap Fund - Direct Plan - Growth",2023-03-20,9.7721
150915,"Mahindra Manulife Small Cap Fund - Direct Plan - Growth",2023-03-21,9.8497
150915,"Mahindra Manulife Small Cap Fund - Direct Plan - Growth",2023-03-22,9.9037
150915,"Mahindra Manulife Small Cap Fund - Direct Plan - Growth",2023-03-23,9.886
150915,"Mahindra Manulife Small Cap Fund - Direct Plan - Growth",2023-03-24,9.7858
150915,"Mahindra Manulife Small Cap Fund - Direct Plan - Growth",2023-03-27,9.6801
150915,"Mahindra Manulife Small Cap Fund - Direct Plan - Growth",2023-03-28,9.6322
150915,"Mahindra Manulife Small Cap Fund - Direct Plan - Growth",2023-03-29,9.7675
150915,"Mahindra Manulife Small Cap Fund - Direct Plan - Growth",2023-03-31,9.865
150915,"Mahindra Manulife Small Cap Fund - Direct Plan - Growth",2023-04-03,9.9322
150915,"Mahindra Manulife Small Cap Fund - Direct Plan - Growth",2023-04-05,9.9645
150915,"Mahindra Manulife Small Cap Fund - Direct Plan - Growth",2023-04-06,9.9995
150915,"Mahindra Manulife Small Cap Fund - Direct Plan - Growth",2023-04-10,9.9933
150915,"Mahindra Manulife Small Cap Fund - Direct Plan - Growth",2023-04-11,10.0609
150915,"Mahindra Manulife Small Cap Fund - Direct Plan - Growth",2023-04-12,10.062
150915,"Mahindra Manulife Small Cap Fund - Direct Plan - Growth",2023-04-13,10.0586
150915,"Mahindra Manulife Small Cap Fund - Direct Plan - Growth",2023-04-17,10.0658
150915,"Mahindra Manulife Small Cap Fund - Direct Plan - Growth",2023-04-18,10.0666
150915,"Mahindra Manulife Small Cap Fund - Direct Plan - Growth",2023-04-19,10.0548
150915,"Mahindra Manulife Small Cap Fund - Direct Plan - Growth",2023-04-20,10.1035
150915,"Mahindra Manulife Small Cap Fund - Direct Plan - Growth",2023-04-21,10.1097
150915,"Mahindra Manulife Small Cap Fund - Direct Plan - Growth",2023-04-24,10.14
150915,"Mahindra Manulife Small Cap Fund - Direct Plan - Growth",2023-04-25,10.1671
150915,"Mahindra Manulife Small Cap Fund - Direct Plan - Growth",2023-04-26,10.2725
150915,"Mahindra Manulife Small Cap Fund - Direct Plan - Growth",2023-04-27,10.3081
150915,"Mahindra Manulife Small Cap Fund - Direct Plan - Growth",2023-04-28,10.4014
150915,"Mahindra Manulife Small Cap Fund - Direct Plan - Growth",2023-05-02,10.4433
150915,"Mahindra Manulife Small Cap Fund - Direct Plan - Growth",2023-05-03,10.4777
150915,"Mahindra Manulife Small Cap Fund - Direct Plan - Growth",2023-05-04,10.5563
150915,"Mahindra Manulife Small Cap Fund - Direct Plan - Growth",2023-05-05,10.4328
150915,"Mahindra Manulife Small Cap Fund - Direct Plan - Growth",2023-05-08,10.5133
150915,"Mahindra Manulife Small Cap Fund - Direct Plan - Growth",2023-05-09,10.4886
150915,"Mahindra Manulife Small Cap Fund - Direct Plan - Growth",2023-05-10,10.5261
150915,"Mahindra Manulife Small Cap Fund - Direct Plan - Growth",2023-05-11,10.6377
150915,"Mahindra Manulife Small Cap Fund - Direct Plan - Growth",2023-05-12,10.6
150915,"Mahindra Manulife Small Cap Fund - Direct Plan - Growth",2023-05-15,10.6928
150915,"Mahindra Manulife Small Cap Fund - Direct Plan - Growth",2023-05-16,10.6758
150915,"Mahindra Manulife Small Cap Fund - Direct Plan - Growth",2023-05-17,10.6965
150915,"Mahindra Manulife Small Cap Fund - Direct Plan - Growth",2023-05-18,10.7289
150915,"Mahindra Manulife Small Cap Fund - Direct Plan - Growth",2023-05-19,10.7455
150915,"Mahindra Manulife Small Cap Fund - Direct Plan - Growth",2023-05-22,10.7787
150915,"Mahindra Manulife Small Cap Fund - Direct Plan - Growth",2023-05-23,10.7909
150915,"Mahindra Manulife Small Cap Fund - Direct Plan - Growth",2023-05-24,10.7292
150915,"Mahindra Manulife Small Cap Fund - Direct Plan - Growth",2023-05-25,10.7896
150915,"Mahindra Manulife Small Cap Fund - Direct Plan - Growth",2023-05-26,10.8951
150915,"Mahindra Manulife Small Cap Fund - Direct Plan - Growth",2023-05-29,10.9283
150915,"Mahindra Manulife Small Cap Fund - Direct Plan - Growth",2023-05-30,10.9624
150915,"Mahindra Manulife Small Cap Fund - Direct Plan - Growth",2023-05-31,11.0568
150915,"Mahindra Manulife Small Cap Fund - Direct Plan - Growth",2023-06-01,11.1353
150915,"Mahindra Manulife Small Cap Fund - Direct Plan - Growth",2023-06-02,11.1801
150915,"Mahindra Manulife Small Cap Fund - Direct Plan - Growth",2023-06-05,11.2255
150915,"Mahindra Manulife Small Cap Fund - Direct Plan - Growth",2023-06-06,11.2904
150915,"Mahindra Manulife Small Cap Fund - Direct Plan - Growth",2023-06-07,11.4032
150915,"Mahindra Manulife Small Cap Fund - Direct Plan - Growth",2023-06-08,11.3564
150915,"Mahindra Manulife Small Cap Fund - Direct Plan - Growth",2023-06-09,11.3169
150915,"Mahindra Manulife Small Cap Fund - Direct Plan - Growth",2023-06-12,11.3776
150915,"Mahindra Manulife Small Cap Fund - Direct Plan - Growth",2023-06-13,11.4609
150915,"Mahindra Manulife Small Cap Fund - Direct Plan - Growth",2023-06-14,11.5146
150915,"Mahindra Manulife Small Cap Fund - Direct Plan - Growth",2023-06-15,11.5114
150915,"Mahindra Manulife Small Cap Fund - Direct Plan - Growth",2023-06-16,11.5905
150915,"Mahindra Manulife Small Cap Fund - Direct Plan - Growth",2023-06-19,11.6034
150915,"Mahindra Manulife Small Cap Fund - Direct Plan - Growth",2023-06-20,11.6531
150915,"Mahindra Manulife Small Cap Fund - Direct Plan - Growth",2023-06-21,11.7091
150915,"Mahindra Manulife Small Cap Fund - Direct Plan - Growth",2023-06-22,11.6904
150915,"Mahindra Manulife Small Cap Fund - Direct Plan - Growth",2023-06-23,11.5836
150915,"Mahindra Manulife Small Cap Fund - Direct Plan - Growth",2023-06-26,11.6273
150915,"Mahindra Manulife Small Cap Fund - Direct Plan - Growth",2023-06-27,11.7245
150915,"Mahindra Manulife Small Cap Fund - Direct Plan - Growth",2023-06-28,11.7158
150915,"Mahindra Manulife Small Cap Fund - Direct Plan - Growth",2023-06-30,11.7783
150915,"Mahindra Manulife Small Cap Fund - Direct Plan - Growth",2023-07-03,11.8746
150915,"Mahindra Manulife Small Cap Fund - Direct Plan - Growth",2023-07-04,11.8701
150915,"Mahindra Manulife Small Cap Fund - Direct Plan - Growth",2023-07-05,11.9175
150915,"Mahindra Manulife Small Cap Fund - Direct Plan - Growth",2023-07-06,11.9978
150915,"Mahindra Manulife Small Cap Fund - Direct Plan - Growth",2023-07-07,11.9342
150915,"Mahindra Manulife Small Cap Fund - Direct Plan - Growth",2023-07-10,11.9317
150915,"Mahindra Manulife Small Cap Fund - Direct Plan - Growth",2023-07-11,12.0796
150915,"Mahindra Manulife Small Cap Fund - Direct Plan - Growth",2023-07-12,12.1556
150915,"Mahindra Manulife Small Cap Fund - Direct Plan - Growth",2023-07-13,12.0853
150915,"Mahindra Manulife Small Cap Fund - Direct Plan - Growth",2023-07-14,12.1654
150915,"Mahindra Manulife Small Cap Fund - Direct Plan - Growth",2023-07-17,12.2659
150915,"Mahindra Manulife Small Cap Fund - Direct Plan - Growth",2023-07-18,12.2007
150915,"Mahindra Manulife Small Cap Fund - Direct Plan - Growth",2023-07-19,12.2912
150915,"Mahindra Manulife Small Cap Fund - Direct Plan - Growth",2023-07-20,12.3119
150915,"Mahindra Manulife Small Cap Fund - Direct Plan - Growth",2023-07-21,12.3187
150915,"Mahindra Manulife Small Cap Fund - Direct Plan - Growth",2023-07-24,12.3468
150915,"Mahindra Manulife Small Cap Fund - Direct Plan - Growth",2023-07-25,12.4152
150915,"Mahindra Manulife Small Cap Fund - Direct Plan - Growth",2023-07-26,12.3756
150915,"Mahindra Manulife Small Cap Fund - Direct Plan - Growth",2023-07-27,12.4049
150915,"Mahindra Manulife Small Cap Fund - Direct Plan - Growth",2023-07-28,12.4397
150915,"Mahindra Manulife Small Cap Fund - Direct Plan - Growth",2023-07-31,12.64
150915,"Mahindra Manulife Small Cap Fund - Direct Plan - Growth",2023-08-01,12.672
150915,"Mahindra Manulife Small Cap Fund - Direct Plan - Growth",2023-08-02,12.5333
150915,"Mahindra Manulife Small Cap Fund - Direct Plan - Growth",2023-08-03,12.5476
150915,"Mahindra Manulife Small Cap Fund - Direct Plan - Growth",2023-08-04,12.6192
150915,"Mahindra Manulife Small Cap Fund - Direct Plan - Growth",2023-08-07,12.6539
150915,"Mahindra Manulife Small Cap Fund - Direct Plan - Growth",2023-08-08,12.728
150915,"Mahindra Manulife Small Cap Fund - Direct Plan - Growth",2023-08-09,12.8267
150915,"Mahindra Manulife Small Cap Fund - Direct Plan - Growth",2023-08-10,12.7911
150915,"Mahindra Manulife Small Cap Fund - Direct Plan - Growth",2023-08-11,12.8635
150915,"Mahindra Manulife Small Cap Fund - Direct Plan - Growth",2023-08-14,12.7492
150915,"Mahindra Manulife Small Cap Fund - Direct Plan - Growth",2023-08-16,12.7589
150915,"Mahindra Manulife Small Cap Fund - Direct Plan - Growth",2023-08-17,12.8106
150915,"Mahindra Manulife Small Cap Fund - Direct Plan - Growth",2023-08-18,12.8181
150915,"Mahindra Manulife Small Cap Fund - Direct Plan - Growth",2023-08-21,12.9047
150915,"Mahindra Manulife Small Cap Fund - Direct Plan - Growth",2023-08-22,13.0462
150915,"Mahindra Manulife Small Cap Fund - Direct Plan - Growth",2023-08-23,13.1709
150915,"Mahindra Manulife Small Cap Fund - Direct Plan - Growth",2023-08-24,13.1318
150915,"Mahindra Manulife Small Cap Fund - Direct Plan - Growth",2023-08-25,13.0886
150915,"Mahindra Manulife Small Cap Fund - Direct Plan - Growth",2023-08-28,13.1954
150915,"Mahindra Manulife Small Cap Fund - Direct Plan - Growth",2023-08-29,13.2636
150915,"Mahindra Manulife Small Cap Fund - Direct Plan - Growth",2023-08-30,13.3299
150915,"Mahindra Manulife Small Cap Fund - Direct Plan - Growth",2023-08-31,13.4128
150915,"Mahindra Manulife Small Cap Fund - Direct Plan - Growth",2023-09-01,13.4755
150915,"Mahindra Manulife Small Cap Fund - Direct Plan - Growth",2023-09-04,13.6256
150915,"Mahindra Manulife Small Cap Fund - Direct Plan - Growth",2023-09-05,13.6476
150915,"Mahindra Manulife Small Cap Fund - Direct Plan - Growth",2023-09-06,13.6301
150915,"Mahindra Manulife Small Cap Fund - Direct Plan - Growth",2023-09-07,13.71
150915,"Mahindra Manulife Small Cap Fund - Direct Plan - Growth",2023-09-08,13.8392
150915,"Mahindra Manulife Small Cap Fund - Direct Plan - Growth",2023-09-11,13.9159
150915,"Mahindra Manulife Small Cap Fund - Direct Plan - Growth",2023-09-12,13.4204
150915,"Mahindra Manulife Small Cap Fund - Direct Plan - Growth",2023-09-13,13.5855
150915,"Mahindra Manulife Small Cap Fund - Direct Plan - Growth",2023-09-14,13.7408
150915,"Mahindra Manulife Small Cap Fund - Direct Plan - Growth",2023-09-15,13.7336
150915,"Mahindra Manulife Small Cap Fund - Direct Plan - Growth",2023-09-18,13.6699
150915,"Mahindra Manulife Small Cap Fund - Direct Plan - Growth",2023-09-20,13.6054
150915,"Mahindra Manulife Small Cap Fund - Direct Plan - Growth",2023-09-21,13.4778
150915,"Mahindra Manulife Small Cap Fund - Direct Plan - Growth",2023-09-22,13.4758
150915,"Mahindra Manulife Small Cap Fund - Direct Plan - Growth",2023-09-25,13.4895
150915,"Mahindra Manulife Small Cap Fund - Direct Plan - Growth",2023-09-26,13.5168
150915,"Mahindra Manulife Small Cap Fund - Direct Plan - Growth",2023-09-27,13.5526
150915,"Mahindra Manulife Small Cap Fund - Direct Plan - Growth",2023-09-29,13.6435
150915,"Mahindra Manulife Small Cap Fund - Direct Plan - Growth",2023-10-03,13.7449
150915,"Mahindra Manulife Small Cap Fund - Direct Plan - Growth",2023-10-04,13.5735
150915,"Mahindra Manulife Small Cap Fund - Direct Plan - Growth",2023-10-05,13.6573
150915,"Mahindra Manulife Small Cap Fund - Direct Plan - Growth",2023-10-06,13.8066
150915,"Mahindra Manulife Small Cap Fund - Direct Plan - Growth",2023-10-09,13.5803
150915,"Mahindra Manulife Small Cap Fund - Direct Plan - Growth",2023-10-10,13.7668
150915,"Mahindra Manulife Small Cap Fund - Direct Plan - Growth",2023-10-11,13.8441
150915,"Mahindra Manulife Small Cap Fund - Direct Plan - Growth",2023-10-12,13.9507
150915,"Mahindra Manulife Small Cap Fund - Direct Plan - Growth",2023-10-13,13.9541
150915,"Mahindra Manulife Small Cap Fund - Direct Plan - Growth",2023-10-16,13.9701
150915,"Mahindra Manulife Small Cap Fund - Direct Plan - Growth",2023-10-17,14.0399
150915,"Mahindra Manulife Small Cap Fund - Direct Plan - Growth",2023-10-18,14.0399
150915,"Mahindra Manulife Small Cap Fund - Direct Plan - Growth",2023-10-19,14.0624
150915,"Mahindra Manulife Small Cap Fund - Direct Plan - Growth",2023-10-20,13.9455
150915,"Mahindra Manulife Small Cap Fund - Direct Plan - Growth",2023-10-23,13.4223
150915,"Mahindra Manulife Small Cap Fund - Direct Plan - Growth",2023-10-25,13.3353
150915,"Mahindra Manulife Small Cap Fund - Direct Plan - Growth",2023-10-26,13.2857
150915,"Mahindra Manulife Small Cap Fund - Direct Plan - Growth",2023-10-27,13.5726
150915,"Mahindra Manulife Small Cap Fund - Direct Plan - Growth",2023-10-30,13.6238
150915,"Mahindra Manulife Small Cap Fund - Direct Plan - Growth",2023-10-31,13.6635
150915,"Mahindra Manulife Small Cap Fund - Direct Plan - Growth",2023-11-01,13.6477
150915,"Mahindra Manulife Small Cap Fund - Direct Plan - Growth",2023-11-02,13.7828
150915,"Mahindra Manulife Small Cap Fund - Direct Plan - Growth",2023-11-03,13.8855
152107,"QUANTUM SMALL CAP FUND - DIRECT PLAN GROWTH OPTION",2023-11-03,10
150915,"Mahindra Manulife Small Cap Fund - Direct Plan - Growth",2023-11-06,14.0236
150915,"Mahindra Manulife Small Cap Fund - Direct Plan - Growth",2023-11-07,14.0272
150915,"Mahindra Manulife Small Cap Fund - Direct Plan - Growth",2023-11-08,14.1033
150915,"Mahindra Manulife Small Cap Fund - Direct Plan - Growth",2023-11-09,14.1006
152107,"QUANTUM SMALL CAP FUND - DIRECT PLAN GROWTH OPTION",2023-11-09,10.04
150915,"Mahindra Manulife Small Cap Fund - Direct Plan - Growth",2023-11-10,14.1368
152107,"QUANTUM SMALL CAP FUND - DIRECT PLAN GROWTH OPTION",2023-11-10,10.07
150915,"Mahindra Manulife Small Cap Fund - Direct Plan - Growth",2023-11-13,14.3615
152107,"QUANTUM SMALL CAP FUND - DIRECT PLAN GROWTH OPTION",2023-11-13,10.09
150915,"Mahindra Manulife Small Cap Fund - Direct Plan - Growth",2023-11-15,14.5102
152107,"QUANTUM SMALL CAP FUND - DIRECT PLAN GROWTH OPTION",2023-11-15,10.1
150915,"Mahindra Manulife Small Cap Fund - Direct Plan - Growth",2023-11-16,14.5197
152107,"QUANTUM SMALL CAP FUND - DIRECT PLAN GROWTH OPTION",2023-11-16,10.1
150915,"Mahindra Manulife Small Cap Fund - Direct Plan - Growth",2023-11-17,14.601
152107,"QUANTUM SMALL CAP FUND - DIRECT PLAN GROWTH OPTION",2023-11-17,10.08
150915,"Mahindra Manulife Small Cap Fund - Direct Plan - Growth",2023-11-20,14.6922
152107,"QUANTUM SMALL CAP FUND - DIRECT PLAN GROWTH OPTION",2023-11-20,10.09
150915,"Mahindra Manulife Small Cap Fund - Direct Plan - Growth",2023-11-21,14.7224
152107,"QUANTUM SMALL CAP FUND - DIRECT PLAN GROWTH OPTION",2023-11-21,10.1
150915,"Mahindra Manulife Small Cap Fund - Direct Plan - Growth",2023-11-22,14.6642
152107,"QUANTUM SMALL CAP FUND - DIRECT PLAN GROWTH OPTION",2023-11-22,10.09
150915,"Mahindra Manulife Small Cap Fund - Direct Plan - Growth",2023-11-23,14.7132
152107,"QUANTUM SMALL CAP FUND - DIRECT PLAN GROWTH OPTION",2023-11-23,10.1
150915,"Mahindra Manulife Small Cap Fund - Direct Plan - Growth",2023-11-24,14.6795
152107,"QUANTUM SMALL CAP FUND - DIRECT PLAN GROWTH OPTION",2023-11-24,10.11
150915,"Mahindra Manulife Small Cap Fund - Direct Plan - Growth",2023-11-28,14.7249
152107,"QUANTUM SMALL CAP FUND - DIRECT PLAN GROWTH OPTION",2023-11-28,10.1
150915,"Mahindra Manulife Small Cap Fund - Direct Plan - Growth",2023-11-29,14.8423
152107,"QUANTUM SMALL CAP FUND - DIRECT PLAN GROWTH OPTION",2023-11-29,10.12
150915,"Mahindra Manulife Small Cap Fund - Direct Plan - Growth",2023-11-30,14.9602
152107,"QUANTUM SMALL CAP FUND - DIRECT PLAN GROWTH OPTION",2023-11-30,10.16
150915,"Mahindra Manulife Small Cap Fund - Direct Plan - Growth",2023-12-01,15.0607
152107,"QUANTUM SMALL CAP FUND - DIRECT PLAN GROWTH OPTION",2023-12-01,10.2
150915,"Mahindra Manulife Small Cap Fund - Direct Plan - Growth",2023-12-04,15.2941
152107,"QUANTUM SMALL CAP FUND - DIRECT PLAN GROWTH OPTION",2023-12-04,10.24
150915,"Mahindra Manulife Small Cap Fund - Direct Plan - Growth",2023-12-05,15.3039
152107,"QUANTUM SMALL CAP FUND - DIRECT PLAN GROWTH OPTION",2023-12-05,10.22
150915,"Mahindra Manulife Small Cap Fund - Direct Plan - Growth",2023-12-06,15.3053
152107,"QUANTUM SMALL CAP FUND - DIRECT PLAN GROWTH OPTION",2023-12-06,10.22
150915,"Mahindra Manulife Small Cap Fund - Direct Plan - Growth",2023-12-07,15.3392
152107,"QUANTUM SMALL CAP FUND - DIRECT PLAN GROWTH OPTION",2023-12-07,10.22
150915,"Mahindra Manulife Small Cap Fund - Direct Plan - Growth",2023-12-08,15.2304
152107,"QUANTUM SMALL CAP FUND - DIRECT PLAN GROWTH OPTION",2023-12-08,10.22
150915,"Mahindra Manulife Small Cap Fund - Direct Plan - Growth",2023-12-11,15.3076
152107,"QUANTUM SMALL CAP FUND - DIRECT PLAN GROWTH OPTION",2023-12-11,10.26
150915,"Mahindra Manulife Small Cap Fund - Direct Plan - Growth",2023-12-12,15.2562
152107,"QUANTUM SMALL CAP FUND - DIRECT PLAN GROWTH OPTION",2023-12-12,10.31
150915,"Mahindra Manulife Small Cap Fund - Direct Plan - Growth",2023-12-13,15.4443
152107,"QUANTUM SMALL CAP FUND - DIRECT PLAN GROWTH OPTION",2023-12-13,10.36
150915,"Mahindra Manulife Small Cap Fund - Direct Plan - Growth",2023-12-14,15.5206
152107,"QUANTUM SMALL CAP FUND - DIRECT PLAN GROWTH OPTION",2023-12-14,10.46
150915,"Mahindra Manulife Small Cap Fund - Direct Plan - Growth",2023-12-15,15.6069
152107,"QUANTUM SMALL CAP FUND - DIRECT PLAN GROWTH OPTION",2023-12-15,10.48
150915,"Mahindra Manulife Small Cap Fund - Direct Plan - Growth",2023-12-18,15.6331
152107,"QUANTUM SMALL CAP FUND - DIRECT PLAN GROWTH OPTION",2023-12-18,10.51
150915,"Mahindra Manulife Small Cap Fund - Direct Plan - Growth",2023-12-19,15.6484
152107,"QUANTUM SMALL CAP FUND - DIRECT PLAN GROWTH OPTION",2023-12-19,10.51
150915,"Mahindra Manulife Small Cap Fund - Direct Plan - Growth",2023-12-20,15.1716
152107,"QUANTUM SMALL CAP FUND - DIRECT PLAN GROWTH OPTION",2023-12-20,10.32
150915,"Mahindra Manulife Small Cap Fund - Direct Plan - Growth",2023-12-21,15.4016
152107,"QUANTUM SMALL CAP FUND - DIRECT PLAN GROWTH OPTION",2023-12-21,10.44
150915,"Mahindra Manulife Small Cap Fund - Direct Plan - Growth",2023-12-22,15.578
152107,"QUANTUM SMALL CAP FUND - DIRECT PLAN GROWTH OPTION",2023-12-22,10.48
150915,"Mahindra Manulife Small Cap Fund - Direct Plan - Growth",2023-12-26,15.7031
152107,"QUANTUM SMALL CAP FUND - DIRECT PLAN GROWTH OPTION",2023-12-26,10.45
150915,"Mahindra Manulife Small Cap Fund - Direct Plan - Growth",2023-12-27,15.7281
152107,"QUANTUM SMALL CAP FUND - DIRECT PLAN GROWTH OPTION",2023-12-27,10.49
150915,"Mahindra Manulife Small Cap Fund - Direct Plan - Growth",2023-12-28,15.8124
152107,"QUANTUM SMALL CAP FUND - DIRECT PLAN GROWTH OPTION",2023-12-28,10.48
150915,"Mahindra Manulife Small Cap Fund - Direct Plan - Growth",2023-12-29,15.8914
152107,"QUANTUM SMALL CAP FUND - DIRECT PLAN GROWTH OPTION",2023-12-29,10.55
150915,"Mahindra Manulife Small Cap Fund - Direct Plan - Growth",2024-01-01,16.0671
152107,"QUANTUM SMALL CAP FUND - DIRECT PLAN GROWTH OPTION",2024-01-01,10.58
150915,"Mahindra Manulife Small Cap Fund - Direct Plan - Growth",2024-01-02,16.0873
152107,"QUANTUM SMALL CAP FUND - DIRECT PLAN GROWTH OPTION",2024-01-02,10.61
150915,"Mahindra Manulife Small Cap Fund - Direct Plan - Growth",2024-01-03,16.0728
152107,"QUANTUM SMALL CAP FUND - DIRECT PLAN GROWTH OPTION",2024-01-03,10.6
150915,"Mahindra Manulife Small Cap Fund - Direct Plan - Growth",2024-01-04,16.2907
152107,"QUANTUM SMALL CAP FUND - DIRECT PLAN GROWTH OPTION",2024-01-04,10.67
150915,"Mahindra Manulife Small Cap Fund - Direct Plan - Growth",2024-01-05,16.3333
152107,"QUANTUM SMALL CAP FUND - DIRECT PLAN GROWTH OPTION",2024-01-05,10.71
150915,"Mahindra Manulife Small Cap Fund - Direct Plan - Growth",2024-01-08,16.2117
152107,"QUANTUM SMALL CAP FUND - DIRECT PLAN GROWTH OPTION",2024-01-08,10.62
150915,"Mahindra Manulife Small Cap Fund - Direct Plan - Growth",2024-01-09,16.279
152107,"QUANTUM SMALL CAP FUND - DIRECT PLAN GROWTH OPTION",2024-01-09,10.64
150915,"Mahindra Manulife Small Cap Fund - Direct Plan - Growth",2024-01-10,16.309
152107,"QUANTUM SMALL CAP FUND - DIRECT PLAN GROWTH OPTION",2024-01-10,10.62
150915,"Mahindra Manulife Small Cap Fund - Direct Plan - Growth",2024-01-11,16.4214
152107,"QUANTUM SMALL CAP FUND - DIRECT PLAN GROWTH OPTION",2024-01-11,10.67
150915,"Mahindra Manulife Small Cap Fund - Direct Plan - Growth",2024-01-12,16.4813
152107,"QUANTUM SMALL CAP FUND - DIRECT PLAN GROWTH OPTION",2024-01-12,10.73
150915,"Mahindra Manulife Small Cap Fund - Direct Plan - Growth",2024-01-15,16.544
152107,"QUANTUM SMALL CAP FUND - DIRECT PLAN GROWTH OPTION",2024-01-15,10.77
150915,"Mahindra Manulife Small Cap Fund - Direct Plan - Growth",2024-01-16,16.5274
152107,"QUANTUM SMALL CAP FUND - DIRECT PLAN GROWTH OPTION",2024-01-16,10.71
150915,"Mahindra Manulife Small Cap Fund - Direct Plan - Growth",2024-01-17,16.3515
152107,"QUANTUM SMALL CAP FUND - DIRECT PLAN GROWTH OPTION",2024-01-17,10.62
150915,"Mahindra Manulife Small Cap Fund - Direct Plan - Growth",2024-01-18,16.3505
152107,"QUANTUM SMALL CAP FUND - DIRECT PLAN GROWTH OPTION",2024-01-18,10.58
150915,"Mahindra Manulife Small Cap Fund - Direct Plan - Growth",2024-01-19,16.5935
152107,"QUANTUM SMALL CAP FUND - DIRECT PLAN GROWTH OPTION",2024-01-19,10.66
150915,"Mahindra Manulife Small Cap Fund - Direct Plan - Growth",2024-01-23,16.1708
152107,"QUANTUM SMALL CAP FUND - DIRECT PLAN GROWTH OPTION",2024-01-23,10.54
150915,"Mahindra Manulife Small Cap Fund - Direct Plan - Growth",2024-01-24,16.4424
152107,"QUANTUM SMALL CAP FUND - DIRECT PLAN GROWTH OPTION",2024-01-24,10.61
150915,"Mahindra Manulife Small Cap Fund - Direct Plan - Growth",2024-01-25,16.5549
152107,"QUANTUM SMALL CAP FUND - DIRECT PLAN GROWTH OPTION",2024-01-25,10.65
150915,"Mahindra Manulife Small Cap Fund - Direct Plan - Growth",2024-01-29,16.8623
152107,"QUANTUM SMALL CAP FUND - DIRECT PLAN GROWTH OPTION",2024-01-29,10.72
150915,"Mahindra Manulife Small Cap Fund - Direct Plan - Growth",2024-01-30,16.8619
152107,"QUANTUM SMALL CAP FUND - DIRECT PLAN GROWTH OPTION",2024-01-30,10.71
150915,"Mahindra Manulife Small Cap Fund - Direct Plan - Growth",2024-01-31,17.0902
152107,"QUANTUM SMALL CAP FUND - DIRECT PLAN GROWTH OPTION",2024-01-31,10.84
150915,"Mahindra Manulife Small Cap Fund - Direct Plan - Growth",2024-02-01,17.0728
152107,"QUANTUM SMALL CAP FUND - DIRECT PLAN GROWTH OPTION",2024-02-01,10.82
150915,"Mahindra Manulife Small Cap Fund - Direct Plan - Growth",2024-02-02,17.1634
152107,"QUANTUM SMALL CAP FUND - DIRECT PLAN GROWTH OPTION",2024-02-02,10.88
150915,"Mahindra Manulife Small Cap Fund - Direct Plan - Growth",2024-02-05,17.1323
152107,"QUANTUM SMALL CAP FUND - DIRECT PLAN GROWTH OPTION",2024-02-05,10.89
150915,"Mahindra Manulife Small Cap Fund - Direct Plan - Growth",2024-02-06,17.3314
152107,"QUANTUM SMALL CAP FUND - DIRECT PLAN GROWTH OPTION",2024-02-06,10.98
150915,"Mahindra Manulife Small Cap Fund - Direct Plan - Growth",2024-02-07,17.3022
152107,"QUANTUM SMALL CAP FUND - DIRECT PLAN GROWTH OPTION",2024-02-07,10.98
150915,"Mahindra Manulife Small Cap Fund - Direct Plan - Growth",2024-02-08,17.279
152107,"QUANTUM SMALL CAP FUND - DIRECT PLAN GROWTH OPTION",2024-02-08,10.92
150915,"Mahindra Manulife Small Cap Fund - Direct Plan - Growth",2024-02-09,17.0376
152107,"QUANTUM SMALL CAP FUND - DIRECT PLAN GROWTH OPTION",2024-02-09,10.82
150915,"Mahindra Manulife Small Cap Fund - Direct Plan - Growth",2024-02-12,16.5091
152107,"QUANTUM SMALL CAP FUND - DIRECT PLAN GROWTH OPTION",2024-02-12,10.66
150915,"Mahindra Manulife Small Cap Fund - Direct Plan - Growth",2024-02-13,16.5305
152107,"QUANTUM SMALL CAP FUND - DIRECT PLAN GROWTH OPTION",2024-02-13,10.7
150915,"Mahindra Manulife Small Cap Fund - Direct Plan - Growth",2024-02-14,16.7674
152107,"QUANTUM SMALL CAP FUND - DIRECT PLAN GROWTH OPTION",2024-02-14,10.69
150915,"Mahindra Manulife Small Cap Fund - Direct Plan - Growth",2024-02-15,16.905
152107,"QUANTUM SMALL CAP FUND - DIRECT PLAN GROWTH OPTION",2024-02-15,10.77
150915,"Mahindra Manulife Small Cap Fund - Direct Plan - Growth",2024-02-16,17.008
152107,"QUANTUM SMALL CAP FUND - DIRECT PLAN GROWTH OPTION",2024-02-16,10.85
150915,"Mahindra Manulife Small Cap Fund - Direct Plan - Growth",2024-02-19,17.0698
152107,"QUANTUM SMALL CAP FUND - DIRECT PLAN GROWTH OPTION",2024-02-19,10.84
150915,"Mahindra Manulife Small Cap Fund - Direct Plan - Growth",2024-02-20,17.0088
152107,"QUANTUM SMALL CAP FUND - DIRECT PLAN GROWTH OPTION",2024-02-20,10.82
150915,"Mahindra Manulife Small Cap Fund - Direct Plan - Growth",2024-02-21,16.8445
152107,"QUANTUM SMALL CAP FUND - DIRECT PLAN GROWTH OPTION",2024-02-21,10.78
150915,"Mahindra Manulife Small Cap Fund - Direct Plan - Growth",2024-02-22,16.9513
152107,"QUANTUM SMALL CAP FUND - DIRECT PLAN GROWTH OPTION",2024-02-22,10.76
150915,"Mahindra Manulife Small Cap Fund - Direct Plan - Growth",2024-02-23,17.0574
152107,"QUANTUM SMALL CAP FUND - DIRECT PLAN GROWTH OPTION",2024-02-23,10.8
150915,"Mahindra Manulife Small Cap Fund - Direct Plan - Growth",2024-02-26,17.0818
152107,"QUANTUM SMALL CAP FUND - DIRECT PLAN GROWTH OPTION",2024-02-26,10.78
150915,"Mahindra Manulife Small Cap Fund - Direct Plan - Growth",2024-02-27,17.02
152107,"QUANTUM SMALL CAP FUND - DIRECT PLAN GROWTH OPTION",2024-02-27,10.82
150915,"Mahindra Manulife Small Cap Fund - Direct Plan - Growth",2024-02-28,16.6902
152107,"QUANTUM SMALL CAP FUND - DIRECT PLAN GROWTH OPTION",2024-02-28,10.68
150915,"Mahindra Manulife Small Cap Fund - Direct Plan - Growth",2024-02-29,16.7291
152107,"QUANTUM SMALL CAP FUND - DIRECT PLAN GROWTH OPTION",2024-02-29,10.7
150915,"Mahindra Manulife Small Cap Fund - Direct Plan - Growth",2024-03-01,16.8886
152107,"QUANTUM SMALL CAP FUND - DIRECT PLAN GROWTH OPTION",2024-03-01,10.8
150915,"Mahindra Manulife Small Cap Fund - Direct Plan - Growth",2024-03-04,16.9814
152107,"QUANTUM SMALL CAP FUND - DIRECT PLAN GROWTH OPTION",2024-03-04,10.83
150915,"Mahindra Manulife Small Cap Fund - Direct Plan - Growth",2024-03-05,16.8793
152107,"QUANTUM SMALL CAP FUND - DIRECT PLAN GROWTH OPTION",2024-03-05,10.74
150915,"Mahindra Manulife Small Cap Fund - Direct Plan - Growth",2024-03-06,16.66
152107,"QUANTUM SMALL CAP FUND - DIRECT PLAN GROWTH OPTION",2024-03-06,10.64
150915,"Mahindra Manulife Small Cap Fund - Direct Plan - Growth",2024-03-07,16.7742
152107,"QUANTUM SMALL CAP FUND - DIRECT PLAN GROWTH OPTION",2024-03-07,10.67
150915,"Mahindra Manulife Small Cap Fund - Direct Plan - Growth",2024-03-11,16.548
152107,"QUANTUM SMALL CAP FUND - DIRECT PLAN GROWTH OPTION",2024-03-11,10.53
150915,"Mahindra Manulife Small Cap Fund - Direct Plan - Growth",2024-03-12,16.2562
152107,"QUANTUM SMALL CAP FUND - DIRECT PLAN GROWTH OPTION",2024-03-12,10.45
150915,"Mahindra Manulife Small Cap Fund - Direct Plan - Growth",2024-03-13,15.545
152107,"QUANTUM SMALL CAP FUND - DIRECT PLAN GROWTH OPTION",2024-03-13,10.13
150915,"Mahindra Manulife Small Cap Fund - Direct Plan - Growth",2024-03-14,15.9178
152107,"QUANTUM SMALL CAP FUND - DIRECT PLAN GROWTH OPTION",2024-03-14,10.33
150915,"Mahindra Manulife Small Cap Fund - Direct Plan - Growth",2024-03-15,15.9069
152107,"QUANTUM SMALL CAP FUND - DIRECT PLAN GROWTH OPTION",2024-03-15,10.32
150915,"Mahindra Manulife Small Cap Fund - Direct Plan - Growth",2024-03-18,15.9419
152107,"QUANTUM SMALL CAP FUND - DIRECT PLAN GROWTH OPTION",2024-03-18,10.3
150915,"Mahindra Manulife Small Cap Fund - Direct Plan - Growth",2024-03-19,15.7932
152107,"QUANTUM SMALL CAP FUND - DIRECT PLAN GROWTH OPTION",2024-03-19,10.2
150915,"Mahindra Manulife Small Cap Fund - Direct Plan - Growth",2024-03-20,15.8287
152107,"QUANTUM SMALL CAP FUND - DIRECT PLAN GROWTH OPTION",2024-03-20,10.19
150915,"Mahindra Manulife Small Cap Fund - Direct Plan - Growth",2024-03-21,16.2243
152107,"QUANTUM SMALL CAP FUND - DIRECT PLAN GROWTH OPTION",2024-03-21,10.35
150915,"Mahindra Manulife Small Cap Fund - Direct Plan - Growth",2024-03-22,16.3427
152107,"QUANTUM SMALL CAP FUND - DIRECT PLAN GROWTH OPTION",2024-03-22,10.39
150915,"Mahindra Manulife Small Cap Fund - Direct Plan - Growth",2024-03-26,16.3735
152107,"QUANTUM SMALL CAP FUND - DIRECT PLAN GROWTH OPTION",2024-03-26,10.38
150915,"Mahindra Manulife Small Cap Fund - Direct Plan - Growth",2024-03-27,16.5421
152107,"QUANTUM SMALL CAP FUND - DIRECT PLAN GROWTH OPTION",2024-03-27,10.42
150915,"Mahindra Manulife Small Cap Fund - Direct Plan - Growth",2024-03-28,16.6426
152107,"QUANTUM SMALL CAP FUND - DIRECT PLAN GROWTH OPTION",2024-03-28,10.43
150915,"Mahindra Manulife Small Cap Fund - Direct Plan - Growth",2024-03-31,16.6427
152107,"QUANTUM SMALL CAP FUND - DIRECT PLAN GROWTH OPTION",2024-03-31,10.44
150915,"Mahindra Manulife Small Cap Fund - Direct Plan - Growth",2024-04-01,17.0005
152107,"QUANTUM SMALL CAP FUND - DIRECT PLAN GROWTH OPTION",2024-04-01,10.6
150915,"Mahindra Manulife Small Cap Fund - Direct Plan - Growth",2024-04-02,17.1428
152107,"QUANTUM SMALL CAP FUND - DIRECT PLAN GROWTH OPTION",2024-04-02,10.69
150915,"Mahindra Manulife Small Cap Fund - Direct Plan - Growth",2024-04-03,17.3037
152107,"QUANTUM SMALL CAP FUND - DIRECT PLAN GROWTH OPTION",2024-04-03,10.74
150915,"Mahindra Manulife Small Cap Fund - Direct Plan - Growth",2024-04-04,17.4113
152107,"QUANTUM SMALL CAP FUND - DIRECT PLAN GROWTH OPTION",2024-04-04,10.8
150915,"Mahindra Manulife Small Cap Fund - Direct Plan - Growth",2024-04-05,17.4451
152107,"QUANTUM SMALL CAP FUND - DIRECT PLAN GROWTH OPTION",2024-04-05,10.81
150915,"Mahindra Manulife Small Cap Fund - Direct Plan - Growth",2024-04-08,17.4684
152107,"QUANTUM SMALL CAP FUND - DIRECT PLAN GROWTH OPTION",2024-04-08,10.86
150915,"Mahindra Manulife Small Cap Fund - Direct Plan - Growth",2024-04-09,17.5062
152107,"QUANTUM SMALL CAP FUND - DIRECT PLAN GROWTH OPTION",2024-04-09,10.84
150915,"Mahindra Manulife Small Cap Fund - Direct Plan - Growth",2024-04-10,17.5939
152107,"QUANTUM SMALL CAP FUND - DIRECT PLAN GROWTH OPTION",2024-04-10,10.91
150915,"Mahindra Manulife Small Cap Fund - Direct Plan - Growth",2024-04-12,17.4306
152107,"QUANTUM SMALL CAP FUND - DIRECT PLAN GROWTH OPTION",2024-04-12,10.88
150915,"Mahindra Manulife Small Cap Fund - Direct Plan - Growth",2024-04-15,17.2467
152107,"QUANTUM SMALL CAP FUND - DIRECT PLAN GROWTH OPTION",2024-04-15,10.79
150915,"Mahindra Manulife Small Cap Fund - Direct Plan - Growth",2024-04-16,17.3441
152107,"QUANTUM SMALL CAP FUND - DIRECT PLAN GROWTH OPTION",2024-04-16,10.82
150915,"Mahindra Manulife Small Cap Fund - Direct Plan - Growth",2024-04-18,17.2618
152107,"QUANTUM SMALL CAP FUND - DIRECT PLAN GROWTH OPTION",2024-04-18,10.83
150915,"Mahindra Manulife Small Cap Fund - Direct Plan - Growth",2024-04-19,17.2564
152107,"QUANTUM SMALL CAP FUND - DIRECT PLAN GROWTH OPTION",2024-04-19,10.81
150915,"Mahindra Manulife Small Cap Fund - Direct Plan - Growth",2024-04-22,17.4991
152107,"QUANTUM SMALL CAP FUND - DIRECT PLAN GROWTH OPTION",2024-04-22,10.86
150915,"Mahindra Manulife Small Cap Fund - Direct Plan - Growth",2024-04-23,17.7245
152107,"QUANTUM SMALL CAP FUND - DIRECT PLAN GROWTH OPTION",2024-04-23,10.9
150915,"Mahindra Manulife Small Cap Fund - Direct Plan - Growth",2024-04-24,17.7834
152107,"QUANTUM SMALL CAP FUND - DIRECT PLAN GROWTH OPTION",2024-04-24,10.92
150915,"Mahindra Manulife Small Cap Fund - Direct Plan - Growth",2024-04-25,17.9347
152107,"QUANTUM SMALL CAP FUND - DIRECT PLAN GROWTH OPTION",2024-04-25,10.97
150915,"Mahindra Manulife Small Cap Fund - Direct Plan - Growth",2024-04-26,18.0101
152107,"QUANTUM SMALL CAP FUND - DIRECT PLAN GROWTH OPTION",2024-04-26,11.04
150915,"Mahindra Manulife Small Cap Fund - Direct Plan - Growth",2024-04-29,18.0954
152107,"QUANTUM SMALL CAP FUND - DIRECT PLAN GROWTH OPTION",2024-04-29,11.05
150915,"Mahindra Manulife Small Cap Fund - Direct Plan - Growth",2024-04-30,18.1317
152107,"QUANTUM SMALL CAP FUND - DIRECT PLAN GROWTH OPTION",2024-04-30,11.08
150915,"Mahindra Manulife Small Cap Fund - Direct Plan - Growth",2024-05-02,18.2801
152107,"QUANTUM SMALL CAP FUND - DIRECT PLAN GROWTH OPTION",2024-05-02,11.09
150915,"Mahindra Manulife Small Cap Fund - Direct Plan - Growth",2024-05-03,18.2592
152107,"QUANTUM SMALL CAP FUND - DIRECT PLAN GROWTH OPTION",2024-05-03,11.01
150915,"Mahindra Manulife Small Cap Fund - Direct Plan - Growth",2024-05-06,18.0195
152107,"QUANTUM SMALL CAP FUND - DIRECT PLAN GROWTH OPTION",2024-05-06,10.95
150915,"Mahindra Manulife Small Cap Fund - Direct Plan - Growth",2024-05-07,17.7772
152107,"QUANTUM SMALL CAP FUND - DIRECT PLAN GROWTH OPTION",2024-05-07,10.84
150915,"Mahindra Manulife Small Cap Fund - Direct Plan - Growth",2024-05-08,17.9798
152107,"QUANTUM SMALL CAP FUND - DIRECT PLAN GROWTH OPTION",2024-05-08,10.89
150915,"Mahindra Manulife Small Cap Fund - Direct Plan - Growth",2024-05-09,17.549
152107,"QUANTUM SMALL CAP FUND - DIRECT PLAN GROWTH OPTION",2024-05-09,10.72
150915,"Mahindra Manulife Small Cap Fund - Direct Plan - Growth",2024-05-10,17.635
152107,"QUANTUM SMALL CAP FUND - DIRECT PLAN GROWTH OPTION",2024-05-10,10.74
150915,"Mahindra Manulife Small Cap Fund - Direct Plan - Growth",2024-05-13,17.6772
152107,"QUANTUM SMALL CAP FUND - DIRECT PLAN GROWTH OPTION",2024-05-13,10.72
150915,"Mahindra Manulife Small Cap Fund - Direct Plan - Growth",2024-05-14,17.9732
152107,"QUANTUM SMALL CAP FUND - DIRECT PLAN GROWTH OPTION",2024-05-14,10.81
150915,"Mahindra Manulife Small Cap Fund - Direct Plan - Growth",2024-05-15,18.1603
152107,"QUANTUM SMALL CAP FUND - DIRECT PLAN GROWTH OPTION",2024-05-15,10.92
150915,"Mahindra Manulife Small Cap Fund - Direct Plan - Growth",2024-05-16,18.2257
152107,"QUANTUM SMALL CAP FUND - DIRECT PLAN GROWTH OPTION",2024-05-16,11
150915,"Mahindra Manulife Small Cap Fund - Direct Plan - Growth",2024-05-17,18.5831
152107,"QUANTUM SMALL CAP FUND - DIRECT PLAN GROWTH OPTION",2024-05-17,11.09
150915,"Mahindra Manulife Small Cap Fund - Direct Plan - Growth",2024-05-21,18.7241
152107,"QUANTUM SMALL CAP FUND - DIRECT PLAN GROWTH OPTION",2024-05-21,11.13
150915,"Mahindra Manulife Small Cap Fund - Direct Plan - Growth",2024-05-22,18.6833
152107,"QUANTUM SMALL CAP FUND - DIRECT PLAN GROWTH OPTION",2024-05-22,11.15
150915,"Mahindra Manulife Small Cap Fund - Direct Plan - Growth",2024-05-23,18.6985
152107,"QUANTUM SMALL CAP FUND - DIRECT PLAN GROWTH OPTION",2024-05-23,11.14
150915,"Mahindra Manulife Small Cap Fund - Direct Plan - Growth",2024-05-24,18.633
152107,"QUANTUM SMALL CAP FUND - DIRECT PLAN GROWTH OPTION",2024-05-24,11.07
150915,"Mahindra Manulife Small Cap Fund - Direct Plan - Growth",2024-05-27,18.535
152107,"QUANTUM SMALL CAP FUND - DIRECT PLAN GROWTH OPTION",2024-05-27,11.05
150915,"Mahindra Manulife Small Cap Fund - Direct Plan - Growth",2024-05-28,18.3785
152107,"QUANTUM SMALL CAP FUND - DIRECT PLAN GROWTH OPTION",2024-05-28,11
150915,"Mahindra Manulife Small Cap Fund - Direct Plan - Growth",2024-05-29,18.4053
152107,"QUANTUM SMALL CAP FUND - DIRECT PLAN GROWTH OPTION",2024-05-29,10.94
150915,"Mahindra Manulife Small Cap Fund - Direct Plan - Growth",2024-05-30,18.1713
152107,"QUANTUM SMALL CAP FUND - DIRECT PLAN GROWTH OPTION",2024-05-30,10.87
150915,"Mahindra Manulife Small Cap Fund - Direct Plan - Growth",2024-05-31,18.341
152107,"QUANTUM SMALL CAP FUND - DIRECT PLAN GROWTH OPTION",2024-05-31,10.95
150915,"Mahindra Manulife Small Cap Fund - Direct Plan - Growth",2024-06-03,18.8527
152107,"QUANTUM SMALL CAP FUND - DIRECT PLAN GROWTH OPTION",2024-06-03,11.06
150915,"Mahindra Manulife Small Cap Fund - Direct Plan - Growth",2024-06-04,17.312
152107,"QUANTUM SMALL CAP FUND - DIRECT PLAN GROWTH OPTION",2024-06-04,10.63
150915,"Mahindra Manulife Small Cap Fund - Direct Plan - Growth",2024-06-05,17.8321
152107,"QUANTUM SMALL CAP FUND - DIRECT PLAN GROWTH OPTION",2024-06-05,10.92
150915,"Mahindra Manulife Small Cap Fund - Direct Plan - Growth",2024-06-06,18.3341
152107,"QUANTUM SMALL CAP FUND - DIRECT PLAN GROWTH OPTION",2024-06-06,11.12
150915,"Mahindra Manulife Small Cap Fund - Direct Plan - Growth",2024-06-07,18.7211
152107,"QUANTUM SMALL CAP FUND - DIRECT PLAN GROWTH OPTION",2024-06-07,11.31
150915,"Mahindra Manulife Small Cap Fund - Direct Plan - Growth",2024-06-10,18.8717
152107,"QUANTUM SMALL CAP FUND - DIRECT PLAN GROWTH OPTION",2024-06-10,11.44
150915,"Mahindra Manulife Small Cap Fund - Direct Plan - Growth",2024-06-11,19.0049
152107,"QUANTUM SMALL CAP FUND - DIRECT PLAN GROWTH OPTION",2024-06-11,11.51
150915,"Mahindra Manulife Small Cap Fund - Direct Plan - Growth",2024-06-12,19.0824
152107,"QUANTUM SMALL CAP FUND - DIRECT PLAN GROWTH OPTION",2024-06-12,11.6
150915,"Mahindra Manulife Small Cap Fund - Direct Plan - Growth",2024-06-13,19.2549
152107,"QUANTUM SMALL CAP FUND - DIRECT PLAN GROWTH OPTION",2024-06-13,11.69
150915,"Mahindra Manulife Small Cap Fund - Direct Plan - Growth",2024-06-14,19.4434
152107,"QUANTUM SMALL CAP FUND - DIRECT PLAN GROWTH OPTION",2024-06-14,11.73
150915,"Mahindra Manulife Small Cap Fund - Direct Plan - Growth",2024-06-18,19.5705
152107,"QUANTUM SMALL CAP FUND - DIRECT PLAN GROWTH OPTION",2024-06-18,11.78
150915,"Mahindra Manulife Small Cap Fund - Direct Plan - Growth",2024-06-19,19.395
152107,"QUANTUM SMALL CAP FUND - DIRECT PLAN GROWTH OPTION",2024-06-19,11.76
150915,"Mahindra Manulife Small Cap Fund - Direct Plan - Growth",2024-06-20,19.424
152107,"QUANTUM SMALL CAP FUND - DIRECT PLAN GROWTH OPTION",2024-06-20,11.78
150915,"Mahindra Manulife Small Cap Fund - Direct Plan - Growth",2024-06-21,19.3931
152107,"QUANTUM SMALL CAP FUND - DIRECT PLAN GROWTH OPTION",2024-06-21,11.79
150915,"Mahindra Manulife Small Cap Fund - Direct Plan - Growth",2024-06-24,19.4877
152107,"QUANTUM SMALL CAP FUND - DIRECT PLAN GROWTH OPTION",2024-06-24,11.77
152614,"JM Small Cap Fund (Direct) - Growth Option",2024-06-24,9.9899
150915,"Mahindra Manulife Small Cap Fund - Direct Plan - Growth",2024-06-25,19.4653
152107,"QUANTUM SMALL CAP FUND - DIRECT PLAN GROWTH OPTION",2024-06-25,11.82
152614,"JM Small Cap Fund (Direct) - Growth Option",2024-06-25,9.9969
150915,"Mahindra Manulife Small Cap Fund - Direct Plan - Growth",2024-06-26,19.5968
152107,"QUANTUM SMALL CAP FUND - DIRECT PLAN GROWTH OPTION",2024-06-26,11.82
152614,"JM Small Cap Fund (Direct) - Growth Option",2024-06-26,10.019
150915,"Mahindra Manulife Small Cap Fund - Direct Plan - Growth",2024-06-27,19.5577
152107,"QUANTUM SMALL CAP FUND - DIRECT PLAN GROWTH OPTION",2024-06-27,11.77
152614,"JM Small Cap Fund (Direct) - Growth Option",2024-06-27,9.9051
150915,"Mahindra Manulife Small Cap Fund - Direct Plan - Growth",2024-06-28,19.7149
152107,"QUANTUM SMALL CAP FUND - DIRECT PLAN GROWTH OPTION",2024-06-28,11.81
152614,"JM Small Cap Fund (Direct) - Growth Option",2024-06-28,9.911
150915,"Mahindra Manulife Small Cap Fund - Direct Plan - Growth",2024-07-01,20.1033
152107,"QUANTUM SMALL CAP FUND - DIRECT PLAN GROWTH OPTION",2024-07-01,11.97
152614,"JM Small Cap Fund (Direct) - Growth Option",2024-07-01,10.0562
150915,"Mahindra Manulife Small Cap Fund - Direct Plan - Growth",2024-07-02,20.1892
152107,"QUANTUM SMALL CAP FUND - DIRECT PLAN GROWTH OPTION",2024-07-02,12.03
152614,"JM Small Cap Fund (Direct) - Growth Option",2024-07-02,10.1099
150915,"Mahindra Manulife Small Cap Fund - Direct Plan - Growth",2024-07-03,20.3043
152107,"QUANTUM SMALL CAP FUND - DIRECT PLAN GROWTH OPTION",2024-07-03,12.09
152614,"JM Small Cap Fund (Direct) - Growth Option",2024-07-03,10.2155
150915,"Mahindra Manulife Small Cap Fund - Direct Plan - Growth",2024-07-04,20.4123
152107,"QUANTUM SMALL CAP FUND - DIRECT PLAN GROWTH OPTION",2024-07-04,12.07
152614,"JM Small Cap Fund (Direct) - Growth Option",2024-07-04,10.2368
150915,"Mahindra Manulife Small Cap Fund - Direct Plan - Growth",2024-07-05,20.6221
152107,"QUANTUM SMALL CAP FUND - DIRECT PLAN GROWTH OPTION",2024-07-05,12.08
152614,"JM Small Cap Fund (Direct) - Growth Option",2024-07-05,10.314
150915,"Mahindra Manulife Small Cap Fund - Direct Plan - Growth",2024-07-08,20.7458
152107,"QUANTUM SMALL CAP FUND - DIRECT PLAN GROWTH OPTION",2024-07-08,12.04
152614,"JM Small Cap Fund (Direct) - Growth Option",2024-07-08,10.292
150915,"Mahindra Manulife Small Cap Fund - Direct Plan - Growth",2024-07-09,20.7114
152107,"QUANTUM SMALL CAP FUND - DIRECT PLAN GROWTH OPTION",2024-07-09,12.1
152614,"JM Small Cap Fund (Direct) - Growth Option",2024-07-09,10.2926
150915,"Mahindra Manulife Small Cap Fund - Direct Plan - Growth",2024-07-10,20.5785
152107,"QUANTUM SMALL CAP FUND - DIRECT PLAN GROWTH OPTION",2024-07-10,12.06
152614,"JM Small Cap Fund (Direct) - Growth Option",2024-07-10,10.1899
150915,"Mahindra Manulife Small Cap Fund - Direct Plan - Growth",2024-07-11,20.7487
152107,"QUANTUM SMALL CAP FUND - DIRECT PLAN GROWTH OPTION",2024-07-11,12.1
152614,"JM Small Cap Fund (Direct) - Growth Option",2024-07-11,10.2644
150915,"Mahindra Manulife Small Cap Fund - Direct Plan - Growth",2024-07-12,20.6595
152107,"QUANTUM SMALL CAP FUND - DIRECT PLAN GROWTH OPTION",2024-07-12,12.11
152614,"JM Small Cap Fund (Direct) - Growth Option",2024-07-12,10.2431
150915,"Mahindra Manulife Small Cap Fund - Direct Plan - Growth",2024-07-15,20.7144
152107,"QUANTUM SMALL CAP FUND - DIRECT PLAN GROWTH OPTION",2024-07-15,12.1
152614,"JM Small Cap Fund (Direct) - Growth Option",2024-07-15,10.2832
150915,"Mahindra Manulife Small Cap Fund - Direct Plan - Growth",2024-07-16,20.742
152107,"QUANTUM SMALL CAP FUND - DIRECT PLAN GROWTH OPTION",2024-07-16,12.09
152614,"JM Small Cap Fund (Direct) - Growth Option",2024-07-16,10.2767
150915,"Mahindra Manulife Small Cap Fund - Direct Plan - Growth",2024-07-18,20.5663
152107,"QUANTUM SMALL CAP FUND - DIRECT PLAN GROWTH OPTION",2024-07-18,12.06
152614,"JM Small Cap Fund (Direct) - Growth Option",2024-07-18,10.1869
150915,"Mahindra Manulife Small Cap Fund - Direct Plan - Growth",2024-07-19,20.0866
152107,"QUANTUM SMALL CAP FUND - DIRECT PLAN GROWTH OPTION",2024-07-19,11.9
152614,"JM Small Cap Fund (Direct) - Growth Option",2024-07-19,9.9755
150915,"Mahindra Manulife Small Cap Fund - Direct Plan - Growth",2024-07-22,20.3053
152107,"QUANTUM SMALL CAP FUND - DIRECT PLAN GROWTH OPTION",2024-07-22,11.94
152614,"JM Small Cap Fund (Direct) - Growth Option",2024-07-22,10.0511
150915,"Mahindra Manulife Small Cap Fund - Direct Plan - Growth",2024-07-23,20.2399
152107,"QUANTUM SMALL CAP FUND - DIRECT PLAN GROWTH OPTION",2024-07-23,11.96
152614,"JM Small Cap Fund (Direct) - Growth Option",2024-07-23,9.9938
150915,"Mahindra Manulife Small Cap Fund - Direct Plan - Growth",2024-07-24,20.5699
152107,"QUANTUM SMALL CAP FUND - DIRECT PLAN GROWTH OPTION",2024-07-24,12.11
152614,"JM Small Cap Fund (Direct) - Growth Option",2024-07-24,10.1818
150915,"Mahindra Manulife Small Cap Fund - Direct Plan - Growth",2024-07-25,20.5451
152107,"QUANTUM SMALL CAP FUND - DIRECT PLAN GROWTH OPTION",2024-07-25,12.14
152614,"JM Small Cap Fund (Direct) - Growth Option",2024-07-25,10.1748
150915,"Mahindra Manulife Small Cap Fund - Direct Plan - Growth",2024-07-26,20.7839
152107,"QUANTUM SMALL CAP FUND - DIRECT PLAN GROWTH OPTION",2024-07-26,12.23
152614,"JM Small Cap Fund (Direct) - Growth Option",2024-07-26,10.2662
150915,"Mahindra Manulife Small Cap Fund - Direct Plan - Growth",2024-07-29,20.9659
152107,"QUANTUM SMALL CAP FUND - DIRECT PLAN GROWTH OPTION",2024-07-29,12.27
152614,"JM Small Cap Fund (Direct) - Growth Option",2024-07-29,10.3597
150915,"Mahindra Manulife Small Cap Fund - Direct Plan - Growth",2024-07-30,21.1246
152107,"QUANTUM SMALL CAP FUND - DIRECT PLAN GROWTH OPTION",2024-07-30,12.33
152614,"JM Small Cap Fund (Direct) - Growth Option",2024-07-30,10.4234
150915,"Mahindra Manulife Small Cap Fund - Direct Plan - Growth",2024-07-31,21.1354
152107,"QUANTUM SMALL CAP FUND - DIRECT PLAN GROWTH OPTION",2024-07-31,12.33
152614,"JM Small Cap Fund (Direct) - Growth Option",2024-07-31,10.3798
150915,"Mahindra Manulife Small Cap Fund - Direct Plan - Growth",2024-08-01,21.0667
152107,"QUANTUM SMALL CAP FUND - DIRECT PLAN GROWTH OPTION",2024-08-01,12.26
152614,"JM Small Cap Fund (Direct) - Growth Option",2024-08-01,10.3254
150915,"Mahindra Manulife Small Cap Fund - Direct Plan - Growth",2024-08-02,20.9263
152107,"QUANTUM SMALL CAP FUND - DIRECT PLAN GROWTH OPTION",2024-08-02,12.21
152614,"JM Small Cap Fund (Direct) - Growth Option",2024-08-02,10.2641
150915,"Mahindra Manulife Small Cap Fund - Direct Plan - Growth",2024-08-05,20.1166
152107,"QUANTUM SMALL CAP FUND - DIRECT PLAN GROWTH OPTION",2024-08-05,11.86
152614,"JM Small Cap Fund (Direct) - Growth Option",2024-08-05,9.8244
150915,"Mahindra Manulife Small Cap Fund - Direct Plan - Growth",2024-08-06,20.0588
152107,"QUANTUM SMALL CAP FUND - DIRECT PLAN GROWTH OPTION",2024-08-06,11.82
152614,"JM Small Cap Fund (Direct) - Growth Option",2024-08-06,9.811
150915,"Mahindra Manulife Small Cap Fund - Direct Plan - Growth",2024-08-07,20.4285
152107,"QUANTUM SMALL CAP FUND - DIRECT PLAN GROWTH OPTION",2024-08-07,11.96
152614,"JM Small Cap Fund (Direct) - Growth Option",2024-08-07,10.0501
150915,"Mahindra Manulife Small Cap Fund - Direct Plan - Growth",2024-08-08,20.3653
152107,"QUANTUM SMALL CAP FUND - DIRECT PLAN GROWTH OPTION",2024-08-08,11.93
152614,"JM Small Cap Fund (Direct) - Growth Option",2024-08-08,10.0753
150915,"Mahindra Manulife Small Cap Fund - Direct Plan - Growth",2024-08-09,20.4501
152107,"QUANTUM SMALL CAP FUND - DIRECT PLAN GROWTH OPTION",2024-08-09,12.02
152614,"JM Small Cap Fund (Direct) - Growth Option",2024-08-09,10.1876
150915,"Mahindra Manulife Small Cap Fund - Direct Plan - Growth",2024-08-12,20.6272
152107,"QUANTUM SMALL CAP FUND - DIRECT PLAN GROWTH OPTION",2024-08-12,12.13
152614,"JM Small Cap Fund (Direct) - Growth Option",2024-08-12,10.2467
150915,"Mahindra Manulife Small Cap Fund - Direct Plan - Growth",2024-08-13,20.3359
152107,"QUANTUM SMALL CAP FUND - DIRECT PLAN GROWTH OPTION",2024-08-13,12.05
152614,"JM Small Cap Fund (Direct) - Growth Option",2024-08-13,10.0954
150915,"Mahindra Manulife Small Cap Fund - Direct Plan - Growth",2024-08-14,20.248
152107,"QUANTUM SMALL CAP FUND - DIRECT PLAN GROWTH OPTION",2024-08-14,12.02
152614,"JM Small Cap Fund (Direct) - Growth Option",2024-08-14,10.0725
150915,"Mahindra Manulife Small Cap Fund - Direct Plan - Growth",2024-08-16,20.6666
152107,"QUANTUM SMALL CAP FUND - DIRECT PLAN GROWTH OPTION",2024-08-16,12.23
152614,"JM Small Cap Fund (Direct) - Growth Option",2024-08-16,10.3013
150915,"Mahindra Manulife Small Cap Fund - Direct Plan - Growth",2024-08-19,20.9577
152107,"QUANTUM SMALL CAP FUND - DIRECT PLAN GROWTH OPTION",2024-08-19,12.33
152614,"JM Small Cap Fund (Direct) - Growth Option",2024-08-19,10.4818
150915,"Mahindra Manulife Small Cap Fund - Direct Plan - Growth",2024-08-20,21.0105
152107,"QUANTUM SMALL CAP FUND - DIRECT PLAN GROWTH OPTION",2024-08-20,12.43
152614,"JM Small Cap Fund (Direct) - Growth Option",2024-08-20,10.5506
150915,"Mahindra Manulife Small Cap Fund - Direct Plan - Growth",2024-08-21,21.2767
152107,"QUANTUM SMALL CAP FUND - DIRECT PLAN GROWTH OPTION",2024-08-21,12.56
152614,"JM Small Cap Fund (Direct) - Growth Option",2024-08-21,10.6244
150915,"Mahindra Manulife Small Cap Fund - Direct Plan - Growth",2024-08-22,21.3569
152107,"QUANTUM SMALL CAP FUND - DIRECT PLAN GROWTH OPTION",2024-08-22,12.58
152614,"JM Small Cap Fund (Direct) - Growth Option",2024-08-22,10.6699
150915,"Mahindra Manulife Small Cap Fund - Direct Plan - Growth",2024-08-23,21.5049
152107,"QUANTUM SMALL CAP FUND - DIRECT PLAN GROWTH OPTION",2024-08-23,12.62
152614,"JM Small Cap Fund (Direct) - Growth Option",2024-08-23,10.7227
150915,"Mahindra Manulife Small Cap Fund - Direct Plan - Growth",2024-08-26,21.5086
152107,"QUANTUM SMALL CAP FUND - DIRECT PLAN GROWTH OPTION",2024-08-26,12.72
152614,"JM Small Cap Fund (Direct) - Growth Option",2024-08-26,10.7068
150915,"Mahindra Manulife Small Cap Fund - Direct Plan - Growth",2024-08-27,21.6504
152107,"QUANTUM SMALL CAP FUND - DIRECT PLAN GROWTH OPTION",2024-08-27,12.76
152614,"JM Small Cap Fund (Direct) - Growth Option",2024-08-27,10.7525
150915,"Mahindra Manulife Small Cap Fund - Direct Plan - Growth",2024-08-28,21.6314
152107,"QUANTUM SMALL CAP FUND - DIRECT PLAN GROWTH OPTION",2024-08-28,12.76
152614,"JM Small Cap Fund (Direct) - Growth Option",2024-08-28,10.7594
150915,"Mahindra Manulife Small Cap Fund - Direct Plan - Growth",2024-08-29,21.4744
152107,"QUANTUM SMALL CAP FUND - DIRECT PLAN GROWTH OPTION",2024-08-29,12.73
152614,"JM Small Cap Fund (Direct) - Growth Option",2024-08-29,10.6905
150915,"Mahindra Manulife Small Cap Fund - Direct Plan - Growth",2024-08-30,21.6576
152107,"QUANTUM SMALL CAP FUND - DIRECT PLAN GROWTH OPTION",2024-08-30,12.8
152614,"JM Small Cap Fund (Direct) - Growth Option",2024-08-30,10.8296
150915,"Mahindra Manulife Small Cap Fund - Direct Plan - Growth",2024-09-02,21.5185
152107,"QUANTUM SMALL CAP FUND - DIRECT PLAN GROWTH OPTION",2024-09-02,12.77
152614,"JM Small Cap Fund (Direct) - Growth Option",2024-09-02,10.7831
150915,"Mahindra Manulife Small Cap Fund - Direct Plan - Growth",2024-09-03,21.7993
152107,"QUANTUM SMALL CAP FUND - DIRECT PLAN GROWTH OPTION",2024-09-03,12.85
152614,"JM Small Cap Fund (Direct) - Growth Option",2024-09-03,10.864
150915,"Mahindra Manulife Small Cap Fund - Direct Plan - Growth",2024-09-04,21.8799
152107,"QUANTUM SMALL CAP FUND - DIRECT PLAN GROWTH OPTION",2024-09-04,12.91
152614,"JM Small Cap Fund (Direct) - Growth Option",2024-09-04,10.8308
150915,"Mahindra Manulife Small Cap Fund - Direct Plan - Growth",2024-09-05,21.9791
152107,"QUANTUM SMALL CAP FUND - DIRECT PLAN GROWTH OPTION",2024-09-05,12.96
152614,"JM Small Cap Fund (Direct) - Growth Option",2024-09-05,10.8754
150915,"Mahindra Manulife Small Cap Fund - Direct Plan - Growth",2024-09-06,21.7456
152107,"QUANTUM SMALL CAP FUND - DIRECT PLAN GROWTH OPTION",2024-09-06,12.87
152614,"JM Small Cap Fund (Direct) - Growth Option",2024-09-06,10.8067
150915,"Mahindra Manulife Small Cap Fund - Direct Plan - Growth",2024-09-09,21.5617
152107,"QUANTUM SMALL CAP FUND - DIRECT PLAN GROWTH OPTION",2024-09-09,12.8
152614,"JM Small Cap Fund (Direct) - Growth Option",2024-09-09,10.7133
150915,"Mahindra Manulife Small Cap Fund - Direct Plan - Growth",2024-09-10,21.8939
152107,"QUANTUM SMALL CAP FUND - DIRECT PLAN GROWTH OPTION",2024-09-10,12.92
152614,"JM Small Cap Fund (Direct) - Growth Option",2024-09-10,10.8845
150915,"Mahindra Manulife Small Cap Fund - Direct Plan - Growth",2024-09-11,21.8313
152107,"QUANTUM SMALL CAP FUND - DIRECT PLAN GROWTH OPTION",2024-09-11,12.84
152614,"JM Small Cap Fund (Direct) - Growth Option",2024-09-11,10.7785
150915,"Mahindra Manulife Small Cap Fund - Direct Plan - Growth",2024-09-12,21.9712
152107,"QUANTUM SMALL CAP FUND - DIRECT PLAN GROWTH OPTION",2024-09-12,12.9
152614,"JM Small Cap Fund (Direct) - Growth Option",2024-09-12,10.8522
150915,"Mahindra Manulife Small Cap Fund - Direct Plan - Growth",2024-09-13,22.0656
152107,"QUANTUM SMALL CAP FUND - DIRECT PLAN GROWTH OPTION",2024-09-13,12.95
152614,"JM Small Cap Fund (Direct) - Growth Option",2024-09-13,11.0017
150915,"Mahindra Manulife Small Cap Fund - Direct Plan - Growth",2024-09-16,22.063
152107,"QUANTUM SMALL CAP FUND - DIRECT PLAN GROWTH OPTION",2024-09-16,12.94
152614,"JM Small Cap Fund (Direct) - Growth Option",2024-09-16,11.0683
150915,"Mahindra Manulife Small Cap Fund - Direct Plan - Growth",2024-09-17,22.0107
152107,"QUANTUM SMALL CAP FUND - DIRECT PLAN GROWTH OPTION",2024-09-17,12.95
152614,"JM Small Cap Fund (Direct) - Growth Option",2024-09-17,11.0356
150915,"Mahindra Manulife Small Cap Fund - Direct Plan - Growth",2024-09-18,21.9235
152107,"QUANTUM SMALL CAP FUND - DIRECT PLAN GROWTH OPTION",2024-09-18,12.88
152614,"JM Small Cap Fund (Direct) - Growth Option",2024-09-18,11.0226
150915,"Mahindra Manulife Small Cap Fund - Direct Plan - Growth",2024-09-19,21.6916
152107,"QUANTUM SMALL CAP FUND - DIRECT PLAN GROWTH OPTION",2024-09-19,12.79
152614,"JM Small Cap Fund (Direct) - Growth Option",2024-09-19,10.8847
150915,"Mahindra Manulife Small Cap Fund - Direct Plan - Growth",2024-09-20,21.8394
152107,"QUANTUM SMALL CAP FUND - DIRECT PLAN GROWTH OPTION",2024-09-20,12.87
152614,"JM Small Cap Fund (Direct) - Growth Option",2024-09-20,11.0232
150915,"Mahindra Manulife Small Cap Fund - Direct Plan - Growth",2024-09-23,22.0841
152107,"QUANTUM SMALL CAP FUND - DIRECT PLAN GROWTH OPTION",2024-09-23,12.92
152614,"JM Small Cap Fund (Direct) - Growth Option",2024-09-23,11.1172
150915,"Mahindra Manulife Small Cap Fund - Direct Plan - Growth",2024-09-24,22.0674
152107,"QUANTUM SMALL CAP FUND - DIRECT PLAN GROWTH OPTION",2024-09-24,12.85
152614,"JM Small Cap Fund (Direct) - Growth Option",2024-09-24,11.1178
150915,"Mahindra Manulife Small Cap Fund - Direct Plan - Growth",2024-09-25,22.0471
152107,"QUANTUM SMALL CAP FUND - DIRECT PLAN GROWTH OPTION",2024-09-25,12.83
152614,"JM Small Cap Fund (Direct) - Growth Option",2024-09-25,11.099
150915,"Mahindra Manulife Small Cap Fund - Direct Plan - Growth",2024-09-26,21.9867
152107,"QUANTUM SMALL CAP FUND - DIRECT PLAN GROWTH OPTION",2024-09-26,12.78
152614,"JM Small Cap Fund (Direct) - Growth Option",2024-09-26,11.0102
150915,"Mahindra Manulife Small Cap Fund - Direct Plan - Growth",2024-09-27,22.0805
152107,"QUANTUM SMALL CAP FUND - DIRECT PLAN GROWTH OPTION",2024-09-27,12.73
152614,"JM Small Cap Fund (Direct) - Growth Option",2024-09-27,11.0876
150915,"Mahindra Manulife Small Cap Fund - Direct Plan - Growth",2024-09-30,22.1243
152107,"QUANTUM SMALL CAP FUND - DIRECT PLAN GROWTH OPTION",2024-09-30,12.72
152614,"JM Small Cap Fund (Direct) - Growth Option",2024-09-30,11.0406
150915,"Mahindra Manulife Small Cap Fund - Direct Plan - Growth",2024-10-01,22.1481
152107,"QUANTUM SMALL CAP FUND - DIRECT PLAN GROWTH OPTION",2024-10-01,12.74
152614,"JM Small Cap Fund (Direct) - Growth Option",2024-10-01,11.0928
150915,"Mahindra Manulife Small Cap Fund - Direct Plan - Growth",2024-10-03,21.7476
152107,"QUANTUM SMALL CAP FUND - DIRECT PLAN GROWTH OPTION",2024-10-03,12.53
152614,"JM Small Cap Fund (Direct) - Growth Option",2024-10-03,10.9085
150915,"Mahindra Manulife Small Cap Fund - Direct Plan - Growth",2024-10-04,21.5637
152107,"QUANTUM SMALL CAP FUND - DIRECT PLAN GROWTH OPTION",2024-10-04,12.49
152614,"JM Small Cap Fund (Direct) - Growth Option",2024-10-04,10.7865
150915,"Mahindra Manulife Small Cap Fund - Direct Plan - Growth",2024-10-07,20.9758
152107,"QUANTUM SMALL CAP FUND - DIRECT PLAN GROWTH OPTION",2024-10-07,12.24
152614,"JM Small Cap Fund (Direct) - Growth Option",2024-10-07,10.4246
150915,"Mahindra Manulife Small Cap Fund - Direct Plan - Growth",2024-10-08,21.4091
152107,"QUANTUM SMALL CAP FUND - DIRECT PLAN GROWTH OPTION",2024-10-08,12.41
152614,"JM Small Cap Fund (Direct) - Growth Option",2024-10-08,10.7387
150915,"Mahindra Manulife Small Cap Fund - Direct Plan - Growth",2024-10-09,21.6373
152107,"QUANTUM SMALL CAP FUND - DIRECT PLAN GROWTH OPTION",2024-10-09,12.54
152614,"JM Small Cap Fund (Direct) - Growth Option",2024-10-09,10.8771
150915,"Mahindra Manulife Small Cap Fund - Direct Plan - Growth",2024-10-10,21.6731
152107,"QUANTUM SMALL CAP FUND - DIRECT PLAN GROWTH OPTION",2024-10-10,12.55
152614,"JM Small Cap Fund (Direct) - Growth Option",2024-10-10,10.9029
150915,"Mahindra Manulife Small Cap Fund - Direct Plan - Growth",2024-10-11,21.7006
152107,"QUANTUM SMALL CAP FUND - DIRECT PLAN GROWTH OPTION",2024-10-11,12.54
152614,"JM Small Cap Fund (Direct) - Growth Option",2024-10-11,10.9467
150915,"Mahindra Manulife Small Cap Fund - Direct Plan - Growth",2024-10-14,21.7998
152107,"QUANTUM SMALL CAP FUND - DIRECT PLAN GROWTH OPTION",2024-10-14,12.55
152614,"JM Small Cap Fund (Direct) - Growth Option",2024-10-14,10.9773
150915,"Mahindra Manulife Small Cap Fund - Direct Plan - Growth",2024-10-15,22.0104
152107,"QUANTUM SMALL CAP FUND - DIRECT PLAN GROWTH OPTION",2024-10-15,12.59
152614,"JM Small Cap Fund (Direct) - Growth Option",2024-10-15,11.0883
150915,"Mahindra Manulife Small Cap Fund - Direct Plan - Growth",2024-10-16,22.0205
152107,"QUANTUM SMALL CAP FUND - DIRECT PLAN GROWTH OPTION",2024-10-16,12.63
152614,"JM Small Cap Fund (Direct) - Growth Option",2024-10-16,11.1151
150915,"Mahindra Manulife Small Cap Fund - Direct Plan - Growth",2024-10-17,21.7019
152107,"QUANTUM SMALL CAP FUND - DIRECT PLAN GROWTH OPTION",2024-10-17,12.57
152614,"JM Small Cap Fund (Direct) - Growth Option",2024-10-17,10.9187
150915,"Mahindra Manulife Small Cap Fund - Direct Plan - Growth",2024-10-18,21.7066
152107,"QUANTUM SMALL CAP FUND - DIRECT PLAN GROWTH OPTION",2024-10-18,12.55
152614,"JM Small Cap Fund (Direct) - Growth Option",2024-10-18,10.8642
150915,"Mahindra Manulife Small Cap Fund - Direct Plan - Growth",2024-10-21,21.3713
152107,"QUANTUM SMALL CAP FUND - DIRECT PLAN GROWTH OPTION",2024-10-21,12.42
152614,"JM Small Cap Fund (Direct) - Growth Option",2024-10-21,10.7381
150915,"Mahindra Manulife Small Cap Fund - Direct Plan - Growth",2024-10-22,20.5857
152107,"QUANTUM SMALL CAP FUND - DIRECT PLAN GROWTH OPTION",2024-10-22,12.17
152614,"JM Small Cap Fund (Direct) - Growth Option",2024-10-22,10.2908
150915,"Mahindra Manulife Small Cap Fund - Direct Plan - Growth",2024-10-23,20.777
152107,"QUANTUM SMALL CAP FUND - DIRECT PLAN GROWTH OPTION",2024-10-23,12.26
152614,"JM Small Cap Fund (Direct) - Growth Option",2024-10-23,10.4834
150915,"Mahindra Manulife Small Cap Fund - Direct Plan - Growth",2024-10-24,20.6367
152107,"QUANTUM SMALL CAP FUND - DIRECT PLAN GROWTH OPTION",2024-10-24,12.24
152614,"JM Small Cap Fund (Direct) - Growth Option",2024-10-24,10.406
150915,"Mahindra Manulife Small Cap Fund - Direct Plan - Growth",2024-10-25,20.187
152107,"QUANTUM SMALL CAP FUND - DIRECT PLAN GROWTH OPTION",2024-10-25,12.09
152614,"JM Small Cap Fund (Direct) - Growth Option",2024-10-25,10.1547
150915,"Mahindra Manulife Small Cap Fund - Direct Plan - Growth",2024-10-28,20.5006
152107,"QUANTUM SMALL CAP FUND - DIRECT PLAN GROWTH OPTION",2024-10-28,12.11
152614,"JM Small Cap Fund (Direct) - Growth Option",2024-10-28,10.3008
150915,"Mahindra Manulife Small Cap Fund - Direct Plan - Growth",2024-10-29,20.606
152107,"QUANTUM SMALL CAP FUND - DIRECT PLAN GROWTH OPTION",2024-10-29,12.23
152614,"JM Small Cap Fund (Direct) - Growth Option",2024-10-29,10.3987
150915,"Mahindra Manulife Small Cap Fund - Direct Plan - Growth",2024-10-30,20.72
152107,"QUANTUM SMALL CAP FUND - DIRECT PLAN GROWTH OPTION",2024-10-30,12.3
152614,"JM Small Cap Fund (Direct) - Growth Option",2024-10-30,10.495
150915,"Mahindra Manulife Small Cap Fund - Direct Plan - Growth",2024-10-31,21.0579
152107,"QUANTUM SMALL CAP FUND - DIRECT PLAN GROWTH OPTION",2024-10-31,12.37
152614,"JM Small Cap Fund (Direct) - Growth Option",2024-10-31,10.6502
150915,"Mahindra Manulife Small Cap Fund - Direct Plan - Growth",2024-11-04,20.955
152107,"QUANTUM SMALL CAP FUND - DIRECT PLAN GROWTH OPTION",2024-11-04,12.3
152614,"JM Small Cap Fund (Direct) - Growth Option",2024-11-04,10.6096
150915,"Mahindra Manulife Small Cap Fund - Direct Plan - Growth",2024-11-05,21.0859
152107,"QUANTUM SMALL CAP FUND - DIRECT PLAN GROWTH OPTION",2024-11-05,12.32
152614,"JM Small Cap Fund (Direct) - Growth Option",2024-11-05,10.6736
152939,"TRUSTMF SMALL CAP FUND -DIRECT PLAN-GROWTH",2024-11-05,10.06
150915,"Mahindra Manulife Small Cap Fund - Direct Plan - Growth",2024-11-06,21.5174
152107,"QUANTUM SMALL CAP FUND - DIRECT PLAN GROWTH OPTION",2024-11-06,12.5
152614,"JM Small Cap Fund (Direct) - Growth Option",2024-11-06,10.8586
152939,"TRUSTMF SMALL CAP FUND -DIRECT PLAN-GROWTH",2024-11-06,10.11
150915,"Mahindra Manulife Small Cap Fund - Direct Plan - Growth",2024-11-07,21.305
152107,"QUANTUM SMALL CAP FUND - DIRECT PLAN GROWTH OPTION",2024-11-07,12.45
152614,"JM Small Cap Fund (Direct) - Growth Option",2024-11-07,10.8017
152939,"TRUSTMF SMALL CAP FUND -DIRECT PLAN-GROWTH",2024-11-07,10.11
150915,"Mahindra Manulife Small Cap Fund - Direct Plan - Growth",2024-11-08,20.9198
152107,"QUANTUM SMALL CAP FUND - DIRECT PLAN GROWTH OPTION",2024-11-08,12.37
152614,"JM Small Cap Fund (Direct) - Growth Option",2024-11-08,10.631
152939,"TRUSTMF SMALL CAP FUND -DIRECT PLAN-GROWTH",2024-11-08,10.07
150915,"Mahindra Manulife Small Cap Fund - Direct Plan - Growth",2024-11-11,20.6683
152107,"QUANTUM SMALL CAP FUND - DIRECT PLAN GROWTH OPTION",2024-11-11,12.31
152614,"JM Small Cap Fund (Direct) - Growth Option",2024-11-11,10.4591
152939,"TRUSTMF SMALL CAP FUND -DIRECT PLAN-GROWTH",2024-11-11,9.98
150915,"Mahindra Manulife Small Cap Fund - Direct Plan - Growth",2024-11-12,20.3893
152107,"QUANTUM SMALL CAP FUND - DIRECT PLAN GROWTH OPTION",2024-11-12,12.25
152614,"JM Small Cap Fund (Direct) - Growth Option",2024-11-12,10.3408
152939,"TRUSTMF SMALL CAP FUND -DIRECT PLAN-GROWTH",2024-11-12,9.91
150915,"Mahindra Manulife Small Cap Fund - Direct Plan - Growth",2024-11-13,19.8335
152107,"QUANTUM SMALL CAP FUND - DIRECT PLAN GROWTH OPTION",2024-11-13,12
152614,"JM Small Cap Fund (Direct) - Growth Option",2024-11-13,10.0297
152939,"TRUSTMF SMALL CAP FUND -DIRECT PLAN-GROWTH",2024-11-13,9.65
150915,"Mahindra Manulife Small Cap Fund - Direct Plan - Growth",2024-11-14,19.9174
152107,"QUANTUM SMALL CAP FUND - DIRECT PLAN GROWTH OPTION",2024-11-14,12.06
152614,"JM Small Cap Fund (Direct) - Growth Option",2024-11-14,10.1381
152939,"TRUSTMF SMALL CAP FUND -DIRECT PLAN-GROWTH",2024-11-14,9.74
150915,"Mahindra Manulife Small Cap Fund - Direct Plan - Growth",2024-11-18,19.7447
152107,"QUANTUM SMALL CAP FUND - DIRECT PLAN GROWTH OPTION",2024-11-18,12.03
152614,"JM Small Cap Fund (Direct) - Growth Option",2024-11-18,10.0124
152939,"TRUSTMF SMALL CAP FUND -DIRECT PLAN-GROWTH",2024-11-18,9.67
150915,"Mahindra Manulife Small Cap Fund - Direct Plan - Growth",2024-11-19,19.8717
152107,"QUANTUM SMALL CAP FUND - DIRECT PLAN GROWTH OPTION",2024-11-19,12.15
152614,"JM Small Cap Fund (Direct) - Growth Option",2024-11-19,10.0897
152939,"TRUSTMF SMALL CAP FUND -DIRECT PLAN-GROWTH",2024-11-19,9.79
150915,"Mahindra Manulife Small Cap Fund - Direct Plan - Growth",2024-11-21,19.7022
152107,"QUANTUM SMALL CAP FUND - DIRECT PLAN GROWTH OPTION",2024-11-21,12.11
152614,"JM Small Cap Fund (Direct) - Growth Option",2024-11-21,10.0665
152939,"TRUSTMF SMALL CAP FUND -DIRECT PLAN-GROWTH",2024-11-21,9.87
150915,"Mahindra Manulife Small Cap Fund - Direct Plan - Growth",2024-11-22,19.9178
152107,"QUANTUM SMALL CAP FUND - DIRECT PLAN GROWTH OPTION",2024-11-22,12.28
152614,"JM Small Cap Fund (Direct) - Growth Option",2024-11-22,10.1215
152939,"TRUSTMF SMALL CAP FUND -DIRECT PLAN-GROWTH",2024-11-22,9.91
150915,"Mahindra Manulife Small Cap Fund - Direct Plan - Growth",2024-11-25,20.2951
152107,"QUANTUM SMALL CAP FUND - DIRECT PLAN GROWTH OPTION",2024-11-25,12.44
152614,"JM Small Cap Fund (Direct) - Growth Option",2024-11-25,10.3155
152939,"TRUSTMF SMALL CAP FUND -DIRECT PLAN-GROWTH",2024-11-25,10.09
150915,"Mahindra Manulife Small Cap Fund - Direct Plan - Growth",2024-11-26,20.3686
152107,"QUANTUM SMALL CAP FUND - DIRECT PLAN GROWTH OPTION",2024-11-26,12.49
152614,"JM Small Cap Fund (Direct) - Growth Option",2024-11-26,10.3688
152939,"TRUSTMF SMALL CAP FUND -DIRECT PLAN-GROWTH",2024-11-26,10.15
150915,"Mahindra Manulife Small Cap Fund - Direct Plan - Growth",2024-11-27,20.6407
152107,"QUANTUM SMALL CAP FUND - DIRECT PLAN GROWTH OPTION",2024-11-27,12.55
152614,"JM Small Cap Fund (Direct) - Growth Option",2024-11-27,10.502
152939,"TRUSTMF SMALL CAP FUND -DIRECT PLAN-GROWTH",2024-11-27,10.28
150915,"Mahindra Manulife Small Cap Fund - Direct Plan - Growth",2024-11-28,20.635
152107,"QUANTUM SMALL CAP FUND - DIRECT PLAN GROWTH OPTION",2024-11-28,12.49
152614,"JM Small Cap Fund (Direct) - Growth Option",2024-11-28,10.512
152939,"TRUSTMF SMALL CAP FUND -DIRECT PLAN-GROWTH",2024-11-28,10.26
150915,"Mahindra Manulife Small Cap Fund - Direct Plan - Growth",2024-11-29,20.8086
152107,"QUANTUM SMALL CAP FUND - DIRECT PLAN GROWTH OPTION",2024-11-29,12.56
152614,"JM Small Cap Fund (Direct) - Growth Option",2024-11-29,10.6169
152939,"TRUSTMF SMALL CAP FUND -DIRECT PLAN-GROWTH",2024-11-29,10.35
150915,"Mahindra Manulife Small Cap Fund - Direct Plan - Growth",2024-12-02,20.9329
152107,"QUANTUM SMALL CAP FUND - DIRECT PLAN GROWTH OPTION",2024-12-02,12.61
152614,"JM Small Cap Fund (Direct) - Growth Option",2024-12-02,10.692
152939,"TRUSTMF SMALL CAP FUND -DIRECT PLAN-GROWTH",2024-12-02,10.41
150915,"Mahindra Manulife Small Cap Fund - Direct Plan - Growth",2024-12-03,21.1304
152107,"QUANTUM SMALL CAP FUND - DIRECT PLAN GROWTH OPTION",2024-12-03,12.74
152614,"JM Small Cap Fund (Direct) - Growth Option",2024-12-03,10.7744
152939,"TRUSTMF SMALL CAP FUND -DIRECT PLAN-GROWTH",2024-12-03,10.43
150915,"Mahindra Manulife Small Cap Fund - Direct Plan - Growth",2024-12-04,21.2315
152107,"QUANTUM SMALL CAP FUND - DIRECT PLAN GROWTH OPTION",2024-12-04,12.79
152614,"JM Small Cap Fund (Direct) - Growth Option",2024-12-04,10.839
152939,"TRUSTMF SMALL CAP FUND -DIRECT PLAN-GROWTH",2024-12-04,10.49
150915,"Mahindra Manulife Small Cap Fund - Direct Plan - Growth",2024-12-05,21.3642
152107,"QUANTUM SMALL CAP FUND - DIRECT PLAN GROWTH OPTION",2024-12-05,12.77
152614,"JM Small Cap Fund (Direct) - Growth Option",2024-12-05,10.9125
152939,"TRUSTMF SMALL CAP FUND -DIRECT PLAN-GROWTH",2024-12-05,10.55
150915,"Mahindra Manulife Small Cap Fund - Direct Plan - Growth",2024-12-06,21.4985
152107,"QUANTUM SMALL CAP FUND - DIRECT PLAN GROWTH OPTION",2024-12-06,12.74
152614,"JM Small Cap Fund (Direct) - Growth Option",2024-12-06,10.9999
152939,"TRUSTMF SMALL CAP FUND -DIRECT PLAN-GROWTH",2024-12-06,10.63
150915,"Mahindra Manulife Small Cap Fund - Direct Plan - Growth",2024-12-09,21.5516
152107,"QUANTUM SMALL CAP FUND - DIRECT PLAN GROWTH OPTION",2024-12-09,12.76
152614,"JM Small Cap Fund (Direct) - Growth Option",2024-12-09,11.0643
152939,"TRUSTMF SMALL CAP FUND -DIRECT PLAN-GROWTH",2024-12-09,10.7
150915,"Mahindra Manulife Small Cap Fund - Direct Plan - Growth",2024-12-10,21.6427
152107,"QUANTUM SMALL CAP FUND - DIRECT PLAN GROWTH OPTION",2024-12-10,12.87
152614,"JM Small Cap Fund (Direct) - Growth Option",2024-12-10,11.0409
152939,"TRUSTMF SMALL CAP FUND -DIRECT PLAN-GROWTH",2024-12-10,10.69
150915,"Mahindra Manulife Small Cap Fund - Direct Plan - Growth",2024-12-11,21.6585
152107,"QUANTUM SMALL CAP FUND - DIRECT PLAN GROWTH OPTION",2024-12-11,12.86
152614,"JM Small Cap Fund (Direct) - Growth Option",2024-12-11,11.073
152939,"TRUSTMF SMALL CAP FUND -DIRECT PLAN-GROWTH",2024-12-11,10.76
150915,"Mahindra Manulife Small Cap Fund - Direct Plan - Growth",2024-12-12,21.4798
152107,"QUANTUM SMALL CAP FUND - DIRECT PLAN GROWTH OPTION",2024-12-12,12.79
152614,"JM Small Cap Fund (Direct) - Growth Option",2024-12-12,10.9631
152939,"TRUSTMF SMALL CAP FUND -DIRECT PLAN-GROWTH",2024-12-12,10.7
150915,"Mahindra Manulife Small Cap Fund - Direct Plan - Growth",2024-12-13,21.3422
152107,"QUANTUM SMALL CAP FUND - DIRECT PLAN GROWTH OPTION",2024-12-13,12.74
152614,"JM Small Cap Fund (Direct) - Growth Option",2024-12-13,10.9465
152939,"TRUSTMF SMALL CAP FUND -DIRECT PLAN-GROWTH",2024-12-13,10.71
150915,"Mahindra Manulife Small Cap Fund - Direct Plan - Growth",2024-12-16,21.4358
152107,"QUANTUM SMALL CAP FUND - DIRECT PLAN GROWTH OPTION",2024-12-16,12.76
152614,"JM Small Cap Fund (Direct) - Growth Option",2024-12-16,11.0011
152939,"TRUSTMF SMALL CAP FUND -DIRECT PLAN-GROWTH",2024-12-16,10.84
150915,"Mahindra Manulife Small Cap Fund - Direct Plan - Growth",2024-12-17,21.3059
152107,"QUANTUM SMALL CAP FUND - DIRECT PLAN GROWTH OPTION",2024-12-17,12.7
152614,"JM Small Cap Fund (Direct) - Growth Option",2024-12-17,10.9547
152939,"TRUSTMF SMALL CAP FUND -DIRECT PLAN-GROWTH",2024-12-17,10.86
150915,"Mahindra Manulife Small Cap Fund - Direct Plan - Growth",2024-12-18,21.1768
152107,"QUANTUM SMALL CAP FUND - DIRECT PLAN GROWTH OPTION",2024-12-18,12.68
152614,"JM Small Cap Fund (Direct) - Growth Option",2024-12-18,10.8596
152939,"TRUSTMF SMALL CAP FUND -DIRECT PLAN-GROWTH",2024-12-18,10.78
150915,"Mahindra Manulife Small Cap Fund - Direct Plan - Growth",2024-12-19,21.0917
152107,"QUANTUM SMALL CAP FUND - DIRECT PLAN GROWTH OPTION",2024-12-19,12.66
152614,"JM Small Cap Fund (Direct) - Growth Option",2024-12-19,10.8443
152939,"TRUSTMF SMALL CAP FUND -DIRECT PLAN-GROWTH",2024-12-19,10.87
150915,"Mahindra Manulife Small Cap Fund - Direct Plan - Growth",2024-12-20,20.66
152107,"QUANTUM SMALL CAP FUND - DIRECT PLAN GROWTH OPTION",2024-12-20,12.41
152614,"JM Small Cap Fund (Direct) - Growth Option",2024-12-20,10.6386
152939,"TRUSTMF SMALL CAP FUND -DIRECT PLAN-GROWTH",2024-12-20,10.69
150915,"Mahindra Manulife Small Cap Fund - Direct Plan - Growth",2024-12-23,20.5404
152107,"QUANTUM SMALL CAP FUND - DIRECT PLAN GROWTH OPTION",2024-12-23,12.33
152614,"JM Small Cap Fund (Direct) - Growth Option",2024-12-23,10.6114
152939,"TRUSTMF SMALL CAP FUND -DIRECT PLAN-GROWTH",2024-12-23,10.68
150915,"Mahindra Manulife Small Cap Fund - Direct Plan - Growth",2024-12-24,20.5683
152107,"QUANTUM SMALL CAP FUND - DIRECT PLAN GROWTH OPTION",2024-12-24,12.37
152614,"JM Small Cap Fund (Direct) - Growth Option",2024-12-24,10.6645
152939,"TRUSTMF SMALL CAP FUND -DIRECT PLAN-GROWTH",2024-12-24,10.75
150915,"Mahindra Manulife Small Cap Fund - Direct Plan - Growth",2024-12-26,20.497
152107,"QUANTUM SMALL CAP FUND - DIRECT PLAN GROWTH OPTION",2024-12-26,12.33
152614,"JM Small Cap Fund (Direct) - Growth Option",2024-12-26,10.6885
152939,"TRUSTMF SMALL CAP FUND -DIRECT PLAN-GROWTH",2024-12-26,10.81
150915,"Mahindra Manulife Small Cap Fund - Direct Plan - Growth",2024-12-27,20.579
152107,"QUANTUM SMALL CAP FUND - DIRECT PLAN GROWTH OPTION",2024-12-27,12.37
152614,"JM Small Cap Fund (Direct) - Growth Option",2024-12-27,10.7237
152939,"TRUSTMF SMALL CAP FUND -DIRECT PLAN-GROWTH",2024-12-27,10.78
150915,"Mahindra Manulife Small Cap Fund - Direct Plan - Growth",2024-12-30,20.4708
152107,"QUANTUM SMALL CAP FUND - DIRECT PLAN GROWTH OPTION",2024-12-30,12.31
152614,"JM Small Cap Fund (Direct) - Growth Option",2024-12-30,10.6208
152939,"TRUSTMF SMALL CAP FUND -DIRECT PLAN-GROWTH",2024-12-30,10.78
150915,"Mahindra Manulife Small Cap Fund - Direct Plan - Growth",2024-12-31,20.6537
152107,"QUANTUM SMALL CAP FUND - DIRECT PLAN GROWTH OPTION",2024-12-31,12.36
152614,"JM Small Cap Fund (Direct) - Growth Option",2024-12-31,10.6647
152939,"TRUSTMF SMALL CAP FUND -DIRECT PLAN-GROWTH",2024-12-31,10.79
150915,"Mahindra Manulife Small Cap Fund - Direct Plan - Growth",2025-01-01,20.7931
152107,"QUANTUM SMALL CAP FUND - DIRECT PLAN GROWTH OPTION",2025-01-01,12.45
152614,"JM Small Cap Fund (Direct) - Growth Option",2025-01-01,10.787
152939,"TRUSTMF SMALL CAP FUND -DIRECT PLAN-GROWTH",2025-01-01,10.88
150915,"Mahindra Manulife Small Cap Fund - Direct Plan - Growth",2025-01-02,20.8819
152107,"QUANTUM SMALL CAP FUND - DIRECT PLAN GROWTH OPTION",2025-01-02,12.5
152614,"JM Small Cap Fund (Direct) - Growth Option",2025-01-02,10.8519
152939,"TRUSTMF SMALL CAP FUND -DIRECT PLAN-GROWTH",2025-01-02,10.96
150915,"Mahindra Manulife Small Cap Fund - Direct Plan - Growth",2025-01-03,20.788
152107,"QUANTUM SMALL CAP FUND - DIRECT PLAN GROWTH OPTION",2025-01-03,12.45
152614,"JM Small Cap Fund (Direct) - Growth Option",2025-01-03,10.8149
152939,"TRUSTMF SMALL CAP FUND -DIRECT PLAN-GROWTH",2025-01-03,10.99
150915,"Mahindra Manulife Small Cap Fund - Direct Plan - Growth",2025-01-06,20.1413
152107,"QUANTUM SMALL CAP FUND - DIRECT PLAN GROWTH OPTION",2025-01-06,12.17
152614,"JM Small Cap Fund (Direct) - Growth Option",2025-01-06,10.4465
152939,"TRUSTMF SMALL CAP FUND -DIRECT PLAN-GROWTH",2025-01-06,10.69
150915,"Mahindra Manulife Small Cap Fund - Direct Plan - Growth",2025-01-07,20.511
152107,"QUANTUM SMALL CAP FUND - DIRECT PLAN GROWTH OPTION",2025-01-07,12.26
152614,"JM Small Cap Fund (Direct) - Growth Option",2025-01-07,10.6639
152939,"TRUSTMF SMALL CAP FUND -DIRECT PLAN-GROWTH",2025-01-07,10.86
150915,"Mahindra Manulife Small Cap Fund - Direct Plan - Growth",2025-01-08,20.2686
152107,"QUANTUM SMALL CAP FUND - DIRECT PLAN GROWTH OPTION",2025-01-08,12.12
152614,"JM Small Cap Fund (Direct) - Growth Option",2025-01-08,10.5493
152939,"TRUSTMF SMALL CAP FUND -DIRECT PLAN-GROWTH",2025-01-08,10.72
150915,"Mahindra Manulife Small Cap Fund - Direct Plan - Growth",2025-01-09,20.0383
152107,"QUANTUM SMALL CAP FUND - DIRECT PLAN GROWTH OPTION",2025-01-09,12.02
152614,"JM Small Cap Fund (Direct) - Growth Option",2025-01-09,10.39
152939,"TRUSTMF SMALL CAP FUND -DIRECT PLAN-GROWTH",2025-01-09,10.55
150915,"Mahindra Manulife Small Cap Fund - Direct Plan - Growth",2025-01-10,19.5738
152107,"QUANTUM SMALL CAP FUND - DIRECT PLAN GROWTH OPTION",2025-01-10,11.87
152614,"JM Small Cap Fund (Direct) - Growth Option",2025-01-10,10.1091
152939,"TRUSTMF SMALL CAP FUND -DIRECT PLAN-GROWTH",2025-01-10,10.31
150915,"Mahindra Manulife Small Cap Fund - Direct Plan - Growth",2025-01-13,18.8743
152107,"QUANTUM SMALL CAP FUND - DIRECT PLAN GROWTH OPTION",2025-01-13,11.59
152614,"JM Small Cap Fund (Direct) - Growth Option",2025-01-13,9.6409
152939,"TRUSTMF SMALL CAP FUND -DIRECT PLAN-GROWTH",2025-01-13,9.9
150915,"Mahindra Manulife Small Cap Fund - Direct Plan - Growth",2025-01-14,19.1867
152107,"QUANTUM SMALL CAP FUND - DIRECT PLAN GROWTH OPTION",2025-01-14,11.74
152614,"JM Small Cap Fund (Direct) - Growth Option",2025-01-14,9.7772
152939,"TRUSTMF SMALL CAP FUND -DIRECT PLAN-GROWTH",2025-01-14,9.99
150915,"Mahindra Manulife Small Cap Fund - Direct Plan - Growth",2025-01-15,19.3092
152107,"QUANTUM SMALL CAP FUND - DIRECT PLAN GROWTH OPTION",2025-01-15,11.75
152614,"JM Small Cap Fund (Direct) - Growth Option",2025-01-15,9.8303
152939,"TRUSTMF SMALL CAP FUND -DIRECT PLAN-GROWTH",2025-01-15,10.05
150915,"Mahindra Manulife Small Cap Fund - Direct Plan - Growth",2025-01-16,19.5137
152107,"QUANTUM SMALL CAP FUND - DIRECT PLAN GROWTH OPTION",2025-01-16,11.82
152614,"JM Small Cap Fund (Direct) - Growth Option",2025-01-16,9.943
152939,"TRUSTMF SMALL CAP FUND -DIRECT PLAN-GROWTH",2025-01-16,10.16
150915,"Mahindra Manulife Small Cap Fund - Direct Plan - Growth",2025-01-17,19.5556
152107,"QUANTUM SMALL CAP FUND - DIRECT PLAN GROWTH OPTION",2025-01-17,11.79
152614,"JM Small Cap Fund (Direct) - Growth Option",2025-01-17,9.9131
152939,"TRUSTMF SMALL CAP FUND -DIRECT PLAN-GROWTH",2025-01-17,10.11
150915,"Mahindra Manulife Small Cap Fund - Direct Plan - Growth",2025-01-20,19.7099
152107,"QUANTUM SMALL CAP FUND - DIRECT PLAN GROWTH OPTION",2025-01-20,11.87
152614,"JM Small Cap Fund (Direct) - Growth Option",2025-01-20,9.9492
152939,"TRUSTMF SMALL CAP FUND -DIRECT PLAN-GROWTH",2025-01-20,10.15
150915,"Mahindra Manulife Small Cap Fund - Direct Plan - Growth",2025-01-21,19.2805
152107,"QUANTUM SMALL CAP FUND - DIRECT PLAN GROWTH OPTION",2025-01-21,11.73
152614,"JM Small Cap Fund (Direct) - Growth Option",2025-01-21,9.6735
152939,"TRUSTMF SMALL CAP FUND -DIRECT PLAN-GROWTH",2025-01-21,9.89
150915,"Mahindra Manulife Small Cap Fund - Direct Plan - Growth",2025-01-22,18.9984
152107,"QUANTUM SMALL CAP FUND - DIRECT PLAN GROWTH OPTION",2025-01-22,11.63
152614,"JM Small Cap Fund (Direct) - Growth Option",2025-01-22,9.5979
152939,"TRUSTMF SMALL CAP FUND -DIRECT PLAN-GROWTH",2025-01-22,9.66
150915,"Mahindra Manulife Small Cap Fund - Direct Plan - Growth",2025-01-23,19.0832
152107,"QUANTUM SMALL CAP FUND - DIRECT PLAN GROWTH OPTION",2025-01-23,11.76
152614,"JM Small Cap Fund (Direct) - Growth Option",2025-01-23,9.6801
152939,"TRUSTMF SMALL CAP FUND -DIRECT PLAN-GROWTH",2025-01-23,9.81
150915,"Mahindra Manulife Small Cap Fund - Direct Plan - Growth",2025-01-24,18.6764
152107,"QUANTUM SMALL CAP FUND - DIRECT PLAN GROWTH OPTION",2025-01-24,11.54
152614,"JM Small Cap Fund (Direct) - Growth Option",2025-01-24,9.503
152939,"TRUSTMF SMALL CAP FUND -DIRECT PLAN-GROWTH",2025-01-24,9.65
150915,"Mahindra Manulife Small Cap Fund - Direct Plan - Growth",2025-01-27,18.0824
152107,"QUANTUM SMALL CAP FUND - DIRECT PLAN GROWTH OPTION",2025-01-27,11.29
152614,"JM Small Cap Fund (Direct) - Growth Option",2025-01-27,9.1755
152939,"TRUSTMF SMALL CAP FUND -DIRECT PLAN-GROWTH",2025-01-27,9.29
150915,"Mahindra Manulife Small Cap Fund - Direct Plan - Growth",2025-01-28,17.7479
152107,"QUANTUM SMALL CAP FUND - DIRECT PLAN GROWTH OPTION",2025-01-28,11.24
152614,"JM Small Cap Fund (Direct) - Growth Option",2025-01-28,9.0282
152939,"TRUSTMF SMALL CAP FUND -DIRECT PLAN-GROWTH",2025-01-28,9.11
150915,"Mahindra Manulife Small Cap Fund - Direct Plan - Growth",2025-01-29,18.2629
152107,"QUANTUM SMALL CAP FUND - DIRECT PLAN GROWTH OPTION",2025-01-29,11.47
152614,"JM Small Cap Fund (Direct) - Growth Option",2025-01-29,9.4054
152939,"TRUSTMF SMALL CAP FUND -DIRECT PLAN-GROWTH",2025-01-29,9.45
150915,"Mahindra Manulife Small Cap Fund - Direct Plan - Growth",2025-01-30,18.2144
152107,"QUANTUM SMALL CAP FUND - DIRECT PLAN GROWTH OPTION",2025-01-30,11.48
152614,"JM Small Cap Fund (Direct) - Growth Option",2025-01-30,9.3707
152939,"TRUSTMF SMALL CAP FUND -DIRECT PLAN-GROWTH",2025-01-30,9.47
150915,"Mahindra Manulife Small Cap Fund - Direct Plan - Growth",2025-01-31,18.5587
152107,"QUANTUM SMALL CAP FUND - DIRECT PLAN GROWTH OPTION",2025-01-31,11.63
152614,"JM Small Cap Fund (Direct) - Growth Option",2025-01-31,9.5399
152939,"TRUSTMF SMALL CAP FUND -DIRECT PLAN-GROWTH",2025-01-31,9.62
150915,"Mahindra Manulife Small Cap Fund - Direct Plan - Growth",2025-02-03,18.346
152107,"QUANTUM SMALL CAP FUND - DIRECT PLAN GROWTH OPTION",2025-02-03,11.62
152614,"JM Small Cap Fund (Direct) - Growth Option",2025-02-03,9.4639
152939,"TRUSTMF SMALL CAP FUND -DIRECT PLAN-GROWTH",2025-02-03,9.6
153196,"Mirae Asset Small Cap Fund - Direct Plan - Growth",2025-02-03,10.075
150915,"Mahindra Manulife Small Cap Fund - Direct Plan - Growth",2025-02-04,18.4466
152107,"QUANTUM SMALL CAP FUND - DIRECT PLAN GROWTH OPTION",2025-02-04,11.79
152614,"JM Small Cap Fund (Direct) - Growth Option",2025-02-04,9.6337
152939,"TRUSTMF SMALL CAP FUND -DIRECT PLAN-GROWTH",2025-02-04,9.73
153196,"Mirae Asset Small Cap Fund - Direct Plan - Growth",2025-02-04,10.152
150915,"Mahindra Manulife Small Cap Fund - Direct Plan - Growth",2025-02-05,18.6356
152107,"QUANTUM SMALL CAP FUND - DIRECT PLAN GROWTH OPTION",2025-02-05,11.92
152614,"JM Small Cap Fund (Direct) - Growth Option",2025-02-05,9.7888
152939,"TRUSTMF SMALL CAP FUND -DIRECT PLAN-GROWTH",2025-02-05,9.84
153196,"Mirae Asset Small Cap Fund - Direct Plan - Growth",2025-02-05,10.192
150915,"Mahindra Manulife Small Cap Fund - Direct Plan - Growth",2025-02-06,18.5444
152107,"QUANTUM SMALL CAP FUND - DIRECT PLAN GROWTH OPTION",2025-02-06,11.9
152614,"JM Small Cap Fund (Direct) - Growth Option",2025-02-06,9.7731
152939,"TRUSTMF SMALL CAP FUND -DIRECT PLAN-GROWTH",2025-02-06,9.81
153196,"Mirae Asset Small Cap Fund - Direct Plan - Growth",2025-02-06,10.163
150915,"Mahindra Manulife Small Cap Fund - Direct Plan - Growth",2025-02-07,18.4386
152107,"QUANTUM SMALL CAP FUND - DIRECT PLAN GROWTH OPTION",2025-02-07,11.88
152614,"JM Small Cap Fund (Direct) - Growth Option",2025-02-07,9.7237
152939,"TRUSTMF SMALL CAP FUND -DIRECT PLAN-GROWTH",2025-02-07,9.76
153196,"Mirae Asset Small Cap Fund - Direct Plan - Growth",2025-02-07,10.149
150915,"Mahindra Manulife Small Cap Fund - Direct Plan - Growth",2025-02-10,18.0573
152107,"QUANTUM SMALL CAP FUND - DIRECT PLAN GROWTH OPTION",2025-02-10,11.68
152614,"JM Small Cap Fund (Direct) - Growth Option",2025-02-10,9.55
152939,"TRUSTMF SMALL CAP FUND -DIRECT PLAN-GROWTH",2025-02-10,9.49
153196,"Mirae Asset Small Cap Fund - Direct Plan - Growth",2025-02-10,10.007
150915,"Mahindra Manulife Small Cap Fund - Direct Plan - Growth",2025-02-11,17.5443
152107,"QUANTUM SMALL CAP FUND - DIRECT PLAN GROWTH OPTION",2025-02-11,11.4
152614,"JM Small Cap Fund (Direct) - Growth Option",2025-02-11,9.1836
152939,"TRUSTMF SMALL CAP FUND -DIRECT PLAN-GROWTH",2025-02-11,9.18
153196,"Mirae Asset Small Cap Fund - Direct Plan - Growth",2025-02-11,9.788
150915,"Mahindra Manulife Small Cap Fund - Direct Plan - Growth",2025-02-12,17.4298
152107,"QUANTUM SMALL CAP FUND - DIRECT PLAN GROWTH OPTION",2025-02-12,11.37
152614,"JM Small Cap Fund (Direct) - Growth Option",2025-02-12,9.2318
152939,"TRUSTMF SMALL CAP FUND -DIRECT PLAN-GROWTH",2025-02-12,9.21
153196,"Mirae Asset Small Cap Fund - Direct Plan - Growth",2025-02-12,9.76
150915,"Mahindra Manulife Small Cap Fund - Direct Plan - Growth",2025-02-13,17.4425
152107,"QUANTUM SMALL CAP FUND - DIRECT PLAN GROWTH OPTION",2025-02-13,11.33
152614,"JM Small Cap Fund (Direct) - Growth Option",2025-02-13,9.163
152939,"TRUSTMF SMALL CAP FUND -DIRECT PLAN-GROWTH",2025-02-13,9.18
153196,"Mirae Asset Small Cap Fund - Direct Plan - Growth",2025-02-13,9.718
150915,"Mahindra Manulife Small Cap Fund - Direct Plan - Growth",2025-02-14,16.9722
152107,"QUANTUM SMALL CAP FUND - DIRECT PLAN GROWTH OPTION",2025-02-14,11.13
152614,"JM Small Cap Fund (Direct) - Growth Option",2025-02-14,8.8883
152939,"TRUSTMF SMALL CAP FUND -DIRECT PLAN-GROWTH",2025-02-14,8.9
153196,"Mirae Asset Small Cap Fund - Direct Plan - Growth",2025-02-14,9.557
150915,"Mahindra Manulife Small Cap Fund - Direct Plan - Growth",2025-02-17,16.9676
152107,"QUANTUM SMALL CAP FUND - DIRECT PLAN GROWTH OPTION",2025-02-17,11.06
152614,"JM Small Cap Fund (Direct) - Growth Option",2025-02-17,8.8774
152939,"TRUSTMF SMALL CAP FUND -DIRECT PLAN-GROWTH",2025-02-17,8.81
153196,"Mirae Asset Small Cap Fund - Direct Plan - Growth",2025-02-17,9.46
150915,"Mahindra Manulife Small Cap Fund - Direct Plan - Growth",2025-02-18,16.8833
152107,"QUANTUM SMALL CAP FUND - DIRECT PLAN GROWTH OPTION",2025-02-18,10.98
152614,"JM Small Cap Fund (Direct) - Growth Option",2025-02-18,8.7242
152939,"TRUSTMF SMALL CAP FUND -DIRECT PLAN-GROWTH",2025-02-18,8.69
153196,"Mirae Asset Small Cap Fund - Direct Plan - Growth",2025-02-18,9.403
150915,"Mahindra Manulife Small Cap Fund - Direct Plan - Growth",2025-02-19,17.1575
152107,"QUANTUM SMALL CAP FUND - DIRECT PLAN GROWTH OPTION",2025-02-19,11.11
152614,"JM Small Cap Fund (Direct) - Growth Option",2025-02-19,8.8789
152939,"TRUSTMF SMALL CAP FUND -DIRECT PLAN-GROWTH",2025-02-19,8.86
153196,"Mirae Asset Small Cap Fund - Direct Plan - Growth",2025-02-19,9.485
150915,"Mahindra Manulife Small Cap Fund - Direct Plan - Growth",2025-02-20,17.4472
152107,"QUANTUM SMALL CAP FUND - DIRECT PLAN GROWTH OPTION",2025-02-20,11.21
152614,"JM Small Cap Fund (Direct) - Growth Option",2025-02-20,8.9677
152939,"TRUSTMF SMALL CAP FUND -DIRECT PLAN-GROWTH",2025-02-20,8.99
153196,"Mirae Asset Small Cap Fund - Direct Plan - Growth",2025-02-20,9.574
150915,"Mahindra Manulife Small Cap Fund - Direct Plan - Growth",2025-02-21,17.3666
152107,"QUANTUM SMALL CAP FUND - DIRECT PLAN GROWTH OPTION",2025-02-21,11.13
152614,"JM Small Cap Fund (Direct) - Growth Option",2025-02-21,8.9211
152939,"TRUSTMF SMALL CAP FUND -DIRECT PLAN-GROWTH",2025-02-21,8.94
153196,"Mirae Asset Small Cap Fund - Direct Plan - Growth",2025-02-21,9.497
150915,"Mahindra Manulife Small Cap Fund - Direct Plan - Growth",2025-02-24,17.1721
152107,"QUANTUM SMALL CAP FUND - DIRECT PLAN GROWTH OPTION",2025-02-24,11.01
152614,"JM Small Cap Fund (Direct) - Growth Option",2025-02-24,8.8209
152939,"TRUSTMF SMALL CAP FUND -DIRECT PLAN-GROWTH",2025-02-24,8.83
153196,"Mirae Asset Small Cap Fund - Direct Plan - Growth",2025-02-24,9.434
150915,"Mahindra Manulife Small Cap Fund - Direct Plan - Growth",2025-02-25,17.0373
152107,"QUANTUM SMALL CAP FUND - DIRECT PLAN GROWTH OPTION",2025-02-25,10.93
152614,"JM Small Cap Fund (Direct) - Growth Option",2025-02-25,8.8111
152939,"TRUSTMF SMALL CAP FUND -DIRECT PLAN-GROWTH",2025-02-25,8.85
153196,"Mirae Asset Small Cap Fund - Direct Plan - Growth",2025-02-25,9.428
150915,"Mahindra Manulife Small Cap Fund - Direct Plan - Growth",2025-02-27,16.7959
152107,"QUANTUM SMALL CAP FUND - DIRECT PLAN GROWTH OPTION",2025-02-27,10.81
152614,"JM Small Cap Fund (Direct) - Growth Option",2025-02-27,8.6855
152939,"TRUSTMF SMALL CAP FUND -DIRECT PLAN-GROWTH",2025-02-27,8.64
153196,"Mirae Asset Small Cap Fund - Direct Plan - Growth",2025-02-27,9.314
150915,"Mahindra Manulife Small Cap Fund - Direct Plan - Growth",2025-02-28,16.409
152107,"QUANTUM SMALL CAP FUND - DIRECT PLAN GROWTH OPTION",2025-02-28,10.67
152614,"JM Small Cap Fund (Direct) - Growth Option",2025-02-28,8.4451
152939,"TRUSTMF SMALL CAP FUND -DIRECT PLAN-GROWTH",2025-02-28,8.44
153196,"Mirae Asset Small Cap Fund - Direct Plan - Growth",2025-02-28,9.12
150915,"Mahindra Manulife Small Cap Fund - Direct Plan - Growth",2025-03-03,16.3904
152107,"QUANTUM SMALL CAP FUND - DIRECT PLAN GROWTH OPTION",2025-03-03,10.6
152614,"JM Small Cap Fund (Direct) - Growth Option",2025-03-03,8.4095
152939,"TRUSTMF SMALL CAP FUND -DIRECT PLAN-GROWTH",2025-03-03,8.35
153196,"Mirae Asset Small Cap Fund - Direct Plan - Growth",2025-03-03,9.088
150915,"Mahindra Manulife Small Cap Fund - Direct Plan - Growth",2025-03-04,16.5818
152107,"QUANTUM SMALL CAP FUND - DIRECT PLAN GROWTH OPTION",2025-03-04,10.7
152614,"JM Small Cap Fund (Direct) - Growth Option",2025-03-04,8.5541
152939,"TRUSTMF SMALL CAP FUND -DIRECT PLAN-GROWTH",2025-03-04,8.47
153196,"Mirae Asset Small Cap Fund - Direct Plan - Growth",2025-03-04,9.165
150915,"Mahindra Manulife Small Cap Fund - Direct Plan - Growth",2025-03-05,16.9691
152107,"QUANTUM SMALL CAP FUND - DIRECT PLAN GROWTH OPTION",2025-03-05,10.91
152614,"JM Small Cap Fund (Direct) - Growth Option",2025-03-05,8.7514
152939,"TRUSTMF SMALL CAP FUND -DIRECT PLAN-GROWTH",2025-03-05,8.67
153196,"Mirae Asset Small Cap Fund - Direct Plan - Growth",2025-03-05,9.368
150915,"Mahindra Manulife Small Cap Fund - Direct Plan - Growth",2025-03-06,17.1836
152107,"QUANTUM SMALL CAP FUND - DIRECT PLAN GROWTH OPTION",2025-03-06,11.02
152614,"JM Small Cap Fund (Direct) - Growth Option",2025-03-06,8.9257
152939,"TRUSTMF SMALL CAP FUND -DIRECT PLAN-GROWTH",2025-03-06,8.81
153196,"Mirae Asset Small Cap Fund - Direct Plan - Growth",2025-03-06,9.495
150915,"Mahindra Manulife Small Cap Fund - Direct Plan - Growth",2025-03-07,17.2669
152107,"QUANTUM SMALL CAP FUND - DIRECT PLAN GROWTH OPTION",2025-03-07,11.08
152614,"JM Small Cap Fund (Direct) - Growth Option",2025-03-07,8.9626
152939,"TRUSTMF SMALL CAP FUND -DIRECT PLAN-GROWTH",2025-03-07,8.9
153196,"Mirae Asset Small Cap Fund - Direct Plan - Growth",2025-03-07,9.525
150915,"Mahindra Manulife Small Cap Fund - Direct Plan - Growth",2025-03-10,16.9416
152107,"QUANTUM SMALL CAP FUND - DIRECT PLAN GROWTH OPTION",2025-03-10,10.92
152614,"JM Small Cap Fund (Direct) - Growth Option",2025-03-10,8.7719
152939,"TRUSTMF SMALL CAP FUND -DIRECT PLAN-GROWTH",2025-03-10,8.81
153196,"Mirae Asset Small Cap Fund - Direct Plan - Growth",2025-03-10,9.416
150915,"Mahindra Manulife Small Cap Fund - Direct Plan - Growth",2025-03-11,16.889
152107,"QUANTUM SMALL CAP FUND - DIRECT PLAN GROWTH OPTION",2025-03-11,10.77
152614,"JM Small Cap Fund (Direct) - Growth Option",2025-03-11,8.7116
152939,"TRUSTMF SMALL CAP FUND -DIRECT PLAN-GROWTH",2025-03-11,8.76
153196,"Mirae Asset Small Cap Fund - Direct Plan - Growth",2025-03-11,9.409
150915,"Mahindra Manulife Small Cap Fund - Direct Plan - Growth",2025-03-12,16.8405
152107,"QUANTUM SMALL CAP FUND - DIRECT PLAN GROWTH OPTION",2025-03-12,10.77
152614,"JM Small Cap Fund (Direct) - Growth Option",2025-03-12,8.6693
152939,"TRUSTMF SMALL CAP FUND -DIRECT PLAN-GROWTH",2025-03-12,8.73
153196,"Mirae Asset Small Cap Fund - Direct Plan - Growth",2025-03-12,9.38
150915,"Mahindra Manulife Small Cap Fund - Direct Plan - Growth",2025-03-13,16.6955
152107,"QUANTUM SMALL CAP FUND - DIRECT PLAN GROWTH OPTION",2025-03-13,10.68
152614,"JM Small Cap Fund (Direct) - Growth Option",2025-03-13,8.6069
152939,"TRUSTMF SMALL CAP FUND -DIRECT PLAN-GROWTH",2025-03-13,8.67
153196,"Mirae Asset Small Cap Fund - Direct Plan - Growth",2025-03-13,9.342
150915,"Mahindra Manulife Small Cap Fund - Direct Plan - Growth",2025-03-17,16.732
152107,"QUANTUM SMALL CAP FUND - DIRECT PLAN GROWTH OPTION",2025-03-17,10.75
152614,"JM Small Cap Fund (Direct) - Growth Option",2025-03-17,8.6178
152939,"TRUSTMF SMALL CAP FUND -DIRECT PLAN-GROWTH",2025-03-17,8.71
153196,"Mirae Asset Small Cap Fund - Direct Plan - Growth",2025-03-17,9.374
150915,"Mahindra Manulife Small Cap Fund - Direct Plan - Growth",2025-03-18,17.1628
152107,"QUANTUM SMALL CAP FUND - DIRECT PLAN GROWTH OPTION",2025-03-18,10.98
152614,"JM Small Cap Fund (Direct) - Growth Option",2025-03-18,8.8455
152939,"TRUSTMF SMALL CAP FUND -DIRECT PLAN-GROWTH",2025-03-18,8.94
153196,"Mirae Asset Small Cap Fund - Direct Plan - Growth",2025-03-18,9.618
150915,"Mahindra Manulife Small Cap Fund - Direct Plan - Growth",2025-03-19,17.4788
152107,"QUANTUM SMALL CAP FUND - DIRECT PLAN GROWTH OPTION",2025-03-19,11.11
152614,"JM Small Cap Fund (Direct) - Growth Option",2025-03-19,8.9706
152939,"TRUSTMF SMALL CAP FUND -DIRECT PLAN-GROWTH",2025-03-19,9.07
153196,"Mirae Asset Small Cap Fund - Direct Plan - Growth",2025-03-19,9.743
150915,"Mahindra Manulife Small Cap Fund - Direct Plan - Growth",2025-03-20,17.5531
152107,"QUANTUM SMALL CAP FUND - DIRECT PLAN GROWTH OPTION",2025-03-20,11.2
152614,"JM Small Cap Fund (Direct) - Growth Option",2025-03-20,9.0683
152939,"TRUSTMF SMALL CAP FUND -DIRECT PLAN-GROWTH",2025-03-20,9.15
153196,"Mirae Asset Small Cap Fund - Direct Plan - Growth",2025-03-20,9.844
150915,"Mahindra Manulife Small Cap Fund - Direct Plan - Growth",2025-03-21,17.9708
152107,"QUANTUM SMALL CAP FUND - DIRECT PLAN GROWTH OPTION",2025-03-21,11.37
152614,"JM Small Cap Fund (Direct) - Growth Option",2025-03-21,9.1853
152939,"TRUSTMF SMALL CAP FUND -DIRECT PLAN-GROWTH",2025-03-21,9.32
153196,"Mirae Asset Small Cap Fund - Direct Plan - Growth",2025-03-21,10.017
150915,"Mahindra Manulife Small Cap Fund - Direct Plan - Growth",2025-03-24,18.1227
152107,"QUANTUM SMALL CAP FUND - DIRECT PLAN GROWTH OPTION",2025-03-24,11.45
152614,"JM Small Cap Fund (Direct) - Growth Option",2025-03-24,9.2782
152939,"TRUSTMF SMALL CAP FUND -DIRECT PLAN-GROWTH",2025-03-24,9.42
153196,"Mirae Asset Small Cap Fund - Direct Plan - Growth",2025-03-24,10.083
150915,"Mahindra Manulife Small Cap Fund - Direct Plan - Growth",2025-03-25,17.9286
152107,"QUANTUM SMALL CAP FUND - DIRECT PLAN GROWTH OPTION",2025-03-25,11.28
152614,"JM Small Cap Fund (Direct) - Growth Option",2025-03-25,9.1136
152939,"TRUSTMF SMALL CAP FUND -DIRECT PLAN-GROWTH",2025-03-25,9.31
153196,"Mirae Asset Small Cap Fund - Direct Plan - Growth",2025-03-25,9.996
150915,"Mahindra Manulife Small Cap Fund - Direct Plan - Growth",2025-03-26,17.6726
152107,"QUANTUM SMALL CAP FUND - DIRECT PLAN GROWTH OPTION",2025-03-26,11.21
152614,"JM Small Cap Fund (Direct) - Growth Option",2025-03-26,8.9786
152939,"TRUSTMF SMALL CAP FUND -DIRECT PLAN-GROWTH",2025-03-26,9.19
153196,"Mirae Asset Small Cap Fund - Direct Plan - Growth",2025-03-26,9.853
150915,"Mahindra Manulife Small Cap Fund - Direct Plan - Growth",2025-03-27,17.8499
152107,"QUANTUM SMALL CAP FUND - DIRECT PLAN GROWTH OPTION",2025-03-27,11.28
152614,"JM Small Cap Fund (Direct) - Growth Option",2025-03-27,9.0878
152939,"TRUSTMF SMALL CAP FUND -DIRECT PLAN-GROWTH",2025-03-27,9.34
153196,"Mirae Asset Small Cap Fund - Direct Plan - Growth",2025-03-27,9.935
150915,"Mahindra Manulife Small Cap Fund - Direct Plan - Growth",2025-03-28,17.7953
152107,"QUANTUM SMALL CAP FUND - DIRECT PLAN GROWTH OPTION",2025-03-28,11.21
152614,"JM Small Cap Fund (Direct) - Growth Option",2025-03-28,9.0854
152939,"TRUSTMF SMALL CAP FUND -DIRECT PLAN-GROWTH",2025-03-28,9.37
153196,"Mirae Asset Small Cap Fund - Direct Plan - Growth",2025-03-28,9.943
150915,"Mahindra Manulife Small Cap Fund - Direct Plan - Growth",2025-03-31,17.795
152107,"QUANTUM SMALL CAP FUND - DIRECT PLAN GROWTH OPTION",2025-03-31,11.21
152614,"JM Small Cap Fund (Direct) - Growth Option",2025-03-31,9.085
152939,"TRUSTMF SMALL CAP FUND -DIRECT PLAN-GROWTH",2025-03-31,9.37
153196,"Mirae Asset Small Cap Fund - Direct Plan - Growth",2025-03-31,9.943
150915,"Mahindra Manulife Small Cap Fund - Direct Plan - Growth",2025-04-01,17.7394
152107,"QUANTUM SMALL CAP FUND - DIRECT PLAN GROWTH OPTION",2025-04-01,11.27
152614,"JM Small Cap Fund (Direct) - Growth Option",2025-04-01,9.0935
152939,"TRUSTMF SMALL CAP FUND -DIRECT PLAN-GROWTH",2025-04-01,9.22
153196,"Mirae Asset Small Cap Fund - Direct Plan - Growth",2025-04-01,9.834
150915,"Mahindra Manulife Small Cap Fund - Direct Plan - Growth",2025-04-02,17.9097
152107,"QUANTUM SMALL CAP FUND - DIRECT PLAN GROWTH OPTION",2025-04-02,11.35
152614,"JM Small Cap Fund (Direct) - Growth Option",2025-04-02,9.1677
152939,"TRUSTMF SMALL CAP FUND -DIRECT PLAN-GROWTH",2025-04-02,9.31
153196,"Mirae Asset Small Cap Fund - Direct Plan - Growth",2025-04-02,9.936
150915,"Mahindra Manulife Small Cap Fund - Direct Plan - Growth",2025-04-03,18.0594
152107,"QUANTUM SMALL CAP FUND - DIRECT PLAN GROWTH OPTION",2025-04-03,11.33
152614,"JM Small Cap Fund (Direct) - Growth Option",2025-04-03,9.2236
152939,"TRUSTMF SMALL CAP FUND -DIRECT PLAN-GROWTH",2025-04-03,9.28
153196,"Mirae Asset Small Cap Fund - Direct Plan - Growth",2025-04-03,9.947
150915,"Mahindra Manulife Small Cap Fund - Direct Plan - Growth",2025-04-04,17.5603
152107,"QUANTUM SMALL CAP FUND - DIRECT PLAN GROWTH OPTION",2025-04-04,11.08
152614,"JM Small Cap Fund (Direct) - Growth Option",2025-04-04,8.8287
152939,"TRUSTMF SMALL CAP FUND -DIRECT PLAN-GROWTH",2025-04-04,8.95
153196,"Mirae Asset Small Cap Fund - Direct Plan - Growth",2025-04-04,9.709
150915,"Mahindra Manulife Small Cap Fund - Direct Plan - Growth",2025-04-07,16.884
152107,"QUANTUM SMALL CAP FUND - DIRECT PLAN GROWTH OPTION",2025-04-07,10.77
152614,"JM Small Cap Fund (Direct) - Growth Option",2025-04-07,8.4105
152939,"TRUSTMF SMALL CAP FUND -DIRECT PLAN-GROWTH",2025-04-07,8.53
153196,"Mirae Asset Small Cap Fund - Direct Plan - Growth",2025-04-07,9.339
150915,"Mahindra Manulife Small Cap Fund - Direct Plan - Growth",2025-04-08,17.1548
152107,"QUANTUM SMALL CAP FUND - DIRECT PLAN GROWTH OPTION",2025-04-08,10.96
152614,"JM Small Cap Fund (Direct) - Growth Option",2025-04-08,8.6777
152939,"TRUSTMF SMALL CAP FUND -DIRECT PLAN-GROWTH",2025-04-08,8.75
153196,"Mirae Asset Small Cap Fund - Direct Plan - Growth",2025-04-08,9.538
150915,"Mahindra Manulife Small Cap Fund - Direct Plan - Growth",2025-04-09,16.969
152107,"QUANTUM SMALL CAP FUND - DIRECT PLAN GROWTH OPTION",2025-04-09,10.88
152614,"JM Small Cap Fund (Direct) - Growth Option",2025-04-09,8.5965
152939,"TRUSTMF SMALL CAP FUND -DIRECT PLAN-GROWTH",2025-04-09,8.59
153196,"Mirae Asset Small Cap Fund - Direct Plan - Growth",2025-04-09,9.447
150915,"Mahindra Manulife Small Cap Fund - Direct Plan - Growth",2025-04-11,17.4739
152107,"QUANTUM SMALL CAP FUND - DIRECT PLAN GROWTH OPTION",2025-04-11,11.1
152614,"JM Small Cap Fund (Direct) - Growth Option",2025-04-11,8.8883
152939,"TRUSTMF SMALL CAP FUND -DIRECT PLAN-GROWTH",2025-04-11,8.86
153196,"Mirae Asset Small Cap Fund - Direct Plan - Growth",2025-04-11,9.728
150915,"Mahindra Manulife Small Cap Fund - Direct Plan - Growth",2025-04-15,17.9517
152107,"QUANTUM SMALL CAP FUND - DIRECT PLAN GROWTH OPTION",2025-04-15,11.38
152614,"JM Small Cap Fund (Direct) - Growth Option",2025-04-15,9.1759
152939,"TRUSTMF SMALL CAP FUND -DIRECT PLAN-GROWTH",2025-04-15,9.17
153196,"Mirae Asset Small Cap Fund - Direct Plan - Growth",2025-04-15,9.989
150915,"Mahindra Manulife Small Cap Fund - Direct Plan - Growth",2025-04-16,18.1215
152107,"QUANTUM SMALL CAP FUND - DIRECT PLAN GROWTH OPTION",2025-04-16,11.47
152614,"JM Small Cap Fund (Direct) - Growth Option",2025-04-16,9.3011
152939,"TRUSTMF SMALL CAP FUND -DIRECT PLAN-GROWTH",2025-04-16,9.28
153196,"Mirae Asset Small Cap Fund - Direct Plan - Growth",2025-04-16,10.085
150915,"Mahindra Manulife Small Cap Fund - Direct Plan - Growth",2025-04-17,18.184
152107,"QUANTUM SMALL CAP FUND - DIRECT PLAN GROWTH OPTION",2025-04-17,11.56
152614,"JM Small Cap Fund (Direct) - Growth Option",2025-04-17,9.3918
152939,"TRUSTMF SMALL CAP FUND -DIRECT PLAN-GROWTH",2025-04-17,9.28
153196,"Mirae Asset Small Cap Fund - Direct Plan - Growth",2025-04-17,10.16
150915,"Mahindra Manulife Small Cap Fund - Direct Plan - Growth",2025-04-21,18.4258
152107,"QUANTUM SMALL CAP FUND - DIRECT PLAN GROWTH OPTION",2025-04-21,11.71
152614,"JM Small Cap Fund (Direct) - Growth Option",2025-04-21,9.5013
152939,"TRUSTMF SMALL CAP FUND -DIRECT PLAN-GROWTH",2025-04-21,9.4
153196,"Mirae Asset Small Cap Fund - Direct Plan - Growth",2025-04-21,10.314
150915,"Mahindra Manulife Small Cap Fund - Direct Plan - Growth",2025-04-22,18.5169
152107,"QUANTUM SMALL CAP FUND - DIRECT PLAN GROWTH OPTION",2025-04-22,11.81
152614,"JM Small Cap Fund (Direct) - Growth Option",2025-04-22,9.5833
152939,"TRUSTMF SMALL CAP FUND -DIRECT PLAN-GROWTH",2025-04-22,9.49
153196,"Mirae Asset Small Cap Fund - Direct Plan - Growth",2025-04-22,10.394
150915,"Mahindra Manulife Small Cap Fund - Direct Plan - Growth",2025-04-23,18.5749
152107,"QUANTUM SMALL CAP FUND - DIRECT PLAN GROWTH OPTION",2025-04-23,11.83
152614,"JM Small Cap Fund (Direct) - Growth Option",2025-04-23,9.5947
152939,"TRUSTMF SMALL CAP FUND -DIRECT PLAN-GROWTH",2025-04-23,9.49
153196,"Mirae Asset Small Cap Fund - Direct Plan - Growth",2025-04-23,10.417
150915,"Mahindra Manulife Small Cap Fund - Direct Plan - Growth",2025-04-24,18.6142
152107,"QUANTUM SMALL CAP FUND - DIRECT PLAN GROWTH OPTION",2025-04-24,11.82
152614,"JM Small Cap Fund (Direct) - Growth Option",2025-04-24,9.6334
152939,"TRUSTMF SMALL CAP FUND -DIRECT PLAN-GROWTH",2025-04-24,9.43
153196,"Mirae Asset Small Cap Fund - Direct Plan - Growth",2025-04-24,10.411
150915,"Mahindra Manulife Small Cap Fund - Direct Plan - Growth",2025-04-25,18.2003
152107,"QUANTUM SMALL CAP FUND - DIRECT PLAN GROWTH OPTION",2025-04-25,11.58
152614,"JM Small Cap Fund (Direct) - Growth Option",2025-04-25,9.4395
152939,"TRUSTMF SMALL CAP FUND -DIRECT PLAN-GROWTH",2025-04-25,9.22
153196,"Mirae Asset Small Cap Fund - Direct Plan - Growth",2025-04-25,10.244
150915,"Mahindra Manulife Small Cap Fund - Direct Plan - Growth",2025-04-28,18.2666
152107,"QUANTUM SMALL CAP FUND - DIRECT PLAN GROWTH OPTION",2025-04-28,11.58
152614,"JM Small Cap Fund (Direct) - Growth Option",2025-04-28,9.4351
152939,"TRUSTMF SMALL CAP FUND -DIRECT PLAN-GROWTH",2025-04-28,9.3
153196,"Mirae Asset Small Cap Fund - Direct Plan - Growth",2025-04-28,10.289
150915,"Mahindra Manulife Small Cap Fund - Direct Plan - Growth",2025-04-29,18.3043
152107,"QUANTUM SMALL CAP FUND - DIRECT PLAN GROWTH OPTION",2025-04-29,11.54
152614,"JM Small Cap Fund (Direct) - Growth Option",2025-04-29,9.4366
152939,"TRUSTMF SMALL CAP FUND -DIRECT PLAN-GROWTH",2025-04-29,9.35
153196,"Mirae Asset Small Cap Fund - Direct Plan - Growth",2025-04-29,10.318
150915,"Mahindra Manulife Small Cap Fund - Direct Plan - Growth",2025-04-30,18.0698
152107,"QUANTUM SMALL CAP FUND - DIRECT PLAN GROWTH OPTION",2025-04-30,11.38
152614,"JM Small Cap Fund (Direct) - Growth Option",2025-04-30,9.2773
152939,"TRUSTMF SMALL CAP FUND -DIRECT PLAN-GROWTH",2025-04-30,9.21
153196,"Mirae Asset Small Cap Fund - Direct Plan - Growth",2025-04-30,10.176
150915,"Mahindra Manulife Small Cap Fund - Direct Plan - Growth",2025-05-02,18.0761
152107,"QUANTUM SMALL CAP FUND - DIRECT PLAN GROWTH OPTION",2025-05-02,11.35
152614,"JM Small Cap Fund (Direct) - Growth Option",2025-05-02,9.2864
152939,"TRUSTMF SMALL CAP FUND -DIRECT PLAN-GROWTH",2025-05-02,9.19
153196,"Mirae Asset Small Cap Fund - Direct Plan - Growth",2025-05-02,10.166
150915,"Mahindra Manulife Small Cap Fund - Direct Plan - Growth",2025-05-05,18.2847
152107,"QUANTUM SMALL CAP FUND - DIRECT PLAN GROWTH OPTION",2025-05-05,11.46
152614,"JM Small Cap Fund (Direct) - Growth Option",2025-05-05,9.4174
152939,"TRUSTMF SMALL CAP FUND -DIRECT PLAN-GROWTH",2025-05-05,9.31
153196,"Mirae Asset Small Cap Fund - Direct Plan - Growth",2025-05-05,10.267
150915,"Mahindra Manulife Small Cap Fund - Direct Plan - Growth",2025-05-06,17.9004
152107,"QUANTUM SMALL CAP FUND - DIRECT PLAN GROWTH OPTION",2025-05-06,11.3
152614,"JM Small Cap Fund (Direct) - Growth Option",2025-05-06,9.1754
152939,"TRUSTMF SMALL CAP FUND -DIRECT PLAN-GROWTH",2025-05-06,9.08
153196,"Mirae Asset Small Cap Fund - Direct Plan - Growth",2025-05-06,10.114
150915,"Mahindra Manulife Small Cap Fund - Direct Plan - Growth",2025-05-07,18.0799
152107,"QUANTUM SMALL CAP FUND - DIRECT PLAN GROWTH OPTION",2025-05-07,11.41
152614,"JM Small Cap Fund (Direct) - Growth Option",2025-05-07,9.2755
152939,"TRUSTMF SMALL CAP FUND -DIRECT PLAN-GROWTH",2025-05-07,9.19
153196,"Mirae Asset Small Cap Fund - Direct Plan - Growth",2025-05-07,10.204
150915,"Mahindra Manulife Small Cap Fund - Direct Plan - Growth",2025-05-08,17.9519
152107,"QUANTUM SMALL CAP FUND - DIRECT PLAN GROWTH OPTION",2025-05-08,11.34
152614,"JM Small Cap Fund (Direct) - Growth Option",2025-05-08,9.1555
152939,"TRUSTMF SMALL CAP FUND -DIRECT PLAN-GROWTH",2025-05-08,9.12
153196,"Mirae Asset Small Cap Fund - Direct Plan - Growth",2025-05-08,10.107
150915,"Mahindra Manulife Small Cap Fund - Direct Plan - Growth",2025-05-09,17.8303
152107,"QUANTUM SMALL CAP FUND - DIRECT PLAN GROWTH OPTION",2025-05-09,11.33
152614,"JM Small Cap Fund (Direct) - Growth Option",2025-05-09,9.111
152939,"TRUSTMF SMALL CAP FUND -DIRECT PLAN-GROWTH",2025-05-09,9.14
153196,"Mirae Asset Small Cap Fund - Direct Plan - Growth",2025-05-09,10.058
150915,"Mahindra Manulife Small Cap Fund - Direct Plan - Growth",2025-05-12,18.5285
152107,"QUANTUM SMALL CAP FUND - DIRECT PLAN GROWTH OPTION",2025-05-12,11.73
152614,"JM Small Cap Fund (Direct) - Growth Option",2025-05-12,9.51
152939,"TRUSTMF SMALL CAP FUND -DIRECT PLAN-GROWTH",2025-05-12,9.43
153196,"Mirae Asset Small Cap Fund - Direct Plan - Growth",2025-05-12,10.37
150915,"Mahindra Manulife Small Cap Fund - Direct Plan - Growth",2025-05-13,18.7201
152107,"QUANTUM SMALL CAP FUND - DIRECT PLAN GROWTH OPTION",2025-05-13,11.81
152614,"JM Small Cap Fund (Direct) - Growth Option",2025-05-13,9.6226
152939,"TRUSTMF SMALL CAP FUND -DIRECT PLAN-GROWTH",2025-05-13,9.55
153196,"Mirae Asset Small Cap Fund - Direct Plan - Growth",2025-05-13,10.421
150915,"Mahindra Manulife Small Cap Fund - Direct Plan - Growth",2025-05-14,18.9883
152107,"QUANTUM SMALL CAP FUND - DIRECT PLAN GROWTH OPTION",2025-05-14,11.96
152614,"JM Small Cap Fund (Direct) - Growth Option",2025-05-14,9.6824
152939,"TRUSTMF SMALL CAP FUND -DIRECT PLAN-GROWTH",2025-05-14,9.66
153196,"Mirae Asset Small Cap Fund - Direct Plan - Growth",2025-05-14,10.553
150915,"Mahindra Manulife Small Cap Fund - Direct Plan - Growth",2025-05-15,19.1161
152107,"QUANTUM SMALL CAP FUND - DIRECT PLAN GROWTH OPTION",2025-05-15,12.03
152614,"JM Small Cap Fund (Direct) - Growth Option",2025-05-15,9.7665
152939,"TRUSTMF SMALL CAP FUND -DIRECT PLAN-GROWTH",2025-05-15,9.71
153196,"Mirae Asset Small Cap Fund - Direct Plan - Growth",2025-05-15,10.664
150915,"Mahindra Manulife Small Cap Fund - Direct Plan - Growth",2025-05-16,19.2035
152107,"QUANTUM SMALL CAP FUND - DIRECT PLAN GROWTH OPTION",2025-05-16,12.14
152614,"JM Small Cap Fund (Direct) - Growth Option",2025-05-16,9.7888
152939,"TRUSTMF SMALL CAP FUND -DIRECT PLAN-GROWTH",2025-05-16,9.79
153196,"Mirae Asset Small Cap Fund - Direct Plan - Growth",2025-05-16,10.735
150915,"Mahindra Manulife Small Cap Fund - Direct Plan - Growth",2025-05-19,19.274
152107,"QUANTUM SMALL CAP FUND - DIRECT PLAN GROWTH OPTION",2025-05-19,12.19
152614,"JM Small Cap Fund (Direct) - Growth Option",2025-05-19,9.8034
152939,"TRUSTMF SMALL CAP FUND -DIRECT PLAN-GROWTH",2025-05-19,9.81
153196,"Mirae Asset Small Cap Fund - Direct Plan - Growth",2025-05-19,10.758
150915,"Mahindra Manulife Small Cap Fund - Direct Plan - Growth",2025-05-20,19.071
152107,"QUANTUM SMALL CAP FUND - DIRECT PLAN GROWTH OPTION",2025-05-20,12.16
152614,"JM Small Cap Fund (Direct) - Growth Option",2025-05-20,9.8319
152939,"TRUSTMF SMALL CAP FUND -DIRECT PLAN-GROWTH",2025-05-20,9.7
153196,"Mirae Asset Small Cap Fund - Direct Plan - Growth",2025-05-20,10.666
150915,"Mahindra Manulife Small Cap Fund - Direct Plan - Growth",2025-05-21,19.1019
152107,"QUANTUM SMALL CAP FUND - DIRECT PLAN GROWTH OPTION",2025-05-21,12.24
152614,"JM Small Cap Fund (Direct) - Growth Option",2025-05-21,9.8672
152939,"TRUSTMF SMALL CAP FUND -DIRECT PLAN-GROWTH",2025-05-21,9.76
153196,"Mirae Asset Small Cap Fund - Direct Plan - Growth",2025-05-21,10.728
150915,"Mahindra Manulife Small Cap Fund - Direct Plan - Growth",2025-05-22,19.0503
152107,"QUANTUM SMALL CAP FUND - DIRECT PLAN GROWTH OPTION",2025-05-22,12.33
152614,"JM Small Cap Fund (Direct) - Growth Option",2025-05-22,9.8361
152939,"TRUSTMF SMALL CAP FUND -DIRECT PLAN-GROWTH",2025-05-22,9.76
153196,"Mirae Asset Small Cap Fund - Direct Plan - Growth",2025-05-22,10.699
150915,"Mahindra Manulife Small Cap Fund - Direct Plan - Growth",2025-05-23,19.094
152107,"QUANTUM SMALL CAP FUND - DIRECT PLAN GROWTH OPTION",2025-05-23,12.41
152614,"JM Small Cap Fund (Direct) - Growth Option",2025-05-23,9.8447
152939,"TRUSTMF SMALL CAP FUND -DIRECT PLAN-GROWTH",2025-05-23,9.78
153196,"Mirae Asset Small Cap Fund - Direct Plan - Growth",2025-05-23,10.735
150915,"Mahindra Manulife Small Cap Fund - Direct Plan - Growth",2025-05-26,19.127
152107,"QUANTUM SMALL CAP FUND - DIRECT PLAN GROWTH OPTION",2025-05-26,12.47
152614,"JM Small Cap Fund (Direct) - Growth Option",2025-05-26,9.9226
152939,"TRUSTMF SMALL CAP FUND -DIRECT PLAN-GROWTH",2025-05-26,9.88
153196,"Mirae Asset Small Cap Fund - Direct Plan - Growth",2025-05-26,10.833
150915,"Mahindra Manulife Small Cap Fund - Direct Plan - Growth",2025-05-27,19.1665
152107,"QUANTUM SMALL CAP FUND - DIRECT PLAN GROWTH OPTION",2025-05-27,12.48
152614,"JM Small Cap Fund (Direct) - Growth Option",2025-05-27,9.9314
152939,"TRUSTMF SMALL CAP FUND -DIRECT PLAN-GROWTH",2025-05-27,9.89
153196,"Mirae Asset Small Cap Fund - Direct Plan - Growth",2025-05-27,10.821
150915,"Mahindra Manulife Small Cap Fund - Direct Plan - Growth",2025-05-28,19.1947
152107,"QUANTUM SMALL CAP FUND - DIRECT PLAN GROWTH OPTION",2025-05-28,12.53
152614,"JM Small Cap Fund (Direct) - Growth Option",2025-05-28,9.9916
152939,"TRUSTMF SMALL CAP FUND -DIRECT PLAN-GROWTH",2025-05-28,9.95
153196,"Mirae Asset Small Cap Fund - Direct Plan - Growth",2025-05-28,10.819
150915,"Mahindra Manulife Small Cap Fund - Direct Plan - Growth",2025-05-29,19.2888
152107,"QUANTUM SMALL CAP FUND - DIRECT PLAN GROWTH OPTION",2025-05-29,12.57
152614,"JM Small Cap Fund (Direct) - Growth Option",2025-05-29,10.0467
152939,"TRUSTMF SMALL CAP FUND -DIRECT PLAN-GROWTH",2025-05-29,10.01
153196,"Mirae Asset Small Cap Fund - Direct Plan - Growth",2025-05-29,10.878
150915,"Mahindra Manulife Small Cap Fund - Direct Plan - Growth",2025-05-30,19.3071
152107,"QUANTUM SMALL CAP FUND - DIRECT PLAN GROWTH OPTION",2025-05-30,12.65
152614,"JM Small Cap Fund (Direct) - Growth Option",2025-05-30,10.0582
152939,"TRUSTMF SMALL CAP FUND -DIRECT PLAN-GROWTH",2025-05-30,10.1
153196,"Mirae Asset Small Cap Fund - Direct Plan - Growth",2025-05-30,10.912
150915,"Mahindra Manulife Small Cap Fund - Direct Plan - Growth",2025-06-02,19.3445
152107,"QUANTUM SMALL CAP FUND - DIRECT PLAN GROWTH OPTION",2025-06-02,12.74
152614,"JM Small Cap Fund (Direct) - Growth Option",2025-06-02,10.0493
152939,"TRUSTMF SMALL CAP FUND -DIRECT PLAN-GROWTH",2025-06-02,10.14
153196,"Mirae Asset Small Cap Fund - Direct Plan - Growth",2025-06-02,10.953
150915,"Mahindra Manulife Small Cap Fund - Direct Plan - Growth",2025-06-03,19.3708
152107,"QUANTUM SMALL CAP FUND - DIRECT PLAN GROWTH OPTION",2025-06-03,12.71
152614,"JM Small Cap Fund (Direct) - Growth Option",2025-06-03,10.0322
152939,"TRUSTMF SMALL CAP FUND -DIRECT PLAN-GROWTH",2025-06-03,10.15
153196,"Mirae Asset Small Cap Fund - Direct Plan - Growth",2025-06-03,10.961
150915,"Mahindra Manulife Small Cap Fund - Direct Plan - Growth",2025-06-04,19.4715
152107,"QUANTUM SMALL CAP FUND - DIRECT PLAN GROWTH OPTION",2025-06-04,12.73
152614,"JM Small Cap Fund (Direct) - Growth Option",2025-06-04,10.1014
152939,"TRUSTMF SMALL CAP FUND -DIRECT PLAN-GROWTH",2025-06-04,10.18
153196,"Mirae Asset Small Cap Fund - Direct Plan - Growth",2025-06-04,10.965
150915,"Mahindra Manulife Small Cap Fund - Direct Plan - Growth",2025-06-05,19.5968
152107,"QUANTUM SMALL CAP FUND - DIRECT PLAN GROWTH OPTION",2025-06-05,12.77
152614,"JM Small Cap Fund (Direct) - Growth Option",2025-06-05,10.1399
152939,"TRUSTMF SMALL CAP FUND -DIRECT PLAN-GROWTH",2025-06-05,10.29
153196,"Mirae Asset Small Cap Fund - Direct Plan - Growth",2025-06-05,11.041
150915,"Mahindra Manulife Small Cap Fund - Direct Plan - Growth",2025-06-06,19.7822
152107,"QUANTUM SMALL CAP FUND - DIRECT PLAN GROWTH OPTION",2025-06-06,12.84
152614,"JM Small Cap Fund (Direct) - Growth Option",2025-06-06,10.1801
152939,"TRUSTMF SMALL CAP FUND -DIRECT PLAN-GROWTH",2025-06-06,10.27
153196,"Mirae Asset Small Cap Fund - Direct Plan - Growth",2025-06-06,11.154
150915,"Mahindra Manulife Small Cap Fund - Direct Plan - Growth",2025-06-09,20.0606
152107,"QUANTUM SMALL CAP FUND - DIRECT PLAN GROWTH OPTION",2025-06-09,12.96
152614,"JM Small Cap Fund (Direct) - Growth Option",2025-06-09,10.3288
152939,"TRUSTMF SMALL CAP FUND -DIRECT PLAN-GROWTH",2025-06-09,10.35
153196,"Mirae Asset Small Cap Fund - Direct Plan - Growth",2025-06-09,11.256
150915,"Mahindra Manulife Small Cap Fund - Direct Plan - Growth",2025-06-10,20.1015
152107,"QUANTUM SMALL CAP FUND - DIRECT PLAN GROWTH OPTION",2025-06-10,12.99
152614,"JM Small Cap Fund (Direct) - Growth Option",2025-06-10,10.3644
152939,"TRUSTMF SMALL CAP FUND -DIRECT PLAN-GROWTH",2025-06-10,10.39
153196,"Mirae Asset Small Cap Fund - Direct Plan - Growth",2025-06-10,11.285
150915,"Mahindra Manulife Small Cap Fund - Direct Plan - Growth",2025-06-11,20.0822
152107,"QUANTUM SMALL CAP FUND - DIRECT PLAN GROWTH OPTION",2025-06-11,12.97
152614,"JM Small Cap Fund (Direct) - Growth Option",2025-06-11,10.3611
152939,"TRUSTMF SMALL CAP FUND -DIRECT PLAN-GROWTH",2025-06-11,10.33
153196,"Mirae Asset Small Cap Fund - Direct Plan - Growth",2025-06-11,11.305
150915,"Mahindra Manulife Small Cap Fund - Direct Plan - Growth",2025-06-12,19.8138
152107,"QUANTUM SMALL CAP FUND - DIRECT PLAN GROWTH OPTION",2025-06-12,12.86
152614,"JM Small Cap Fund (Direct) - Growth Option",2025-06-12,10.1798
152939,"TRUSTMF SMALL CAP FUND -DIRECT PLAN-GROWTH",2025-06-12,10.21
153196,"Mirae Asset Small Cap Fund - Direct Plan - Growth",2025-06-12,11.162
150915,"Mahindra Manulife Small Cap Fund - Direct Plan - Growth",2025-06-13,19.7294
152107,"QUANTUM SMALL CAP FUND - DIRECT PLAN GROWTH OPTION",2025-06-13,12.84
152614,"JM Small Cap Fund (Direct) - Growth Option",2025-06-13,10.1666
152939,"TRUSTMF SMALL CAP FUND -DIRECT PLAN-GROWTH",2025-06-13,10.2
153196,"Mirae Asset Small Cap Fund - Direct Plan - Growth",2025-06-13,11.158
150915,"Mahindra Manulife Small Cap Fund - Direct Plan - Growth",2025-06-16,19.8322
152107,"QUANTUM SMALL CAP FUND - DIRECT PLAN GROWTH OPTION",2025-06-16,12.89
152614,"JM Small Cap Fund (Direct) - Growth Option",2025-06-16,10.2514
152939,"TRUSTMF SMALL CAP FUND -DIRECT PLAN-GROWTH",2025-06-16,10.25
153196,"Mirae Asset Small Cap Fund - Direct Plan - Growth",2025-06-16,11.193
150915,"Mahindra Manulife Small Cap Fund - Direct Plan - Growth",2025-06-17,19.7174
152107,"QUANTUM SMALL CAP FUND - DIRECT PLAN GROWTH OPTION",2025-06-17,12.83
152614,"JM Small Cap Fund (Direct) - Growth Option",2025-06-17,10.2137
152939,"TRUSTMF SMALL CAP FUND -DIRECT PLAN-GROWTH",2025-06-17,10.25
153196,"Mirae Asset Small Cap Fund - Direct Plan - Growth",2025-06-17,11.155
150915,"Mahindra Manulife Small Cap Fund - Direct Plan - Growth",2025-06-18,19.6901
152107,"QUANTUM SMALL CAP FUND - DIRECT PLAN GROWTH OPTION",2025-06-18,12.8
152614,"JM Small Cap Fund (Direct) - Growth Option",2025-06-18,10.1777
152939,"TRUSTMF SMALL CAP FUND -DIRECT PLAN-GROWTH",2025-06-18,10.25
153196,"Mirae Asset Small Cap Fund - Direct Plan - Growth",2025-06-18,11.148
150915,"Mahindra Manulife Small Cap Fund - Direct Plan - Growth",2025-06-19,19.3882
152107,"QUANTUM SMALL CAP FUND - DIRECT PLAN GROWTH OPTION",2025-06-19,12.63
152614,"JM Small Cap Fund (Direct) - Growth Option",2025-06-19,9.9855
152939,"TRUSTMF SMALL CAP FUND -DIRECT PLAN-GROWTH",2025-06-19,10.06
153196,"Mirae Asset Small Cap Fund - Direct Plan - Growth",2025-06-19,10.981
150915,"Mahindra Manulife Small Cap Fund - Direct Plan - Growth",2025-06-20,19.4933
152107,"QUANTUM SMALL CAP FUND - DIRECT PLAN GROWTH OPTION",2025-06-20,12.67
152614,"JM Small Cap Fund (Direct) - Growth Option",2025-06-20,10.0372
152939,"TRUSTMF SMALL CAP FUND -DIRECT PLAN-GROWTH",2025-06-20,10.16
153196,"Mirae Asset Small Cap Fund - Direct Plan - Growth",2025-06-20,11.054
150915,"Mahindra Manulife Small Cap Fund - Direct Plan - Growth",2025-06-23,19.6213
152107,"QUANTUM SMALL CAP FUND - DIRECT PLAN GROWTH OPTION",2025-06-23,12.71
152614,"JM Small Cap Fund (Direct) - Growth Option",2025-06-23,10.0869
152939,"TRUSTMF SMALL CAP FUND -DIRECT PLAN-GROWTH",2025-06-23,10.23
153196,"Mirae Asset Small Cap Fund - Direct Plan - Growth",2025-06-23,11.065
150915,"Mahindra Manulife Small Cap Fund - Direct Plan - Growth",2025-06-24,19.7293
152107,"QUANTUM SMALL CAP FUND - DIRECT PLAN GROWTH OPTION",2025-06-24,12.82
152614,"JM Small Cap Fund (Direct) - Growth Option",2025-06-24,10.1735
152939,"TRUSTMF SMALL CAP FUND -DIRECT PLAN-GROWTH",2025-06-24,10.27
153196,"Mirae Asset Small Cap Fund - Direct Plan - Growth",2025-06-24,11.147
150915,"Mahindra Manulife Small Cap Fund - Direct Plan - Growth",2025-06-25,19.9953
152107,"QUANTUM SMALL CAP FUND - DIRECT PLAN GROWTH OPTION",2025-06-25,12.95
152614,"JM Small Cap Fund (Direct) - Growth Option",2025-06-25,10.3774
152939,"TRUSTMF SMALL CAP FUND -DIRECT PLAN-GROWTH",2025-06-25,10.32
153196,"Mirae Asset Small Cap Fund - Direct Plan - Growth",2025-06-25,11.267
150915,"Mahindra Manulife Small Cap Fund - Direct Plan - Growth",2025-06-26,20.0491
152107,"QUANTUM SMALL CAP FUND - DIRECT PLAN GROWTH OPTION",2025-06-26,12.94
152614,"JM Small Cap Fund (Direct) - Growth Option",2025-06-26,10.3806
152939,"TRUSTMF SMALL CAP FUND -DIRECT PLAN-GROWTH",2025-06-26,10.35
153196,"Mirae Asset Small Cap Fund - Direct Plan - Growth",2025-06-26,11.286
150915,"Mahindra Manulife Small Cap Fund - Direct Plan - Growth",2025-06-27,20.174
152107,"QUANTUM SMALL CAP FUND - DIRECT PLAN GROWTH OPTION",2025-06-27,12.99
152614,"JM Small Cap Fund (Direct) - Growth Option",2025-06-27,10.4807
152939,"TRUSTMF SMALL CAP FUND -DIRECT PLAN-GROWTH",2025-06-27,10.41
153196,"Mirae Asset Small Cap Fund - Direct Plan - Growth",2025-06-27,11.368
150915,"Mahindra Manulife Small Cap Fund - Direct Plan - Growth",2025-06-30,20.2995
152107,"QUANTUM SMALL CAP FUND - DIRECT PLAN GROWTH OPTION",2025-06-30,13.1
152614,"JM Small Cap Fund (Direct) - Growth Option",2025-06-30,10.5193
152939,"TRUSTMF SMALL CAP FUND -DIRECT PLAN-GROWTH",2025-06-30,10.48
153196,"Mirae Asset Small Cap Fund - Direct Plan - Growth",2025-06-30,11.431
150915,"Mahindra Manulife Small Cap Fund - Direct Plan - Growth",2025-07-01,20.3015
152107,"QUANTUM SMALL CAP FUND - DIRECT PLAN GROWTH OPTION",2025-07-01,13.14
152614,"JM Small Cap Fund (Direct) - Growth Option",2025-07-01,10.4893
152939,"TRUSTMF SMALL CAP FUND -DIRECT PLAN-GROWTH",2025-07-01,10.47
153196,"Mirae Asset Small Cap Fund - Direct Plan - Growth",2025-07-01,11.433
150915,"Mahindra Manulife Small Cap Fund - Direct Plan - Growth",2025-07-02,20.2046
152107,"QUANTUM SMALL CAP FUND - DIRECT PLAN GROWTH OPTION",2025-07-02,13.06
152614,"JM Small Cap Fund (Direct) - Growth Option",2025-07-02,10.4343
152939,"TRUSTMF SMALL CAP FUND -DIRECT PLAN-GROWTH",2025-07-02,10.49
153196,"Mirae Asset Small Cap Fund - Direct Plan - Growth",2025-07-02,11.453
150915,"Mahindra Manulife Small Cap Fund - Direct Plan - Growth",2025-07-03,20.2089
152107,"QUANTUM SMALL CAP FUND - DIRECT PLAN GROWTH OPTION",2025-07-03,13.08
152614,"JM Small Cap Fund (Direct) - Growth Option",2025-07-03,10.4693
152939,"TRUSTMF SMALL CAP FUND -DIRECT PLAN-GROWTH",2025-07-03,10.54
153196,"Mirae Asset Small Cap Fund - Direct Plan - Growth",2025-07-03,11.443
150915,"Mahindra Manulife Small Cap Fund - Direct Plan - Growth",2025-07-04,20.2063
152107,"QUANTUM SMALL CAP FUND - DIRECT PLAN GROWTH OPTION",2025-07-04,13.15
152614,"JM Small Cap Fund (Direct) - Growth Option",2025-07-04,10.4903
152939,"TRUSTMF SMALL CAP FUND -DIRECT PLAN-GROWTH",2025-07-04,10.54
153196,"Mirae Asset Small Cap Fund - Direct Plan - Growth",2025-07-04,11.519
150915,"Mahindra Manulife Small Cap Fund - Direct Plan - Growth",2025-07-07,20.185
152107,"QUANTUM SMALL CAP FUND - DIRECT PLAN GROWTH OPTION",2025-07-07,13.07
152614,"JM Small Cap Fund (Direct) - Growth Option",2025-07-07,10.393
152939,"TRUSTMF SMALL CAP FUND -DIRECT PLAN-GROWTH",2025-07-07,10.47
153196,"Mirae Asset Small Cap Fund - Direct Plan - Growth",2025-07-07,11.465
150915,"Mahindra Manulife Small Cap Fund - Direct Plan - Growth",2025-07-08,20.1497
152107,"QUANTUM SMALL CAP FUND - DIRECT PLAN GROWTH OPTION",2025-07-08,13.08
152614,"JM Small Cap Fund (Direct) - Growth Option",2025-07-08,10.3579
152939,"TRUSTMF SMALL CAP FUND -DIRECT PLAN-GROWTH",2025-07-08,10.46
153196,"Mirae Asset Small Cap Fund - Direct Plan - Growth",2025-07-08,11.496
150915,"Mahindra Manulife Small Cap Fund - Direct Plan - Growth",2025-07-09,20.2362
152107,"QUANTUM SMALL CAP FUND - DIRECT PLAN GROWTH OPTION",2025-07-09,13.12
152614,"JM Small Cap Fund (Direct) - Growth Option",2025-07-09,10.432
152939,"TRUSTMF SMALL CAP FUND -DIRECT PLAN-GROWTH",2025-07-09,10.57
153196,"Mirae Asset Small Cap Fund - Direct Plan - Growth",2025-07-09,11.559
150915,"Mahindra Manulife Small Cap Fund - Direct Plan - Growth",2025-07-10,20.2423
152107,"QUANTUM SMALL CAP FUND - DIRECT PLAN GROWTH OPTION",2025-07-10,13.12
152614,"JM Small Cap Fund (Direct) - Growth Option",2025-07-10,10.4204
152939,"TRUSTMF SMALL CAP FUND -DIRECT PLAN-GROWTH",2025-07-10,10.54
153196,"Mirae Asset Small Cap Fund - Direct Plan - Growth",2025-07-10,11.617
150915,"Mahindra Manulife Small Cap Fund - Direct Plan - Growth",2025-07-11,20.1803
152107,"QUANTUM SMALL CAP FUND - DIRECT PLAN GROWTH OPTION",2025-07-11,13.05
152614,"JM Small Cap Fund (Direct) - Growth Option",2025-07-11,10.3306
152939,"TRUSTMF SMALL CAP FUND -DIRECT PLAN-GROWTH",2025-07-11,10.46
153196,"Mirae Asset Small Cap Fund - Direct Plan - Growth",2025-07-11,11.577
150915,"Mahindra Manulife Small Cap Fund - Direct Plan - Growth",2025-07-14,20.2922
152107,"QUANTUM SMALL CAP FUND - DIRECT PLAN GROWTH OPTION",2025-07-14,13.09
152614,"JM Small Cap Fund (Direct) - Growth Option",2025-07-14,10.4371
152939,"TRUSTMF SMALL CAP FUND -DIRECT PLAN-GROWTH",2025-07-14,10.53
153196,"Mirae Asset Small Cap Fund - Direct Plan - Growth",2025-07-14,11.669
150915,"Mahindra Manulife Small Cap Fund - Direct Plan - Growth",2025-07-15,20.5211
152107,"QUANTUM SMALL CAP FUND - DIRECT PLAN GROWTH OPTION",2025-07-15,13.2
152614,"JM Small Cap Fund (Direct) - Growth Option",2025-07-15,10.5841
152939,"TRUSTMF SMALL CAP FUND -DIRECT PLAN-GROWTH",2025-07-15,10.61
153196,"Mirae Asset Small Cap Fund - Direct Plan - Growth",2025-07-15,11.738
150915,"Mahindra Manulife Small Cap Fund - Direct Plan - Growth",2025-07-16,20.5846
152107,"QUANTUM SMALL CAP FUND - DIRECT PLAN GROWTH OPTION",2025-07-16,13.28
152614,"JM Small Cap Fund (Direct) - Growth Option",2025-07-16,10.5884
152939,"TRUSTMF SMALL CAP FUND -DIRECT PLAN-GROWTH",2025-07-16,10.6
153196,"Mirae Asset Small Cap Fund - Direct Plan - Growth",2025-07-16,11.753
150915,"Mahindra Manulife Small Cap Fund - Direct Plan - Growth",2025-07-17,20.6801
152107,"QUANTUM SMALL CAP FUND - DIRECT PLAN GROWTH OPTION",2025-07-17,13.3
152614,"JM Small Cap Fund (Direct) - Growth Option",2025-07-17,10.5805
152939,"TRUSTMF SMALL CAP FUND -DIRECT PLAN-GROWTH",2025-07-17,10.6
153196,"Mirae Asset Small Cap Fund - Direct Plan - Growth",2025-07-17,11.79
150915,"Mahindra Manulife Small Cap Fund - Direct Plan - Growth",2025-07-18,20.6136
152107,"QUANTUM SMALL CAP FUND - DIRECT PLAN GROWTH OPTION",2025-07-18,13.2
152614,"JM Small Cap Fund (Direct) - Growth Option",2025-07-18,10.4775
152939,"TRUSTMF SMALL CAP FUND -DIRECT PLAN-GROWTH",2025-07-18,10.55
153196,"Mirae Asset Small Cap Fund - Direct Plan - Growth",2025-07-18,11.732
150915,"Mahindra Manulife Small Cap Fund - Direct Plan - Growth",2025-07-21,20.6575
152107,"QUANTUM SMALL CAP FUND - DIRECT PLAN GROWTH OPTION",2025-07-21,13.22
152614,"JM Small Cap Fund (Direct) - Growth Option",2025-07-21,10.468
152939,"TRUSTMF SMALL CAP FUND -DIRECT PLAN-GROWTH",2025-07-21,10.59
153196,"Mirae Asset Small Cap Fund - Direct Plan - Growth",2025-07-21,11.717
150915,"Mahindra Manulife Small Cap Fund - Direct Plan - Growth",2025-07-22,20.6287
152107,"QUANTUM SMALL CAP FUND - DIRECT PLAN GROWTH OPTION",2025-07-22,13.21
152614,"JM Small Cap Fund (Direct) - Growth Option",2025-07-22,10.4565
152939,"TRUSTMF SMALL CAP FUND -DIRECT PLAN-GROWTH",2025-07-22,10.54
153196,"Mirae Asset Small Cap Fund - Direct Plan - Growth",2025-07-22,11.693
153612,"BAJAJ FINSERV SMALL CAP FUND - DIRECT - GROWTH",2025-07-22,10
150915,"Mahindra Manulife Small Cap Fund - Direct Plan - Growth",2025-07-23,20.627
152107,"QUANTUM SMALL CAP FUND - DIRECT PLAN GROWTH OPTION",2025-07-23,13.21
152614,"JM Small Cap Fund (Direct) - Growth Option",2025-07-23,10.4266
152939,"TRUSTMF SMALL CAP FUND -DIRECT PLAN-GROWTH",2025-07-23,10.55
153196,"Mirae Asset Small Cap Fund - Direct Plan - Growth",2025-07-23,11.694
153612,"BAJAJ FINSERV SMALL CAP FUND - DIRECT - GROWTH",2025-07-23,9.995
150915,"Mahindra Manulife Small Cap Fund - Direct Plan - Growth",2025-07-24,20.5025
152107,"QUANTUM SMALL CAP FUND - DIRECT PLAN GROWTH OPTION",2025-07-24,13.14
152614,"JM Small Cap Fund (Direct) - Growth Option",2025-07-24,10.3449
152939,"TRUSTMF SMALL CAP FUND -DIRECT PLAN-GROWTH",2025-07-24,10.46
153196,"Mirae Asset Small Cap Fund - Direct Plan - Growth",2025-07-24,11.645
153612,"BAJAJ FINSERV SMALL CAP FUND - DIRECT - GROWTH",2025-07-24,9.97
150915,"Mahindra Manulife Small Cap Fund - Direct Plan - Growth",2025-07-25,20.0955
152107,"QUANTUM SMALL CAP FUND - DIRECT PLAN GROWTH OPTION",2025-07-25,12.99
152614,"JM Small Cap Fund (Direct) - Growth Option",2025-07-25,10.1346
152939,"TRUSTMF SMALL CAP FUND -DIRECT PLAN-GROWTH",2025-07-25,10.32
153196,"Mirae Asset Small Cap Fund - Direct Plan - Growth",2025-07-25,11.474
153612,"BAJAJ FINSERV SMALL CAP FUND - DIRECT - GROWTH",2025-07-25,9.842
150915,"Mahindra Manulife Small Cap Fund - Direct Plan - Growth",2025-07-28,19.9207
152107,"QUANTUM SMALL CAP FUND - DIRECT PLAN GROWTH OPTION",2025-07-28,12.83
152614,"JM Small Cap Fund (Direct) - Growth Option",2025-07-28,10.0034
152939,"TRUSTMF SMALL CAP FUND -DIRECT PLAN-GROWTH",2025-07-28,10.24
153196,"Mirae Asset Small Cap Fund - Direct Plan - Growth",2025-07-28,11.366
153612,"BAJAJ FINSERV SMALL CAP FUND - DIRECT - GROWTH",2025-07-28,9.784
150915,"Mahindra Manulife Small Cap Fund - Direct Plan - Growth",2025-07-29,20.1385
152107,"QUANTUM SMALL CAP FUND - DIRECT PLAN GROWTH OPTION",2025-07-29,12.9
152614,"JM Small Cap Fund (Direct) - Growth Option",2025-07-29,10.154
152939,"TRUSTMF SMALL CAP FUND -DIRECT PLAN-GROWTH",2025-07-29,10.37
153196,"Mirae Asset Small Cap Fund - Direct Plan - Growth",2025-07-29,11.41
153612,"BAJAJ FINSERV SMALL CAP FUND - DIRECT - GROWTH",2025-07-29,9.831
150915,"Mahindra Manulife Small Cap Fund - Direct Plan - Growth",2025-07-30,20.1565
152107,"QUANTUM SMALL CAP FUND - DIRECT PLAN GROWTH OPTION",2025-07-30,13
152614,"JM Small Cap Fund (Direct) - Growth Option",2025-07-30,10.2162
152939,"TRUSTMF SMALL CAP FUND -DIRECT PLAN-GROWTH",2025-07-30,10.41
153196,"Mirae Asset Small Cap Fund - Direct Plan - Growth",2025-07-30,11.496
153612,"BAJAJ FINSERV SMALL CAP FUND - DIRECT - GROWTH",2025-07-30,9.879
150915,"Mahindra Manulife Small Cap Fund - Direct Plan - Growth",2025-07-31,20.0663
152107,"QUANTUM SMALL CAP FUND - DIRECT PLAN GROWTH OPTION",2025-07-31,12.95
152614,"JM Small Cap Fund (Direct) - Growth Option",2025-07-31,10.162
152939,"TRUSTMF SMALL CAP FUND -DIRECT PLAN-GROWTH",2025-07-31,10.41
153196,"Mirae Asset Small Cap Fund - Direct Plan - Growth",2025-07-31,11.458
153612,"BAJAJ FINSERV SMALL CAP FUND - DIRECT - GROWTH",2025-07-31,9.823
150915,"Mahindra Manulife Small Cap Fund - Direct Plan - Growth",2025-08-01,19.7063
152107,"QUANTUM SMALL CAP FUND - DIRECT PLAN GROWTH OPTION",2025-08-01,12.81
152614,"JM Small Cap Fund (Direct) - Growth Option",2025-08-01,9.9528
152939,"TRUSTMF SMALL CAP FUND -DIRECT PLAN-GROWTH",2025-08-01,10.25
153196,"Mirae Asset Small Cap Fund - Direct Plan - Growth",2025-08-01,11.319
153612,"BAJAJ FINSERV SMALL CAP FUND - DIRECT - GROWTH",2025-08-01,9.665
150915,"Mahindra Manulife Small Cap Fund - Direct Plan - Growth",2025-08-04,19.977
152107,"QUANTUM SMALL CAP FUND - DIRECT PLAN GROWTH OPTION",2025-08-04,12.93
152614,"JM Small Cap Fund (Direct) - Growth Option",2025-08-04,10.0781
152939,"TRUSTMF SMALL CAP FUND -DIRECT PLAN-GROWTH",2025-08-04,10.36
153196,"Mirae Asset Small Cap Fund - Direct Plan - Growth",2025-08-04,11.407
153612,"BAJAJ FINSERV SMALL CAP FUND - DIRECT - GROWTH",2025-08-04,9.7
150915,"Mahindra Manulife Small Cap Fund - Direct Plan - Growth",2025-08-05,19.93
152107,"QUANTUM SMALL CAP FUND - DIRECT PLAN GROWTH OPTION",2025-08-05,12.88
152614,"JM Small Cap Fund (Direct) - Growth Option",2025-08-05,10.1004
152939,"TRUSTMF SMALL CAP FUND -DIRECT PLAN-GROWTH",2025-08-05,10.35
153196,"Mirae Asset Small Cap Fund - Direct Plan - Growth",2025-08-05,11.367
153612,"BAJAJ FINSERV SMALL CAP FUND - DIRECT - GROWTH",2025-08-05,9.649
150915,"Mahindra Manulife Small Cap Fund - Direct Plan - Growth",2025-08-06,19.7634
152107,"QUANTUM SMALL CAP FUND - DIRECT PLAN GROWTH OPTION",2025-08-06,12.8
152614,"JM Small Cap Fund (Direct) - Growth Option",2025-08-06,10.0624
152939,"TRUSTMF SMALL CAP FUND -DIRECT PLAN-GROWTH",2025-08-06,10.23
153196,"Mirae Asset Small Cap Fund - Direct Plan - Growth",2025-08-06,11.276
153612,"BAJAJ FINSERV SMALL CAP FUND - DIRECT - GROWTH",2025-08-06,9.567
150915,"Mahindra Manulife Small Cap Fund - Direct Plan - Growth",2025-08-07,19.7996
152107,"QUANTUM SMALL CAP FUND - DIRECT PLAN GROWTH OPTION",2025-08-07,12.74
152614,"JM Small Cap Fund (Direct) - Growth Option",2025-08-07,9.9915
152939,"TRUSTMF SMALL CAP FUND -DIRECT PLAN-GROWTH",2025-08-07,10.21
153196,"Mirae Asset Small Cap Fund - Direct Plan - Growth",2025-08-07,11.273
153612,"BAJAJ FINSERV SMALL CAP FUND - DIRECT - GROWTH",2025-08-07,9.539
150915,"Mahindra Manulife Small Cap Fund - Direct Plan - Growth",2025-08-08,19.558
152107,"QUANTUM SMALL CAP FUND - DIRECT PLAN GROWTH OPTION",2025-08-08,12.68
152614,"JM Small Cap Fund (Direct) - Growth Option",2025-08-08,9.809
152939,"TRUSTMF SMALL CAP FUND -DIRECT PLAN-GROWTH",2025-08-08,10.12
153196,"Mirae Asset Small Cap Fund - Direct Plan - Growth",2025-08-08,11.222
153612,"BAJAJ FINSERV SMALL CAP FUND - DIRECT - GROWTH",2025-08-08,9.442
150915,"Mahindra Manulife Small Cap Fund - Direct Plan - Growth",2025-08-11,19.608
152107,"QUANTUM SMALL CAP FUND - DIRECT PLAN GROWTH OPTION",2025-08-11,12.7
152614,"JM Small Cap Fund (Direct) - Growth Option",2025-08-11,9.7493
152939,"TRUSTMF SMALL CAP FUND -DIRECT PLAN-GROWTH",2025-08-11,10.17
153196,"Mirae Asset Small Cap Fund - Direct Plan - Growth",2025-08-11,11.261
153612,"BAJAJ FINSERV SMALL CAP FUND - DIRECT - GROWTH",2025-08-11,9.426
150915,"Mahindra Manulife Small Cap Fund - Direct Plan - Growth",2025-08-12,19.5699
152107,"QUANTUM SMALL CAP FUND - DIRECT PLAN GROWTH OPTION",2025-08-12,12.68
152614,"JM Small Cap Fund (Direct) - Growth Option",2025-08-12,9.7697
152939,"TRUSTMF SMALL CAP FUND -DIRECT PLAN-GROWTH",2025-08-12,10.19
153196,"Mirae Asset Small Cap Fund - Direct Plan - Growth",2025-08-12,11.257
153612,"BAJAJ FINSERV SMALL CAP FUND - DIRECT - GROWTH",2025-08-12,9.406
150915,"Mahindra Manulife Small Cap Fund - Direct Plan - Growth",2025-08-13,19.6386
152107,"QUANTUM SMALL CAP FUND - DIRECT PLAN GROWTH OPTION",2025-08-13,12.65
152614,"JM Small Cap Fund (Direct) - Growth Option",2025-08-13,9.8473
152939,"TRUSTMF SMALL CAP FUND -DIRECT PLAN-GROWTH",2025-08-13,10.25
153196,"Mirae Asset Small Cap Fund - Direct Plan - Growth",2025-08-13,11.331
153612,"BAJAJ FINSERV SMALL CAP FUND - DIRECT - GROWTH",2025-08-13,9.422
150915,"Mahindra Manulife Small Cap Fund - Direct Plan - Growth",2025-08-14,19.6302
152107,"QUANTUM SMALL CAP FUND - DIRECT PLAN GROWTH OPTION",2025-08-14,12.61
152614,"JM Small Cap Fund (Direct) - Growth Option",2025-08-14,9.8081
152939,"TRUSTMF SMALL CAP FUND -DIRECT PLAN-GROWTH",2025-08-14,10.21
153196,"Mirae Asset Small Cap Fund - Direct Plan - Growth",2025-08-14,11.275
153612,"BAJAJ FINSERV SMALL CAP FUND - DIRECT - GROWTH",2025-08-14,9.4
150915,"Mahindra Manulife Small Cap Fund - Direct Plan - Growth",2025-08-18,19.9032
152107,"QUANTUM SMALL CAP FUND - DIRECT PLAN GROWTH OPTION",2025-08-18,12.8
152614,"JM Small Cap Fund (Direct) - Growth Option",2025-08-18,9.8817
152939,"TRUSTMF SMALL CAP FUND -DIRECT PLAN-GROWTH",2025-08-18,10.37
153196,"Mirae Asset Small Cap Fund - Direct Plan - Growth",2025-08-18,11.451
153612,"BAJAJ FINSERV SMALL CAP FUND - DIRECT - GROWTH",2025-08-18,9.521
150915,"Mahindra Manulife Small Cap Fund - Direct Plan - Growth",2025-08-19,20.1494
152107,"QUANTUM SMALL CAP FUND - DIRECT PLAN GROWTH OPTION",2025-08-19,12.91
152614,"JM Small Cap Fund (Direct) - Growth Option",2025-08-19,10.0243
152939,"TRUSTMF SMALL CAP FUND -DIRECT PLAN-GROWTH",2025-08-19,10.43
153196,"Mirae Asset Small Cap Fund - Direct Plan - Growth",2025-08-19,11.52
153612,"BAJAJ FINSERV SMALL CAP FUND - DIRECT - GROWTH",2025-08-19,9.591
150915,"Mahindra Manulife Small Cap Fund - Direct Plan - Growth",2025-08-20,20.2119
152107,"QUANTUM SMALL CAP FUND - DIRECT PLAN GROWTH OPTION",2025-08-20,12.97
152614,"JM Small Cap Fund (Direct) - Growth Option",2025-08-20,10.1247
152939,"TRUSTMF SMALL CAP FUND -DIRECT PLAN-GROWTH",2025-08-20,10.44
153196,"Mirae Asset Small Cap Fund - Direct Plan - Growth",2025-08-20,11.547
153612,"BAJAJ FINSERV SMALL CAP FUND - DIRECT - GROWTH",2025-08-20,9.607
150915,"Mahindra Manulife Small Cap Fund - Direct Plan - Growth",2025-08-21,20.213
152107,"QUANTUM SMALL CAP FUND - DIRECT PLAN GROWTH OPTION",2025-08-21,13.02
152614,"JM Small Cap Fund (Direct) - Growth Option",2025-08-21,10.1697
152939,"TRUSTMF SMALL CAP FUND -DIRECT PLAN-GROWTH",2025-08-21,10.45
153196,"Mirae Asset Small Cap Fund - Direct Plan - Growth",2025-08-21,11.544
153612,"BAJAJ FINSERV SMALL CAP FUND - DIRECT - GROWTH",2025-08-21,9.635
150915,"Mahindra Manulife Small Cap Fund - Direct Plan - Growth",2025-08-22,20.1409
152107,"QUANTUM SMALL CAP FUND - DIRECT PLAN GROWTH OPTION",2025-08-22,12.96
152614,"JM Small Cap Fund (Direct) - Growth Option",2025-08-22,10.1345
152939,"TRUSTMF SMALL CAP FUND -DIRECT PLAN-GROWTH",2025-08-22,10.49
153196,"Mirae Asset Small Cap Fund - Direct Plan - Growth",2025-08-22,11.512
153612,"BAJAJ FINSERV SMALL CAP FUND - DIRECT - GROWTH",2025-08-22,9.606
150915,"Mahindra Manulife Small Cap Fund - Direct Plan - Growth",2025-08-25,20.1913
152107,"QUANTUM SMALL CAP FUND - DIRECT PLAN GROWTH OPTION",2025-08-25,12.91
152614,"JM Small Cap Fund (Direct) - Growth Option",2025-08-25,10.1611
152939,"TRUSTMF SMALL CAP FUND -DIRECT PLAN-GROWTH",2025-08-25,10.53
153196,"Mirae Asset Small Cap Fund - Direct Plan - Growth",2025-08-25,11.575
153612,"BAJAJ FINSERV SMALL CAP FUND - DIRECT - GROWTH",2025-08-25,9.6
150915,"Mahindra Manulife Small Cap Fund - Direct Plan - Growth",2025-08-26,19.8817
152107,"QUANTUM SMALL CAP FUND - DIRECT PLAN GROWTH OPTION",2025-08-26,12.83
152614,"JM Small Cap Fund (Direct) - Growth Option",2025-08-26,9.9548
152939,"TRUSTMF SMALL CAP FUND -DIRECT PLAN-GROWTH",2025-08-26,10.42
153196,"Mirae Asset Small Cap Fund - Direct Plan - Growth",2025-08-26,11.367
153612,"BAJAJ FINSERV SMALL CAP FUND - DIRECT - GROWTH",2025-08-26,9.457
150915,"Mahindra Manulife Small Cap Fund - Direct Plan - Growth",2025-08-28,19.6129
152107,"QUANTUM SMALL CAP FUND - DIRECT PLAN GROWTH OPTION",2025-08-28,12.7
152614,"JM Small Cap Fund (Direct) - Growth Option",2025-08-28,9.8511
152939,"TRUSTMF SMALL CAP FUND -DIRECT PLAN-GROWTH",2025-08-28,10.28
153196,"Mirae Asset Small Cap Fund - Direct Plan - Growth",2025-08-28,11.235
153612,"BAJAJ FINSERV SMALL CAP FUND - DIRECT - GROWTH",2025-08-28,9.355
150915,"Mahindra Manulife Small Cap Fund - Direct Plan - Growth",2025-08-29,19.5631
152107,"QUANTUM SMALL CAP FUND - DIRECT PLAN GROWTH OPTION",2025-08-29,12.67
152614,"JM Small Cap Fund (Direct) - Growth Option",2025-08-29,9.8606
152939,"TRUSTMF SMALL CAP FUND -DIRECT PLAN-GROWTH",2025-08-29,10.32
153196,"Mirae Asset Small Cap Fund - Direct Plan - Growth",2025-08-29,11.251
153612,"BAJAJ FINSERV SMALL CAP FUND - DIRECT - GROWTH",2025-08-29,9.346
150915,"Mahindra Manulife Small Cap Fund - Direct Plan - Growth",2025-09-01,19.8579
152107,"QUANTUM SMALL CAP FUND - DIRECT PLAN GROWTH OPTION",2025-09-01,12.84
152614,"JM Small Cap Fund (Direct) - Growth Option",2025-09-01,9.9746
152939,"TRUSTMF SMALL CAP FUND -DIRECT PLAN-GROWTH",2025-09-01,10.47
153196,"Mirae Asset Small Cap Fund - Direct Plan - Growth",2025-09-01,11.415
153612,"BAJAJ FINSERV SMALL CAP FUND - DIRECT - GROWTH",2025-09-01,9.45
150915,"Mahindra Manulife Small Cap Fund - Direct Plan - Growth",2025-09-02,19.9636
152107,"QUANTUM SMALL CAP FUND - DIRECT PLAN GROWTH OPTION",2025-09-02,12.84
152614,"JM Small Cap Fund (Direct) - Growth Option",2025-09-02,10.0021
152939,"TRUSTMF SMALL CAP FUND -DIRECT PLAN-GROWTH",2025-09-02,10.48
153196,"Mirae Asset Small Cap Fund - Direct Plan - Growth",2025-09-02,11.452
153612,"BAJAJ FINSERV SMALL CAP FUND - DIRECT - GROWTH",2025-09-02,9.488
150915,"Mahindra Manulife Small Cap Fund - Direct Plan - Growth",2025-09-03,20.0637
152107,"QUANTUM SMALL CAP FUND - DIRECT PLAN GROWTH OPTION",2025-09-03,12.91
152614,"JM Small Cap Fund (Direct) - Growth Option",2025-09-03,10.0573
152939,"TRUSTMF SMALL CAP FUND -DIRECT PLAN-GROWTH",2025-09-03,10.52
153196,"Mirae Asset Small Cap Fund - Direct Plan - Growth",2025-09-03,11.515
153612,"BAJAJ FINSERV SMALL CAP FUND - DIRECT - GROWTH",2025-09-03,9.556
150915,"Mahindra Manulife Small Cap Fund - Direct Plan - Growth",2025-09-04,20.007
152107,"QUANTUM SMALL CAP FUND - DIRECT PLAN GROWTH OPTION",2025-09-04,12.85
152614,"JM Small Cap Fund (Direct) - Growth Option",2025-09-04,10.0086
152939,"TRUSTMF SMALL CAP FUND -DIRECT PLAN-GROWTH",2025-09-04,10.48
153196,"Mirae Asset Small Cap Fund - Direct Plan - Growth",2025-09-04,11.49
153612,"BAJAJ FINSERV SMALL CAP FUND - DIRECT - GROWTH",2025-09-04,9.532
150915,"Mahindra Manulife Small Cap Fund - Direct Plan - Growth",2025-09-05,20.0264
152107,"QUANTUM SMALL CAP FUND - DIRECT PLAN GROWTH OPTION",2025-09-05,12.86
152614,"JM Small Cap Fund (Direct) - Growth Option",2025-09-05,10.0473
152939,"TRUSTMF SMALL CAP FUND -DIRECT PLAN-GROWTH",2025-09-05,10.49
153196,"Mirae Asset Small Cap Fund - Direct Plan - Growth",2025-09-05,11.493
153612,"BAJAJ FINSERV SMALL CAP FUND - DIRECT - GROWTH",2025-09-05,9.525
150915,"Mahindra Manulife Small Cap Fund - Direct Plan - Growth",2025-09-08,20.107
152107,"QUANTUM SMALL CAP FUND - DIRECT PLAN GROWTH OPTION",2025-09-08,12.85
152614,"JM Small Cap Fund (Direct) - Growth Option",2025-09-08,10.0617
152939,"TRUSTMF SMALL CAP FUND -DIRECT PLAN-GROWTH",2025-09-08,10.5
153196,"Mirae Asset Small Cap Fund - Direct Plan - Growth",2025-09-08,11.53
153612,"BAJAJ FINSERV SMALL CAP FUND - DIRECT - GROWTH",2025-09-08,9.558
150915,"Mahindra Manulife Small Cap Fund - Direct Plan - Growth",2025-09-09,20.1622
152107,"QUANTUM SMALL CAP FUND - DIRECT PLAN GROWTH OPTION",2025-09-09,12.82
152614,"JM Small Cap Fund (Direct) - Growth Option",2025-09-09,10.1093
152939,"TRUSTMF SMALL CAP FUND -DIRECT PLAN-GROWTH",2025-09-09,10.57
153196,"Mirae Asset Small Cap Fund - Direct Plan - Growth",2025-09-09,11.579
153612,"BAJAJ FINSERV SMALL CAP FUND - DIRECT - GROWTH",2025-09-09,9.639
150915,"Mahindra Manulife Small Cap Fund - Direct Plan - Growth",2025-09-10,20.2708
152107,"QUANTUM SMALL CAP FUND - DIRECT PLAN GROWTH OPTION",2025-09-10,12.87
152614,"JM Small Cap Fund (Direct) - Growth Option",2025-09-10,10.2189
152939,"TRUSTMF SMALL CAP FUND -DIRECT PLAN-GROWTH",2025-09-10,10.59
153196,"Mirae Asset Small Cap Fund - Direct Plan - Growth",2025-09-10,11.653
153612,"BAJAJ FINSERV SMALL CAP FUND - DIRECT - GROWTH",2025-09-10,9.717
150915,"Mahindra Manulife Small Cap Fund - Direct Plan - Growth",2025-09-11,20.2497
152107,"QUANTUM SMALL CAP FUND - DIRECT PLAN GROWTH OPTION",2025-09-11,12.87
152614,"JM Small Cap Fund (Direct) - Growth Option",2025-09-11,10.2369
152939,"TRUSTMF SMALL CAP FUND -DIRECT PLAN-GROWTH",2025-09-11,10.6
153196,"Mirae Asset Small Cap Fund - Direct Plan - Growth",2025-09-11,11.674
153612,"BAJAJ FINSERV SMALL CAP FUND - DIRECT - GROWTH",2025-09-11,9.743
150915,"Mahindra Manulife Small Cap Fund - Direct Plan - Growth",2025-09-12,20.253
152107,"QUANTUM SMALL CAP FUND - DIRECT PLAN GROWTH OPTION",2025-09-12,12.86
152614,"JM Small Cap Fund (Direct) - Growth Option",2025-09-12,10.232
152939,"TRUSTMF SMALL CAP FUND -DIRECT PLAN-GROWTH",2025-09-12,10.61
153196,"Mirae Asset Small Cap Fund - Direct Plan - Growth",2025-09-12,11.719
153612,"BAJAJ FINSERV SMALL CAP FUND - DIRECT - GROWTH",2025-09-12,9.748
150915,"Mahindra Manulife Small Cap Fund - Direct Plan - Growth",2025-09-15,20.4178
152107,"QUANTUM SMALL CAP FUND - DIRECT PLAN GROWTH OPTION",2025-09-15,12.9
152614,"JM Small Cap Fund (Direct) - Growth Option",2025-09-15,10.315
152939,"TRUSTMF SMALL CAP FUND -DIRECT PLAN-GROWTH",2025-09-15,10.66
153196,"Mirae Asset Small Cap Fund - Direct Plan - Growth",2025-09-15,11.777
153612,"BAJAJ FINSERV SMALL CAP FUND - DIRECT - GROWTH",2025-09-15,9.819
150915,"Mahindra Manulife Small Cap Fund - Direct Plan - Growth",2025-09-16,20.5262
152107,"QUANTUM SMALL CAP FUND - DIRECT PLAN GROWTH OPTION",2025-09-16,12.96
152614,"JM Small Cap Fund (Direct) - Growth Option",2025-09-16,10.4085
152939,"TRUSTMF SMALL CAP FUND -DIRECT PLAN-GROWTH",2025-09-16,10.72
153196,"Mirae Asset Small Cap Fund - Direct Plan - Growth",2025-09-16,11.864
153612,"BAJAJ FINSERV SMALL CAP FUND - DIRECT - GROWTH",2025-09-16,9.876
150915,"Mahindra Manulife Small Cap Fund - Direct Plan - Growth",2025-09-17,20.6335
152107,"QUANTUM SMALL CAP FUND - DIRECT PLAN GROWTH OPTION",2025-09-17,13.01
152614,"JM Small Cap Fund (Direct) - Growth Option",2025-09-17,10.4375
152939,"TRUSTMF SMALL CAP FUND -DIRECT PLAN-GROWTH",2025-09-17,10.81
153196,"Mirae Asset Small Cap Fund - Direct Plan - Growth",2025-09-17,11.918
153612,"BAJAJ FINSERV SMALL CAP FUND - DIRECT - GROWTH",2025-09-17,9.918
150915,"Mahindra Manulife Small Cap Fund - Direct Plan - Growth",2025-09-18,20.6729
152107,"QUANTUM SMALL CAP FUND - DIRECT PLAN GROWTH OPTION",2025-09-18,12.98
152614,"JM Small Cap Fund (Direct) - Growth Option",2025-09-18,10.4557
152939,"TRUSTMF SMALL CAP FUND -DIRECT PLAN-GROWTH",2025-09-18,10.81
153196,"Mirae Asset Small Cap Fund - Direct Plan - Growth",2025-09-18,11.917
153612,"BAJAJ FINSERV SMALL CAP FUND - DIRECT - GROWTH",2025-09-18,9.887
150915,"Mahindra Manulife Small Cap Fund - Direct Plan - Growth",2025-09-19,20.69
152107,"QUANTUM SMALL CAP FUND - DIRECT PLAN GROWTH OPTION",2025-09-19,12.99
152614,"JM Small Cap Fund (Direct) - Growth Option",2025-09-19,10.4811
152939,"TRUSTMF SMALL CAP FUND -DIRECT PLAN-GROWTH",2025-09-19,10.87
153196,"Mirae Asset Small Cap Fund - Direct Plan - Growth",2025-09-19,11.939
153612,"BAJAJ FINSERV SMALL CAP FUND - DIRECT - GROWTH",2025-09-19,9.9
150915,"Mahindra Manulife Small Cap Fund - Direct Plan - Growth",2025-09-22,20.5216
152107,"QUANTUM SMALL CAP FUND - DIRECT PLAN GROWTH OPTION",2025-09-22,12.93
152614,"JM Small Cap Fund (Direct) - Growth Option",2025-09-22,10.4117
152939,"TRUSTMF SMALL CAP FUND -DIRECT PLAN-GROWTH",2025-09-22,10.75
153196,"Mirae Asset Small Cap Fund - Direct Plan - Growth",2025-09-22,11.814
153612,"BAJAJ FINSERV SMALL CAP FUND - DIRECT - GROWTH",2025-09-22,9.815
150915,"Mahindra Manulife Small Cap Fund - Direct Plan - Growth",2025-09-23,20.4811
152107,"QUANTUM SMALL CAP FUND - DIRECT PLAN GROWTH OPTION",2025-09-23,12.95
152614,"JM Small Cap Fund (Direct) - Growth Option",2025-09-23,10.3656
152939,"TRUSTMF SMALL CAP FUND -DIRECT PLAN-GROWTH",2025-09-23,10.73
153196,"Mirae Asset Small Cap Fund - Direct Plan - Growth",2025-09-23,11.764
153612,"BAJAJ FINSERV SMALL CAP FUND - DIRECT - GROWTH",2025-09-23,9.743
150915,"Mahindra Manulife Small Cap Fund - Direct Plan - Growth",2025-09-24,20.3917
152107,"QUANTUM SMALL CAP FUND - DIRECT PLAN GROWTH OPTION",2025-09-24,12.95
152614,"JM Small Cap Fund (Direct) - Growth Option",2025-09-24,10.3979
152939,"TRUSTMF SMALL CAP FUND -DIRECT PLAN-GROWTH",2025-09-24,10.72
153196,"Mirae Asset Small Cap Fund - Direct Plan - Growth",2025-09-24,11.672
153612,"BAJAJ FINSERV SMALL CAP FUND - DIRECT - GROWTH",2025-09-24,9.715
150915,"Mahindra Manulife Small Cap Fund - Direct Plan - Growth",2025-09-25,20.2606
152107,"QUANTUM SMALL CAP FUND - DIRECT PLAN GROWTH OPTION",2025-09-25,12.85
152614,"JM Small Cap Fund (Direct) - Growth Option",2025-09-25,10.3245
152939,"TRUSTMF SMALL CAP FUND -DIRECT PLAN-GROWTH",2025-09-25,10.67
153196,"Mirae Asset Small Cap Fund - Direct Plan - Growth",2025-09-25,11.594
153612,"BAJAJ FINSERV SMALL CAP FUND - DIRECT - GROWTH",2025-09-25,9.665
150915,"Mahindra Manulife Small Cap Fund - Direct Plan - Growth",2025-09-26,19.8749
152107,"QUANTUM SMALL CAP FUND - DIRECT PLAN GROWTH OPTION",2025-09-26,12.64
152614,"JM Small Cap Fund (Direct) - Growth Option",2025-09-26,10.1057
152939,"TRUSTMF SMALL CAP FUND -DIRECT PLAN-GROWTH",2025-09-26,10.44
153196,"Mirae Asset Small Cap Fund - Direct Plan - Growth",2025-09-26,11.416
153612,"BAJAJ FINSERV SMALL CAP FUND - DIRECT - GROWTH",2025-09-26,9.465
150915,"Mahindra Manulife Small Cap Fund - Direct Plan - Growth",2025-09-29,19.8897
152107,"QUANTUM SMALL CAP FUND - DIRECT PLAN GROWTH OPTION",2025-09-29,12.68
152614,"JM Small Cap Fund (Direct) - Growth Option",2025-09-29,10.0772
152939,"TRUSTMF SMALL CAP FUND -DIRECT PLAN-GROWTH",2025-09-29,10.46
153196,"Mirae Asset Small Cap Fund - Direct Plan - Growth",2025-09-29,11.438
153612,"BAJAJ FINSERV SMALL CAP FUND - DIRECT - GROWTH",2025-09-29,9.46
150915,"Mahindra Manulife Small Cap Fund - Direct Plan - Growth",2025-09-30,19.8638
152107,"QUANTUM SMALL CAP FUND - DIRECT PLAN GROWTH OPTION",2025-09-30,12.69
152614,"JM Small Cap Fund (Direct) - Growth Option",2025-09-30,10.0346
152939,"TRUSTMF SMALL CAP FUND -DIRECT PLAN-GROWTH",2025-09-30,10.4
153196,"Mirae Asset Small Cap Fund - Direct Plan - Growth",2025-09-30,11.413
153612,"BAJAJ FINSERV SMALL CAP FUND - DIRECT - GROWTH",2025-09-30,9.466
150915,"Mahindra Manulife Small Cap Fund - Direct Plan - Growth",2025-10-01,20.0265
152107,"QUANTUM SMALL CAP FUND - DIRECT PLAN GROWTH OPTION",2025-10-01,12.83
152614,"JM Small Cap Fund (Direct) - Growth Option",2025-10-01,10.1838
152939,"TRUSTMF SMALL CAP FUND -DIRECT PLAN-GROWTH",2025-10-01,10.57
153196,"Mirae Asset Small Cap Fund - Direct Plan - Growth",2025-10-01,11.486
153612,"BAJAJ FINSERV SMALL CAP FUND - DIRECT - GROWTH",2025-10-01,9.579
150915,"Mahindra Manulife Small Cap Fund - Direct Plan - Growth",2025-10-03,20.1822
152107,"QUANTUM SMALL CAP FUND - DIRECT PLAN GROWTH OPTION",2025-10-03,12.92
152614,"JM Small Cap Fund (Direct) - Growth Option",2025-10-03,10.2833
152939,"TRUSTMF SMALL CAP FUND -DIRECT PLAN-GROWTH",2025-10-03,10.68
153196,"Mirae Asset Small Cap Fund - Direct Plan - Growth",2025-10-03,11.514
153612,"BAJAJ FINSERV SMALL CAP FUND - DIRECT - GROWTH",2025-10-03,9.637
150915,"Mahindra Manulife Small Cap Fund - Direct Plan - Growth",2025-10-06,20.2044
152107,"QUANTUM SMALL CAP FUND - DIRECT PLAN GROWTH OPTION",2025-10-06,12.9
152614,"JM Small Cap Fund (Direct) - Growth Option",2025-10-06,10.3217
152939,"TRUSTMF SMALL CAP FUND -DIRECT PLAN-GROWTH",2025-10-06,10.75
153196,"Mirae Asset Small Cap Fund - Direct Plan - Growth",2025-10-06,11.553
153612,"BAJAJ FINSERV SMALL CAP FUND - DIRECT - GROWTH",2025-10-06,9.63
150915,"Mahindra Manulife Small Cap Fund - Direct Plan - Growth",2025-10-07,20.258
152107,"QUANTUM SMALL CAP FUND - DIRECT PLAN GROWTH OPTION",2025-10-07,12.91
152614,"JM Small Cap Fund (Direct) - Growth Option",2025-10-07,10.3574
152939,"TRUSTMF SMALL CAP FUND -DIRECT PLAN-GROWTH",2025-10-07,10.82
153196,"Mirae Asset Small Cap Fund - Direct Plan - Growth",2025-10-07,11.574
153612,"BAJAJ FINSERV SMALL CAP FUND - DIRECT - GROWTH",2025-10-07,9.653
150915,"Mahindra Manulife Small Cap Fund - Direct Plan - Growth",2025-10-08,20.1486
152107,"QUANTUM SMALL CAP FUND - DIRECT PLAN GROWTH OPTION",2025-10-08,12.86
152614,"JM Small Cap Fund (Direct) - Growth Option",2025-10-08,10.2737
152939,"TRUSTMF SMALL CAP FUND -DIRECT PLAN-GROWTH",2025-10-08,10.77
153196,"Mirae Asset Small Cap Fund - Direct Plan - Growth",2025-10-08,11.547
153612,"BAJAJ FINSERV SMALL CAP FUND - DIRECT - GROWTH",2025-10-08,9.62
150915,"Mahindra Manulife Small Cap Fund - Direct Plan - Growth",2025-10-09,20.2472
152107,"QUANTUM SMALL CAP FUND - DIRECT PLAN GROWTH OPTION",2025-10-09,12.82
152614,"JM Small Cap Fund (Direct) - Growth Option",2025-10-09,10.295
152939,"TRUSTMF SMALL CAP FUND -DIRECT PLAN-GROWTH",2025-10-09,10.77
153196,"Mirae Asset Small Cap Fund - Direct Plan - Growth",2025-10-09,11.564
153612,"BAJAJ FINSERV SMALL CAP FUND - DIRECT - GROWTH",2025-10-09,9.643
150915,"Mahindra Manulife Small Cap Fund - Direct Plan - Growth",2025-10-10,20.3845
152107,"QUANTUM SMALL CAP FUND - DIRECT PLAN GROWTH OPTION",2025-10-10,12.86
152614,"JM Small Cap Fund (Direct) - Growth Option",2025-10-10,10.335
152939,"TRUSTMF SMALL CAP FUND -DIRECT PLAN-GROWTH",2025-10-10,10.79
153196,"Mirae Asset Small Cap Fund - Direct Plan - Growth",2025-10-10,11.598
153612,"BAJAJ FINSERV SMALL CAP FUND - DIRECT - GROWTH",2025-10-10,9.675
150915,"Mahindra Manulife Small Cap Fund - Direct Plan - Growth",2025-10-13,20.3988
152107,"QUANTUM SMALL CAP FUND - DIRECT PLAN GROWTH OPTION",2025-10-13,12.81
152614,"JM Small Cap Fund (Direct) - Growth Option",2025-10-13,10.2959
152939,"TRUSTMF SMALL CAP FUND -DIRECT PLAN-GROWTH",2025-10-13,10.81
153196,"Mirae Asset Small Cap Fund - Direct Plan - Growth",2025-10-13,11.58
153612,"BAJAJ FINSERV SMALL CAP FUND - DIRECT - GROWTH",2025-10-13,9.648
150915,"Mahindra Manulife Small Cap Fund - Direct Plan - Growth",2025-10-14,20.2327
152107,"QUANTUM SMALL CAP FUND - DIRECT PLAN GROWTH OPTION",2025-10-14,12.7
152614,"JM Small Cap Fund (Direct) - Growth Option",2025-10-14,10.1991
152939,"TRUSTMF SMALL CAP FUND -DIRECT PLAN-GROWTH",2025-10-14,10.68
153196,"Mirae Asset Small Cap Fund - Direct Plan - Growth",2025-10-14,11.499
153612,"BAJAJ FINSERV SMALL CAP FUND - DIRECT - GROWTH",2025-10-14,9.55
150915,"Mahindra Manulife Small Cap Fund - Direct Plan - Growth",2025-10-15,20.4078
152107,"QUANTUM SMALL CAP FUND - DIRECT PLAN GROWTH OPTION",2025-10-15,12.78
152614,"JM Small Cap Fund (Direct) - Growth Option",2025-10-15,10.3064
152939,"TRUSTMF SMALL CAP FUND -DIRECT PLAN-GROWTH",2025-10-15,10.78
153196,"Mirae Asset Small Cap Fund - Direct Plan - Growth",2025-10-15,11.608
153612,"BAJAJ FINSERV SMALL CAP FUND - DIRECT - GROWTH",2025-10-15,9.638
150915,"Mahindra Manulife Small Cap Fund - Direct Plan - Growth",2025-10-16,20.4783
152107,"QUANTUM SMALL CAP FUND - DIRECT PLAN GROWTH OPTION",2025-10-16,12.87
152614,"JM Small Cap Fund (Direct) - Growth Option",2025-10-16,10.3334
152939,"TRUSTMF SMALL CAP FUND -DIRECT PLAN-GROWTH",2025-10-16,10.81
153196,"Mirae Asset Small Cap Fund - Direct Plan - Growth",2025-10-16,11.674
153612,"BAJAJ FINSERV SMALL CAP FUND - DIRECT - GROWTH",2025-10-16,9.693
150915,"Mahindra Manulife Small Cap Fund - Direct Plan - Growth",2025-10-17,20.4488
152107,"QUANTUM SMALL CAP FUND - DIRECT PLAN GROWTH OPTION",2025-10-17,12.89
152614,"JM Small Cap Fund (Direct) - Growth Option",2025-10-17,10.3162
152939,"TRUSTMF SMALL CAP FUND -DIRECT PLAN-GROWTH",2025-10-17,10.84
153196,"Mirae Asset Small Cap Fund - Direct Plan - Growth",2025-10-17,11.654
153612,"BAJAJ FINSERV SMALL CAP FUND - DIRECT - GROWTH",2025-10-17,9.672
150915,"Mahindra Manulife Small Cap Fund - Direct Plan - Growth",2025-10-20,20.6019
152107,"QUANTUM SMALL CAP FUND - DIRECT PLAN GROWTH OPTION",2025-10-20,13.02
152614,"JM Small Cap Fund (Direct) - Growth Option",2025-10-20,10.3739
152939,"TRUSTMF SMALL CAP FUND -DIRECT PLAN-GROWTH",2025-10-20,10.97
153196,"Mirae Asset Small Cap Fund - Direct Plan - Growth",2025-10-20,11.744
153612,"BAJAJ FINSERV SMALL CAP FUND - DIRECT - GROWTH",2025-10-20,9.712
150915,"Mahindra Manulife Small Cap Fund - Direct Plan - Growth",2025-10-23,20.7148
152107,"QUANTUM SMALL CAP FUND - DIRECT PLAN GROWTH OPTION",2025-10-23,13.09
152614,"JM Small Cap Fund (Direct) - Growth Option",2025-10-23,10.4211
152939,"TRUSTMF SMALL CAP FUND -DIRECT PLAN-GROWTH",2025-10-23,11
153196,"Mirae Asset Small Cap Fund - Direct Plan - Growth",2025-10-23,11.841
153612,"BAJAJ FINSERV SMALL CAP FUND - DIRECT - GROWTH",2025-10-23,9.77
150915,"Mahindra Manulife Small Cap Fund - Direct Plan - Growth",2025-10-24,20.7001
152107,"QUANTUM SMALL CAP FUND - DIRECT PLAN GROWTH OPTION",2025-10-24,13.01
152614,"JM Small Cap Fund (Direct) - Growth Option",2025-10-24,10.4435
152939,"TRUSTMF SMALL CAP FUND -DIRECT PLAN-GROWTH",2025-10-24,10.99
153196,"Mirae Asset Small Cap Fund - Direct Plan - Growth",2025-10-24,11.851
153612,"BAJAJ FINSERV SMALL CAP FUND - DIRECT - GROWTH",2025-10-24,9.752
150915,"Mahindra Manulife Small Cap Fund - Direct Plan - Growth",2025-10-27,20.923
152107,"QUANTUM SMALL CAP FUND - DIRECT PLAN GROWTH OPTION",2025-10-27,13.07
152614,"JM Small Cap Fund (Direct) - Growth Option",2025-10-27,10.5203
152939,"TRUSTMF SMALL CAP FUND -DIRECT PLAN-GROWTH",2025-10-27,11.09
153196,"Mirae Asset Small Cap Fund - Direct Plan - Growth",2025-10-27,11.934
153612,"BAJAJ FINSERV SMALL CAP FUND - DIRECT - GROWTH",2025-10-27,9.851
150915,"Mahindra Manulife Small Cap Fund - Direct Plan - Growth",2025-10-28,20.9445
152107,"QUANTUM SMALL CAP FUND - DIRECT PLAN GROWTH OPTION",2025-10-28,13.11
152614,"JM Small Cap Fund (Direct) - Growth Option",2025-10-28,10.554
152939,"TRUSTMF SMALL CAP FUND -DIRECT PLAN-GROWTH",2025-10-28,11.15
153196,"Mirae Asset Small Cap Fund - Direct Plan - Growth",2025-10-28,11.962
153612,"BAJAJ FINSERV SMALL CAP FUND - DIRECT - GROWTH",2025-10-28,9.838
150915,"Mahindra Manulife Small Cap Fund - Direct Plan - Growth",2025-10-29,20.9663
152107,"QUANTUM SMALL CAP FUND - DIRECT PLAN GROWTH OPTION",2025-10-29,13.14
152614,"JM Small Cap Fund (Direct) - Growth Option",2025-10-29,10.5676
152939,"TRUSTMF SMALL CAP FUND -DIRECT PLAN-GROWTH",2025-10-29,11.16
153196,"Mirae Asset Small Cap Fund - Direct Plan - Growth",2025-10-29,11.984
153612,"BAJAJ FINSERV SMALL CAP FUND - DIRECT - GROWTH",2025-10-29,9.867
150915,"Mahindra Manulife Small Cap Fund - Direct Plan - Growth",2025-10-30,21.056
152107,"QUANTUM SMALL CAP FUND - DIRECT PLAN GROWTH OPTION",2025-10-30,13.11
152614,"JM Small Cap Fund (Direct) - Growth Option",2025-10-30,10.5571
152939,"TRUSTMF SMALL CAP FUND -DIRECT PLAN-GROWTH",2025-10-30,11.11
153196,"Mirae Asset Small Cap Fund - Direct Plan - Growth",2025-10-30,11.995
153612,"BAJAJ FINSERV SMALL CAP FUND - DIRECT - GROWTH",2025-10-30,9.905
150915,"Mahindra Manulife Small Cap Fund - Direct Plan - Growth",2025-10-31,20.9666
152107,"QUANTUM SMALL CAP FUND - DIRECT PLAN GROWTH OPTION",2025-10-31,13.05
152614,"JM Small Cap Fund (Direct) - Growth Option",2025-10-31,10.5386
152939,"TRUSTMF SMALL CAP FUND -DIRECT PLAN-GROWTH",2025-10-31,11.13
153196,"Mirae Asset Small Cap Fund - Direct Plan - Growth",2025-10-31,12.016
153612,"BAJAJ FINSERV SMALL CAP FUND - DIRECT - GROWTH",2025-10-31,9.933
150915,"Mahindra Manulife Small Cap Fund - Direct Plan - Growth",2025-11-03,21.0797
152107,"QUANTUM SMALL CAP FUND - DIRECT PLAN GROWTH OPTION",2025-11-03,13.17
152614,"JM Small Cap Fund (Direct) - Growth Option",2025-11-03,10.6894
152939,"TRUSTMF SMALL CAP FUND -DIRECT PLAN-GROWTH",2025-11-03,11.24
153196,"Mirae Asset Small Cap Fund - Direct Plan - Growth",2025-11-03,12.114
153612,"BAJAJ FINSERV SMALL CAP FUND - DIRECT - GROWTH",2025-11-03,10.013
150915,"Mahindra Manulife Small Cap Fund - Direct Plan - Growth",2025-11-04,20.893
152107,"QUANTUM SMALL CAP FUND - DIRECT PLAN GROWTH OPTION",2025-11-04,13.18
152614,"JM Small Cap Fund (Direct) - Growth Option",2025-11-04,10.6291
152939,"TRUSTMF SMALL CAP FUND -DIRECT PLAN-GROWTH",2025-11-04,11.23
153196,"Mirae Asset Small Cap Fund - Direct Plan - Growth",2025-11-04,12.039
153612,"BAJAJ FINSERV SMALL CAP FUND - DIRECT - GROWTH",2025-11-04,9.961
150915,"Mahindra Manulife Small Cap Fund - Direct Plan - Growth",2025-11-06,20.565
152107,"QUANTUM SMALL CAP FUND - DIRECT PLAN GROWTH OPTION",2025-11-06,13.06
152614,"JM Small Cap Fund (Direct) - Growth Option",2025-11-06,10.4307
152939,"TRUSTMF SMALL CAP FUND -DIRECT PLAN-GROWTH",2025-11-06,11.06
153196,"Mirae Asset Small Cap Fund - Direct Plan - Growth",2025-11-06,11.908
153612,"BAJAJ FINSERV SMALL CAP FUND - DIRECT - GROWTH",2025-11-06,9.808
150915,"Mahindra Manulife Small Cap Fund - Direct Plan - Growth",2025-11-07,20.6142
152107,"QUANTUM SMALL CAP FUND - DIRECT PLAN GROWTH OPTION",2025-11-07,13.05
152614,"JM Small Cap Fund (Direct) - Growth Option",2025-11-07,10.4497
152939,"TRUSTMF SMALL CAP FUND -DIRECT PLAN-GROWTH",2025-11-07,11.09
153196,"Mirae Asset Small Cap Fund - Direct Plan - Growth",2025-11-07,11.875
153612,"BAJAJ FINSERV SMALL CAP FUND - DIRECT - GROWTH",2025-11-07,9.791
150915,"Mahindra Manulife Small Cap Fund - Direct Plan - Growth",2025-11-10,20.6795
152107,"QUANTUM SMALL CAP FUND - DIRECT PLAN GROWTH OPTION",2025-11-10,13.06
152614,"JM Small Cap Fund (Direct) - Growth Option",2025-11-10,10.4586
152939,"TRUSTMF SMALL CAP FUND -DIRECT PLAN-GROWTH",2025-11-10,11.12
153196,"Mirae Asset Small Cap Fund - Direct Plan - Growth",2025-11-10,11.871
153612,"BAJAJ FINSERV SMALL CAP FUND - DIRECT - GROWTH",2025-11-10,9.754
150915,"Mahindra Manulife Small Cap Fund - Direct Plan - Growth",2025-11-11,20.5843
152107,"QUANTUM SMALL CAP FUND - DIRECT PLAN GROWTH OPTION",2025-11-11,13.09
152614,"JM Small Cap Fund (Direct) - Growth Option",2025-11-11,10.396
152939,"TRUSTMF SMALL CAP FUND -DIRECT PLAN-GROWTH",2025-11-11,11.15
153196,"Mirae Asset Small Cap Fund - Direct Plan - Growth",2025-11-11,11.847
153612,"BAJAJ FINSERV SMALL CAP FUND - DIRECT - GROWTH",2025-11-11,9.733
150915,"Mahindra Manulife Small Cap Fund - Direct Plan - Growth",2025-11-12,20.753
152107,"QUANTUM SMALL CAP FUND - DIRECT PLAN GROWTH OPTION",2025-11-12,13.14
152614,"JM Small Cap Fund (Direct) - Growth Option",2025-11-12,10.521
152939,"TRUSTMF SMALL CAP FUND -DIRECT PLAN-GROWTH",2025-11-12,11.25
153196,"Mirae Asset Small Cap Fund - Direct Plan - Growth",2025-11-12,11.924
153612,"BAJAJ FINSERV SMALL CAP FUND - DIRECT - GROWTH",2025-11-12,9.794
150915,"Mahindra Manulife Small Cap Fund - Direct Plan - Growth",2025-11-13,20.6813
152107,"QUANTUM SMALL CAP FUND - DIRECT PLAN GROWTH OPTION",2025-11-13,13.13
152614,"JM Small Cap Fund (Direct) - Growth Option",2025-11-13,10.4958
152939,"TRUSTMF SMALL CAP FUND -DIRECT PLAN-GROWTH",2025-11-13,11.23
153196,"Mirae Asset Small Cap Fund - Direct Plan - Growth",2025-11-13,11.906
153612,"BAJAJ FINSERV SMALL CAP FUND - DIRECT - GROWTH",2025-11-13,9.773
150915,"Mahindra Manulife Small Cap Fund - Direct Plan - Growth",2025-11-14,20.7462
152107,"QUANTUM SMALL CAP FUND - DIRECT PLAN GROWTH OPTION",2025-11-14,13.15
152614,"JM Small Cap Fund (Direct) - Growth Option",2025-11-14,10.5579
152939,"TRUSTMF SMALL CAP FUND -DIRECT PLAN-GROWTH",2025-11-14,11.28
153196,"Mirae Asset Small Cap Fund - Direct Plan - Growth",2025-11-14,11.914
153612,"BAJAJ FINSERV SMALL CAP FUND - DIRECT - GROWTH",2025-11-14,9.767
150915,"Mahindra Manulife Small Cap Fund - Direct Plan - Growth",2025-11-17,20.8697
152107,"QUANTUM SMALL CAP FUND - DIRECT PLAN GROWTH OPTION",2025-11-17,13.24
152614,"JM Small Cap Fund (Direct) - Growth Option",2025-11-17,10.6305
152939,"TRUSTMF SMALL CAP FUND -DIRECT PLAN-GROWTH",2025-11-17,11.36
153196,"Mirae Asset Small Cap Fund - Direct Plan - Growth",2025-11-17,12.012
153612,"BAJAJ FINSERV SMALL CAP FUND - DIRECT - GROWTH",2025-11-17,9.873
150915,"Mahindra Manulife Small Cap Fund - Direct Plan - Growth",2025-11-18,20.7321
152107,"QUANTUM SMALL CAP FUND - DIRECT PLAN GROWTH OPTION",2025-11-18,13.19
152614,"JM Small Cap Fund (Direct) - Growth Option",2025-11-18,10.4998
152939,"TRUSTMF SMALL CAP FUND -DIRECT PLAN-GROWTH",2025-11-18,11.27
153196,"Mirae Asset Small Cap Fund - Direct Plan - Growth",2025-11-18,11.939
153612,"BAJAJ FINSERV SMALL CAP FUND - DIRECT - GROWTH",2025-11-18,9.827
150915,"Mahindra Manulife Small Cap Fund - Direct Plan - Growth",2025-11-19,20.698
152107,"QUANTUM SMALL CAP FUND - DIRECT PLAN GROWTH OPTION",2025-11-19,13.14
152614,"JM Small Cap Fund (Direct) - Growth Option",2025-11-19,10.4833
152939,"TRUSTMF SMALL CAP FUND -DIRECT PLAN-GROWTH",2025-11-19,11.24
153196,"Mirae Asset Small Cap Fund - Direct Plan - Growth",2025-11-19,11.97
153612,"BAJAJ FINSERV SMALL CAP FUND - DIRECT - GROWTH",2025-11-19,9.809
150915,"Mahindra Manulife Small Cap Fund - Direct Plan - Growth",2025-11-20,20.6526
152107,"QUANTUM SMALL CAP FUND - DIRECT PLAN GROWTH OPTION",2025-11-20,13.1
152614,"JM Small Cap Fund (Direct) - Growth Option",2025-11-20,10.4457
152939,"TRUSTMF SMALL CAP FUND -DIRECT PLAN-GROWTH",2025-11-20,11.22
153196,"Mirae Asset Small Cap Fund - Direct Plan - Growth",2025-11-20,11.942
153612,"BAJAJ FINSERV SMALL CAP FUND - DIRECT - GROWTH",2025-11-20,9.778
150915,"Mahindra Manulife Small Cap Fund - Direct Plan - Growth",2025-11-21,20.4251
152107,"QUANTUM SMALL CAP FUND - DIRECT PLAN GROWTH OPTION",2025-11-21,12.99
152614,"JM Small Cap Fund (Direct) - Growth Option",2025-11-21,10.3036
152939,"TRUSTMF SMALL CAP FUND -DIRECT PLAN-GROWTH",2025-11-21,11.01
153196,"Mirae Asset Small Cap Fund - Direct Plan - Growth",2025-11-21,11.818
153612,"BAJAJ FINSERV SMALL CAP FUND - DIRECT - GROWTH",2025-11-21,9.646
150915,"Mahindra Manulife Small Cap Fund - Direct Plan - Growth",2025-11-24,20.3115
152107,"QUANTUM SMALL CAP FUND - DIRECT PLAN GROWTH OPTION",2025-11-24,12.94
152614,"JM Small Cap Fund (Direct) - Growth Option",2025-11-24,10.2694
152939,"TRUSTMF SMALL CAP FUND -DIRECT PLAN-GROWTH",2025-11-24,11.01
153196,"Mirae Asset Small Cap Fund - Direct Plan - Growth",2025-11-24,11.757
153612,"BAJAJ FINSERV SMALL CAP FUND - DIRECT - GROWTH",2025-11-24,9.614
150915,"Mahindra Manulife Small Cap Fund - Direct Plan - Growth",2025-11-25,20.3491
152107,"QUANTUM SMALL CAP FUND - DIRECT PLAN GROWTH OPTION",2025-11-25,12.99
152614,"JM Small Cap Fund (Direct) - Growth Option",2025-11-25,10.2952
152939,"TRUSTMF SMALL CAP FUND -DIRECT PLAN-GROWTH",2025-11-25,11.06
153196,"Mirae Asset Small Cap Fund - Direct Plan - Growth",2025-11-25,11.821
153612,"BAJAJ FINSERV SMALL CAP FUND - DIRECT - GROWTH",2025-11-25,9.683
150915,"Mahindra Manulife Small Cap Fund - Direct Plan - Growth",2025-11-26,20.5999
152107,"QUANTUM SMALL CAP FUND - DIRECT PLAN GROWTH OPTION",2025-11-26,13.13
152614,"JM Small Cap Fund (Direct) - Growth Option",2025-11-26,10.4362
152939,"TRUSTMF SMALL CAP FUND -DIRECT PLAN-GROWTH",2025-11-26,11.19
153196,"Mirae Asset Small Cap Fund - Direct Plan - Growth",2025-11-26,11.919
153612,"BAJAJ FINSERV SMALL CAP FUND - DIRECT - GROWTH",2025-11-26,9.787
150915,"Mahindra Manulife Small Cap Fund - Direct Plan - Growth",2025-11-27,20.5089
152107,"QUANTUM SMALL CAP FUND - DIRECT PLAN GROWTH OPTION",2025-11-27,13.11
152614,"JM Small Cap Fund (Direct) - Growth Option",2025-11-27,10.3989
152939,"TRUSTMF SMALL CAP FUND -DIRECT PLAN-GROWTH",2025-11-27,11.12
153196,"Mirae Asset Small Cap Fund - Direct Plan - Growth",2025-11-27,11.855
153612,"BAJAJ FINSERV SMALL CAP FUND - DIRECT - GROWTH",2025-11-27,9.684
150915,"Mahindra Manulife Small Cap Fund - Direct Plan - Growth",2025-11-28,20.5222
152107,"QUANTUM SMALL CAP FUND - DIRECT PLAN GROWTH OPTION",2025-11-28,13.09
152614,"JM Small Cap Fund (Direct) - Growth Option",2025-11-28,10.3768
152939,"TRUSTMF SMALL CAP FUND -DIRECT PLAN-GROWTH",2025-11-28,11.12
153196,"Mirae Asset Small Cap Fund - Direct Plan - Growth",2025-11-28,11.806
153612,"BAJAJ FINSERV SMALL CAP FUND - DIRECT - GROWTH",2025-11-28,9.67
153912,"Helios Small Cap Fund - Direct Plan - Growth Option",2025-11-28,10.04
150915,"Mahindra Manulife Small Cap Fund - Direct Plan - Growth",2025-12-01,20.4833
152107,"QUANTUM SMALL CAP FUND - DIRECT PLAN GROWTH OPTION",2025-12-01,13.13
152614,"JM Small Cap Fund (Direct) - Growth Option",2025-12-01,10.3536
152939,"TRUSTMF SMALL CAP FUND -DIRECT PLAN-GROWTH",2025-12-01,11.1
153196,"Mirae Asset Small Cap Fund - Direct Plan - Growth",2025-12-01,11.813
153612,"BAJAJ FINSERV SMALL CAP FUND - DIRECT - GROWTH",2025-12-01,9.674
153912,"Helios Small Cap Fund - Direct Plan - Growth Option",2025-12-01,10.06
150915,"Mahindra Manulife Small Cap Fund - Direct Plan - Growth",2025-12-02,20.4072
152107,"QUANTUM SMALL CAP FUND - DIRECT PLAN GROWTH OPTION",2025-12-02,13.06
152614,"JM Small Cap Fund (Direct) - Growth Option",2025-12-02,10.2629
152939,"TRUSTMF SMALL CAP FUND -DIRECT PLAN-GROWTH",2025-12-02,11.03
153196,"Mirae Asset Small Cap Fund - Direct Plan - Growth",2025-12-02,11.771
153612,"BAJAJ FINSERV SMALL CAP FUND - DIRECT - GROWTH",2025-12-02,9.627
153912,"Helios Small Cap Fund - Direct Plan - Growth Option",2025-12-02,10
150915,"Mahindra Manulife Small Cap Fund - Direct Plan - Growth",2025-12-03,20.3595
152107,"QUANTUM SMALL CAP FUND - DIRECT PLAN GROWTH OPTION",2025-12-03,13.01
152614,"JM Small Cap Fund (Direct) - Growth Option",2025-12-03,10.2259
152939,"TRUSTMF SMALL CAP FUND -DIRECT PLAN-GROWTH",2025-12-03,11
153196,"Mirae Asset Small Cap Fund - Direct Plan - Growth",2025-12-03,11.744
153612,"BAJAJ FINSERV SMALL CAP FUND - DIRECT - GROWTH",2025-12-03,9.577
153912,"Helios Small Cap Fund - Direct Plan - Growth Option",2025-12-03,9.93
150915,"Mahindra Manulife Small Cap Fund - Direct Plan - Growth",2025-12-04,20.3187
152107,"QUANTUM SMALL CAP FUND - DIRECT PLAN GROWTH OPTION",2025-12-04,12.98
152614,"JM Small Cap Fund (Direct) - Growth Option",2025-12-04,10.1703
152939,"TRUSTMF SMALL CAP FUND -DIRECT PLAN-GROWTH",2025-12-04,10.93
153196,"Mirae Asset Small Cap Fund - Direct Plan - Growth",2025-12-04,11.738
153612,"BAJAJ FINSERV SMALL CAP FUND - DIRECT - GROWTH",2025-12-04,9.57
153912,"Helios Small Cap Fund - Direct Plan - Growth Option",2025-12-04,9.91
150915,"Mahindra Manulife Small Cap Fund - Direct Plan - Growth",2025-12-05,20.2379
152107,"QUANTUM SMALL CAP FUND - DIRECT PLAN GROWTH OPTION",2025-12-05,12.91
152614,"JM Small Cap Fund (Direct) - Growth Option",2025-12-05,10.0655
152939,"TRUSTMF SMALL CAP FUND -DIRECT PLAN-GROWTH",2025-12-05,10.87
153196,"Mirae Asset Small Cap Fund - Direct Plan - Growth",2025-12-05,11.716
153612,"BAJAJ FINSERV SMALL CAP FUND - DIRECT - GROWTH",2025-12-05,9.517
153912,"Helios Small Cap Fund - Direct Plan - Growth Option",2025-12-05,9.85
150915,"Mahindra Manulife Small Cap Fund - Direct Plan - Growth",2025-12-08,19.8115
152107,"QUANTUM SMALL CAP FUND - DIRECT PLAN GROWTH OPTION",2025-12-08,12.72
152614,"JM Small Cap Fund (Direct) - Growth Option",2025-12-08,9.7788
152939,"TRUSTMF SMALL CAP FUND -DIRECT PLAN-GROWTH",2025-12-08,10.66
153196,"Mirae Asset Small Cap Fund - Direct Plan - Growth",2025-12-08,11.491
153612,"BAJAJ FINSERV SMALL CAP FUND - DIRECT - GROWTH",2025-12-08,9.326
153912,"Helios Small Cap Fund - Direct Plan - Growth Option",2025-12-08,9.66
150915,"Mahindra Manulife Small Cap Fund - Direct Plan - Growth",2025-12-09,20.0119
152107,"QUANTUM SMALL CAP FUND - DIRECT PLAN GROWTH OPTION",2025-12-09,12.9
152614,"JM Small Cap Fund (Direct) - Growth Option",2025-12-09,9.9591
152939,"TRUSTMF SMALL CAP FUND -DIRECT PLAN-GROWTH",2025-12-09,10.76
153196,"Mirae Asset Small Cap Fund - Direct Plan - Growth",2025-12-09,11.575
153612,"BAJAJ FINSERV SMALL CAP FUND - DIRECT - GROWTH",2025-12-09,9.42
153868,"Samco Small Cap Fund - Direct Plan",2025-12-09,9.83
153912,"Helios Small Cap Fund - Direct Plan - Growth Option",2025-12-09,9.76
150915,"Mahindra Manulife Small Cap Fund - Direct Plan - Growth",2025-12-10,19.8815
152107,"QUANTUM SMALL CAP FUND - DIRECT PLAN GROWTH OPTION",2025-12-10,12.79
152614,"JM Small Cap Fund (Direct) - Growth Option",2025-12-10,9.8947
152939,"TRUSTMF SMALL CAP FUND -DIRECT PLAN-GROWTH",2025-12-10,10.66
153196,"Mirae Asset Small Cap Fund - Direct Plan - Growth",2025-12-10,11.51
153612,"BAJAJ FINSERV SMALL CAP FUND - DIRECT - GROWTH",2025-12-10,9.404
153868,"Samco Small Cap Fund - Direct Plan",2025-12-10,9.78
153912,"Helios Small Cap Fund - Direct Plan - Growth Option",2025-12-10,9.69
150915,"Mahindra Manulife Small Cap Fund - Direct Plan - Growth",2025-12-11,19.9987
152107,"QUANTUM SMALL CAP FUND - DIRECT PLAN GROWTH OPTION",2025-12-11,12.82
152614,"JM Small Cap Fund (Direct) - Growth Option",2025-12-11,9.9303
152939,"TRUSTMF SMALL CAP FUND -DIRECT PLAN-GROWTH",2025-12-11,10.7
153196,"Mirae Asset Small Cap Fund - Direct Plan - Growth",2025-12-11,11.557
153612,"BAJAJ FINSERV SMALL CAP FUND - DIRECT - GROWTH",2025-12-11,9.419
153868,"Samco Small Cap Fund - Direct Plan",2025-12-11,9.83
153912,"Helios Small Cap Fund - Direct Plan - Growth Option",2025-12-11,9.73
150915,"Mahindra Manulife Small Cap Fund - Direct Plan - Growth",2025-12-12,20.1619
152107,"QUANTUM SMALL CAP FUND - DIRECT PLAN GROWTH OPTION",2025-12-12,12.89
152614,"JM Small Cap Fund (Direct) - Growth Option",2025-12-12,10.0283
152939,"TRUSTMF SMALL CAP FUND -DIRECT PLAN-GROWTH",2025-12-12,10.76
153196,"Mirae Asset Small Cap Fund - Direct Plan - Growth",2025-12-12,11.615
153612,"BAJAJ FINSERV SMALL CAP FUND - DIRECT - GROWTH",2025-12-12,9.49
153868,"Samco Small Cap Fund - Direct Plan",2025-12-12,9.88
153912,"Helios Small Cap Fund - Direct Plan - Growth Option",2025-12-12,9.82
150915,"Mahindra Manulife Small Cap Fund - Direct Plan - Growth",2025-12-15,20.2545
152107,"QUANTUM SMALL CAP FUND - DIRECT PLAN GROWTH OPTION",2025-12-15,12.94
152614,"JM Small Cap Fund (Direct) - Growth Option",2025-12-15,10.0256
152939,"TRUSTMF SMALL CAP FUND -DIRECT PLAN-GROWTH",2025-12-15,10.8
153196,"Mirae Asset Small Cap Fund - Direct Plan - Growth",2025-12-15,11.623
153612,"BAJAJ FINSERV SMALL CAP FUND - DIRECT - GROWTH",2025-12-15,9.535
153868,"Samco Small Cap Fund - Direct Plan",2025-12-15,9.91
153912,"Helios Small Cap Fund - Direct Plan - Growth Option",2025-12-15,9.85
150915,"Mahindra Manulife Small Cap Fund - Direct Plan - Growth",2025-12-16,20.1144
152107,"QUANTUM SMALL CAP FUND - DIRECT PLAN GROWTH OPTION",2025-12-16,12.83
152614,"JM Small Cap Fund (Direct) - Growth Option",2025-12-16,9.9566
152939,"TRUSTMF SMALL CAP FUND -DIRECT PLAN-GROWTH",2025-12-16,10.71
153196,"Mirae Asset Small Cap Fund - Direct Plan - Growth",2025-12-16,11.552
153612,"BAJAJ FINSERV SMALL CAP FUND - DIRECT - GROWTH",2025-12-16,9.483
153868,"Samco Small Cap Fund - Direct Plan",2025-12-16,9.88
153912,"Helios Small Cap Fund - Direct Plan - Growth Option",2025-12-16,9.76
150915,"Mahindra Manulife Small Cap Fund - Direct Plan - Growth",2025-12-17,19.9656
152107,"QUANTUM SMALL CAP FUND - DIRECT PLAN GROWTH OPTION",2025-12-17,12.78
152614,"JM Small Cap Fund (Direct) - Growth Option",2025-12-17,9.886
152939,"TRUSTMF SMALL CAP FUND -DIRECT PLAN-GROWTH",2025-12-17,10.64
153196,"Mirae Asset Small Cap Fund - Direct Plan - Growth",2025-12-17,11.505
153612,"BAJAJ FINSERV SMALL CAP FUND - DIRECT - GROWTH",2025-12-17,9.43
153868,"Samco Small Cap Fund - Direct Plan",2025-12-17,9.82
153912,"Helios Small Cap Fund - Direct Plan - Growth Option",2025-12-17,9.66
150915,"Mahindra Manulife Small Cap Fund - Direct Plan - Growth",2025-12-18,19.9597
152107,"QUANTUM SMALL CAP FUND - DIRECT PLAN GROWTH OPTION",2025-12-18,12.76
152614,"JM Small Cap Fund (Direct) - Growth Option",2025-12-18,9.839
152939,"TRUSTMF SMALL CAP FUND -DIRECT PLAN-GROWTH",2025-12-18,10.63
153196,"Mirae Asset Small Cap Fund - Direct Plan - Growth",2025-12-18,11.501
153612,"BAJAJ FINSERV SMALL CAP FUND - DIRECT - GROWTH",2025-12-18,9.411
153868,"Samco Small Cap Fund - Direct Plan",2025-12-18,9.85
153912,"Helios Small Cap Fund - Direct Plan - Growth Option",2025-12-18,9.66
150915,"Mahindra Manulife Small Cap Fund - Direct Plan - Growth",2025-12-19,20.1971
152107,"QUANTUM SMALL CAP FUND - DIRECT PLAN GROWTH OPTION",2025-12-19,12.91
152614,"JM Small Cap Fund (Direct) - Growth Option",2025-12-19,9.9477
152939,"TRUSTMF SMALL CAP FUND -DIRECT PLAN-GROWTH",2025-12-19,10.77
153196,"Mirae Asset Small Cap Fund - Direct Plan - Growth",2025-12-19,11.624
153612,"BAJAJ FINSERV SMALL CAP FUND - DIRECT - GROWTH",2025-12-19,9.509
153868,"Samco Small Cap Fund - Direct Plan",2025-12-19,9.93
153912,"Helios Small Cap Fund - Direct Plan - Growth Option",2025-12-19,9.8
150915,"Mahindra Manulife Small Cap Fund - Direct Plan - Growth",2025-12-22,20.4144
152107,"QUANTUM SMALL CAP FUND - DIRECT PLAN GROWTH OPTION",2025-12-22,13.06
152614,"JM Small Cap Fund (Direct) - Growth Option",2025-12-22,10.0601
152939,"TRUSTMF SMALL CAP FUND -DIRECT PLAN-GROWTH",2025-12-22,10.95
153196,"Mirae Asset Small Cap Fund - Direct Plan - Growth",2025-12-22,11.726
153612,"BAJAJ FINSERV SMALL CAP FUND - DIRECT - GROWTH",2025-12-22,9.612
153868,"Samco Small Cap Fund - Direct Plan",2025-12-22,10.01
153912,"Helios Small Cap Fund - Direct Plan - Growth Option",2025-12-22,9.9
150915,"Mahindra Manulife Small Cap Fund - Direct Plan - Growth",2025-12-23,20.4066
152107,"QUANTUM SMALL CAP FUND - DIRECT PLAN GROWTH OPTION",2025-12-23,13.07
152614,"JM Small Cap Fund (Direct) - Growth Option",2025-12-23,10.0499
152939,"TRUSTMF SMALL CAP FUND -DIRECT PLAN-GROWTH",2025-12-23,10.95
153196,"Mirae Asset Small Cap Fund - Direct Plan - Growth",2025-12-23,11.772
153612,"BAJAJ FINSERV SMALL CAP FUND - DIRECT - GROWTH",2025-12-23,9.607
153868,"Samco Small Cap Fund - Direct Plan",2025-12-23,10.05
153912,"Helios Small Cap Fund - Direct Plan - Growth Option",2025-12-23,9.89
150915,"Mahindra Manulife Small Cap Fund - Direct Plan - Growth",2025-12-24,20.3884
152107,"QUANTUM SMALL CAP FUND - DIRECT PLAN GROWTH OPTION",2025-12-24,13.03
152614,"JM Small Cap Fund (Direct) - Growth Option",2025-12-24,9.996
152939,"TRUSTMF SMALL CAP FUND -DIRECT PLAN-GROWTH",2025-12-24,10.93
153196,"Mirae Asset Small Cap Fund - Direct Plan - Growth",2025-12-24,11.758
153612,"BAJAJ FINSERV SMALL CAP FUND - DIRECT - GROWTH",2025-12-24,9.603
153868,"Samco Small Cap Fund - Direct Plan",2025-12-24,10.04
153912,"Helios Small Cap Fund - Direct Plan - Growth Option",2025-12-24,9.87
150915,"Mahindra Manulife Small Cap Fund - Direct Plan - Growth",2025-12-26,20.3302
152107,"QUANTUM SMALL CAP FUND - DIRECT PLAN GROWTH OPTION",2025-12-26,12.98
152614,"JM Small Cap Fund (Direct) - Growth Option",2025-12-26,9.9265
152939,"TRUSTMF SMALL CAP FUND -DIRECT PLAN-GROWTH",2025-12-26,10.89
153196,"Mirae Asset Small Cap Fund - Direct Plan - Growth",2025-12-26,11.729
153612,"BAJAJ FINSERV SMALL CAP FUND - DIRECT - GROWTH",2025-12-26,9.584
153868,"Samco Small Cap Fund - Direct Plan",2025-12-26,10.01
153912,"Helios Small Cap Fund - Direct Plan - Growth Option",2025-12-26,9.82
150915,"Mahindra Manulife Small Cap Fund - Direct Plan - Growth",2025-12-29,20.1901
152107,"QUANTUM SMALL CAP FUND - DIRECT PLAN GROWTH OPTION",2025-12-29,12.89
152614,"JM Small Cap Fund (Direct) - Growth Option",2025-12-29,9.8647
152939,"TRUSTMF SMALL CAP FUND -DIRECT PLAN-GROWTH",2025-12-29,10.81
153196,"Mirae Asset Small Cap Fund - Direct Plan - Growth",2025-12-29,11.658
153612,"BAJAJ FINSERV SMALL CAP FUND - DIRECT - GROWTH",2025-12-29,9.561
153868,"Samco Small Cap Fund - Direct Plan",2025-12-29,9.94
153912,"Helios Small Cap Fund - Direct Plan - Growth Option",2025-12-29,9.75
150915,"Mahindra Manulife Small Cap Fund - Direct Plan - Growth",2025-12-30,20.115
152107,"QUANTUM SMALL CAP FUND - DIRECT PLAN GROWTH OPTION",2025-12-30,12.88
152614,"JM Small Cap Fund (Direct) - Growth Option",2025-12-30,9.8177
152939,"TRUSTMF SMALL CAP FUND -DIRECT PLAN-GROWTH",2025-12-30,10.83
153196,"Mirae Asset Small Cap Fund - Direct Plan - Growth",2025-12-30,11.637
153612,"BAJAJ FINSERV SMALL CAP FUND - DIRECT - GROWTH",2025-12-30,9.545
153868,"Samco Small Cap Fund - Direct Plan",2025-12-30,9.92
153912,"Helios Small Cap Fund - Direct Plan - Growth Option",2025-12-30,9.74
150915,"Mahindra Manulife Small Cap Fund - Direct Plan - Growth",2025-12-31,20.3864
152107,"QUANTUM SMALL CAP FUND - DIRECT PLAN GROWTH OPTION",2025-12-31,13.02
152614,"JM Small Cap Fund (Direct) - Growth Option",2025-12-31,9.9325
152939,"TRUSTMF SMALL CAP FUND -DIRECT PLAN-GROWTH",2025-12-31,10.91
153196,"Mirae Asset Small Cap Fund - Direct Plan - Growth",2025-12-31,11.75
153612,"BAJAJ FINSERV SMALL CAP FUND - DIRECT - GROWTH",2025-12-31,9.654
153868,"Samco Small Cap Fund - Direct Plan",2025-12-31,10.03
153912,"Helios Small Cap Fund - Direct Plan - Growth Option",2025-12-31,9.83
150915,"Mahindra Manulife Small Cap Fund - Direct Plan - Growth",2026-01-01,20.3603
152107,"QUANTUM SMALL CAP FUND - DIRECT PLAN GROWTH OPTION",2026-01-01,13.08
152614,"JM Small Cap Fund (Direct) - Growth Option",2026-01-01,9.8149
152939,"TRUSTMF SMALL CAP FUND -DIRECT PLAN-GROWTH",2026-01-01,10.91
153196,"Mirae Asset Small Cap Fund - Direct Plan - Growth",2026-01-01,11.783
153612,"BAJAJ FINSERV SMALL CAP FUND - DIRECT - GROWTH",2026-01-01,9.682
153868,"Samco Small Cap Fund - Direct Plan",2026-01-01,10.03
153912,"Helios Small Cap Fund - Direct Plan - Growth Option",2026-01-01,9.81
150915,"Mahindra Manulife Small Cap Fund - Direct Plan - Growth",2026-01-02,20.5064
152107,"QUANTUM SMALL CAP FUND - DIRECT PLAN GROWTH OPTION",2026-01-02,13.21
152614,"JM Small Cap Fund (Direct) - Growth Option",2026-01-02,9.9157
152939,"TRUSTMF SMALL CAP FUND -DIRECT PLAN-GROWTH",2026-01-02,10.97
153196,"Mirae Asset Small Cap Fund - Direct Plan - Growth",2026-01-02,11.882
153612,"BAJAJ FINSERV SMALL CAP FUND - DIRECT - GROWTH",2026-01-02,9.757
153868,"Samco Small Cap Fund - Direct Plan",2026-01-02,10.08
153912,"Helios Small Cap Fund - Direct Plan - Growth Option",2026-01-02,9.91
150915,"Mahindra Manulife Small Cap Fund - Direct Plan - Growth",2026-01-05,20.5338
152107,"QUANTUM SMALL CAP FUND - DIRECT PLAN GROWTH OPTION",2026-01-05,13.29
152614,"JM Small Cap Fund (Direct) - Growth Option",2026-01-05,9.9633
152939,"TRUSTMF SMALL CAP FUND -DIRECT PLAN-GROWTH",2026-01-05,10.94
153196,"Mirae Asset Small Cap Fund - Direct Plan - Growth",2026-01-05,11.938
153612,"BAJAJ FINSERV SMALL CAP FUND - DIRECT - GROWTH",2026-01-05,9.804
153868,"Samco Small Cap Fund - Direct Plan",2026-01-05,10.14
153912,"Helios Small Cap Fund - Direct Plan - Growth Option",2026-01-05,9.9
150915,"Mahindra Manulife Small Cap Fund - Direct Plan - Growth",2026-01-06,20.4486
152107,"QUANTUM SMALL CAP FUND - DIRECT PLAN GROWTH OPTION",2026-01-06,13.24
152614,"JM Small Cap Fund (Direct) - Growth Option",2026-01-06,9.9259
152939,"TRUSTMF SMALL CAP FUND -DIRECT PLAN-GROWTH",2026-01-06,10.9
153196,"Mirae Asset Small Cap Fund - Direct Plan - Growth",2026-01-06,11.88
153612,"BAJAJ FINSERV SMALL CAP FUND - DIRECT - GROWTH",2026-01-06,9.729
153868,"Samco Small Cap Fund - Direct Plan",2026-01-06,10.14
153912,"Helios Small Cap Fund - Direct Plan - Growth Option",2026-01-06,9.86
150915,"Mahindra Manulife Small Cap Fund - Direct Plan - Growth",2026-01-07,20.5125
152107,"QUANTUM SMALL CAP FUND - DIRECT PLAN GROWTH OPTION",2026-01-07,13.23
152614,"JM Small Cap Fund (Direct) - Growth Option",2026-01-07,9.9564
152939,"TRUSTMF SMALL CAP FUND -DIRECT PLAN-GROWTH",2026-01-07,10.91
153196,"Mirae Asset Small Cap Fund - Direct Plan - Growth",2026-01-07,11.865
153612,"BAJAJ FINSERV SMALL CAP FUND - DIRECT - GROWTH",2026-01-07,9.755
153868,"Samco Small Cap Fund - Direct Plan",2026-01-07,10.12
153912,"Helios Small Cap Fund - Direct Plan - Growth Option",2026-01-07,9.86
150915,"Mahindra Manulife Small Cap Fund - Direct Plan - Growth",2026-01-08,20.1898
152107,"QUANTUM SMALL CAP FUND - DIRECT PLAN GROWTH OPTION",2026-01-08,13.07
152614,"JM Small Cap Fund (Direct) - Growth Option",2026-01-08,9.7712
152939,"TRUSTMF SMALL CAP FUND -DIRECT PLAN-GROWTH",2026-01-08,10.72
153196,"Mirae Asset Small Cap Fund - Direct Plan - Growth",2026-01-08,11.7
153612,"BAJAJ FINSERV SMALL CAP FUND - DIRECT - GROWTH",2026-01-08,9.597
153868,"Samco Small Cap Fund - Direct Plan",2026-01-08,9.91
153912,"Helios Small Cap Fund - Direct Plan - Growth Option",2026-01-08,9.67
150915,"Mahindra Manulife Small Cap Fund - Direct Plan - Growth",2026-01-09,19.8709
152107,"QUANTUM SMALL CAP FUND - DIRECT PLAN GROWTH OPTION",2026-01-09,12.9
152614,"JM Small Cap Fund (Direct) - Growth Option",2026-01-09,9.6018
152939,"TRUSTMF SMALL CAP FUND -DIRECT PLAN-GROWTH",2026-01-09,10.54
153196,"Mirae Asset Small Cap Fund - Direct Plan - Growth",2026-01-09,11.506
153612,"BAJAJ FINSERV SMALL CAP FUND - DIRECT - GROWTH",2026-01-09,9.438
153868,"Samco Small Cap Fund - Direct Plan",2026-01-09,9.76
153912,"Helios Small Cap Fund - Direct Plan - Growth Option",2026-01-09,9.54
150915,"Mahindra Manulife Small Cap Fund - Direct Plan - Growth",2026-01-12,19.7252
152107,"QUANTUM SMALL CAP FUND - DIRECT PLAN GROWTH OPTION",2026-01-12,12.82
152614,"JM Small Cap Fund (Direct) - Growth Option",2026-01-12,9.5204
152939,"TRUSTMF SMALL CAP FUND -DIRECT PLAN-GROWTH",2026-01-12,10.46
153196,"Mirae Asset Small Cap Fund - Direct Plan - Growth",2026-01-12,11.446
153612,"BAJAJ FINSERV SMALL CAP FUND - DIRECT - GROWTH",2026-01-12,9.391
153868,"Samco Small Cap Fund - Direct Plan",2026-01-12,9.69
153912,"Helios Small Cap Fund - Direct Plan - Growth Option",2026-01-12,9.44
150915,"Mahindra Manulife Small Cap Fund - Direct Plan - Growth",2026-01-13,19.7847
152107,"QUANTUM SMALL CAP FUND - DIRECT PLAN GROWTH OPTION",2026-01-13,12.87
152614,"JM Small Cap Fund (Direct) - Growth Option",2026-01-13,9.6123
152939,"TRUSTMF SMALL CAP FUND -DIRECT PLAN-GROWTH",2026-01-13,10.54
153196,"Mirae Asset Small Cap Fund - Direct Plan - Growth",2026-01-13,11.53
153612,"BAJAJ FINSERV SMALL CAP FUND - DIRECT - GROWTH",2026-01-13,9.406
153868,"Samco Small Cap Fund - Direct Plan",2026-01-13,9.75
153912,"Helios Small Cap Fund - Direct Plan - Growth Option",2026-01-13,9.49
150915,"Mahindra Manulife Small Cap Fund - Direct Plan - Growth",2026-01-14,19.8056
152107,"QUANTUM SMALL CAP FUND - DIRECT PLAN GROWTH OPTION",2026-01-14,12.93
152614,"JM Small Cap Fund (Direct) - Growth Option",2026-01-14,9.6277
152939,"TRUSTMF SMALL CAP FUND -DIRECT PLAN-GROWTH",2026-01-14,10.59
153196,"Mirae Asset Small Cap Fund - Direct Plan - Growth",2026-01-14,11.553
153612,"BAJAJ FINSERV SMALL CAP FUND - DIRECT - GROWTH",2026-01-14,9.424
153868,"Samco Small Cap Fund - Direct Plan",2026-01-14,9.76
153912,"Helios Small Cap Fund - Direct Plan - Growth Option",2026-01-14,9.5
150915,"Mahindra Manulife Small Cap Fund - Direct Plan - Growth",2026-01-16,19.7499
152107,"QUANTUM SMALL CAP FUND - DIRECT PLAN GROWTH OPTION",2026-01-16,12.94
152614,"JM Small Cap Fund (Direct) - Growth Option",2026-01-16,9.6102
152939,"TRUSTMF SMALL CAP FUND -DIRECT PLAN-GROWTH",2026-01-16,10.58
153196,"Mirae Asset Small Cap Fund - Direct Plan - Growth",2026-01-16,11.5
153612,"BAJAJ FINSERV SMALL CAP FUND - DIRECT - GROWTH",2026-01-16,9.475
153868,"Samco Small Cap Fund - Direct Plan",2026-01-16,9.71
153912,"Helios Small Cap Fund - Direct Plan - Growth Option",2026-01-16,9.46
150915,"Mahindra Manulife Small Cap Fund - Direct Plan - Growth",2026-01-19,19.5503
152107,"QUANTUM SMALL CAP FUND - DIRECT PLAN GROWTH OPTION",2026-01-19,12.84
152614,"JM Small Cap Fund (Direct) - Growth Option",2026-01-19,9.493
152939,"TRUSTMF SMALL CAP FUND -DIRECT PLAN-GROWTH",2026-01-19,10.45
153196,"Mirae Asset Small Cap Fund - Direct Plan - Growth",2026-01-19,11.411
153612,"BAJAJ FINSERV SMALL CAP FUND - DIRECT - GROWTH",2026-01-19,9.362
153868,"Samco Small Cap Fund - Direct Plan",2026-01-19,9.62
153912,"Helios Small Cap Fund - Direct Plan - Growth Option",2026-01-19,9.34
150915,"Mahindra Manulife Small Cap Fund - Direct Plan - Growth",2026-01-20,19.0595
152107,"QUANTUM SMALL CAP FUND - DIRECT PLAN GROWTH OPTION",2026-01-20,12.6
152614,"JM Small Cap Fund (Direct) - Growth Option",2026-01-20,9.1973
152939,"TRUSTMF SMALL CAP FUND -DIRECT PLAN-GROWTH",2026-01-20,10.16
153196,"Mirae Asset Small Cap Fund - Direct Plan - Growth",2026-01-20,11.133
153612,"BAJAJ FINSERV SMALL CAP FUND - DIRECT - GROWTH",2026-01-20,9.115
153868,"Samco Small Cap Fund - Direct Plan",2026-01-20,9.41
153912,"Helios Small Cap Fund - Direct Plan - Growth Option",2026-01-20,9.12
150915,"Mahindra Manulife Small Cap Fund - Direct Plan - Growth",2026-01-21,18.9929
152107,"QUANTUM SMALL CAP FUND - DIRECT PLAN GROWTH OPTION",2026-01-21,12.47
152614,"JM Small Cap Fund (Direct) - Growth Option",2026-01-21,9.1506
152939,"TRUSTMF SMALL CAP FUND -DIRECT PLAN-GROWTH",2026-01-21,10.12
153196,"Mirae Asset Small Cap Fund - Direct Plan - Growth",2026-01-21,11.058
153612,"BAJAJ FINSERV SMALL CAP FUND - DIRECT - GROWTH",2026-01-21,9.095
153868,"Samco Small Cap Fund - Direct Plan",2026-01-21,9.35
153912,"Helios Small Cap Fund - Direct Plan - Growth Option",2026-01-21,9.04
150915,"Mahindra Manulife Small Cap Fund - Direct Plan - Growth",2026-01-22,19.2305
152107,"QUANTUM SMALL CAP FUND - DIRECT PLAN GROWTH OPTION",2026-01-22,12.62
152614,"JM Small Cap Fund (Direct) - Growth Option",2026-01-22,9.2801
152939,"TRUSTMF SMALL CAP FUND -DIRECT PLAN-GROWTH",2026-01-22,10.22
153196,"Mirae Asset Small Cap Fund - Direct Plan - Growth",2026-01-22,11.189
153612,"BAJAJ FINSERV SMALL CAP FUND - DIRECT - GROWTH",2026-01-22,9.164
153868,"Samco Small Cap Fund - Direct Plan",2026-01-22,9.45
153912,"Helios Small Cap Fund - Direct Plan - Growth Option",2026-01-22,9.15
150915,"Mahindra Manulife Small Cap Fund - Direct Plan - Growth",2026-01-23,18.8865
152107,"QUANTUM SMALL CAP FUND - DIRECT PLAN GROWTH OPTION",2026-01-23,12.42
152614,"JM Small Cap Fund (Direct) - Growth Option",2026-01-23,9.0434
152939,"TRUSTMF SMALL CAP FUND -DIRECT PLAN-GROWTH",2026-01-23,10.05
153196,"Mirae Asset Small Cap Fund - Direct Plan - Growth",2026-01-23,11.027
153612,"BAJAJ FINSERV SMALL CAP FUND - DIRECT - GROWTH",2026-01-23,9.024
153868,"Samco Small Cap Fund - Direct Plan",2026-01-23,9.3
153912,"Helios Small Cap Fund - Direct Plan - Growth Option",2026-01-23,8.95
150915,"Mahindra Manulife Small Cap Fund - Direct Plan - Growth",2026-01-27,18.894
152107,"QUANTUM SMALL CAP FUND - DIRECT PLAN GROWTH OPTION",2026-01-27,12.47
152614,"JM Small Cap Fund (Direct) - Growth Option",2026-01-27,8.9926
152939,"TRUSTMF SMALL CAP FUND -DIRECT PLAN-GROWTH",2026-01-27,10.17
153196,"Mirae Asset Small Cap Fund - Direct Plan - Growth",2026-01-27,11.094
153612,"BAJAJ FINSERV SMALL CAP FUND - DIRECT - GROWTH",2026-01-27,9.007
153868,"Samco Small Cap Fund - Direct Plan",2026-01-27,9.33
153912,"Helios Small Cap Fund - Direct Plan - Growth Option",2026-01-27,8.98
150915,"Mahindra Manulife Small Cap Fund - Direct Plan - Growth",2026-01-28,19.1345
152107,"QUANTUM SMALL CAP FUND - DIRECT PLAN GROWTH OPTION",2026-01-28,12.53
152614,"JM Small Cap Fund (Direct) - Growth Option",2026-01-28,9.159
152939,"TRUSTMF SMALL CAP FUND -DIRECT PLAN-GROWTH",2026-01-28,10.36
153196,"Mirae Asset Small Cap Fund - Direct Plan - Growth",2026-01-28,11.261
153612,"BAJAJ FINSERV SMALL CAP FUND - DIRECT - GROWTH",2026-01-28,9.15
153868,"Samco Small Cap Fund - Direct Plan",2026-01-28,9.45
153912,"Helios Small Cap Fund - Direct Plan - Growth Option",2026-01-28,9.15
150915,"Mahindra Manulife Small Cap Fund - Direct Plan - Growth",2026-01-29,19.0511
152107,"QUANTUM SMALL CAP FUND - DIRECT PLAN GROWTH OPTION",2026-01-29,12.52
152614,"JM Small Cap Fund (Direct) - Growth Option",2026-01-29,9.1023
152939,"TRUSTMF SMALL CAP FUND -DIRECT PLAN-GROWTH",2026-01-29,10.45
153196,"Mirae Asset Small Cap Fund - Direct Plan - Growth",2026-01-29,11.237
153612,"BAJAJ FINSERV SMALL CAP FUND - DIRECT - GROWTH",2026-01-29,9.107
153868,"Samco Small Cap Fund - Direct Plan",2026-01-29,9.45
153912,"Helios Small Cap Fund - Direct Plan - Growth Option",2026-01-29,9.09
150915,"Mahindra Manulife Small Cap Fund - Direct Plan - Growth",2026-01-30,19.2364
152107,"QUANTUM SMALL CAP FUND - DIRECT PLAN GROWTH OPTION",2026-01-30,12.62
152614,"JM Small Cap Fund (Direct) - Growth Option",2026-01-30,9.2693
152939,"TRUSTMF SMALL CAP FUND -DIRECT PLAN-GROWTH",2026-01-30,10.5
153196,"Mirae Asset Small Cap Fund - Direct Plan - Growth",2026-01-30,11.329
153612,"BAJAJ FINSERV SMALL CAP FUND - DIRECT - GROWTH",2026-01-30,9.207
153868,"Samco Small Cap Fund - Direct Plan",2026-01-30,9.52
153912,"Helios Small Cap Fund - Direct Plan - Growth Option",2026-01-30,9.22
150915,"Mahindra Manulife Small Cap Fund - Direct Plan - Growth",2026-02-02,18.9072
152107,"QUANTUM SMALL CAP FUND - DIRECT PLAN GROWTH OPTION",2026-02-02,12.55
152614,"JM Small Cap Fund (Direct) - Growth Option",2026-02-02,9.0949
152939,"TRUSTMF SMALL CAP FUND -DIRECT PLAN-GROWTH",2026-02-02,10.32
153196,"Mirae Asset Small Cap Fund - Direct Plan - Growth",2026-02-02,11.198
153612,"BAJAJ FINSERV SMALL CAP FUND - DIRECT - GROWTH",2026-02-02,9.108
153868,"Samco Small Cap Fund - Direct Plan",2026-02-02,9.5
153912,"Helios Small Cap Fund - Direct Plan - Growth Option",2026-02-02,9.18
154063,"Groww Small Cap Fund-Direct-Growth",2026-02-02,10.025
150915,"Mahindra Manulife Small Cap Fund - Direct Plan - Growth",2026-02-03,19.5648
152107,"QUANTUM SMALL CAP FUND - DIRECT PLAN GROWTH OPTION",2026-02-03,12.89
152614,"JM Small Cap Fund (Direct) - Growth Option",2026-02-03,9.4979
152939,"TRUSTMF SMALL CAP FUND -DIRECT PLAN-GROWTH",2026-02-03,10.67
153196,"Mirae Asset Small Cap Fund - Direct Plan - Growth",2026-02-03,11.58
153612,"BAJAJ FINSERV SMALL CAP FUND - DIRECT - GROWTH",2026-02-03,9.426
153868,"Samco Small Cap Fund - Direct Plan",2026-02-03,9.75
153912,"Helios Small Cap Fund - Direct Plan - Growth Option",2026-02-03,9.46
154063,"Groww Small Cap Fund-Direct-Growth",2026-02-03,9.9357
150915,"Mahindra Manulife Small Cap Fund - Direct Plan - Growth",2026-02-04,19.7409
152107,"QUANTUM SMALL CAP FUND - DIRECT PLAN GROWTH OPTION",2026-02-04,12.96
152614,"JM Small Cap Fund (Direct) - Growth Option",2026-02-04,9.6823
152939,"TRUSTMF SMALL CAP FUND -DIRECT PLAN-GROWTH",2026-02-04,10.72
153196,"Mirae Asset Small Cap Fund - Direct Plan - Growth",2026-02-04,11.606
153612,"BAJAJ FINSERV SMALL CAP FUND - DIRECT - GROWTH",2026-02-04,9.51
153868,"Samco Small Cap Fund - Direct Plan",2026-02-04,9.85
153912,"Helios Small Cap Fund - Direct Plan - Growth Option",2026-02-04,9.51
154063,"Groww Small Cap Fund-Direct-Growth",2026-02-04,10.0307
150915,"Mahindra Manulife Small Cap Fund - Direct Plan - Growth",2026-02-05,19.6013
152107,"QUANTUM SMALL CAP FUND - DIRECT PLAN GROWTH OPTION",2026-02-05,12.84
152614,"JM Small Cap Fund (Direct) - Growth Option",2026-02-05,9.5318
152939,"TRUSTMF SMALL CAP FUND -DIRECT PLAN-GROWTH",2026-02-05,10.62
153196,"Mirae Asset Small Cap Fund - Direct Plan - Growth",2026-02-05,11.502
153612,"BAJAJ FINSERV SMALL CAP FUND - DIRECT - GROWTH",2026-02-05,9.462
153868,"Samco Small Cap Fund - Direct Plan",2026-02-05,9.8
153912,"Helios Small Cap Fund - Direct Plan - Growth Option",2026-02-05,9.45
154063,"Groww Small Cap Fund-Direct-Growth",2026-02-05,9.9815
150915,"Mahindra Manulife Small Cap Fund - Direct Plan - Growth",2026-02-06,19.5545
152107,"QUANTUM SMALL CAP FUND - DIRECT PLAN GROWTH OPTION",2026-02-06,12.78
152614,"JM Small Cap Fund (Direct) - Growth Option",2026-02-06,9.5676
152939,"TRUSTMF SMALL CAP FUND -DIRECT PLAN-GROWTH",2026-02-06,10.57
153196,"Mirae Asset Small Cap Fund - Direct Plan - Growth",2026-02-06,11.48
153612,"BAJAJ FINSERV SMALL CAP FUND - DIRECT - GROWTH",2026-02-06,9.486
153868,"Samco Small Cap Fund - Direct Plan",2026-02-06,9.73
153912,"Helios Small Cap Fund - Direct Plan - Growth Option",2026-02-06,9.41
154063,"Groww Small Cap Fund-Direct-Growth",2026-02-06,9.976
150915,"Mahindra Manulife Small Cap Fund - Direct Plan - Growth",2026-02-09,19.9788
152107,"QUANTUM SMALL CAP FUND - DIRECT PLAN GROWTH OPTION",2026-02-09,13.02
152614,"JM Small Cap Fund (Direct) - Growth Option",2026-02-09,9.8169
152939,"TRUSTMF SMALL CAP FUND -DIRECT PLAN-GROWTH",2026-02-09,10.78
153196,"Mirae Asset Small Cap Fund - Direct Plan - Growth",2026-02-09,11.706
153612,"BAJAJ FINSERV SMALL CAP FUND - DIRECT - GROWTH",2026-02-09,9.709
153868,"Samco Small Cap Fund - Direct Plan",2026-02-09,9.89
153912,"Helios Small Cap Fund - Direct Plan - Growth Option",2026-02-09,9.55
154063,"Groww Small Cap Fund-Direct-Growth",2026-02-09,10.1214
150915,"Mahindra Manulife Small Cap Fund - Direct Plan - Growth",2026-02-10,19.9976
152107,"QUANTUM SMALL CAP FUND - DIRECT PLAN GROWTH OPTION",2026-02-10,13.2
152614,"JM Small Cap Fund (Direct) - Growth Option",2026-02-10,9.8795
152939,"TRUSTMF SMALL CAP FUND -DIRECT PLAN-GROWTH",2026-02-10,10.8
153196,"Mirae Asset Small Cap Fund - Direct Plan - Growth",2026-02-10,11.731
153612,"BAJAJ FINSERV SMALL CAP FUND - DIRECT - GROWTH",2026-02-10,9.733
153868,"Samco Small Cap Fund - Direct Plan",2026-02-10,9.94
153912,"Helios Small Cap Fund - Direct Plan - Growth Option",2026-02-10,9.64
154063,"Groww Small Cap Fund-Direct-Growth",2026-02-10,10.1854
150915,"Mahindra Manulife Small Cap Fund - Direct Plan - Growth",2026-02-11,19.9774
152107,"QUANTUM SMALL CAP FUND - DIRECT PLAN GROWTH OPTION",2026-02-11,13.25
152614,"JM Small Cap Fund (Direct) - Growth Option",2026-02-11,9.8608
152939,"TRUSTMF SMALL CAP FUND -DIRECT PLAN-GROWTH",2026-02-11,10.85
153196,"Mirae Asset Small Cap Fund - Direct Plan - Growth",2026-02-11,11.72
153612,"BAJAJ FINSERV SMALL CAP FUND - DIRECT - GROWTH",2026-02-11,9.69
153868,"Samco Small Cap Fund - Direct Plan",2026-02-11,9.97
153912,"Helios Small Cap Fund - Direct Plan - Growth Option",2026-02-11,9.63
154063,"Groww Small Cap Fund-Direct-Growth",2026-02-11,10.2449
150915,"Mahindra Manulife Small Cap Fund - Direct Plan - Growth",2026-02-12,19.8688
152107,"QUANTUM SMALL CAP FUND - DIRECT PLAN GROWTH OPTION",2026-02-12,13.08
152614,"JM Small Cap Fund (Direct) - Growth Option",2026-02-12,9.8417
152939,"TRUSTMF SMALL CAP FUND -DIRECT PLAN-GROWTH",2026-02-12,10.91
153196,"Mirae Asset Small Cap Fund - Direct Plan - Growth",2026-02-12,11.654
153612,"BAJAJ FINSERV SMALL CAP FUND - DIRECT - GROWTH",2026-02-12,9.615
153868,"Samco Small Cap Fund - Direct Plan",2026-02-12,9.93
153912,"Helios Small Cap Fund - Direct Plan - Growth Option",2026-02-12,9.54
154063,"Groww Small Cap Fund-Direct-Growth",2026-02-12,10.2276
150915,"Mahindra Manulife Small Cap Fund - Direct Plan - Growth",2026-02-13,19.6111
152107,"QUANTUM SMALL CAP FUND - DIRECT PLAN GROWTH OPTION",2026-02-13,12.89
152614,"JM Small Cap Fund (Direct) - Growth Option",2026-02-13,9.6707
152939,"TRUSTMF SMALL CAP FUND -DIRECT PLAN-GROWTH",2026-02-13,10.71
153196,"Mirae Asset Small Cap Fund - Direct Plan - Growth",2026-02-13,11.48
153612,"BAJAJ FINSERV SMALL CAP FUND - DIRECT - GROWTH",2026-02-13,9.482
153868,"Samco Small Cap Fund - Direct Plan",2026-02-13,9.79
153912,"Helios Small Cap Fund - Direct Plan - Growth Option",2026-02-13,9.41
154063,"Groww Small Cap Fund-Direct-Growth",2026-02-13,10.1157
150915,"Mahindra Manulife Small Cap Fund - Direct Plan - Growth",2026-02-16,19.6135
152107,"QUANTUM SMALL CAP FUND - DIRECT PLAN GROWTH OPTION",2026-02-16,12.9
152614,"JM Small Cap Fund (Direct) - Growth Option",2026-02-16,9.6232
152939,"TRUSTMF SMALL CAP FUND -DIRECT PLAN-GROWTH",2026-02-16,10.71
153196,"Mirae Asset Small Cap Fund - Direct Plan - Growth",2026-02-16,11.51
153612,"BAJAJ FINSERV SMALL CAP FUND - DIRECT - GROWTH",2026-02-16,9.438
153868,"Samco Small Cap Fund - Direct Plan",2026-02-16,9.84
153912,"Helios Small Cap Fund - Direct Plan - Growth Option",2026-02-16,9.44
154063,"Groww Small Cap Fund-Direct-Growth",2026-02-16,10.1018
150915,"Mahindra Manulife Small Cap Fund - Direct Plan - Growth",2026-02-17,19.7867
152107,"QUANTUM SMALL CAP FUND - DIRECT PLAN GROWTH OPTION",2026-02-17,12.92
152614,"JM Small Cap Fund (Direct) - Growth Option",2026-02-17,9.7128
152939,"TRUSTMF SMALL CAP FUND -DIRECT PLAN-GROWTH",2026-02-17,10.75
153196,"Mirae Asset Small Cap Fund - Direct Plan - Growth",2026-02-17,11.619
153612,"BAJAJ FINSERV SMALL CAP FUND - DIRECT - GROWTH",2026-02-17,9.526
153868,"Samco Small Cap Fund - Direct Plan",2026-02-17,9.88
153912,"Helios Small Cap Fund - Direct Plan - Growth Option",2026-02-17,9.47
154063,"Groww Small Cap Fund-Direct-Growth",2026-02-17,10.1516
150915,"Mahindra Manulife Small Cap Fund - Direct Plan - Growth",2026-02-18,19.8583
152107,"QUANTUM SMALL CAP FUND - DIRECT PLAN GROWTH OPTION",2026-02-18,13
152614,"JM Small Cap Fund (Direct) - Growth Option",2026-02-18,9.8266
152939,"TRUSTMF SMALL CAP FUND -DIRECT PLAN-GROWTH",2026-02-18,10.84
153196,"Mirae Asset Small Cap Fund - Direct Plan - Growth",2026-02-18,11.636
153612,"BAJAJ FINSERV SMALL CAP FUND - DIRECT - GROWTH",2026-02-18,9.58
153868,"Samco Small Cap Fund - Direct Plan",2026-02-18,9.91
153912,"Helios Small Cap Fund - Direct Plan - Growth Option",2026-02-18,9.52
154063,"Groww Small Cap Fund-Direct-Growth",2026-02-18,10.2013
150915,"Mahindra Manulife Small Cap Fund - Direct Plan - Growth",2026-02-19,19.6173
152107,"QUANTUM SMALL CAP FUND - DIRECT PLAN GROWTH OPTION",2026-02-19,12.84
152614,"JM Small Cap Fund (Direct) - Growth Option",2026-02-19,9.7145
152939,"TRUSTMF SMALL CAP FUND -DIRECT PLAN-GROWTH",2026-02-19,10.72
153196,"Mirae Asset Small Cap Fund - Direct Plan - Growth",2026-02-19,11.497
153612,"BAJAJ FINSERV SMALL CAP FUND - DIRECT - GROWTH",2026-02-19,9.474
153868,"Samco Small Cap Fund - Direct Plan",2026-02-19,9.79
153912,"Helios Small Cap Fund - Direct Plan - Growth Option",2026-02-19,9.39
154063,"Groww Small Cap Fund-Direct-Growth",2026-02-19,10.131
150915,"Mahindra Manulife Small Cap Fund - Direct Plan - Growth",2026-02-20,19.594
152107,"QUANTUM SMALL CAP FUND - DIRECT PLAN GROWTH OPTION",2026-02-20,12.83
152614,"JM Small Cap Fund (Direct) - Growth Option",2026-02-20,9.6637
152939,"TRUSTMF SMALL CAP FUND -DIRECT PLAN-GROWTH",2026-02-20,10.73
153196,"Mirae Asset Small Cap Fund - Direct Plan - Growth",2026-02-20,11.5
153612,"BAJAJ FINSERV SMALL CAP FUND - DIRECT - GROWTH",2026-02-20,9.474
153868,"Samco Small Cap Fund - Direct Plan",2026-02-20,9.8
153912,"Helios Small Cap Fund - Direct Plan - Growth Option",2026-02-20,9.39
154063,"Groww Small Cap Fund-Direct-Growth",2026-02-20,10.1598
150915,"Mahindra Manulife Small Cap Fund - Direct Plan - Growth",2026-02-23,19.6082
152107,"QUANTUM SMALL CAP FUND - DIRECT PLAN GROWTH OPTION",2026-02-23,12.86
152614,"JM Small Cap Fund (Direct) - Growth Option",2026-02-23,9.6221
152939,"TRUSTMF SMALL CAP FUND -DIRECT PLAN-GROWTH",2026-02-23,10.8
153196,"Mirae Asset Small Cap Fund - Direct Plan - Growth",2026-02-23,11.584
153612,"BAJAJ FINSERV SMALL CAP FUND - DIRECT - GROWTH",2026-02-23,9.538
153868,"Samco Small Cap Fund - Direct Plan",2026-02-23,9.87
153912,"Helios Small Cap Fund - Direct Plan - Growth Option",2026-02-23,9.4
154063,"Groww Small Cap Fund-Direct-Growth",2026-02-23,10.2306
150915,"Mahindra Manulife Small Cap Fund - Direct Plan - Growth",2026-02-24,19.4783
152107,"QUANTUM SMALL CAP FUND - DIRECT PLAN GROWTH OPTION",2026-02-24,12.76
152614,"JM Small Cap Fund (Direct) - Growth Option",2026-02-24,9.487
152939,"TRUSTMF SMALL CAP FUND -DIRECT PLAN-GROWTH",2026-02-24,10.75
153196,"Mirae Asset Small Cap Fund - Direct Plan - Growth",2026-02-24,11.485
153612,"BAJAJ FINSERV SMALL CAP FUND - DIRECT - GROWTH",2026-02-24,9.474
153868,"Samco Small Cap Fund - Direct Plan",2026-02-24,9.81
153912,"Helios Small Cap Fund - Direct Plan - Growth Option",2026-02-24,9.3
154063,"Groww Small Cap Fund-Direct-Growth",2026-02-24,10.2291
150915,"Mahindra Manulife Small Cap Fund - Direct Plan - Growth",2026-02-25,19.6223
152107,"QUANTUM SMALL CAP FUND - DIRECT PLAN GROWTH OPTION",2026-02-25,12.83
152614,"JM Small Cap Fund (Direct) - Growth Option",2026-02-25,9.4999
152939,"TRUSTMF SMALL CAP FUND -DIRECT PLAN-GROWTH",2026-02-25,10.81
153196,"Mirae Asset Small Cap Fund - Direct Plan - Growth",2026-02-25,11.559
153612,"BAJAJ FINSERV SMALL CAP FUND - DIRECT - GROWTH",2026-02-25,9.526
153868,"Samco Small Cap Fund - Direct Plan",2026-02-25,9.87
153912,"Helios Small Cap Fund - Direct Plan - Growth Option",2026-02-25,9.31
154063,"Groww Small Cap Fund-Direct-Growth",2026-02-25,10.2154
150915,"Mahindra Manulife Small Cap Fund - Direct Plan - Growth",2026-02-26,19.6583
152107,"QUANTUM SMALL CAP FUND - DIRECT PLAN GROWTH OPTION",2026-02-26,12.84
152614,"JM Small Cap Fund (Direct) - Growth Option",2026-02-26,9.569
152939,"TRUSTMF SMALL CAP FUND -DIRECT PLAN-GROWTH",2026-02-26,10.83
153196,"Mirae Asset Small Cap Fund - Direct Plan - Growth",2026-02-26,11.55
153612,"BAJAJ FINSERV SMALL CAP FUND - DIRECT - GROWTH",2026-02-26,9.565
153868,"Samco Small Cap Fund - Direct Plan",2026-02-26,9.88
153912,"Helios Small Cap Fund - Direct Plan - Growth Option",2026-02-26,9.35
154063,"Groww Small Cap Fund-Direct-Growth",2026-02-26,10.2125
150915,"Mahindra Manulife Small Cap Fund - Direct Plan - Growth",2026-02-27,19.4982
152107,"QUANTUM SMALL CAP FUND - DIRECT PLAN GROWTH OPTION",2026-02-27,12.71
152614,"JM Small Cap Fund (Direct) - Growth Option",2026-02-27,9.5173
152939,"TRUSTMF SMALL CAP FUND -DIRECT PLAN-GROWTH",2026-02-27,10.75
153196,"Mirae Asset Small Cap Fund - Direct Plan - Growth",2026-02-27,11.385
153612,"BAJAJ FINSERV SMALL CAP FUND - DIRECT - GROWTH",2026-02-27,9.438
153868,"Samco Small Cap Fund - Direct Plan",2026-02-27,9.77
153912,"Helios Small Cap Fund - Direct Plan - Growth Option",2026-02-27,9.29
154063,"Groww Small Cap Fund-Direct-Growth",2026-02-27,10.1494
150915,"Mahindra Manulife Small Cap Fund - Direct Plan - Growth",2026-03-02,19.197
152107,"QUANTUM SMALL CAP FUND - DIRECT PLAN GROWTH OPTION",2026-03-02,12.49
152614,"JM Small Cap Fund (Direct) - Growth Option",2026-03-02,9.3116
152939,"TRUSTMF SMALL CAP FUND -DIRECT PLAN-GROWTH",2026-03-02,10.59
153196,"Mirae Asset Small Cap Fund - Direct Plan - Growth",2026-03-02,11.189
153612,"BAJAJ FINSERV SMALL CAP FUND - DIRECT - GROWTH",2026-03-02,9.259
153868,"Samco Small Cap Fund - Direct Plan",2026-03-02,9.57
153912,"Helios Small Cap Fund - Direct Plan - Growth Option",2026-03-02,9.1
154063,"Groww Small Cap Fund-Direct-Growth",2026-03-02,10.0205
150915,"Mahindra Manulife Small Cap Fund - Direct Plan - Growth",2026-03-04,18.7738
152107,"QUANTUM SMALL CAP FUND - DIRECT PLAN GROWTH OPTION",2026-03-04,12.21
152614,"JM Small Cap Fund (Direct) - Growth Option",2026-03-04,9.1101
152939,"TRUSTMF SMALL CAP FUND -DIRECT PLAN-GROWTH",2026-03-04,10.34
153196,"Mirae Asset Small Cap Fund - Direct Plan - Growth",2026-03-04,11.019
153612,"BAJAJ FINSERV SMALL CAP FUND - DIRECT - GROWTH",2026-03-04,8.997
153868,"Samco Small Cap Fund - Direct Plan",2026-03-04,9.4
153912,"Helios Small Cap Fund - Direct Plan - Growth Option",2026-03-04,8.9
154063,"Groww Small Cap Fund-Direct-Growth",2026-03-04,9.8582
150915,"Mahindra Manulife Small Cap Fund - Direct Plan - Growth",2026-03-05,18.9955
152107,"QUANTUM SMALL CAP FUND - DIRECT PLAN GROWTH OPTION",2026-03-05,12.29
152614,"JM Small Cap Fund (Direct) - Growth Option",2026-03-05,9.2197
152939,"TRUSTMF SMALL CAP FUND -DIRECT PLAN-GROWTH",2026-03-05,10.51
153196,"Mirae Asset Small Cap Fund - Direct Plan - Growth",2026-03-05,11.145
153612,"BAJAJ FINSERV SMALL CAP FUND - DIRECT - GROWTH",2026-03-05,9.102
153868,"Samco Small Cap Fund - Direct Plan",2026-03-05,9.5
153912,"Helios Small Cap Fund - Direct Plan - Growth Option",2026-03-05,9.01
154063,"Groww Small Cap Fund-Direct-Growth",2026-03-05,9.9325
150915,"Mahindra Manulife Small Cap Fund - Direct Plan - Growth",2026-03-06,18.998
152107,"QUANTUM SMALL CAP FUND - DIRECT PLAN GROWTH OPTION",2026-03-06,12.23
152614,"JM Small Cap Fund (Direct) - Growth Option",2026-03-06,9.2212
152939,"TRUSTMF SMALL CAP FUND -DIRECT PLAN-GROWTH",2026-03-06,10.51
153196,"Mirae Asset Small Cap Fund - Direct Plan - Growth",2026-03-06,11.099
153612,"BAJAJ FINSERV SMALL CAP FUND - DIRECT - GROWTH",2026-03-06,9.091
153868,"Samco Small Cap Fund - Direct Plan",2026-03-06,9.46
153912,"Helios Small Cap Fund - Direct Plan - Growth Option",2026-03-06,8.98
154063,"Groww Small Cap Fund-Direct-Growth",2026-03-06,9.8989
150915,"Mahindra Manulife Small Cap Fund - Direct Plan - Growth",2026-03-09,18.5905
152107,"QUANTUM SMALL CAP FUND - DIRECT PLAN GROWTH OPTION",2026-03-09,11.89
152614,"JM Small Cap Fund (Direct) - Growth Option",2026-03-09,8.9432
152939,"TRUSTMF SMALL CAP FUND -DIRECT PLAN-GROWTH",2026-03-09,10.23
153196,"Mirae Asset Small Cap Fund - Direct Plan - Growth",2026-03-09,10.882
153612,"BAJAJ FINSERV SMALL CAP FUND - DIRECT - GROWTH",2026-03-09,8.852
153868,"Samco Small Cap Fund - Direct Plan",2026-03-09,9.27
153912,"Helios Small Cap Fund - Direct Plan - Growth Option",2026-03-09,8.83
154063,"Groww Small Cap Fund-Direct-Growth",2026-03-09,9.7149
150915,"Mahindra Manulife Small Cap Fund - Direct Plan - Growth",2026-03-10,18.9583
152107,"QUANTUM SMALL CAP FUND - DIRECT PLAN GROWTH OPTION",2026-03-10,12.09
152614,"JM Small Cap Fund (Direct) - Growth Option",2026-03-10,9.1251
152939,"TRUSTMF SMALL CAP FUND -DIRECT PLAN-GROWTH",2026-03-10,10.41
153196,"Mirae Asset Small Cap Fund - Direct Plan - Growth",2026-03-10,11.07
153612,"BAJAJ FINSERV SMALL CAP FUND - DIRECT - GROWTH",2026-03-10,8.998
153868,"Samco Small Cap Fund - Direct Plan",2026-03-10,9.48
153912,"Helios Small Cap Fund - Direct Plan - Growth Option",2026-03-10,8.97
154063,"Groww Small Cap Fund-Direct-Growth",2026-03-10,9.8657
150915,"Mahindra Manulife Small Cap Fund - Direct Plan - Growth",2026-03-11,19.0386
152107,"QUANTUM SMALL CAP FUND - DIRECT PLAN GROWTH OPTION",2026-03-11,12.04
152614,"JM Small Cap Fund (Direct) - Growth Option",2026-03-11,9.0751
152939,"TRUSTMF SMALL CAP FUND -DIRECT PLAN-GROWTH",2026-03-11,10.3
153196,"Mirae Asset Small Cap Fund - Direct Plan - Growth",2026-03-11,11.022
153612,"BAJAJ FINSERV SMALL CAP FUND - DIRECT - GROWTH",2026-03-11,8.942
153868,"Samco Small Cap Fund - Direct Plan",2026-03-11,9.46
153912,"Helios Small Cap Fund - Direct Plan - Growth Option",2026-03-11,8.88
154063,"Groww Small Cap Fund-Direct-Growth",2026-03-11,9.7499
150915,"Mahindra Manulife Small Cap Fund - Direct Plan - Growth",2026-03-12,18.9949
152107,"QUANTUM SMALL CAP FUND - DIRECT PLAN GROWTH OPTION",2026-03-12,11.89
152614,"JM Small Cap Fund (Direct) - Growth Option",2026-03-12,9.0141
152939,"TRUSTMF SMALL CAP FUND -DIRECT PLAN-GROWTH",2026-03-12,10.26
153196,"Mirae Asset Small Cap Fund - Direct Plan - Growth",2026-03-12,10.976
153612,"BAJAJ FINSERV SMALL CAP FUND - DIRECT - GROWTH",2026-03-12,8.921
153868,"Samco Small Cap Fund - Direct Plan",2026-03-12,9.44
153912,"Helios Small Cap Fund - Direct Plan - Growth Option",2026-03-12,8.81
154063,"Groww Small Cap Fund-Direct-Growth",2026-03-12,9.6984
150915,"Mahindra Manulife Small Cap Fund - Direct Plan - Growth",2026-03-13,18.4954
152107,"QUANTUM SMALL CAP FUND - DIRECT PLAN GROWTH OPTION",2026-03-13,11.6
152614,"JM Small Cap Fund (Direct) - Growth Option",2026-03-13,8.7519
152939,"TRUSTMF SMALL CAP FUND -DIRECT PLAN-GROWTH",2026-03-13,9.97
153196,"Mirae Asset Small Cap Fund - Direct Plan - Growth",2026-03-13,10.73
153612,"BAJAJ FINSERV SMALL CAP FUND - DIRECT - GROWTH",2026-03-13,8.677
153868,"Samco Small Cap Fund - Direct Plan",2026-03-13,9.19
153912,"Helios Small Cap Fund - Direct Plan - Growth Option",2026-03-13,8.56
154063,"Groww Small Cap Fund-Direct-Growth",2026-03-13,9.4249
150915,"Mahindra Manulife Small Cap Fund - Direct Plan - Growth",2026-03-16,18.4546
152107,"QUANTUM SMALL CAP FUND - DIRECT PLAN GROWTH OPTION",2026-03-16,11.63
152614,"JM Small Cap Fund (Direct) - Growth Option",2026-03-16,8.7464
152939,"TRUSTMF SMALL CAP FUND -DIRECT PLAN-GROWTH",2026-03-16,9.97
153196,"Mirae Asset Small Cap Fund - Direct Plan - Growth",2026-03-16,10.717
153612,"BAJAJ FINSERV SMALL CAP FUND - DIRECT - GROWTH",2026-03-16,8.621
153868,"Samco Small Cap Fund - Direct Plan",2026-03-16,9.2
153912,"Helios Small Cap Fund - Direct Plan - Growth Option",2026-03-16,8.56
154063,"Groww Small Cap Fund-Direct-Growth",2026-03-16,9.4253
150915,"Mahindra Manulife Small Cap Fund - Direct Plan - Growth",2026-03-17,18.5892
152107,"QUANTUM SMALL CAP FUND - DIRECT PLAN GROWTH OPTION",2026-03-17,11.7
152614,"JM Small Cap Fund (Direct) - Growth Option",2026-03-17,8.856
152939,"TRUSTMF SMALL CAP FUND -DIRECT PLAN-GROWTH",2026-03-17,10.15
153196,"Mirae Asset Small Cap Fund - Direct Plan - Growth",2026-03-17,10.755
153612,"BAJAJ FINSERV SMALL CAP FUND - DIRECT - GROWTH",2026-03-17,8.693
153868,"Samco Small Cap Fund - Direct Plan",2026-03-17,9.26
153912,"Helios Small Cap Fund - Direct Plan - Growth Option",2026-03-17,8.65
154063,"Groww Small Cap Fund-Direct-Growth",2026-03-17,9.5127
150915,"Mahindra Manulife Small Cap Fund - Direct Plan - Growth",2026-03-18,18.9673
152107,"QUANTUM SMALL CAP FUND - DIRECT PLAN GROWTH OPTION",2026-03-18,11.97
152614,"JM Small Cap Fund (Direct) - Growth Option",2026-03-18,9.04
152939,"TRUSTMF SMALL CAP FUND -DIRECT PLAN-GROWTH",2026-03-18,10.29
153196,"Mirae Asset Small Cap Fund - Direct Plan - Growth",2026-03-18,10.916
153612,"BAJAJ FINSERV SMALL CAP FUND - DIRECT - GROWTH",2026-03-18,8.898
153868,"Samco Small Cap Fund - Direct Plan",2026-03-18,9.4
153912,"Helios Small Cap Fund - Direct Plan - Growth Option",2026-03-18,8.83
154063,"Groww Small Cap Fund-Direct-Growth",2026-03-18,9.7448
150915,"Mahindra Manulife Small Cap Fund - Direct Plan - Growth",2026-03-19,18.4265
152107,"QUANTUM SMALL CAP FUND - DIRECT PLAN GROWTH OPTION",2026-03-19,11.67
152614,"JM Small Cap Fund (Direct) - Growth Option",2026-03-19,8.8042
152939,"TRUSTMF SMALL CAP FUND -DIRECT PLAN-GROWTH",2026-03-19,10.05
153196,"Mirae Asset Small Cap Fund - Direct Plan - Growth",2026-03-19,10.64
153612,"BAJAJ FINSERV SMALL CAP FUND - DIRECT - GROWTH",2026-03-19,8.669
153868,"Samco Small Cap Fund - Direct Plan",2026-03-19,9.18
153912,"Helios Small Cap Fund - Direct Plan - Growth Option",2026-03-19,8.61
154063,"Groww Small Cap Fund-Direct-Growth",2026-03-19,9.5303
150915,"Mahindra Manulife Small Cap Fund - Direct Plan - Growth",2026-03-20,18.5787
152107,"QUANTUM SMALL CAP FUND - DIRECT PLAN GROWTH OPTION",2026-03-20,11.67
152614,"JM Small Cap Fund (Direct) - Growth Option",2026-03-20,8.854
152939,"TRUSTMF SMALL CAP FUND -DIRECT PLAN-GROWTH",2026-03-20,10.13
153196,"Mirae Asset Small Cap Fund - Direct Plan - Growth",2026-03-20,10.613
153612,"BAJAJ FINSERV SMALL CAP FUND - DIRECT - GROWTH",2026-03-20,8.718
153868,"Samco Small Cap Fund - Direct Plan",2026-03-20,9.22
153912,"Helios Small Cap Fund - Direct Plan - Growth Option",2026-03-20,8.67
154063,"Groww Small Cap Fund-Direct-Growth",2026-03-20,9.5417
154215,"Abakkus Small Cap Fund - Direct Plan - Growth",2026-03-20,9.984
150915,"Mahindra Manulife Small Cap Fund - Direct Plan - Growth",2026-03-23,17.8824
152107,"QUANTUM SMALL CAP FUND - DIRECT PLAN GROWTH OPTION",2026-03-23,11.3
152614,"JM Small Cap Fund (Direct) - Growth Option",2026-03-23,8.449
152939,"TRUSTMF SMALL CAP FUND -DIRECT PLAN-GROWTH",2026-03-23,9.77
153196,"Mirae Asset Small Cap Fund - Direct Plan - Growth",2026-03-23,10.284
153612,"BAJAJ FINSERV SMALL CAP FUND - DIRECT - GROWTH",2026-03-23,8.389
153868,"Samco Small Cap Fund - Direct Plan",2026-03-23,8.94
153912,"Helios Small Cap Fund - Direct Plan - Growth Option",2026-03-23,8.36
154063,"Groww Small Cap Fund-Direct-Growth",2026-03-23,9.2389
154215,"Abakkus Small Cap Fund - Direct Plan - Growth",2026-03-23,9.924
150915,"Mahindra Manulife Small Cap Fund - Direct Plan - Growth",2026-03-24,18.3073
152107,"QUANTUM SMALL CAP FUND - DIRECT PLAN GROWTH OPTION",2026-03-24,11.57
152614,"JM Small Cap Fund (Direct) - Growth Option",2026-03-24,8.6745
152939,"TRUSTMF SMALL CAP FUND -DIRECT PLAN-GROWTH",2026-03-24,10.03
153196,"Mirae Asset Small Cap Fund - Direct Plan - Growth",2026-03-24,10.512
153612,"BAJAJ FINSERV SMALL CAP FUND - DIRECT - GROWTH",2026-03-24,8.562
153868,"Samco Small Cap Fund - Direct Plan",2026-03-24,9.16
153912,"Helios Small Cap Fund - Direct Plan - Growth Option",2026-03-24,8.59
154063,"Groww Small Cap Fund-Direct-Growth",2026-03-24,9.4362
154215,"Abakkus Small Cap Fund - Direct Plan - Growth",2026-03-24,9.962
150915,"Mahindra Manulife Small Cap Fund - Direct Plan - Growth",2026-03-25,18.7323
152107,"QUANTUM SMALL CAP FUND - DIRECT PLAN GROWTH OPTION",2026-03-25,11.81
152614,"JM Small Cap Fund (Direct) - Growth Option",2026-03-25,8.9231
152939,"TRUSTMF SMALL CAP FUND -DIRECT PLAN-GROWTH",2026-03-25,10.26
153196,"Mirae Asset Small Cap Fund - Direct Plan - Growth",2026-03-25,10.731
153612,"BAJAJ FINSERV SMALL CAP FUND - DIRECT - GROWTH",2026-03-25,8.781
153868,"Samco Small Cap Fund - Direct Plan",2026-03-25,9.36
153912,"Helios Small Cap Fund - Direct Plan - Growth Option",2026-03-25,8.77
154063,"Groww Small Cap Fund-Direct-Growth",2026-03-25,9.6657
154215,"Abakkus Small Cap Fund - Direct Plan - Growth",2026-03-25,10.03
150915,"Mahindra Manulife Small Cap Fund - Direct Plan - Growth",2026-03-27,18.4395
152107,"QUANTUM SMALL CAP FUND - DIRECT PLAN GROWTH OPTION",2026-03-27,11.62
152614,"JM Small Cap Fund (Direct) - Growth Option",2026-03-27,8.6706
152939,"TRUSTMF SMALL CAP FUND -DIRECT PLAN-GROWTH",2026-03-27,10.14
153196,"Mirae Asset Small Cap Fund - Direct Plan - Growth",2026-03-27,10.581
153612,"BAJAJ FINSERV SMALL CAP FUND - DIRECT - GROWTH",2026-03-27,8.649
153868,"Samco Small Cap Fund - Direct Plan",2026-03-27,9.25
153912,"Helios Small Cap Fund - Direct Plan - Growth Option",2026-03-27,8.63
154063,"Groww Small Cap Fund-Direct-Growth",2026-03-27,9.5016
154215,"Abakkus Small Cap Fund - Direct Plan - Growth",2026-03-27,9.958
150915,"Mahindra Manulife Small Cap Fund - Direct Plan - Growth",2026-03-30,18.0688
152107,"QUANTUM SMALL CAP FUND - DIRECT PLAN GROWTH OPTION",2026-03-30,11.3
152614,"JM Small Cap Fund (Direct) - Growth Option",2026-03-30,8.4711
152939,"TRUSTMF SMALL CAP FUND -DIRECT PLAN-GROWTH",2026-03-30,9.93
153196,"Mirae Asset Small Cap Fund - Direct Plan - Growth",2026-03-30,10.354
153612,"BAJAJ FINSERV SMALL CAP FUND - DIRECT - GROWTH",2026-03-30,8.489
153868,"Samco Small Cap Fund - Direct Plan",2026-03-30,9.07
153912,"Helios Small Cap Fund - Direct Plan - Growth Option",2026-03-30,8.44
154063,"Groww Small Cap Fund-Direct-Growth",2026-03-30,9.2334
154215,"Abakkus Small Cap Fund - Direct Plan - Growth",2026-03-30,9.859
154269,"The Wealth Company Small Cap Fund- Direct-Growth",2026-03-30,9.8693
150915,"Mahindra Manulife Small Cap Fund - Direct Plan - Growth",2026-03-31,18.0686
152107,"QUANTUM SMALL CAP FUND - DIRECT PLAN GROWTH OPTION",2026-03-31,11.3
152614,"JM Small Cap Fund (Direct) - Growth Option",2026-03-31,8.471
152939,"TRUSTMF SMALL CAP FUND -DIRECT PLAN-GROWTH",2026-03-31,9.93
153196,"Mirae Asset Small Cap Fund - Direct Plan - Growth",2026-03-31,10.354
153612,"BAJAJ FINSERV SMALL CAP FUND - DIRECT - GROWTH",2026-03-31,8.488
153868,"Samco Small Cap Fund - Direct Plan",2026-03-31,9.07
153912,"Helios Small Cap Fund - Direct Plan - Growth Option",2026-03-31,8.44
154063,"Groww Small Cap Fund-Direct-Growth",2026-03-31,9.2336
154215,"Abakkus Small Cap Fund - Direct Plan - Growth",2026-03-31,9.86
154269,"The Wealth Company Small Cap Fund- Direct-Growth",2026-03-31,9.8692
150915,"Mahindra Manulife Small Cap Fund - Direct Plan - Growth",2026-04-01,18.5684
152107,"QUANTUM SMALL CAP FUND - DIRECT PLAN GROWTH OPTION",2026-04-01,11.7
152614,"JM Small Cap Fund (Direct) - Growth Option",2026-04-01,8.7277
152939,"TRUSTMF SMALL CAP FUND -DIRECT PLAN-GROWTH",2026-04-01,10.1
153196,"Mirae Asset Small Cap Fund - Direct Plan - Growth",2026-04-01,10.606
153612,"BAJAJ FINSERV SMALL CAP FUND - DIRECT - GROWTH",2026-04-01,8.752
153868,"Samco Small Cap Fund - Direct Plan",2026-04-01,9.27
153912,"Helios Small Cap Fund - Direct Plan - Growth Option",2026-04-01,8.66
154063,"Groww Small Cap Fund-Direct-Growth",2026-04-01,9.521
154215,"Abakkus Small Cap Fund - Direct Plan - Growth",2026-04-01,10.013
154269,"The Wealth Company Small Cap Fund- Direct-Growth",2026-04-01,9.9359
150915,"Mahindra Manulife Small Cap Fund - Direct Plan - Growth",2026-04-02,18.5082
152107,"QUANTUM SMALL CAP FUND - DIRECT PLAN GROWTH OPTION",2026-04-02,11.76
152614,"JM Small Cap Fund (Direct) - Growth Option",2026-04-02,8.6793
152939,"TRUSTMF SMALL CAP FUND -DIRECT PLAN-GROWTH",2026-04-02,10.03
153196,"Mirae Asset Small Cap Fund - Direct Plan - Growth",2026-04-02,10.573
153612,"BAJAJ FINSERV SMALL CAP FUND - DIRECT - GROWTH",2026-04-02,8.744
153868,"Samco Small Cap Fund - Direct Plan",2026-04-02,9.23
153912,"Helios Small Cap Fund - Direct Plan - Growth Option",2026-04-02,8.64
154063,"Groww Small Cap Fund-Direct-Growth",2026-04-02,9.5549
154215,"Abakkus Small Cap Fund - Direct Plan - Growth",2026-04-02,9.99
154269,"The Wealth Company Small Cap Fund- Direct-Growth",2026-04-02,9.961
150915,"Mahindra Manulife Small Cap Fund - Direct Plan - Growth",2026-04-06,18.7221
152107,"QUANTUM SMALL CAP FUND - DIRECT PLAN GROWTH OPTION",2026-04-06,11.88
152614,"JM Small Cap Fund (Direct) - Growth Option",2026-04-06,8.8123
152939,"TRUSTMF SMALL CAP FUND -DIRECT PLAN-GROWTH",2026-04-06,10.19
153196,"Mirae Asset Small Cap Fund - Direct Plan - Growth",2026-04-06,10.686
153612,"BAJAJ FINSERV SMALL CAP FUND - DIRECT - GROWTH",2026-04-06,8.881
153868,"Samco Small Cap Fund - Direct Plan",2026-04-06,9.32
153912,"Helios Small Cap Fund - Direct Plan - Growth Option",2026-04-06,8.75
154063,"Groww Small Cap Fund-Direct-Growth",2026-04-06,9.6352
154215,"Abakkus Small Cap Fund - Direct Plan - Growth",2026-04-06,10.048
154269,"The Wealth Company Small Cap Fund- Direct-Growth",2026-04-06,10.0193
150915,"Mahindra Manulife Small Cap Fund - Direct Plan - Growth",2026-04-07,18.677
152107,"QUANTUM SMALL CAP FUND - DIRECT PLAN GROWTH OPTION",2026-04-07,11.89
152614,"JM Small Cap Fund (Direct) - Growth Option",2026-04-07,8.8631
152939,"TRUSTMF SMALL CAP FUND -DIRECT PLAN-GROWTH",2026-04-07,10.2
153196,"Mirae Asset Small Cap Fund - Direct Plan - Growth",2026-04-07,10.695
153612,"BAJAJ FINSERV SMALL CAP FUND - DIRECT - GROWTH",2026-04-07,8.879
153868,"Samco Small Cap Fund - Direct Plan",2026-04-07,9.31
153912,"Helios Small Cap Fund - Direct Plan - Growth Option",2026-04-07,8.77
154063,"Groww Small Cap Fund-Direct-Growth",2026-04-07,9.6839
154215,"Abakkus Small Cap Fund - Direct Plan - Growth",2026-04-07,10.079
154269,"The Wealth Company Small Cap Fund- Direct-Growth",2026-04-07,10.0558
150915,"Mahindra Manulife Small Cap Fund - Direct Plan - Growth",2026-04-08,19.4472
152107,"QUANTUM SMALL CAP FUND - DIRECT PLAN GROWTH OPTION",2026-04-08,12.32
152614,"JM Small Cap Fund (Direct) - Growth Option",2026-04-08,9.1652
152939,"TRUSTMF SMALL CAP FUND -DIRECT PLAN-GROWTH",2026-04-08,10.5
153196,"Mirae Asset Small Cap Fund - Direct Plan - Growth",2026-04-08,11.139
153612,"BAJAJ FINSERV SMALL CAP FUND - DIRECT - GROWTH",2026-04-08,9.217
153868,"Samco Small Cap Fund - Direct Plan",2026-04-08,9.61
153912,"Helios Small Cap Fund - Direct Plan - Growth Option",2026-04-08,9.09
154063,"Groww Small Cap Fund-Direct-Growth",2026-04-08,10.0808
154215,"Abakkus Small Cap Fund - Direct Plan - Growth",2026-04-08,10.351
154269,"The Wealth Company Small Cap Fund- Direct-Growth",2026-04-08,10.2849
150915,"Mahindra Manulife Small Cap Fund - Direct Plan - Growth",2026-04-09,19.4888
152107,"QUANTUM SMALL CAP FUND - DIRECT PLAN GROWTH OPTION",2026-04-09,12.24
152614,"JM Small Cap Fund (Direct) - Growth Option",2026-04-09,9.1604
152939,"TRUSTMF SMALL CAP FUND -DIRECT PLAN-GROWTH",2026-04-09,10.56
153196,"Mirae Asset Small Cap Fund - Direct Plan - Growth",2026-04-09,11.12
153612,"BAJAJ FINSERV SMALL CAP FUND - DIRECT - GROWTH",2026-04-09,9.256
153868,"Samco Small Cap Fund - Direct Plan",2026-04-09,9.63
153912,"Helios Small Cap Fund - Direct Plan - Growth Option",2026-04-09,9.07
154063,"Groww Small Cap Fund-Direct-Growth",2026-04-09,10.1305
154215,"Abakkus Small Cap Fund - Direct Plan - Growth",2026-04-09,10.36
154269,"The Wealth Company Small Cap Fund- Direct-Growth",2026-04-09,10.3104
150915,"Mahindra Manulife Small Cap Fund - Direct Plan - Growth",2026-04-10,19.8322
152107,"QUANTUM SMALL CAP FUND - DIRECT PLAN GROWTH OPTION",2026-04-10,12.44
152614,"JM Small Cap Fund (Direct) - Growth Option",2026-04-10,9.3268
152939,"TRUSTMF SMALL CAP FUND -DIRECT PLAN-GROWTH",2026-04-10,10.74
153196,"Mirae Asset Small Cap Fund - Direct Plan - Growth",2026-04-10,11.319
153612,"BAJAJ FINSERV SMALL CAP FUND - DIRECT - GROWTH",2026-04-10,9.415
153868,"Samco Small Cap Fund - Direct Plan",2026-04-10,9.77
153912,"Helios Small Cap Fund - Direct Plan - Growth Option",2026-04-10,9.26
154063,"Groww Small Cap Fund-Direct-Growth",2026-04-10,10.331
154215,"Abakkus Small Cap Fund - Direct Plan - Growth",2026-04-10,10.517
154269,"The Wealth Company Small Cap Fund- Direct-Growth",2026-04-10,10.4077
150915,"Mahindra Manulife Small Cap Fund - Direct Plan - Growth",2026-04-13,19.8276
152107,"QUANTUM SMALL CAP FUND - DIRECT PLAN GROWTH OPTION",2026-04-13,12.39
152614,"JM Small Cap Fund (Direct) - Growth Option",2026-04-13,9.289
152939,"TRUSTMF SMALL CAP FUND -DIRECT PLAN-GROWTH",2026-04-13,10.76
153196,"Mirae Asset Small Cap Fund - Direct Plan - Growth",2026-04-13,11.255
153612,"BAJAJ FINSERV SMALL CAP FUND - DIRECT - GROWTH",2026-04-13,9.398
153868,"Samco Small Cap Fund - Direct Plan",2026-04-13,9.76
153912,"Helios Small Cap Fund - Direct Plan - Growth Option",2026-04-13,9.23
154063,"Groww Small Cap Fund-Direct-Growth",2026-04-13,10.2645
154215,"Abakkus Small Cap Fund - Direct Plan - Growth",2026-04-13,10.524
154269,"The Wealth Company Small Cap Fund- Direct-Growth",2026-04-13,10.3423
150915,"Mahindra Manulife Small Cap Fund - Direct Plan - Growth",2026-04-15,20.1921
152107,"QUANTUM SMALL CAP FUND - DIRECT PLAN GROWTH OPTION",2026-04-15,12.59
152614,"JM Small Cap Fund (Direct) - Growth Option",2026-04-15,9.5535
152939,"TRUSTMF SMALL CAP FUND -DIRECT PLAN-GROWTH",2026-04-15,10.93
153196,"Mirae Asset Small Cap Fund - Direct Plan - Growth",2026-04-15,11.473
153612,"BAJAJ FINSERV SMALL CAP FUND - DIRECT - GROWTH",2026-04-15,9.558
153868,"Samco Small Cap Fund - Direct Plan",2026-04-15,9.95
153912,"Helios Small Cap Fund - Direct Plan - Growth Option",2026-04-15,9.43
154063,"Groww Small Cap Fund-Direct-Growth",2026-04-15,10.4645
154215,"Abakkus Small Cap Fund - Direct Plan - Growth",2026-04-15,10.752
154269,"The Wealth Company Small Cap Fund- Direct-Growth",2026-04-15,10.5048
150915,"Mahindra Manulife Small Cap Fund - Direct Plan - Growth",2026-04-16,20.3231
152107,"QUANTUM SMALL CAP FUND - DIRECT PLAN GROWTH OPTION",2026-04-16,12.67
152614,"JM Small Cap Fund (Direct) - Growth Option",2026-04-16,9.6626
152939,"TRUSTMF SMALL CAP FUND -DIRECT PLAN-GROWTH",2026-04-16,11.02
153196,"Mirae Asset Small Cap Fund - Direct Plan - Growth",2026-04-16,11.532
153612,"BAJAJ FINSERV SMALL CAP FUND - DIRECT - GROWTH",2026-04-16,9.613
153868,"Samco Small Cap Fund - Direct Plan",2026-04-16,10.03
153912,"Helios Small Cap Fund - Direct Plan - Growth Option",2026-04-16,9.49
154063,"Groww Small Cap Fund-Direct-Growth",2026-04-16,10.5503
154215,"Abakkus Small Cap Fund - Direct Plan - Growth",2026-04-16,10.838
154269,"The Wealth Company Small Cap Fund- Direct-Growth",2026-04-16,10.547
150915,"Mahindra Manulife Small Cap Fund - Direct Plan - Growth",2026-04-17,20.6093
152107,"QUANTUM SMALL CAP FUND - DIRECT PLAN GROWTH OPTION",2026-04-17,12.76
152614,"JM Small Cap Fund (Direct) - Growth Option",2026-04-17,9.772
152939,"TRUSTMF SMALL CAP FUND -DIRECT PLAN-GROWTH",2026-04-17,11.16
153196,"Mirae Asset Small Cap Fund - Direct Plan - Growth",2026-04-17,11.687
153612,"BAJAJ FINSERV SMALL CAP FUND - DIRECT - GROWTH",2026-04-17,9.743
153868,"Samco Small Cap Fund - Direct Plan",2026-04-17,10.16
153912,"Helios Small Cap Fund - Direct Plan - Growth Option",2026-04-17,9.6
154063,"Groww Small Cap Fund-Direct-Growth",2026-04-17,10.6852
154215,"Abakkus Small Cap Fund - Direct Plan - Growth",2026-04-17,10.924
154269,"The Wealth Company Small Cap Fund- Direct-Growth",2026-04-17,10.6626
150915,"Mahindra Manulife Small Cap Fund - Direct Plan - Growth",2026-04-20,20.6165
152107,"QUANTUM SMALL CAP FUND - DIRECT PLAN GROWTH OPTION",2026-04-20,12.68
152614,"JM Small Cap Fund (Direct) - Growth Option",2026-04-20,9.726
152939,"TRUSTMF SMALL CAP FUND -DIRECT PLAN-GROWTH",2026-04-20,11.16
153196,"Mirae Asset Small Cap Fund - Direct Plan - Growth",2026-04-20,11.692
153612,"BAJAJ FINSERV SMALL CAP FUND - DIRECT - GROWTH",2026-04-20,9.777
153868,"Samco Small Cap Fund - Direct Plan",2026-04-20,10.12
153912,"Helios Small Cap Fund - Direct Plan - Growth Option",2026-04-20,9.6
154063,"Groww Small Cap Fund-Direct-Growth",2026-04-20,10.6905
154215,"Abakkus Small Cap Fund - Direct Plan - Growth",2026-04-20,10.885
154269,"The Wealth Company Small Cap Fund- Direct-Growth",2026-04-20,10.6803
150915,"Mahindra Manulife Small Cap Fund - Direct Plan - Growth",2026-04-21,20.7373
152107,"QUANTUM SMALL CAP FUND - DIRECT PLAN GROWTH OPTION",2026-04-21,12.8
152614,"JM Small Cap Fund (Direct) - Growth Option",2026-04-21,9.7695
152939,"TRUSTMF SMALL CAP FUND -DIRECT PLAN-GROWTH",2026-04-21,11.25
153196,"Mirae Asset Small Cap Fund - Direct Plan - Growth",2026-04-21,11.761
153612,"BAJAJ FINSERV SMALL CAP FUND - DIRECT - GROWTH",2026-04-21,9.862
153868,"Samco Small Cap Fund - Direct Plan",2026-04-21,10.18
153912,"Helios Small Cap Fund - Direct Plan - Growth Option",2026-04-21,9.7
154063,"Groww Small Cap Fund-Direct-Growth",2026-04-21,10.7655
154215,"Abakkus Small Cap Fund - Direct Plan - Growth",2026-04-21,10.965
154269,"The Wealth Company Small Cap Fund- Direct-Growth",2026-04-21,10.7801
150915,"Mahindra Manulife Small Cap Fund - Direct Plan - Growth",2026-04-22,20.9169
152107,"QUANTUM SMALL CAP FUND - DIRECT PLAN GROWTH OPTION",2026-04-22,12.87
152614,"JM Small Cap Fund (Direct) - Growth Option",2026-04-22,9.871
152939,"TRUSTMF SMALL CAP FUND -DIRECT PLAN-GROWTH",2026-04-22,11.36
153196,"Mirae Asset Small Cap Fund - Direct Plan - Growth",2026-04-22,11.812
153612,"BAJAJ FINSERV SMALL CAP FUND - DIRECT - GROWTH",2026-04-22,9.969
153868,"Samco Small Cap Fund - Direct Plan",2026-04-22,10.28
153912,"Helios Small Cap Fund - Direct Plan - Growth Option",2026-04-22,9.8
154063,"Groww Small Cap Fund-Direct-Growth",2026-04-22,10.8421
154215,"Abakkus Small Cap Fund - Direct Plan - Growth",2026-04-22,11.053
154269,"The Wealth Company Small Cap Fund- Direct-Growth",2026-04-22,10.8081
150915,"Mahindra Manulife Small Cap Fund - Direct Plan - Growth",2026-04-23,20.8622
152107,"QUANTUM SMALL CAP FUND - DIRECT PLAN GROWTH OPTION",2026-04-23,12.76
152614,"JM Small Cap Fund (Direct) - Growth Option",2026-04-23,9.9165
152939,"TRUSTMF SMALL CAP FUND -DIRECT PLAN-GROWTH",2026-04-23,11.39
153196,"Mirae Asset Small Cap Fund - Direct Plan - Growth",2026-04-23,11.755
153612,"BAJAJ FINSERV SMALL CAP FUND - DIRECT - GROWTH",2026-04-23,9.927
153868,"Samco Small Cap Fund - Direct Plan",2026-04-23,10.22
153912,"Helios Small Cap Fund - Direct Plan - Growth Option",2026-04-23,9.79
154063,"Groww Small Cap Fund-Direct-Growth",2026-04-23,10.8193
154215,"Abakkus Small Cap Fund - Direct Plan - Growth",2026-04-23,11.021
154269,"The Wealth Company Small Cap Fund- Direct-Growth",2026-04-23,10.7978
150915,"Mahindra Manulife Small Cap Fund - Direct Plan - Growth",2026-04-24,20.6425
152107,"QUANTUM SMALL CAP FUND - DIRECT PLAN GROWTH OPTION",2026-04-24,12.57
152614,"JM Small Cap Fund (Direct) - Growth Option",2026-04-24,9.8552
152939,"TRUSTMF SMALL CAP FUND -DIRECT PLAN-GROWTH",2026-04-24,11.32
153196,"Mirae Asset Small Cap Fund - Direct Plan - Growth",2026-04-24,11.63
153612,"BAJAJ FINSERV SMALL CAP FUND - DIRECT - GROWTH",2026-04-24,9.885
153868,"Samco Small Cap Fund - Direct Plan",2026-04-24,10.11
153912,"Helios Small Cap Fund - Direct Plan - Growth Option",2026-04-24,9.7
154063,"Groww Small Cap Fund-Direct-Growth",2026-04-24,10.7065
154215,"Abakkus Small Cap Fund - Direct Plan - Growth",2026-04-24,10.922
154269,"The Wealth Company Small Cap Fund- Direct-Growth",2026-04-24,10.6867
150915,"Mahindra Manulife Small Cap Fund - Direct Plan - Growth",2026-04-27,20.9479
152107,"QUANTUM SMALL CAP FUND - DIRECT PLAN GROWTH OPTION",2026-04-27,12.8
152614,"JM Small Cap Fund (Direct) - Growth Option",2026-04-27,10.0511
152939,"TRUSTMF SMALL CAP FUND -DIRECT PLAN-GROWTH",2026-04-27,11.51
153196,"Mirae Asset Small Cap Fund - Direct Plan - Growth",2026-04-27,11.784
153612,"BAJAJ FINSERV SMALL CAP FUND - DIRECT - GROWTH",2026-04-27,10.027
153868,"Samco Small Cap Fund - Direct Plan",2026-04-27,10.26
153912,"Helios Small Cap Fund - Direct Plan - Growth Option",2026-04-27,9.84
154063,"Groww Small Cap Fund-Direct-Growth",2026-04-27,10.9115
154215,"Abakkus Small Cap Fund - Direct Plan - Growth",2026-04-27,11.079
154269,"The Wealth Company Small Cap Fund- Direct-Growth",2026-04-27,10.837
150915,"Mahindra Manulife Small Cap Fund - Direct Plan - Growth",2026-04-28,20.8925
152107,"QUANTUM SMALL CAP FUND - DIRECT PLAN GROWTH OPTION",2026-04-28,12.73
152614,"JM Small Cap Fund (Direct) - Growth Option",2026-04-28,10.0222
152939,"TRUSTMF SMALL CAP FUND -DIRECT PLAN-GROWTH",2026-04-28,11.53
153196,"Mirae Asset Small Cap Fund - Direct Plan - Growth",2026-04-28,11.724
153612,"BAJAJ FINSERV SMALL CAP FUND - DIRECT - GROWTH",2026-04-28,10.02
153868,"Samco Small Cap Fund - Direct Plan",2026-04-28,10.24
153912,"Helios Small Cap Fund - Direct Plan - Growth Option",2026-04-28,9.85
154063,"Groww Small Cap Fund-Direct-Growth",2026-04-28,10.8917
154215,"Abakkus Small Cap Fund - Direct Plan - Growth",2026-04-28,11.053
154269,"The Wealth Company Small Cap Fund- Direct-Growth",2026-04-28,10.81
150915,"Mahindra Manulife Small Cap Fund - Direct Plan - Growth",2026-04-29,20.9143
152107,"QUANTUM SMALL CAP FUND - DIRECT PLAN GROWTH OPTION",2026-04-29,12.73
152614,"JM Small Cap Fund (Direct) - Growth Option",2026-04-29,10.0847
152939,"TRUSTMF SMALL CAP FUND -DIRECT PLAN-GROWTH",2026-04-29,11.6
153196,"Mirae Asset Small Cap Fund - Direct Plan - Growth",2026-04-29,11.777
153612,"BAJAJ FINSERV SMALL CAP FUND - DIRECT - GROWTH",2026-04-29,10.107
153868,"Samco Small Cap Fund - Direct Plan",2026-04-29,10.25
153912,"Helios Small Cap Fund - Direct Plan - Growth Option",2026-04-29,9.88
154063,"Groww Small Cap Fund-Direct-Growth",2026-04-29,11
154215,"Abakkus Small Cap Fund - Direct Plan - Growth",2026-04-29,11.082
154269,"The Wealth Company Small Cap Fund- Direct-Growth",2026-04-29,10.843
150915,"Mahindra Manulife Small Cap Fund - Direct Plan - Growth",2026-04-30,20.8332
152107,"QUANTUM SMALL CAP FUND - DIRECT PLAN GROWTH OPTION",2026-04-30,12.69
152614,"JM Small Cap Fund (Direct) - Growth Option",2026-04-30,10.0725
152939,"TRUSTMF SMALL CAP FUND -DIRECT PLAN-GROWTH",2026-04-30,11.63
153196,"Mirae Asset Small Cap Fund - Direct Plan - Growth",2026-04-30,11.682
153612,"BAJAJ FINSERV SMALL CAP FUND - DIRECT - GROWTH",2026-04-30,10.068
153868,"Samco Small Cap Fund - Direct Plan",2026-04-30,10.19
153912,"Helios Small Cap Fund - Direct Plan - Growth Option",2026-04-30,9.85
154063,"Groww Small Cap Fund-Direct-Growth",2026-04-30,10.9605
154215,"Abakkus Small Cap Fund - Direct Plan - Growth",2026-04-30,11.025
154269,"The Wealth Company Small Cap Fund- Direct-Growth",2026-04-30,10.8199
150915,"Mahindra Manulife Small Cap Fund - Direct Plan - Growth",2026-05-04,21.1328
152107,"QUANTUM SMALL CAP FUND - DIRECT PLAN GROWTH OPTION",2026-05-04,12.82
152614,"JM Small Cap Fund (Direct) - Growth Option",2026-05-04,10.2106
152939,"TRUSTMF SMALL CAP FUND -DIRECT PLAN-GROWTH",2026-05-04,11.77
153196,"Mirae Asset Small Cap Fund - Direct Plan - Growth",2026-05-04,11.841
153612,"BAJAJ FINSERV SMALL CAP FUND - DIRECT - GROWTH",2026-05-04,10.165
153868,"Samco Small Cap Fund - Direct Plan",2026-05-04,10.29
153912,"Helios Small Cap Fund - Direct Plan - Growth Option",2026-05-04,9.99
154063,"Groww Small Cap Fund-Direct-Growth",2026-05-04,11.0481
154215,"Abakkus Small Cap Fund - Direct Plan - Growth",2026-05-04,11.159
154269,"The Wealth Company Small Cap Fund- Direct-Growth",2026-05-04,10.9198
150915,"Mahindra Manulife Small Cap Fund - Direct Plan - Growth",2026-05-05,21.0683
152107,"QUANTUM SMALL CAP FUND - DIRECT PLAN GROWTH OPTION",2026-05-05,12.81
152614,"JM Small Cap Fund (Direct) - Growth Option",2026-05-05,10.3541
152939,"TRUSTMF SMALL CAP FUND -DIRECT PLAN-GROWTH",2026-05-05,11.83
153196,"Mirae Asset Small Cap Fund - Direct Plan - Growth",2026-05-05,11.807
153612,"BAJAJ FINSERV SMALL CAP FUND - DIRECT - GROWTH",2026-05-05,10.148
153868,"Samco Small Cap Fund - Direct Plan",2026-05-05,10.34
153912,"Helios Small Cap Fund - Direct Plan - Growth Option",2026-05-05,9.98
154063,"Groww Small Cap Fund-Direct-Growth",2026-05-05,11.1412
154215,"Abakkus Small Cap Fund - Direct Plan - Growth",2026-05-05,11.146
154269,"The Wealth Company Small Cap Fund- Direct-Growth",2026-05-05,10.9255
150915,"Mahindra Manulife Small Cap Fund - Direct Plan - Growth",2026-05-06,21.4247
152107,"QUANTUM SMALL CAP FUND - DIRECT PLAN GROWTH OPTION",2026-05-06,13.08
152614,"JM Small Cap Fund (Direct) - Growth Option",2026-05-06,10.5802
152939,"TRUSTMF SMALL CAP FUND -DIRECT PLAN-GROWTH",2026-05-06,11.96
153196,"Mirae Asset Small Cap Fund - Direct Plan - Growth",2026-05-06,12.009
153612,"BAJAJ FINSERV SMALL CAP FUND - DIRECT - GROWTH",2026-05-06,10.278
153868,"Samco Small Cap Fund - Direct Plan",2026-05-06,10.48
153912,"Helios Small Cap Fund - Direct Plan - Growth Option",2026-05-06,10.1
154063,"Groww Small Cap Fund-Direct-Growth",2026-05-06,11.2548
154215,"Abakkus Small Cap Fund - Direct Plan - Growth",2026-05-06,11.308
154269,"The Wealth Company Small Cap Fund- Direct-Growth",2026-05-06,11.0418
150915,"Mahindra Manulife Small Cap Fund - Direct Plan - Growth",2026-05-07,21.6411
152107,"QUANTUM SMALL CAP FUND - DIRECT PLAN GROWTH OPTION",2026-05-07,13.27
152614,"JM Small Cap Fund (Direct) - Growth Option",2026-05-07,10.7756
152939,"TRUSTMF SMALL CAP FUND -DIRECT PLAN-GROWTH",2026-05-07,12.15
153196,"Mirae Asset Small Cap Fund - Direct Plan - Growth",2026-05-07,12.093
153612,"BAJAJ FINSERV SMALL CAP FUND - DIRECT - GROWTH",2026-05-07,10.383
153868,"Samco Small Cap Fund - Direct Plan",2026-05-07,10.62
153912,"Helios Small Cap Fund - Direct Plan - Growth Option",2026-05-07,10.28
154063,"Groww Small Cap Fund-Direct-Growth",2026-05-07,11.4153
154215,"Abakkus Small Cap Fund - Direct Plan - Growth",2026-05-07,11.369
154269,"The Wealth Company Small Cap Fund- Direct-Growth",2026-05-07,11.1139
150915,"Mahindra Manulife Small Cap Fund - Direct Plan - Growth",2026-05-08,21.4865
152107,"QUANTUM SMALL CAP FUND - DIRECT PLAN GROWTH OPTION",2026-05-08,13.26
152614,"JM Small Cap Fund (Direct) - Growth Option",2026-05-08,10.8204
152939,"TRUSTMF SMALL CAP FUND -DIRECT PLAN-GROWTH",2026-05-08,12.18
153196,"Mirae Asset Small Cap Fund - Direct Plan - Growth",2026-05-08,12.096
153612,"BAJAJ FINSERV SMALL CAP FUND - DIRECT - GROWTH",2026-05-08,10.363
153868,"Samco Small Cap Fund - Direct Plan",2026-05-08,10.65
153912,"Helios Small Cap Fund - Direct Plan - Growth Option",2026-05-08,10.28
154063,"Groww Small Cap Fund-Direct-Growth",2026-05-08,11.4089
154215,"Abakkus Small Cap Fund - Direct Plan - Growth",2026-05-08,11.362
154269,"The Wealth Company Small Cap Fund- Direct-Growth",2026-05-08,11.1651
150915,"Mahindra Manulife Small Cap Fund - Direct Plan - Growth",2026-05-11,21.2781
152107,"QUANTUM SMALL CAP FUND - DIRECT PLAN GROWTH OPTION",2026-05-11,13.05
152614,"JM Small Cap Fund (Direct) - Growth Option",2026-05-11,10.7216
152939,"TRUSTMF SMALL CAP FUND -DIRECT PLAN-GROWTH",2026-05-11,12.11
153196,"Mirae Asset Small Cap Fund - Direct Plan - Growth",2026-05-11,11.97
153612,"BAJAJ FINSERV SMALL CAP FUND - DIRECT - GROWTH",2026-05-11,10.231
153868,"Samco Small Cap Fund - Direct Plan",2026-05-11,10.53
153912,"Helios Small Cap Fund - Direct Plan - Growth Option",2026-05-11,10.21
154063,"Groww Small Cap Fund-Direct-Growth",2026-05-11,11.2094
154215,"Abakkus Small Cap Fund - Direct Plan - Growth",2026-05-11,11.209
154269,"The Wealth Company Small Cap Fund- Direct-Growth",2026-05-11,11.0337
150915,"Mahindra Manulife Small Cap Fund - Direct Plan - Growth",2026-05-12,20.7594
152107,"QUANTUM SMALL CAP FUND - DIRECT PLAN GROWTH OPTION",2026-05-12,12.73
152614,"JM Small Cap Fund (Direct) - Growth Option",2026-05-12,10.3959
152939,"TRUSTMF SMALL CAP FUND -DIRECT PLAN-GROWTH",2026-05-12,11.79
153196,"Mirae Asset Small Cap Fund - Direct Plan - Growth",2026-05-12,11.674
153612,"BAJAJ FINSERV SMALL CAP FUND - DIRECT - GROWTH",2026-05-12,9.983
153868,"Samco Small Cap Fund - Direct Plan",2026-05-12,10.21
153912,"Helios Small Cap Fund - Direct Plan - Growth Option",2026-05-12,9.97
154063,"Groww Small Cap Fund-Direct-Growth",2026-05-12,10.8776
154215,"Abakkus Small Cap Fund - Direct Plan - Growth",2026-05-12,10.968
154269,"The Wealth Company Small Cap Fund- Direct-Growth",2026-05-12,10.726
150915,"Mahindra Manulife Small Cap Fund - Direct Plan - Growth",2026-05-13,20.8367
152107,"QUANTUM SMALL CAP FUND - DIRECT PLAN GROWTH OPTION",2026-05-13,12.76
152614,"JM Small Cap Fund (Direct) - Growth Option",2026-05-13,10.5153
152939,"TRUSTMF SMALL CAP FUND -DIRECT PLAN-GROWTH",2026-05-13,11.84
153196,"Mirae Asset Small Cap Fund - Direct Plan - Growth",2026-05-13,11.666
153612,"BAJAJ FINSERV SMALL CAP FUND - DIRECT - GROWTH",2026-05-13,10.042
153868,"Samco Small Cap Fund - Direct Plan",2026-05-13,10.23
153912,"Helios Small Cap Fund - Direct Plan - Growth Option",2026-05-13,10.03
154063,"Groww Small Cap Fund-Direct-Growth",2026-05-13,10.8746
154215,"Abakkus Small Cap Fund - Direct Plan - Growth",2026-05-13,10.976
154269,"The Wealth Company Small Cap Fund- Direct-Growth",2026-05-13,10.7726
150915,"Mahindra Manulife Small Cap Fund - Direct Plan - Growth",2026-05-14,20.9068
152107,"QUANTUM SMALL CAP FUND - DIRECT PLAN GROWTH OPTION",2026-05-14,12.87
152614,"JM Small Cap Fund (Direct) - Growth Option",2026-05-14,10.5168
152939,"TRUSTMF SMALL CAP FUND -DIRECT PLAN-GROWTH",2026-05-14,11.9
153196,"Mirae Asset Small Cap Fund - Direct Plan - Growth",2026-05-14,11.71
153612,"BAJAJ FINSERV SMALL CAP FUND - DIRECT - GROWTH",2026-05-14,10.053
153868,"Samco Small Cap Fund - Direct Plan",2026-05-14,10.31
153912,"Helios Small Cap Fund - Direct Plan - Growth Option",2026-05-14,10.06
154063,"Groww Small Cap Fund-Direct-Growth",2026-05-14,10.8713
154215,"Abakkus Small Cap Fund - Direct Plan - Growth",2026-05-14,11.014
154269,"The Wealth Company Small Cap Fund- Direct-Growth",2026-05-14,10.8003
150915,"Mahindra Manulife Small Cap Fund - Direct Plan - Growth",2026-05-15,20.8064
152107,"QUANTUM SMALL CAP FUND - DIRECT PLAN GROWTH OPTION",2026-05-15,12.89
152614,"JM Small Cap Fund (Direct) - Growth Option",2026-05-15,10.5321
152939,"TRUSTMF SMALL CAP FUND -DIRECT PLAN-GROWTH",2026-05-15,11.93
153196,"Mirae Asset Small Cap Fund - Direct Plan - Growth",2026-05-15,11.716
153612,"BAJAJ FINSERV SMALL CAP FUND - DIRECT - GROWTH",2026-05-15,10.038
153868,"Samco Small Cap Fund - Direct Plan",2026-05-15,10.28
153912,"Helios Small Cap Fund - Direct Plan - Growth Option",2026-05-15,10.11
154063,"Groww Small Cap Fund-Direct-Growth",2026-05-15,10.869
154215,"Abakkus Small Cap Fund - Direct Plan - Growth",2026-05-15,11
154269,"The Wealth Company Small Cap Fund- Direct-Growth",2026-05-15,10.7607
150915,"Mahindra Manulife Small Cap Fund - Direct Plan - Growth",2026-05-18,20.582
152107,"QUANTUM SMALL CAP FUND - DIRECT PLAN GROWTH OPTION",2026-05-18,12.72
152614,"JM Small Cap Fund (Direct) - Growth Option",2026-05-18,10.3177
152939,"TRUSTMF SMALL CAP FUND -DIRECT PLAN-GROWTH",2026-05-18,11.79
153196,"Mirae Asset Small Cap Fund - Direct Plan - Growth",2026-05-18,11.58
153612,"BAJAJ FINSERV SMALL CAP FUND - DIRECT - GROWTH",2026-05-18,9.889
153868,"Samco Small Cap Fund - Direct Plan",2026-05-18,10.15
153912,"Helios Small Cap Fund - Direct Plan - Growth Option",2026-05-18,9.99
154063,"Groww Small Cap Fund-Direct-Growth",2026-05-18,10.7366
154215,"Abakkus Small Cap Fund - Direct Plan - Growth",2026-05-18,10.882
154269,"The Wealth Company Small Cap Fund- Direct-Growth",2026-05-18,10.571
150915,"Mahindra Manulife Small Cap Fund - Direct Plan - Growth",2026-05-19,20.84
152107,"QUANTUM SMALL CAP FUND - DIRECT PLAN GROWTH OPTION",2026-05-19,12.87
152614,"JM Small Cap Fund (Direct) - Growth Option",2026-05-19,10.4237
152939,"TRUSTMF SMALL CAP FUND -DIRECT PLAN-GROWTH",2026-05-19,11.89
153196,"Mirae Asset Small Cap Fund - Direct Plan - Growth",2026-05-19,11.694
153612,"BAJAJ FINSERV SMALL CAP FUND - DIRECT - GROWTH",2026-05-19,9.984
153868,"Samco Small Cap Fund - Direct Plan",2026-05-19,10.24
153912,"Helios Small Cap Fund - Direct Plan - Growth Option",2026-05-19,10.05
154063,"Groww Small Cap Fund-Direct-Growth",2026-05-19,10.7985
154215,"Abakkus Small Cap Fund - Direct Plan - Growth",2026-05-19,10.984
154269,"The Wealth Company Small Cap Fund- Direct-Growth",2026-05-19,10.6396
150915,"Mahindra Manulife Small Cap Fund - Direct Plan - Growth",2026-05-20,20.7735
152107,"QUANTUM SMALL CAP FUND - DIRECT PLAN GROWTH OPTION",2026-05-20,12.96
152614,"JM Small Cap Fund (Direct) - Growth Option",2026-05-20,10.4576
152939,"TRUSTMF SMALL CAP FUND -DIRECT PLAN-GROWTH",2026-05-20,11.98
153196,"Mirae Asset Small Cap Fund - Direct Plan - Growth",2026-05-20,11.76
153612,"BAJAJ FINSERV SMALL CAP FUND - DIRECT - GROWTH",2026-05-20,10.012
153868,"Samco Small Cap Fund - Direct Plan",2026-05-20,10.3
153912,"Helios Small Cap Fund - Direct Plan - Growth Option",2026-05-20,10.13
154063,"Groww Small Cap Fund-Direct-Growth",2026-05-20,10.8588
154215,"Abakkus Small Cap Fund - Direct Plan - Growth",2026-05-20,10.996
154269,"The Wealth Company Small Cap Fund- Direct-Growth",2026-05-20,10.7256
150915,"Mahindra Manulife Small Cap Fund - Direct Plan - Growth",2026-05-21,20.8673
152107,"QUANTUM SMALL CAP FUND - DIRECT PLAN GROWTH OPTION",2026-05-21,13.04
152614,"JM Small Cap Fund (Direct) - Growth Option",2026-05-21,10.5625
152939,"TRUSTMF SMALL CAP FUND -DIRECT PLAN-GROWTH",2026-05-21,12.07
153196,"Mirae Asset Small Cap Fund - Direct Plan - Growth",2026-05-21,11.787
153612,"BAJAJ FINSERV SMALL CAP FUND - DIRECT - GROWTH",2026-05-21,10.095
153868,"Samco Small Cap Fund - Direct Plan",2026-05-21,10.37
153912,"Helios Small Cap Fund - Direct Plan - Growth Option",2026-05-21,10.18
154063,"Groww Small Cap Fund-Direct-Growth",2026-05-21,10.9459
154215,"Abakkus Small Cap Fund - Direct Plan - Growth",2026-05-21,11.076
154269,"The Wealth Company Small Cap Fund- Direct-Growth",2026-05-21,10.7799
150915,"Mahindra Manulife Small Cap Fund - Direct Plan - Growth",2026-05-22,20.8351
152107,"QUANTUM SMALL CAP FUND - DIRECT PLAN GROWTH OPTION",2026-05-22,13.08
152614,"JM Small Cap Fund (Direct) - Growth Option",2026-05-22,10.5339
152939,"TRUSTMF SMALL CAP FUND -DIRECT PLAN-GROWTH",2026-05-22,12.03
153196,"Mirae Asset Small Cap Fund - Direct Plan - Growth",2026-05-22,11.716
153612,"BAJAJ FINSERV SMALL CAP FUND - DIRECT - GROWTH",2026-05-22,10.063
153868,"Samco Small Cap Fund - Direct Plan",2026-05-22,10.33
153912,"Helios Small Cap Fund - Direct Plan - Growth Option",2026-05-22,10.21
154063,"Groww Small Cap Fund-Direct-Growth",2026-05-22,10.9266
154215,"Abakkus Small Cap Fund - Direct Plan - Growth",2026-05-22,11.072
154269,"The Wealth Company Small Cap Fund- Direct-Growth",2026-05-22,10.7666
150915,"Mahindra Manulife Small Cap Fund - Direct Plan - Growth",2026-05-25,21.0083
152107,"QUANTUM SMALL CAP FUND - DIRECT PLAN GROWTH OPTION",2026-05-25,13.29
152614,"JM Small Cap Fund (Direct) - Growth Option",2026-05-25,10.6997
152939,"TRUSTMF SMALL CAP FUND -DIRECT PLAN-GROWTH",2026-05-25,12.18
153196,"Mirae Asset Small Cap Fund - Direct Plan - Growth",2026-05-25,11.779
153612,"BAJAJ FINSERV SMALL CAP FUND - DIRECT - GROWTH",2026-05-25,10.155
153868,"Samco Small Cap Fund - Direct Plan",2026-05-25,10.45
153912,"Helios Small Cap Fund - Direct Plan - Growth Option",2026-05-25,10.28
154063,"Groww Small Cap Fund-Direct-Growth",2026-05-25,11.075
154215,"Abakkus Small Cap Fund - Direct Plan - Growth",2026-05-25,11.188
154269,"The Wealth Company Small Cap Fund- Direct-Growth",2026-05-25,10.8908
150915,"Mahindra Manulife Small Cap Fund - Direct Plan - Growth",2026-05-26,21.1782
152107,"QUANTUM SMALL CAP FUND - DIRECT PLAN GROWTH OPTION",2026-05-26,13.32
152614,"JM Small Cap Fund (Direct) - Growth Option",2026-05-26,10.7713
152939,"TRUSTMF SMALL CAP FUND -DIRECT PLAN-GROWTH",2026-05-26,12.27
153196,"Mirae Asset Small Cap Fund - Direct Plan - Growth",2026-05-26,11.788
153612,"BAJAJ FINSERV SMALL CAP FUND - DIRECT - GROWTH",2026-05-26,10.203
153868,"Samco Small Cap Fund - Direct Plan",2026-05-26,10.5
153912,"Helios Small Cap Fund - Direct Plan - Growth Option",2026-05-26,10.34
154063,"Groww Small Cap Fund-Direct-Growth",2026-05-26,11.1548
154215,"Abakkus Small Cap Fund - Direct Plan - Growth",2026-05-26,11.211
154269,"The Wealth Company Small Cap Fund- Direct-Growth",2026-05-26,10.9132
150915,"Mahindra Manulife Small Cap Fund - Direct Plan - Growth",2026-05-27,21.285
152107,"QUANTUM SMALL CAP FUND - DIRECT PLAN GROWTH OPTION",2026-05-27,13.38
152614,"JM Small Cap Fund (Direct) - Growth Option",2026-05-27,10.7403
152939,"TRUSTMF SMALL CAP FUND -DIRECT PLAN-GROWTH",2026-05-27,12.26
153196,"Mirae Asset Small Cap Fund - Direct Plan - Growth",2026-05-27,11.829
153612,"BAJAJ FINSERV SMALL CAP FUND - DIRECT - GROWTH",2026-05-27,10.186
153868,"Samco Small Cap Fund - Direct Plan",2026-05-27,10.58
153912,"Helios Small Cap Fund - Direct Plan - Growth Option",2026-05-27,10.37
154063,"Groww Small Cap Fund-Direct-Growth",2026-05-27,11.1452
154215,"Abakkus Small Cap Fund - Direct Plan - Growth",2026-05-27,11.267
154269,"The Wealth Company Small Cap Fund- Direct-Growth",2026-05-27,10.9747
150915,"Mahindra Manulife Small Cap Fund - Direct Plan - Growth",2026-05-29,21.1754
152107,"QUANTUM SMALL CAP FUND - DIRECT PLAN GROWTH OPTION",2026-05-29,13.35
152614,"JM Small Cap Fund (Direct) - Growth Option",2026-05-29,10.7862
152939,"TRUSTMF SMALL CAP FUND -DIRECT PLAN-GROWTH",2026-05-29,12.3
153196,"Mirae Asset Small Cap Fund - Direct Plan - Growth",2026-05-29,11.739
153612,"BAJAJ FINSERV SMALL CAP FUND - DIRECT - GROWTH",2026-05-29,10.175
153868,"Samco Small Cap Fund - Direct Plan",2026-05-29,10.5
153912,"Helios Small Cap Fund - Direct Plan - Growth Option",2026-05-29,10.31
154063,"Groww Small Cap Fund-Direct-Growth",2026-05-29,11.0688
154215,"Abakkus Small Cap Fund - Direct Plan - Growth",2026-05-29,11.277
154269,"The Wealth Company Small Cap Fund- Direct-Growth",2026-05-29,10.9335
150915,"Mahindra Manulife Small Cap Fund - Direct Plan - Growth",2026-06-01,20.9816
152107,"QUANTUM SMALL CAP FUND - DIRECT PLAN GROWTH OPTION",2026-06-01,13.32
152614,"JM Small Cap Fund (Direct) - Growth Option",2026-06-01,10.649
152939,"TRUSTMF SMALL CAP FUND -DIRECT PLAN-GROWTH",2026-06-01,12.24
153196,"Mirae Asset Small Cap Fund - Direct Plan - Growth",2026-06-01,11.598
153612,"BAJAJ FINSERV SMALL CAP FUND - DIRECT - GROWTH",2026-06-01,10.117
153868,"Samco Small Cap Fund - Direct Plan",2026-06-01,10.31
153912,"Helios Small Cap Fund - Direct Plan - Growth Option",2026-06-01,10.16
154063,"Groww Small Cap Fund-Direct-Growth",2026-06-01,10.9399
154215,"Abakkus Small Cap Fund - Direct Plan - Growth",2026-06-01,11.19
154269,"The Wealth Company Small Cap Fund- Direct-Growth",2026-06-01,10.8245
150915,"Mahindra Manulife Small Cap Fund - Direct Plan - Growth",2026-06-02,21.1023
152107,"QUANTUM SMALL CAP FUND - DIRECT PLAN GROWTH OPTION",2026-06-02,13.31
152614,"JM Small Cap Fund (Direct) - Growth Option",2026-06-02,10.7582
152939,"TRUSTMF SMALL CAP FUND -DIRECT PLAN-GROWTH",2026-06-02,12.36
153196,"Mirae Asset Small Cap Fund - Direct Plan - Growth",2026-06-02,11.604
153612,"BAJAJ FINSERV SMALL CAP FUND - DIRECT - GROWTH",2026-06-02,10.191
153868,"Samco Small Cap Fund - Direct Plan",2026-06-02,10.38
153912,"Helios Small Cap Fund - Direct Plan - Growth Option",2026-06-02,10.2
154063,"Groww Small Cap Fund-Direct-Growth",2026-06-02,11.0313
154215,"Abakkus Small Cap Fund - Direct Plan - Growth",2026-06-02,11.261
154269,"The Wealth Company Small Cap Fund- Direct-Growth",2026-06-02,10.917
150915,"Mahindra Manulife Small Cap Fund - Direct Plan - Growth",2026-06-03,21.1138
152107,"QUANTUM SMALL CAP FUND - DIRECT PLAN GROWTH OPTION",2026-06-03,13.3
152614,"JM Small Cap Fund (Direct) - Growth Option",2026-06-03,10.7806
152939,"TRUSTMF SMALL CAP FUND -DIRECT PLAN-GROWTH",2026-06-03,12.37
153196,"Mirae Asset Small Cap Fund - Direct Plan - Growth",2026-06-03,11.595
153612,"BAJAJ FINSERV SMALL CAP FUND - DIRECT - GROWTH",2026-06-03,10.217
153868,"Samco Small Cap Fund - Direct Plan",2026-06-03,10.36
153912,"Helios Small Cap Fund - Direct Plan - Growth Option",2026-06-03,10.28
154063,"Groww Small Cap Fund-Direct-Growth",2026-06-03,11.035
154215,"Abakkus Small Cap Fund - Direct Plan - Growth",2026-06-03,11.298
154269,"The Wealth Company Small Cap Fund- Direct-Growth",2026-06-03,10.9079
150915,"Mahindra Manulife Small Cap Fund - Direct Plan - Growth",2026-06-04,21.2585
152107,"QUANTUM SMALL CAP FUND - DIRECT PLAN GROWTH OPTION",2026-06-04,13.29
152614,"JM Small Cap Fund (Direct) - Growth Option",2026-06-04,10.8852
152939,"TRUSTMF SMALL CAP FUND -DIRECT PLAN-GROWTH",2026-06-04,12.54
153196,"Mirae Asset Small Cap Fund - Direct Plan - Growth",2026-06-04,11.656
153612,"BAJAJ FINSERV SMALL CAP FUND - DIRECT - GROWTH",2026-06-04,10.281
153868,"Samco Small Cap Fund - Direct Plan",2026-06-04,10.43
153912,"Helios Small Cap Fund - Direct Plan - Growth Option",2026-06-04,10.37
154063,"Groww Small Cap Fund-Direct-Growth",2026-06-04,11.0993
154215,"Abakkus Small Cap Fund - Direct Plan - Growth",2026-06-04,11.362
154269,"The Wealth Company Small Cap Fund- Direct-Growth",2026-06-04,10.9763
150915,"Mahindra Manulife Small Cap Fund - Direct Plan - Growth",2026-06-05,21.2726
152107,"QUANTUM SMALL CAP FUND - DIRECT PLAN GROWTH OPTION",2026-06-05,13.27
152614,"JM Small Cap Fund (Direct) - Growth Option",2026-06-05,10.9045
152939,"TRUSTMF SMALL CAP FUND -DIRECT PLAN-GROWTH",2026-06-05,12.48
153196,"Mirae Asset Small Cap Fund - Direct Plan - Growth",2026-06-05,11.668
153612,"BAJAJ FINSERV SMALL CAP FUND - DIRECT - GROWTH",2026-06-05,10.275
153868,"Samco Small Cap Fund - Direct Plan",2026-06-05,10.4
153912,"Helios Small Cap Fund - Direct Plan - Growth Option",2026-06-05,10.4
154063,"Groww Small Cap Fund-Direct-Growth",2026-06-05,11.1257
154215,"Abakkus Small Cap Fund - Direct Plan - Growth",2026-06-05,11.348
154269,"The Wealth Company Small Cap Fund- Direct-Growth",2026-06-05,10.9903
150915,"Mahindra Manulife Small Cap Fund - Direct Plan - Growth",2026-06-08,20.8455
152107,"QUANTUM SMALL CAP FUND - DIRECT PLAN GROWTH OPTION",2026-06-08,13.16
152614,"JM Small Cap Fund (Direct) - Growth Option",2026-06-08,10.7289
152939,"TRUSTMF SMALL CAP FUND -DIRECT PLAN-GROWTH",2026-06-08,12.3
153196,"Mirae Asset Small Cap Fund - Direct Plan - Growth",2026-06-08,11.5
153612,"BAJAJ FINSERV SMALL CAP FUND - DIRECT - GROWTH",2026-06-08,10.086
153868,"Samco Small Cap Fund - Direct Plan",2026-06-08,10.22
153912,"Helios Small Cap Fund - Direct Plan - Growth Option",2026-06-08,10.22
154063,"Groww Small Cap Fund-Direct-Growth",2026-06-08,10.956
154215,"Abakkus Small Cap Fund - Direct Plan - Growth",2026-06-08,11.212
154269,"The Wealth Company Small Cap Fund- Direct-Growth",2026-06-08,10.8403
150915,"Mahindra Manulife Small Cap Fund - Direct Plan - Growth",2026-06-09,21.1677
152107,"QUANTUM SMALL CAP FUND - DIRECT PLAN GROWTH OPTION",2026-06-09,13.38
152614,"JM Small Cap Fund (Direct) - Growth Option",2026-06-09,10.924
152939,"TRUSTMF SMALL CAP FUND -DIRECT PLAN-GROWTH",2026-06-09,12.5
153196,"Mirae Asset Small Cap Fund - Direct Plan - Growth",2026-06-09,11.655
153612,"BAJAJ FINSERV SMALL CAP FUND - DIRECT - GROWTH",2026-06-09,10.215
153868,"Samco Small Cap Fund - Direct Plan",2026-06-09,10.38
153912,"Helios Small Cap Fund - Direct Plan - Growth Option",2026-06-09,10.42
154063,"Groww Small Cap Fund-Direct-Growth",2026-06-09,11.1431
154215,"Abakkus Small Cap Fund - Direct Plan - Growth",2026-06-09,11.348
154269,"The Wealth Company Small Cap Fund- Direct-Growth",2026-06-09,10.9605
150915,"Mahindra Manulife Small Cap Fund - Direct Plan - Growth",2026-06-10,20.8632
152107,"QUANTUM SMALL CAP FUND - DIRECT PLAN GROWTH OPTION",2026-06-10,13.35
152614,"JM Small Cap Fund (Direct) - Growth Option",2026-06-10,10.7839
152939,"TRUSTMF SMALL CAP FUND -DIRECT PLAN-GROWTH",2026-06-10,12.36
153196,"Mirae Asset Small Cap Fund - Direct Plan - Growth",2026-06-10,11.529
153612,"BAJAJ FINSERV SMALL CAP FUND - DIRECT - GROWTH",2026-06-10,10.113
153868,"Samco Small Cap Fund - Direct Plan",2026-06-10,10.22
153912,"Helios Small Cap Fund - Direct Plan - Growth Option",2026-06-10,10.34
154063,"Groww Small Cap Fund-Direct-Growth",2026-06-10,11.0369
154215,"Abakkus Small Cap Fund - Direct Plan - Growth",2026-06-10,11.26
154269,"The Wealth Company Small Cap Fund- Direct-Growth",2026-06-10,10.8738
150915,"Mahindra Manulife Small Cap Fund - Direct Plan - Growth",2026-06-11,20.7594
152107,"QUANTUM SMALL CAP FUND - DIRECT PLAN GROWTH OPTION",2026-06-11,13.24
152614,"JM Small Cap Fund (Direct) - Growth Option",2026-06-11,10.6731
152939,"TRUSTMF SMALL CAP FUND -DIRECT PLAN-GROWTH",2026-06-11,12.3
153196,"Mirae Asset Small Cap Fund - Direct Plan - Growth",2026-06-11,11.461
153612,"BAJAJ FINSERV SMALL CAP FUND - DIRECT - GROWTH",2026-06-11,10.08
153868,"Samco Small Cap Fund - Direct Plan",2026-06-11,10.14
153912,"Helios Small Cap Fund - Direct Plan - Growth Option",2026-06-11,10.23
154063,"Groww Small Cap Fund-Direct-Growth",2026-06-11,10.9995
154215,"Abakkus Small Cap Fund - Direct Plan - Growth",2026-06-11,11.193
154269,"The Wealth Company Small Cap Fund- Direct-Growth",2026-06-11,10.7896
150915,"Mahindra Manulife Small Cap Fund - Direct Plan - Growth",2026-06-12,21.2514
152107,"QUANTUM SMALL CAP FUND - DIRECT PLAN GROWTH OPTION",2026-06-12,13.52
152614,"JM Small Cap Fund (Direct) - Growth Option",2026-06-12,10.9504
152939,"TRUSTMF SMALL CAP FUND -DIRECT PLAN-GROWTH",2026-06-12,12.55
153196,"Mirae Asset Small Cap Fund - Direct Plan - Growth",2026-06-12,11.748
153612,"BAJAJ FINSERV SMALL CAP FUND - DIRECT - GROWTH",2026-06-12,10.305
153868,"Samco Small Cap Fund - Direct Plan",2026-06-12,10.4
153912,"Helios Small Cap Fund - Direct Plan - Growth Option",2026-06-12,10.5
154063,"Groww Small Cap Fund-Direct-Growth",2026-06-12,11.2589
154215,"Abakkus Small Cap Fund - Direct Plan - Growth",2026-06-12,11.414
154269,"The Wealth Company Small Cap Fund- Direct-Growth",2026-06-12,11.0146
150915,"Mahindra Manulife Small Cap Fund - Direct Plan - Growth",2026-06-15,21.5876
152107,"QUANTUM SMALL CAP FUND - DIRECT PLAN GROWTH OPTION",2026-06-15,13.65
152614,"JM Small Cap Fund (Direct) - Growth Option",2026-06-15,11.0995
152939,"TRUSTMF SMALL CAP FUND -DIRECT PLAN-GROWTH",2026-06-15,12.67
153196,"Mirae Asset Small Cap Fund - Direct Plan - Growth",2026-06-15,11.913
153612,"BAJAJ FINSERV SMALL CAP FUND - DIRECT - GROWTH",2026-06-15,10.497
153868,"Samco Small Cap Fund - Direct Plan",2026-06-15,10.51
153912,"Helios Small Cap Fund - Direct Plan - Growth Option",2026-06-15,10.66
154063,"Groww Small Cap Fund-Direct-Growth",2026-06-15,11.4186
154215,"Abakkus Small Cap Fund - Direct Plan - Growth",2026-06-15,11.62
154269,"The Wealth Company Small Cap Fund- Direct-Growth",2026-06-15,11.1271
150915,"Mahindra Manulife Small Cap Fund - Direct Plan - Growth",2026-06-16,21.6915
152107,"QUANTUM SMALL CAP FUND - DIRECT PLAN GROWTH OPTION",2026-06-16,13.7
152614,"JM Small Cap Fund (Direct) - Growth Option",2026-06-16,11.1058
152939,"TRUSTMF SMALL CAP FUND -DIRECT PLAN-GROWTH",2026-06-16,12.66
153196,"Mirae Asset Small Cap Fund - Direct Plan - Growth",2026-06-16,11.955
153612,"BAJAJ FINSERV SMALL CAP FUND - DIRECT - GROWTH",2026-06-16,10.56
153868,"Samco Small Cap Fund - Direct Plan",2026-06-16,10.49
153912,"Helios Small Cap Fund - Direct Plan - Growth Option",2026-06-16,10.69
154063,"Groww Small Cap Fund-Direct-Growth",2026-06-16,11.47
154215,"Abakkus Small Cap Fund - Direct Plan - Growth",2026-06-16,11.655
154269,"The Wealth Company Small Cap Fund- Direct-Growth",2026-06-16,11.1337
150915,"Mahindra Manulife Small Cap Fund - Direct Plan - Growth",2026-06-17,21.8771
152107,"QUANTUM SMALL CAP FUND - DIRECT PLAN GROWTH OPTION",2026-06-17,13.79
152614,"JM Small Cap Fund (Direct) - Growth Option",2026-06-17,11.2426
152939,"TRUSTMF SMALL CAP FUND -DIRECT PLAN-GROWTH",2026-06-17,12.72
153196,"Mirae Asset Small Cap Fund - Direct Plan - Growth",2026-06-17,12.03
153612,"BAJAJ FINSERV SMALL CAP FUND - DIRECT - GROWTH",2026-06-17,10.653
153868,"Samco Small Cap Fund - Direct Plan",2026-06-17,10.6
153912,"Helios Small Cap Fund - Direct Plan - Growth Option",2026-06-17,10.82
154063,"Groww Small Cap Fund-Direct-Growth",2026-06-17,11.5472
154215,"Abakkus Small Cap Fund - Direct Plan - Growth",2026-06-17,11.784
154269,"The Wealth Company Small Cap Fund- Direct-Growth",2026-06-17,11.2123
150915,"Mahindra Manulife Small Cap Fund - Direct Plan - Growth",2026-06-18,22.0877
152107,"QUANTUM SMALL CAP FUND - DIRECT PLAN GROWTH OPTION",2026-06-18,13.87
152614,"JM Small Cap Fund (Direct) - Growth Option",2026-06-18,11.325
152939,"TRUSTMF SMALL CAP FUND -DIRECT PLAN-GROWTH",2026-06-18,12.77
153196,"Mirae Asset Small Cap Fund - Direct Plan - Growth",2026-06-18,12.115
153612,"BAJAJ FINSERV SMALL CAP FUND - DIRECT - GROWTH",2026-06-18,10.737
153868,"Samco Small Cap Fund - Direct Plan",2026-06-18,10.7
153912,"Helios Small Cap Fund - Direct Plan - Growth Option",2026-06-18,10.92
154063,"Groww Small Cap Fund-Direct-Growth",2026-06-18,11.5744
154215,"Abakkus Small Cap Fund - Direct Plan - Growth",2026-06-18,11.86
154269,"The Wealth Company Small Cap Fund- Direct-Growth",2026-06-18,11.2895
150915,"Mahindra Manulife Small Cap Fund - Direct Plan - Growth",2026-06-19,22.1906
152107,"QUANTUM SMALL CAP FUND - DIRECT PLAN GROWTH OPTION",2026-06-19,13.9
152614,"JM Small Cap Fund (Direct) - Growth Option",2026-06-19,11.4312
152939,"TRUSTMF SMALL CAP FUND -DIRECT PLAN-GROWTH",2026-06-19,12.9
153196,"Mirae Asset Small Cap Fund - Direct Plan - Growth",2026-06-19,12.192
153612,"BAJAJ FINSERV SMALL CAP FUND - DIRECT - GROWTH",2026-06-19,10.831
153868,"Samco Small Cap Fund - Direct Plan",2026-06-19,10.77
153912,"Helios Small Cap Fund - Direct Plan - Growth Option",2026-06-19,11.04
154063,"Groww Small Cap Fund-Direct-Growth",2026-06-19,11.6833
154215,"Abakkus Small Cap Fund - Direct Plan - Growth",2026-06-19,11.946
154269,"The Wealth Company Small Cap Fund- Direct-Growth",2026-06-19,11.3634
150915,"Mahindra Manulife Small Cap Fund - Direct Plan - Growth",2026-06-22,22.4175
152107,"QUANTUM SMALL CAP FUND - DIRECT PLAN GROWTH OPTION",2026-06-22,13.95
152614,"JM Small Cap Fund (Direct) - Growth Option",2026-06-22,11.5321
152939,"TRUSTMF SMALL CAP FUND -DIRECT PLAN-GROWTH",2026-06-22,13.01
153196,"Mirae Asset Small Cap Fund - Direct Plan - Growth",2026-06-22,12.365
153612,"BAJAJ FINSERV SMALL CAP FUND - DIRECT - GROWTH",2026-06-22,10.913
153868,"Samco Small Cap Fund - Direct Plan",2026-06-22,10.84
153912,"Helios Small Cap Fund - Direct Plan - Growth Option",2026-06-22,11.11
154063,"Groww Small Cap Fund-Direct-Growth",2026-06-22,11.7243
154215,"Abakkus Small Cap Fund - Direct Plan - Growth",2026-06-22,12.103
154269,"The Wealth Company Small Cap Fund- Direct-Growth",2026-06-22,11.4318
150915,"Mahindra Manulife Small Cap Fund - Direct Plan - Growth",2026-06-23,22.3087
152107,"QUANTUM SMALL CAP FUND - DIRECT PLAN GROWTH OPTION",2026-06-23,13.91
152614,"JM Small Cap Fund (Direct) - Growth Option",2026-06-23,11.4917
152939,"TRUSTMF SMALL CAP FUND -DIRECT PLAN-GROWTH",2026-06-23,12.95
153196,"Mirae Asset Small Cap Fund - Direct Plan - Growth",2026-06-23,12.314
153612,"BAJAJ FINSERV SMALL CAP FUND - DIRECT - GROWTH",2026-06-23,10.871
153868,"Samco Small Cap Fund - Direct Plan",2026-06-23,10.76
153912,"Helios Small Cap Fund - Direct Plan - Growth Option",2026-06-23,11.09
154063,"Groww Small Cap Fund-Direct-Growth",2026-06-23,11.6663
154215,"Abakkus Small Cap Fund - Direct Plan - Growth",2026-06-23,12.066
154269,"The Wealth Company Small Cap Fund- Direct-Growth",2026-06-23,11.374
150915,"Mahindra Manulife Small Cap Fund - Direct Plan - Growth",2026-06-24,22.3914
152107,"QUANTUM SMALL CAP FUND - DIRECT PLAN GROWTH OPTION",2026-06-24,13.91
152614,"JM Small Cap Fund (Direct) - Growth Option",2026-06-24,11.527
152939,"TRUSTMF SMALL CAP FUND -DIRECT PLAN-GROWTH",2026-06-24,12.96
153196,"Mirae Asset Small Cap Fund - Direct Plan - Growth",2026-06-24,12.332
153612,"BAJAJ FINSERV SMALL CAP FUND - DIRECT - GROWTH",2026-06-24,10.864
153868,"Samco Small Cap Fund - Direct Plan",2026-06-24,10.72
153912,"Helios Small Cap Fund - Direct Plan - Growth Option",2026-06-24,11.06
154063,"Groww Small Cap Fund-Direct-Growth",2026-06-24,11.7023
154215,"Abakkus Small Cap Fund - Direct Plan - Growth",2026-06-24,12.112
154269,"The Wealth Company Small Cap Fund- Direct-Growth",2026-06-24,11.3693
150915,"Mahindra Manulife Small Cap Fund - Direct Plan - Growth",2026-06-25,22.2875
152107,"QUANTUM SMALL CAP FUND - DIRECT PLAN GROWTH OPTION",2026-06-25,13.8
152614,"JM Small Cap Fund (Direct) - Growth Option",2026-06-25,11.4702
152939,"TRUSTMF SMALL CAP FUND -DIRECT PLAN-GROWTH",2026-06-25,12.89
153196,"Mirae Asset Small Cap Fund - Direct Plan - Growth",2026-06-25,12.322
153612,"BAJAJ FINSERV SMALL CAP FUND - DIRECT - GROWTH",2026-06-25,10.78
153868,"Samco Small Cap Fund - Direct Plan",2026-06-25,10.64
153912,"Helios Small Cap Fund - Direct Plan - Growth Option",2026-06-25,10.98
154063,"Groww Small Cap Fund-Direct-Growth",2026-06-25,11.6301
154215,"Abakkus Small Cap Fund - Direct Plan - Growth",2026-06-25,12.031
154269,"The Wealth Company Small Cap Fund- Direct-Growth",2026-06-25,11.2778
150915,"Mahindra Manulife Small Cap Fund - Direct Plan - Growth",2026-06-29,22.2721
152107,"QUANTUM SMALL CAP FUND - DIRECT PLAN GROWTH OPTION",2026-06-29,13.78
152614,"JM Small Cap Fund (Direct) - Growth Option",2026-06-29,11.479
152939,"TRUSTMF SMALL CAP FUND -DIRECT PLAN-GROWTH",2026-06-29,12.92
153196,"Mirae Asset Small Cap Fund - Direct Plan - Growth",2026-06-29,12.266
153612,"BAJAJ FINSERV SMALL CAP FUND - DIRECT - GROWTH",2026-06-29,10.773
153868,"Samco Small Cap Fund - Direct Plan",2026-06-29,10.64
153912,"Helios Small Cap Fund - Direct Plan - Growth Option",2026-06-29,10.97
154063,"Groww Small Cap Fund-Direct-Growth",2026-06-29,11.6414
154215,"Abakkus Small Cap Fund - Direct Plan - Growth",2026-06-29,12.015
154269,"The Wealth Company Small Cap Fund- Direct-Growth",2026-06-29,11.2826
150915,"Mahindra Manulife Small Cap Fund - Direct Plan - Growth",2026-06-30,22.4616
152107,"QUANTUM SMALL CAP FUND - DIRECT PLAN GROWTH OPTION",2026-06-30,13.92
152614,"JM Small Cap Fund (Direct) - Growth Option",2026-06-30,11.6085
152939,"TRUSTMF SMALL CAP FUND -DIRECT PLAN-GROWTH",2026-06-30,13.08
153196,"Mirae Asset Small Cap Fund - Direct Plan - Growth",2026-06-30,12.35
153612,"BAJAJ FINSERV SMALL CAP FUND - DIRECT - GROWTH",2026-06-30,10.85
153868,"Samco Small Cap Fund - Direct Plan",2026-06-30,10.72
153912,"Helios Small Cap Fund - Direct Plan - Growth Option",2026-06-30,11.09
154063,"Groww Small Cap Fund-Direct-Growth",2026-06-30,11.7546
154215,"Abakkus Small Cap Fund - Direct Plan - Growth",2026-06-30,12.083
154269,"The Wealth Company Small Cap Fund- Direct-Growth",2026-06-30,11.3409
150915,"Mahindra Manulife Small Cap Fund - Direct Plan - Growth",2026-07-01,22.4356
152107,"QUANTUM SMALL CAP FUND - DIRECT PLAN GROWTH OPTION",2026-07-01,13.95
152614,"JM Small Cap Fund (Direct) - Growth Option",2026-07-01,11.6714
152939,"TRUSTMF SMALL CAP FUND -DIRECT PLAN-GROWTH",2026-07-01,13.13
153196,"Mirae Asset Small Cap Fund - Direct Plan - Growth",2026-07-01,12.416
153612,"BAJAJ FINSERV SMALL CAP FUND - DIRECT - GROWTH",2026-07-01,10.839
153868,"Samco Small Cap Fund - Direct Plan",2026-07-01,10.7
153912,"Helios Small Cap Fund - Direct Plan - Growth Option",2026-07-01,11.14
154063,"Groww Small Cap Fund-Direct-Growth",2026-07-01,11.791
154215,"Abakkus Small Cap Fund - Direct Plan - Growth",2026-07-01,12.138
154269,"The Wealth Company Small Cap Fund- Direct-Growth",2026-07-01,11.3589
150915,"Mahindra Manulife Small Cap Fund - Direct Plan - Growth",2026-07-02,22.6309
152107,"QUANTUM SMALL CAP FUND - DIRECT PLAN GROWTH OPTION",2026-07-02,14.04
152614,"JM Small Cap Fund (Direct) - Growth Option",2026-07-02,11.8357
152939,"TRUSTMF SMALL CAP FUND -DIRECT PLAN-GROWTH",2026-07-02,13.25
153196,"Mirae Asset Small Cap Fund - Direct Plan - Growth",2026-07-02,12.486
153612,"BAJAJ FINSERV SMALL CAP FUND - DIRECT - GROWTH",2026-07-02,10.936
153868,"Samco Small Cap Fund - Direct Plan",2026-07-02,10.74
153912,"Helios Small Cap Fund - Direct Plan - Growth Option",2026-07-02,11.17
154063,"Groww Small Cap Fund-Direct-Growth",2026-07-02,11.9421
154215,"Abakkus Small Cap Fund - Direct Plan - Growth",2026-07-02,12.231
154269,"The Wealth Company Small Cap Fund- Direct-Growth",2026-07-02,11.4291
150915,"Mahindra Manulife Small Cap Fund - Direct Plan - Growth",2026-07-03,22.5431
152107,"QUANTUM SMALL CAP FUND - DIRECT PLAN GROWTH OPTION",2026-07-03,14.01
152614,"JM Small Cap Fund (Direct) - Growth Option",2026-07-03,11.7643
152939,"TRUSTMF SMALL CAP FUND -DIRECT PLAN-GROWTH",2026-07-03,13.13
153196,"Mirae Asset Small Cap Fund - Direct Plan - Growth",2026-07-03,12.419
153612,"BAJAJ FINSERV SMALL CAP FUND - DIRECT - GROWTH",2026-07-03,10.855
153868,"Samco Small Cap Fund - Direct Plan",2026-07-03,10.7
153912,"Helios Small Cap Fund - Direct Plan - Growth Option",2026-07-03,11.09
154063,"Groww Small Cap Fund-Direct-Growth",2026-07-03,11.8709
154215,"Abakkus Small Cap Fund - Direct Plan - Growth",2026-07-03,12.202
154269,"The Wealth Company Small Cap Fund- Direct-Growth",2026-07-03,11.4045
150915,"Mahindra Manulife Small Cap Fund - Direct Plan - Growth",2026-07-06,22.6211
152107,"QUANTUM SMALL CAP FUND - DIRECT PLAN GROWTH OPTION",2026-07-06,13.98
152614,"JM Small Cap Fund (Direct) - Growth Option",2026-07-06,11.7715
152939,"TRUSTMF SMALL CAP FUND -DIRECT PLAN-GROWTH",2026-07-06,13.23
153196,"Mirae Asset Small Cap Fund - Direct Plan - Growth",2026-07-06,12.482
153612,"BAJAJ FINSERV SMALL CAP FUND - DIRECT - GROWTH",2026-07-06,10.94
153868,"Samco Small Cap Fund - Direct Plan",2026-07-06,10.75
153912,"Helios Small Cap Fund - Direct Plan - Growth Option",2026-07-06,11.15
154063,"Groww Small Cap Fund-Direct-Growth",2026-07-06,11.9273
154215,"Abakkus Small Cap Fund - Direct Plan - Growth",2026-07-06,12.264
154269,"The Wealth Company Small Cap Fund- Direct-Growth",2026-07-06,11.4634
150915,"Mahindra Manulife Small Cap Fund - Direct Plan - Growth",2026-07-07,22.4742
152107,"QUANTUM SMALL CAP FUND - DIRECT PLAN GROWTH OPTION",2026-07-07,13.89
152614,"JM Small Cap Fund (Direct) - Growth Option",2026-07-07,11.6499
152939,"TRUSTMF SMALL CAP FUND -DIRECT PLAN-GROWTH",2026-07-07,13.12
153196,"Mirae Asset Small Cap Fund - Direct Plan - Growth",2026-07-07,12.394
153612,"BAJAJ FINSERV SMALL CAP FUND - DIRECT - GROWTH",2026-07-07,10.859
153868,"Samco Small Cap Fund - Direct Plan",2026-07-07,10.63
153912,"Helios Small Cap Fund - Direct Plan - Growth Option",2026-07-07,11.06
154063,"Groww Small Cap Fund-Direct-Growth",2026-07-07,11.9007
154215,"Abakkus Small Cap Fund - Direct Plan - Growth",2026-07-07,12.164
154269,"The Wealth Company Small Cap Fund- Direct-Growth",2026-07-07,11.3825
150915,"Mahindra Manulife Small Cap Fund - Direct Plan - Growth",2026-07-08,22.1068
152107,"QUANTUM SMALL CAP FUND - DIRECT PLAN GROWTH OPTION",2026-07-08,13.67
152614,"JM Small Cap Fund (Direct) - Growth Option",2026-07-08,11.4768
152939,"TRUSTMF SMALL CAP FUND -DIRECT PLAN-GROWTH",2026-07-08,12.96
153196,"Mirae Asset Small Cap Fund - Direct Plan - Growth",2026-07-08,12.202
153612,"BAJAJ FINSERV SMALL CAP FUND - DIRECT - GROWTH",2026-07-08,10.703
153868,"Samco Small Cap Fund - Direct Plan",2026-07-08,10.56
153912,"Helios Small Cap Fund - Direct Plan - Growth Option",2026-07-08,10.9
154063,"Groww Small Cap Fund-Direct-Growth",2026-07-08,11.6957
154215,"Abakkus Small Cap Fund - Direct Plan - Growth",2026-07-08,11.975
154269,"The Wealth Company Small Cap Fund- Direct-Growth",2026-07-08,11.2202
150915,"Mahindra Manulife Small Cap Fund - Direct Plan - Growth",2026-07-09,22.4829
152107,"QUANTUM SMALL CAP FUND - DIRECT PLAN GROWTH OPTION",2026-07-09,13.87
152614,"JM Small Cap Fund (Direct) - Growth Option",2026-07-09,11.7056
152939,"TRUSTMF SMALL CAP FUND -DIRECT PLAN-GROWTH",2026-07-09,13.18
153196,"Mirae Asset Small Cap Fund - Direct Plan - Growth",2026-07-09,12.402
153612,"BAJAJ FINSERV SMALL CAP FUND - DIRECT - GROWTH",2026-07-09,10.855
153868,"Samco Small Cap Fund - Direct Plan",2026-07-09,10.77
153912,"Helios Small Cap Fund - Direct Plan - Growth Option",2026-07-09,11.1
154063,"Groww Small Cap Fund-Direct-Growth",2026-07-09,11.9383
154215,"Abakkus Small Cap Fund - Direct Plan - Growth",2026-07-09,12.184
154269,"The Wealth Company Small Cap Fund- Direct-Growth",2026-07-09,11.4051
150915,"Mahindra Manulife Small Cap Fund - Direct Plan - Growth",2026-07-10,22.7078
152107,"QUANTUM SMALL CAP FUND - DIRECT PLAN GROWTH OPTION",2026-07-10,14.07
152614,"JM Small Cap Fund (Direct) - Growth Option",2026-07-10,11.8525
152939,"TRUSTMF SMALL CAP FUND -DIRECT PLAN-GROWTH",2026-07-10,13.35
153196,"Mirae Asset Small Cap Fund - Direct Plan - Growth",2026-07-10,12.541
153612,"BAJAJ FINSERV SMALL CAP FUND - DIRECT - GROWTH",2026-07-10,10.989
153868,"Samco Small Cap Fund - Direct Plan",2026-07-10,10.87
153912,"Helios Small Cap Fund - Direct Plan - Growth Option",2026-07-10,11.18
154063,"Groww Small Cap Fund-Direct-Growth",2026-07-10,12.1243
154215,"Abakkus Small Cap Fund - Direct Plan - Growth",2026-07-10,12.34
154269,"The Wealth Company Small Cap Fund- Direct-Growth",2026-07-10,11.5239
150915,"Mahindra Manulife Small Cap Fund - Direct Plan - Growth",2026-07-13,22.7697
152107,"QUANTUM SMALL CAP FUND - DIRECT PLAN GROWTH OPTION",2026-07-13,14.14
152614,"JM Small Cap Fund (Direct) - Growth Option",2026-07-13,11.8628
152939,"TRUSTMF SMALL CAP FUND -DIRECT PLAN-GROWTH",2026-07-13,13.3
153196,"Mirae Asset Small Cap Fund - Direct Plan - Growth",2026-07-13,12.545
153612,"BAJAJ FINSERV SMALL CAP FUND - DIRECT - GROWTH",2026-07-13,11.003
153868,"Samco Small Cap Fund - Direct Plan",2026-07-13,10.82
153912,"Helios Small Cap Fund - Direct Plan - Growth Option",2026-07-13,11.2
154063,"Groww Small Cap Fund-Direct-Growth",2026-07-13,12.1146
154215,"Abakkus Small Cap Fund - Direct Plan - Growth",2026-07-13,12.366
154269,"The Wealth Company Small Cap Fund- Direct-Growth",2026-07-13,11.5123
150915,"Mahindra Manulife Small Cap Fund - Direct Plan - Growth",2026-07-14,22.6413
152107,"QUANTUM SMALL CAP FUND - DIRECT PLAN GROWTH OPTION",2026-07-14,14.01
152614,"JM Small Cap Fund (Direct) - Growth Option",2026-07-14,11.7423
152939,"TRUSTMF SMALL CAP FUND -DIRECT PLAN-GROWTH",2026-07-14,13.22
153196,"Mirae Asset Small Cap Fund - Direct Plan - Growth",2026-07-14,12.44
153612,"BAJAJ FINSERV SMALL CAP FUND - DIRECT - GROWTH",2026-07-14,10.91
153868,"Samco Small Cap Fund - Direct Plan",2026-07-14,10.78
153912,"Helios Small Cap Fund - Direct Plan - Growth Option",2026-07-14,11.11
154063,"Groww Small Cap Fund-Direct-Growth",2026-07-14,11.9818
154215,"Abakkus Small Cap Fund - Direct Plan - Growth",2026-07-14,12.272
154269,"The Wealth Company Small Cap Fund- Direct-Growth",2026-07-14,11.464
150915,"Mahindra Manulife Small Cap Fund - Direct Plan - Growth",2026-07-15,22.7357
152107,"QUANTUM SMALL CAP FUND - DIRECT PLAN GROWTH OPTION",2026-07-15,14.06
152614,"JM Small Cap Fund (Direct) - Growth Option",2026-07-15,11.7994
152939,"TRUSTMF SMALL CAP FUND -DIRECT PLAN-GROWTH",2026-07-15,13.28
153196,"Mirae Asset Small Cap Fund - Direct Plan - Growth",2026-07-15,12.513
153612,"BAJAJ FINSERV SMALL CAP FUND - DIRECT - GROWTH",2026-07-15,10.953
153868,"Samco Small Cap Fund - Direct Plan",2026-07-15,10.87
153912,"Helios Small Cap Fund - Direct Plan - Growth Option",2026-07-15,11.12
154063,"Groww Small Cap Fund-Direct-Growth",2026-07-15,12.065
154215,"Abakkus Small Cap Fund - Direct Plan - Growth",2026-07-15,12.365
154269,"The Wealth Company Small Cap Fund- Direct-Growth",2026-07-15,11.5516
150915,"Mahindra Manulife Small Cap Fund - Direct Plan - Growth",2026-07-16,22.707
152107,"QUANTUM SMALL CAP FUND - DIRECT PLAN GROWTH OPTION",2026-07-16,14.06
152614,"JM Small Cap Fund (Direct) - Growth Option",2026-07-16,11.7839
152939,"TRUSTMF SMALL CAP FUND -DIRECT PLAN-GROWTH",2026-07-16,13.22
153196,"Mirae Asset Small Cap Fund - Direct Plan - Growth",2026-07-16,12.423
153612,"BAJAJ FINSERV SMALL CAP FUND - DIRECT - GROWTH",2026-07-16,10.937
153868,"Samco Small Cap Fund - Direct Plan",2026-07-16,10.85
153912,"Helios Small Cap Fund - Direct Plan - Growth Option",2026-07-16,11.1
154063,"Groww Small Cap Fund-Direct-Growth",2026-07-16,12.0287
154215,"Abakkus Small Cap Fund - Direct Plan - Growth",2026-07-16,12.393
154269,"The Wealth Company Small Cap Fund- Direct-Growth",2026-07-16,11.5346
150915,"Mahindra Manulife Small Cap Fund - Direct Plan - Growth",2026-07-17,22.5939
152107,"QUANTUM SMALL CAP FUND - DIRECT PLAN GROWTH OPTION",2026-07-17,13.91
152614,"JM Small Cap Fund (Direct) - Growth Option",2026-07-17,11.6898
152939,"TRUSTMF SMALL CAP FUND -DIRECT PLAN-GROWTH",2026-07-17,13.15
153196,"Mirae Asset Small Cap Fund - Direct Plan - Growth",2026-07-17,12.386
153612,"BAJAJ FINSERV SMALL CAP FUND - DIRECT - GROWTH",2026-07-17,10.884
153868,"Samco Small Cap Fund - Direct Plan",2026-07-17,10.69
153912,"Helios Small Cap Fund - Direct Plan - Growth Option",2026-07-17,11.02
154063,"Groww Small Cap Fund-Direct-Growth",2026-07-17,11.9592
154215,"Abakkus Small Cap Fund - Direct Plan - Growth",2026-07-17,12.297
154269,"The Wealth Company Small Cap Fund- Direct-Growth",2026-07-17,11.4703
150915,"Mahindra Manulife Small Cap Fund - Direct Plan - Growth",2026-07-20,22.7511
152107,"QUANTUM SMALL CAP FUND - DIRECT PLAN GROWTH OPTION",2026-07-20,13.89
152614,"JM Small Cap Fund (Direct) - Growth Option",2026-07-20,11.8416
152939,"TRUSTMF SMALL CAP FUND -DIRECT PLAN-GROWTH",2026-07-20,13.22
153196,"Mirae Asset Small Cap Fund - Direct Plan - Growth",2026-07-20,12.392
153612,"BAJAJ FINSERV SMALL CAP FUND - DIRECT - GROWTH",2026-07-20,10.966
153868,"Samco Small Cap Fund - Direct Plan",2026-07-20,10.77
153912,"Helios Small Cap Fund - Direct Plan - Growth Option",2026-07-20,11.08
154063,"Groww Small Cap Fund-Direct-Growth",2026-07-20,12.003
154215,"Abakkus Small Cap Fund - Direct Plan - Growth",2026-07-20,12.335
154269,"The Wealth Company Small Cap Fund- Direct-Growth",2026-07-20,11.4692
150915,"Mahindra Manulife Small Cap Fund - Direct Plan - Growth",2026-07-21,22.8582
152107,"QUANTUM SMALL CAP FUND - DIRECT PLAN GROWTH OPTION",2026-07-21,13.96
152614,"JM Small Cap Fund (Direct) - Growth Option",2026-07-21,11.8621
152939,"TRUSTMF SMALL CAP FUND -DIRECT PLAN-GROWTH",2026-07-21,13.31
153196,"Mirae Asset Small Cap Fund - Direct Plan - Growth",2026-07-21,12.504
153612,"BAJAJ FINSERV SMALL CAP FUND - DIRECT - GROWTH",2026-07-21,10.989
153868,"Samco Small Cap Fund - Direct Plan",2026-07-21,10.83
153912,"Helios Small Cap Fund - Direct Plan - Growth Option",2026-07-21,11.09
154063,"Groww Small Cap Fund-Direct-Growth",2026-07-21,12.0855
154215,"Abakkus Small Cap Fund - Direct Plan - Growth",2026-07-21,12.359
154269,"The Wealth Company Small Cap Fund- Direct-Growth",2026-07-21,11.5519
150915,"Mahindra Manulife Small Cap Fund - Direct Plan - Growth",2026-07-22,22.6182
152107,"QUANTUM SMALL CAP FUND - DIRECT PLAN GROWTH OPTION",2026-07-22,13.84
152614,"JM Small Cap Fund (Direct) - Growth Option",2026-07-22,11.6831
152939,"TRUSTMF SMALL CAP FUND -DIRECT PLAN-GROWTH",2026-07-22,13.21
153196,"Mirae Asset Small Cap Fund - Direct Plan - Growth",2026-07-22,12.4
153612,"BAJAJ FINSERV SMALL CAP FUND - DIRECT - GROWTH",2026-07-22,10.833
153868,"Samco Small Cap Fund - Direct Plan",2026-07-22,10.76
153912,"Helios Small Cap Fund - Direct Plan - Growth Option",2026-07-22,11.02
154063,"Groww Small Cap Fund-Direct-Growth",2026-07-22,11.993
154215,"Abakkus Small Cap Fund - Direct Plan - Growth",2026-07-22,12.204
154269,"The Wealth Company Small Cap Fund- Direct-Growth",2026-07-22,11.4464
150915,"Mahindra Manulife Small Cap Fund - Direct Plan - Growth",2026-07-23,22.4209
152107,"QUANTUM SMALL CAP FUND - DIRECT PLAN GROWTH OPTION",2026-07-23,13.74
152614,"JM Small Cap Fund (Direct) - Growth Option",2026-07-23,11.5914
152939,"TRUSTMF SMALL CAP FUND -DIRECT PLAN-GROWTH",2026-07-23,13.08
153196,"Mirae Asset Small Cap Fund - Direct Plan - Growth",2026-07-23,12.312
153612,"BAJAJ FINSERV SMALL CAP FUND - DIRECT - GROWTH",2026-07-23,10.785
153868,"Samco Small Cap Fund - Direct Plan",2026-07-23,10.66
153912,"Helios Small Cap Fund - Direct Plan - Growth Option",2026-07-23,10.93
154063,"Groww Small Cap Fund-Direct-Growth",2026-07-23,11.9211
154215,"Abakkus Small Cap Fund - Direct Plan - Growth",2026-07-23,12.1
154269,"The Wealth Company Small Cap Fund- Direct-Growth",2026-07-23,11.3556
150915,"Mahindra Manulife Small Cap Fund - Direct Plan - Growth",2026-07-24,22.433
152107,"QUANTUM SMALL CAP FUND - DIRECT PLAN GROWTH OPTION",2026-07-24,13.82
152614,"JM Small Cap Fund (Direct) - Growth Option",2026-07-24,11.5633
152939,"TRUSTMF SMALL CAP FUND -DIRECT PLAN-GROWTH",2026-07-24,13.03
153196,"Mirae Asset Small Cap Fund - Direct Plan - Growth",2026-07-24,12.312
153612,"BAJAJ FINSERV SMALL CAP FUND - DIRECT - GROWTH",2026-07-24,10.803
153868,"Samco Small Cap Fund - Direct Plan",2026-07-24,10.63
153912,"Helios Small Cap Fund - Direct Plan - Growth Option",2026-07-24,10.93
154063,"Groww Small Cap Fund-Direct-Growth",2026-07-24,11.9356
154215,"Abakkus Small Cap Fund - Direct Plan - Growth",2026-07-24,12.096
154269,"The Wealth Company Small Cap Fund- Direct-Growth",2026-07-24,11.3015
150915,"Mahindra Manulife Small Cap Fund - Direct Plan - Growth",2026-07-27,22.6477
152107,"QUANTUM SMALL CAP FUND - DIRECT PLAN GROWTH OPTION",2026-07-27,13.96
152614,"JM Small Cap Fund (Direct) - Growth Option",2026-07-27,11.7869
152939,"TRUSTMF SMALL CAP FUND -DIRECT PLAN-GROWTH",2026-07-27,13.22
153196,"Mirae Asset Small Cap Fund - Direct Plan - Growth",2026-07-27,12.501
153612,"BAJAJ FINSERV SMALL CAP FUND - DIRECT - GROWTH",2026-07-27,10.945
153868,"Samco Small Cap Fund - Direct Plan",2026-07-27,10.75
153912,"Helios Small Cap Fund - Direct Plan - Growth Option",2026-07-27,11.06
154063,"Groww Small Cap Fund-Direct-Growth",2026-07-27,12.0757
154215,"Abakkus Small Cap Fund - Direct Plan - Growth",2026-07-27,12.221
154269,"The Wealth Company Small Cap Fund- Direct-Growth",2026-07-27,11.4473
150915,"Mahindra Manulife Small Cap Fund - Direct Plan - Growth",2026-07-28,22.5977
152107,"QUANTUM SMALL CAP FUND - DIRECT PLAN GROWTH OPTION",2026-07-28,13.85
152614,"JM Small Cap Fund (Direct) - Growth Option",2026-07-28,11.6393
152939,"TRUSTMF SMALL CAP FUND -DIRECT PLAN-GROWTH",2026-07-28,13.14
153196,"Mirae Asset Small Cap Fund - Direct Plan - Growth",2026-07-28,12.465
153612,"BAJAJ FINSERV SMALL CAP FUND - DIRECT - GROWTH",2026-07-28,10.835
153868,"Samco Small Cap Fund - Direct Plan",2026-07-28,10.91
153912,"Helios Small Cap Fund - Direct Plan - Growth Option",2026-07-28,11.01
154063,"Groww Small Cap Fund-Direct-Growth",2026-07-28,12.0259
154215,"Abakkus Small Cap Fund - Direct Plan - Growth",2026-07-28,12.156
154269,"The Wealth Company Small Cap Fund- Direct-Growth",2026-07-28,11.3747
150915,"Mahindra Manulife Small Cap Fund - Direct Plan - Growth",2026-07-29,22.8377
152107,"QUANTUM SMALL CAP FUND - DIRECT PLAN GROWTH OPTION",2026-07-29,14.05
152614,"JM Small Cap Fund (Direct) - Growth Option",2026-07-29,11.6929
152939,"TRUSTMF SMALL CAP FUND -DIRECT PLAN-GROWTH",2026-07-29,13.21
153196,"Mirae Asset Small Cap Fund - Direct Plan - Growth",2026-07-29,12.56
153612,"BAJAJ FINSERV SMALL CAP FUND - DIRECT - GROWTH",2026-07-29,10.928
153868,"Samco Small Cap Fund - Direct Plan",2026-07-29,11.06
153912,"Helios Small Cap Fund - Direct Plan - Growth Option",2026-07-29,11.07
154063,"Groww Small Cap Fund-Direct-Growth",2026-07-29,12.0876
154215,"Abakkus Small Cap Fund - Direct Plan - Growth",2026-07-29,12.274
154269,"The Wealth Company Small Cap Fund- Direct-Growth",2026-07-29,11.4587
150915,"Mahindra Manulife Small Cap Fund - Direct Plan - Growth",2026-07-30,22.7062
152107,"QUANTUM SMALL CAP FUND - DIRECT PLAN GROWTH OPTION",2026-07-30,14
152614,"JM Small Cap Fund (Direct) - Growth Option",2026-07-30,11.5508
152939,"TRUSTMF SMALL CAP FUND -DIRECT PLAN-GROWTH",2026-07-30,13.09
153196,"Mirae Asset Small Cap Fund - Direct Plan - Growth",2026-07-30,12.468
153612,"BAJAJ FINSERV SMALL CAP FUND - DIRECT - GROWTH",2026-07-30,10.831
153868,"Samco Small Cap Fund - Direct Plan",2026-07-30,10.97
153912,"Helios Small Cap Fund - Direct Plan - Growth Option",2026-07-30,11
154063,"Groww Small Cap Fund-Direct-Growth",2026-07-30,12.0424
154215,"Abakkus Small Cap Fund - Direct Plan - Growth",2026-07-30,12.239
154269,"The Wealth Company Small Cap Fund- Direct-Growth",2026-07-30,11.39
150915,"Mahindra Manulife Small Cap Fund - Direct Plan - Growth",2026-07-31,22.8487
152107,"QUANTUM SMALL CAP FUND - DIRECT PLAN GROWTH OPTION",2026-07-31,14.02
152614,"JM Small Cap Fund (Direct) - Growth Option",2026-07-31,11.6159
152939,"TRUSTMF SMALL CAP FUND -DIRECT PLAN-GROWTH",2026-07-31,13.19
153196,"Mirae Asset Small Cap Fund - Direct Plan - Growth",2026-07-31,12.524
153612,"BAJAJ FINSERV SMALL CAP FUND - DIRECT - GROWTH",2026-07-31,10.913
153868,"Samco Small Cap Fund - Direct Plan",2026-07-31,11.08
153912,"Helios Small Cap Fund - Direct Plan - Growth Option",2026-07-31,11.12
154063,"Groww Small Cap Fund-Direct-Growth",2026-07-31,12.1152
154215,"Abakkus Small Cap Fund - Direct Plan - Growth",2026-07-31,12.333
154269,"The Wealth Company Small Cap Fund- Direct-Growth",2026-07-31,11.4542
150915,"Mahindra Manulife Small Cap Fund - Direct Plan - Growth",2026-08-03,23.0912
152107,"QUANTUM SMALL CAP FUND - DIRECT PLAN GROWTH OPTION",2026-08-03,14.22
152614,"JM Small Cap Fund (Direct) - Growth Option",2026-08-03,11.707
152939,"TRUSTMF SMALL CAP FUND -DIRECT PLAN-GROWTH",2026-08-03,13.36
153196,"Mirae Asset Small Cap Fund - Direct Plan - Growth",2026-08-03,12.673
153612,"BAJAJ FINSERV SMALL CAP FUND - DIRECT - GROWTH",2026-08-03,11.062
153868,"Samco Small Cap Fund - Direct Plan",2026-08-03,11.2
153912,"Helios Small Cap Fund - Direct Plan - Growth Option",2026-08-03,11.29
154063,"Groww Small Cap Fund-Direct-Growth",2026-08-03,12.1539
154215,"Abakkus Small Cap Fund - Direct Plan - Growth",2026-08-03,12.482
154269,"The Wealth Company Small Cap Fund- Direct-Growth",2026-08-03,11.6571
150915,"Mahindra Manulife Small Cap Fund - Direct Plan - Growth",2026-08-04,23.0866
152107,"QUANTUM SMALL CAP FUND - DIRECT PLAN GROWTH OPTION",2026-08-04,14.18
152614,"JM Small Cap Fund (Direct) - Growth Option",2026-08-04,11.7647
152939,"TRUSTMF SMALL CAP FUND -DIRECT PLAN-GROWTH",2026-08-04,13.42
153196,"Mirae Asset Small Cap Fund - Direct Plan - Growth",2026-08-04,12.65
153612,"BAJAJ FINSERV SMALL CAP FUND - DIRECT - GROWTH",2026-08-04,11.07
153868,"Samco Small Cap Fund - Direct Plan",2026-08-04,11.34
153912,"Helios Small Cap Fund - Direct Plan - Growth Option",2026-08-04,11.35
154063,"Groww Small Cap Fund-Direct-Growth",2026-08-04,12.1902
154215,"Abakkus Small Cap Fund - Direct Plan - Growth",2026-08-04,12.53
154269,"The Wealth Company Small Cap Fund- Direct-Growth",2026-08-04,11.7198
150915,"Mahindra Manulife Small Cap Fund - Direct Plan - Growth",2026-08-05,23.1825
152107,"QUANTUM SMALL CAP FUND - DIRECT PLAN GROWTH OPTION",2026-08-05,14.27
152614,"JM Small Cap Fund (Direct) - Growth Option",2026-08-05,11.8698
152939,"TRUSTMF SMALL CAP FUND -DIRECT PLAN-GROWTH",2026-08-05,13.57
153196,"Mirae Asset Small Cap Fund - Direct Plan - Growth",2026-08-05,12.74
153612,"BAJAJ FINSERV SMALL CAP FUND - DIRECT - GROWTH",2026-08-05,11.201
153868,"Samco Small Cap Fund - Direct Plan",2026-08-05,11.45
153912,"Helios Small Cap Fund - Direct Plan - Growth Option",2026-08-05,11.42
154063,"Groww Small Cap Fund-Direct-Growth",2026-08-05,12.3065
154215,"Abakkus Small Cap Fund - Direct Plan - Growth",2026-08-05,12.613
154269,"The Wealth Company Small Cap Fund- Direct-Growth",2026-08-05,11.833
150915,"Mahindra Manulife Small Cap Fund - Direct Plan - Growth",2026-08-06,23.2385
152107,"QUANTUM SMALL CAP FUND - DIRECT PLAN GROWTH OPTION",2026-08-06,14.27
152614,"JM Small Cap Fund (Direct) - Growth Option",2026-08-06,11.952
152939,"TRUSTMF SMALL CAP FUND -DIRECT PLAN-GROWTH",2026-08-06,13.55
153196,"Mirae Asset Small Cap Fund - Direct Plan - Growth",2026-08-06,12.798
153612,"BAJAJ FINSERV SMALL CAP FUND - DIRECT - GROWTH",2026-08-06,11.218
153868,"Samco Small Cap Fund - Direct Plan",2026-08-06,11.52
153912,"Helios Small Cap Fund - Direct Plan - Growth Option",2026-08-06,11.42
154063,"Groww Small Cap Fund-Direct-Growth",2026-08-06,12.3709
154215,"Abakkus Small Cap Fund - Direct Plan - Growth",2026-08-06,12.581
154269,"The Wealth Company Small Cap Fund- Direct-Growth",2026-08-06,11.8403
150915,"Mahindra Manulife Small Cap Fund - Direct Plan - Growth",2026-08-07,23.2719
152107,"QUANTUM SMALL CAP FUND - DIRECT PLAN GROWTH OPTION",2026-08-07,14.25
152614,"JM Small Cap Fund (Direct) - Growth Option",2026-08-07,11.8985
152939,"TRUSTMF SMALL CAP FUND -DIRECT PLAN-GROWTH",2026-08-07,13.55
153196,"Mirae Asset Small Cap Fund - Direct Plan - Growth",2026-08-07,12.801
153612,"BAJAJ FINSERV SMALL CAP FUND - DIRECT - GROWTH",2026-08-07,11.257
153868,"Samco Small Cap Fund - Direct Plan",2026-08-07,11.55
153912,"Helios Small Cap Fund - Direct Plan - Growth Option",2026-08-07,11.43
154063,"Groww Small Cap Fund-Direct-Growth",2026-08-07,12.3993
154215,"Abakkus Small Cap Fund - Direct Plan - Growth",2026-08-07,12.585
154269,"The Wealth Company Small Cap Fund- Direct-Growth",2026-08-07,11.8122
150915,"Mahindra Manulife Small Cap Fund - Direct Plan - Growth",2026-08-10,23.3029
152107,"QUANTUM SMALL CAP FUND - DIRECT PLAN GROWTH OPTION",2026-08-10,14.3
152614,"JM Small Cap Fund (Direct) - Growth Option",2026-08-10,11.9079
152939,"TRUSTMF SMALL CAP FUND -DIRECT PLAN-GROWTH",2026-08-10,13.61
153196,"Mirae Asset Small Cap Fund - Direct Plan - Growth",2026-08-10,12.808
153612,"BAJAJ FINSERV SMALL CAP FUND - DIRECT - GROWTH",2026-08-10,11.264
153868,"Samco Small Cap Fund - Direct Plan",2026-08-10,11.61
153912,"Helios Small Cap Fund - Direct Plan - Growth Option",2026-08-10,11.52
154063,"Groww Small Cap Fund-Direct-Growth",2026-08-10,12.4101
154215,"Abakkus Small Cap Fund - Direct Plan - Growth",2026-08-10,12.6
154269,"The Wealth Company Small Cap Fund- Direct-Growth",2026-08-10,11.8165
150915,"Mahindra Manulife Small Cap Fund - Direct Plan - Growth",2026-08-11,23.4223
152107,"QUANTUM SMALL CAP FUND - DIRECT PLAN GROWTH OPTION",2026-08-11,14.32
152614,"JM Small Cap Fund (Direct) - Growth Option",2026-08-11,11.9297
152939,"TRUSTMF SMALL CAP FUND -DIRECT PLAN-GROWTH",2026-08-11,13.67
153196,"Mirae Asset Small Cap Fund - Direct Plan - Growth",2026-08-11,12.8
153612,"BAJAJ FINSERV SMALL CAP FUND - DIRECT - GROWTH",2026-08-11,11.274
153868,"Samco Small Cap Fund - Direct Plan",2026-08-11,11.62
153912,"Helios Small Cap Fund - Direct Plan - Growth Option",2026-08-11,11.57
154063,"Groww Small Cap Fund-Direct-Growth",2026-08-11,12.4071
154215,"Abakkus Small Cap Fund - Direct Plan - Growth",2026-08-11,12.598
154269,"The Wealth Company Small Cap Fund- Direct-Growth",2026-08-11,11.8422
150915,"Mahindra Manulife Small Cap Fund - Direct Plan - Growth",2026-08-12,23.4241
152107,"QUANTUM SMALL CAP FUND - DIRECT PLAN GROWTH OPTION",2026-08-12,14.27
152614,"JM Small Cap Fund (Direct) - Growth Option",2026-08-12,11.9587
152939,"TRUSTMF SMALL CAP FUND -DIRECT PLAN-GROWTH",2026-08-12,13.75
153196,"Mirae Asset Small Cap Fund - Direct Plan - Growth",2026-08-12,12.779
153612,"BAJAJ FINSERV SMALL CAP FUND - DIRECT - GROWTH",2026-08-12,11.278
153868,"Samco Small Cap Fund - Direct Plan",2026-08-12,11.7
153912,"Helios Small Cap Fund - Direct Plan - Growth Option",2026-08-12,11.55
154063,"Groww Small Cap Fund-Direct-Growth",2026-08-12,12.5789
154215,"Abakkus Small Cap Fund - Direct Plan - Growth",2026-08-12,12.545
154269,"The Wealth Company Small Cap Fund- Direct-Growth",2026-08-12,11.7802
150915,"Mahindra Manulife Small Cap Fund - Direct Plan - Growth",2026-08-13,23.4506
152107,"QUANTUM SMALL CAP FUND - DIRECT PLAN GROWTH OPTION",2026-08-13,14.28
152614,"JM Small Cap Fund (Direct) - Growth Option",2026-08-13,11.9632
152939,"TRUSTMF SMALL CAP FUND -DIRECT PLAN-GROWTH",2026-08-13,13.69
153196,"Mirae Asset Small Cap Fund - Direct Plan - Growth",2026-08-13,12.805
153612,"BAJAJ FINSERV SMALL CAP FUND - DIRECT - GROWTH",2026-08-13,11.264
153868,"Samco Small Cap Fund - Direct Plan",2026-08-13,11.7
153912,"Helios Small Cap Fund - Direct Plan - Growth Option",2026-08-13,11.56
154063,"Groww Small Cap Fund-Direct-Growth",2026-08-13,12.5476
154215,"Abakkus Small Cap Fund - Direct Plan - Growth",2026-08-13,12.571
154269,"The Wealth Company Small Cap Fund- Direct-Growth",2026-08-13,11.8511
150915,"Mahindra Manulife Small Cap Fund - Direct Plan - Growth",2026-08-14,23.469
152107,"QUANTUM SMALL CAP FUND - DIRECT PLAN GROWTH OPTION",2026-08-14,14.27
152614,"JM Small Cap Fund (Direct) - Growth Option",2026-08-14,11.9769
152939,"TRUSTMF SMALL CAP FUND -DIRECT PLAN-GROWTH",2026-08-14,13.68
153196,"Mirae Asset Small Cap Fund - Direct Plan - Growth",2026-08-14,12.763
153612,"BAJAJ FINSERV SMALL CAP FUND - DIRECT - GROWTH",2026-08-14,11.268
153868,"Samco Small Cap Fund - Direct Plan",2026-08-14,11.67
153912,"Helios Small Cap Fund - Direct Plan - Growth Option",2026-08-14,11.5
154063,"Groww Small Cap Fund-Direct-Growth",2026-08-14,12.5643
154215,"Abakkus Small Cap Fund - Direct Plan - Growth",2026-08-14,12.56
154269,"The Wealth Company Small Cap Fund- Direct-Growth",2026-08-14,11.8165
150915,"Mahindra Manulife Small Cap Fund - Direct Plan - Growth",2026-08-17,23.4768
152107,"QUANTUM SMALL CAP FUND - DIRECT PLAN GROWTH OPTION",2026-08-17,14.26
152614,"JM Small Cap Fund (Direct) - Growth Option",2026-08-17,11.9656
152939,"TRUSTMF SMALL CAP FUND -DIRECT PLAN-GROWTH",2026-08-17,13.73
153196,"Mirae Asset Small Cap Fund - Direct Plan - Growth",2026-08-17,12.824
153612,"BAJAJ FINSERV SMALL CAP FUND - DIRECT - GROWTH",2026-08-17,11.341
153868,"Samco Small Cap Fund - Direct Plan",2026-08-17,11.6
153912,"Helios Small Cap Fund - Direct Plan - Growth Option",2026-08-17,11.53
154063,"Groww Small Cap Fund-Direct-Growth",2026-08-17,12.6347
154215,"Abakkus Small Cap Fund - Direct Plan - Growth",2026-08-17,12.597
154269,"The Wealth Company Small Cap Fund- Direct-Growth",2026-08-17,11.846
150915,"Mahindra Manulife Small Cap Fund - Direct Plan - Growth",2026-08-18,23.5733
152107,"QUANTUM SMALL CAP FUND - DIRECT PLAN GROWTH OPTION",2026-08-18,14.27
152614,"JM Small Cap Fund (Direct) - Growth Option",2026-08-18,12.0813
152939,"TRUSTMF SMALL CAP FUND -DIRECT PLAN-GROWTH",2026-08-18,13.84
153196,"Mirae Asset Small Cap Fund - Direct Plan - Growth",2026-08-18,12.83
153612,"BAJAJ FINSERV SMALL CAP FUND - DIRECT - GROWTH",2026-08-18,11.383
153868,"Samco Small Cap Fund - Direct Plan",2026-08-18,11.68
153912,"Helios Small Cap Fund - Direct Plan - Growth Option",2026-08-18,11.6
154063,"Groww Small Cap Fund-Direct-Growth",2026-08-18,12.7633
154215,"Abakkus Small Cap Fund - Direct Plan - Growth",2026-08-18,12.592
154269,"The Wealth Company Small Cap Fund- Direct-Growth",2026-08-18,11.9396
150915,"Mahindra Manulife Small Cap Fund - Direct Plan - Growth",2026-08-19,23.3876
152107,"QUANTUM SMALL CAP FUND - DIRECT PLAN GROWTH OPTION",2026-08-19,14.19
152614,"JM Small Cap Fund (Direct) - Growth Option",2026-08-19,12.0008
152939,"TRUSTMF SMALL CAP FUND -DIRECT PLAN-GROWTH",2026-08-19,13.79
153196,"Mirae Asset Small Cap Fund - Direct Plan - Growth",2026-08-19,12.75
153612,"BAJAJ FINSERV SMALL CAP FUND - DIRECT - GROWTH",2026-08-19,11.33
153868,"Samco Small Cap Fund - Direct Plan",2026-08-19,11.6
153912,"Helios Small Cap Fund - Direct Plan - Growth Option",2026-08-19,11.55
154063,"Groww Small Cap Fund-Direct-Growth",2026-08-19,12.7101
154215,"Abakkus Small Cap Fund - Direct Plan - Growth",2026-08-19,12.53
154269,"The Wealth Company Small Cap Fund- Direct-Growth",2026-08-19,11.8876
150915,"Mahindra Manulife Small Cap Fund - Direct Plan - Growth",2026-08-20,23.6202
152107,"QUANTUM SMALL CAP FUND - DIRECT PLAN GROWTH OPTION",2026-08-20,14.3
152614,"JM Small Cap Fund (Direct) - Growth Option",2026-08-20,12.0617
152939,"TRUSTMF SMALL CAP FUND -DIRECT PLAN-GROWTH",2026-08-20,13.86
153196,"Mirae Asset Small Cap Fund - Direct Plan - Growth",2026-08-20,12.877
153612,"BAJAJ FINSERV SMALL CAP FUND - DIRECT - GROWTH",2026-08-20,11.401
153868,"Samco Small Cap Fund - Direct Plan",2026-08-20,11.63
153912,"Helios Small Cap Fund - Direct Plan - Growth Option",2026-08-20,11.61
154063,"Groww Small Cap Fund-Direct-Growth",2026-08-20,12.7553
154215,"Abakkus Small Cap Fund - Direct Plan - Growth",2026-08-20,12.602
154269,"The Wealth Company Small Cap Fund- Direct-Growth",2026-08-20,11.8972
150915,"Mahindra Manulife Small Cap Fund - Direct Plan - Growth",2026-08-21,23.826
152107,"QUANTUM SMALL CAP FUND - DIRECT PLAN GROWTH OPTION",2026-08-21,14.32
152614,"JM Small Cap Fund (Direct) - Growth Option",2026-08-21,12.0803
152939,"TRUSTMF SMALL CAP FUND -DIRECT PLAN-GROWTH",2026-08-21,13.96
153196,"Mirae Asset Small Cap Fund - Direct Plan - Growth",2026-08-21,12.991
153612,"BAJAJ FINSERV SMALL CAP FUND - DIRECT - GROWTH",2026-08-21,11.45
153868,"Samco Small Cap Fund - Direct Plan",2026-08-21,11.65
153912,"Helios Small Cap Fund - Direct Plan - Growth Option",2026-08-21,11.69
154063,"Groww Small Cap Fund-Direct-Growth",2026-08-21,12.8201
154215,"Abakkus Small Cap Fund - Direct Plan - Growth",2026-08-21,12.715
154269,"The Wealth Company Small Cap Fund- Direct-Growth",2026-08-21,11.9676
150915,"Mahindra Manulife Small Cap Fund - Direct Plan - Growth",2026-08-24,23.9079
152107,"QUANTUM SMALL CAP FUND - DIRECT PLAN GROWTH OPTION",2026-08-24,14.31
152614,"JM Small Cap Fund (Direct) - Growth Option",2026-08-24,12.0421
152939,"TRUSTMF SMALL CAP FUND -DIRECT PLAN-GROWTH",2026-08-24,13.94
153196,"Mirae Asset Small Cap Fund - Direct Plan - Growth",2026-08-24,12.949
153612,"BAJAJ FINSERV SMALL CAP FUND - DIRECT - GROWTH",2026-08-24,11.466
153868,"Samco Small Cap Fund - Direct Plan",2026-08-24,11.73
153912,"Helios Small Cap Fund - Direct Plan - Growth Option",2026-08-24,11.69
154063,"Groww Small Cap Fund-Direct-Growth",2026-08-24,12.765
154215,"Abakkus Small Cap Fund - Direct Plan - Growth",2026-08-24,12.686
154269,"The Wealth Company Small Cap Fund- Direct-Growth",2026-08-24,11.9562
150915,"Mahindra Manulife Small Cap Fund - Direct Plan - Growth",2026-08-25,23.9778
152107,"QUANTUM SMALL CAP FUND - DIRECT PLAN GROWTH OPTION",2026-08-25,14.28
152614,"JM Small Cap Fund (Direct) - Growth Option",2026-08-25,12.0007
152939,"TRUSTMF SMALL CAP FUND -DIRECT PLAN-GROWTH",2026-08-25,13.91
153196,"Mirae Asset Small Cap Fund - Direct Plan - Growth",2026-08-25,12.948
153612,"BAJAJ FINSERV SMALL CAP FUND - DIRECT - GROWTH",2026-08-25,11.404
153868,"Samco Small Cap Fund - Direct Plan",2026-08-25,11.67
153912,"Helios Small Cap Fund - Direct Plan - Growth Option",2026-08-25,11.66
154063,"Groww Small Cap Fund-Direct-Growth",2026-08-25,12.7211
154215,"Abakkus Small Cap Fund - Direct Plan - Growth",2026-08-25,12.639
154269,"The Wealth Company Small Cap Fund- Direct-Growth",2026-08-25,11.9437
150915,"Mahindra Manulife Small Cap Fund - Direct Plan - Growth",2026-08-26,24.1762
152107,"QUANTUM SMALL CAP FUND - DIRECT PLAN GROWTH OPTION",2026-08-26,14.31
152614,"JM Small Cap Fund (Direct) - Growth Option",2026-08-26,12.0764
152939,"TRUSTMF SMALL CAP FUND -DIRECT PLAN-GROWTH",2026-08-26,14.01
153196,"Mirae Asset Small Cap Fund - Direct Plan - Growth",2026-08-26,12.999
153612,"BAJAJ FINSERV SMALL CAP FUND - DIRECT - GROWTH",2026-08-26,11.44
153868,"Samco Small Cap Fund - Direct Plan",2026-08-26,11.75
153912,"Helios Small Cap Fund - Direct Plan - Growth Option",2026-08-26,11.69
154063,"Groww Small Cap Fund-Direct-Growth",2026-08-26,12.8642
154215,"Abakkus Small Cap Fund - Direct Plan - Growth",2026-08-26,12.666
154269,"The Wealth Company Small Cap Fund- Direct-Growth",2026-08-26,12.0004
150915,"Mahindra Manulife Small Cap Fund - Direct Plan - Growth",2026-08-27,24.1504
152107,"QUANTUM SMALL CAP FUND - DIRECT PLAN GROWTH OPTION",2026-08-27,14.2
152614,"JM Small Cap Fund (Direct) - Growth Option",2026-08-27,12.0757
152939,"TRUSTMF SMALL CAP FUND -DIRECT PLAN-GROWTH",2026-08-27,14.02
153196,"Mirae Asset Small Cap Fund - Direct Plan - Growth",2026-08-27,13.046
153612,"BAJAJ FINSERV SMALL CAP FUND - DIRECT - GROWTH",2026-08-27,11.521
153868,"Samco Small Cap Fund - Direct Plan",2026-08-27,11.82
153912,"Helios Small Cap Fund - Direct Plan - Growth Option",2026-08-27,11.69
154063,"Groww Small Cap Fund-Direct-Growth",2026-08-27,12.8638
154215,"Abakkus Small Cap Fund - Direct Plan - Growth",2026-08-27,12.651
154269,"The Wealth Company Small Cap Fund- Direct-Growth",2026-08-27,11.9988
150915,"Mahindra Manulife Small Cap Fund - Direct Plan - Growth",2026-08-28,24.2735
152107,"QUANTUM SMALL CAP FUND - DIRECT PLAN GROWTH OPTION",2026-08-28,14.28
152614,"JM Small Cap Fund (Direct) - Growth Option",2026-08-28,12.1301
152939,"TRUSTMF SMALL CAP FUND -DIRECT PLAN-GROWTH",2026-08-28,14.02
153196,"Mirae Asset Small Cap Fund - Direct Plan - Growth",2026-08-28,13.029
153612,"BAJAJ FINSERV SMALL CAP FUND - DIRECT - GROWTH",2026-08-28,11.496
153868,"Samco Small Cap Fund - Direct Plan",2026-08-28,11.9
153912,"Helios Small Cap Fund - Direct Plan - Growth Option",2026-08-28,11.72
154063,"Groww Small Cap Fund-Direct-Growth",2026-08-28,12.9445
154215,"Abakkus Small Cap Fund - Direct Plan - Growth",2026-08-28,12.689
154269,"The Wealth Company Small Cap Fund- Direct-Growth",2026-08-28,12.011
150915,"Mahindra Manulife Small Cap Fund - Direct Plan - Growth",2026-08-31,24.2533
152107,"QUANTUM SMALL CAP FUND - DIRECT PLAN GROWTH OPTION",2026-08-31,14.31
152614,"JM Small Cap Fund (Direct) - Growth Option",2026-08-31,12.135
152939,"TRUSTMF SMALL CAP FUND -DIRECT PLAN-GROWTH",2026-08-31,14.06
153196,"Mirae Asset Small Cap Fund - Direct Plan - Growth",2026-08-31,13.063
153612,"BAJAJ FINSERV SMALL CAP FUND - DIRECT - GROWTH",2026-08-31,11.491
153868,"Samco Small Cap Fund - Direct Plan",2026-08-31,11.93
153912,"Helios Small Cap Fund - Direct Plan - Growth Option",2026-08-31,11.75
154063,"Groww Small Cap Fund-Direct-Growth",2026-08-31,13.0148
154215,"Abakkus Small Cap Fund - Direct Plan - Growth",2026-08-31,12.679
154269,"The Wealth Company Small Cap Fund- Direct-Growth",2026-08-31,11.9904
150915,"Mahindra Manulife Small Cap Fund - Direct Plan - Growth",2026-09-01,24.135
152107,"QUANTUM SMALL CAP FUND - DIRECT PLAN GROWTH OPTION",2026-09-01,14.31
152614,"JM Small Cap Fund (Direct) - Growth Option",2026-09-01,12.0612
152939,"TRUSTMF SMALL CAP FUND -DIRECT PLAN-GROWTH",2026-09-01,13.99
153196,"Mirae Asset Small Cap Fund - Direct Plan - Growth",2026-09-01,13.072
153612,"BAJAJ FINSERV SMALL CAP FUND - DIRECT - GROWTH",2026-09-01,11.465
153868,"Samco Small Cap Fund - Direct Plan",2026-09-01,11.93
153912,"Helios Small Cap Fund - Direct Plan - Growth Option",2026-09-01,11.69
154063,"Groww Small Cap Fund-Direct-Growth",2026-09-01,12.9257
154215,"Abakkus Small Cap Fund - Direct Plan - Growth",2026-09-01,12.684
154269,"The Wealth Company Small Cap Fund- Direct-Growth",2026-09-01,11.9251
150915,"Mahindra Manulife Small Cap Fund - Direct Plan - Growth",2026-09-02,24.1047
152107,"QUANTUM SMALL CAP FUND - DIRECT PLAN GROWTH OPTION",2026-09-02,14.29
152614,"JM Small Cap Fund (Direct) - Growth Option",2026-09-02,11.9521
152939,"TRUSTMF SMALL CAP FUND -DIRECT PLAN-GROWTH",2026-09-02,13.9
153196,"Mirae Asset Small Cap Fund - Direct Plan - Growth",2026-09-02,13.019
153612,"BAJAJ FINSERV SMALL CAP FUND - DIRECT - GROWTH",2026-09-02,11.371
153868,"Samco Small Cap Fund - Direct Plan",2026-09-02,11.82
153912,"Helios Small Cap Fund - Direct Plan - Growth Option",2026-09-02,11.59
154063,"Groww Small Cap Fund-Direct-Growth",2026-09-02,12.8333
154215,"Abakkus Small Cap Fund - Direct Plan - Growth",2026-09-02,12.64
154269,"The Wealth Company Small Cap Fund- Direct-Growth",2026-09-02,11.8705
150915,"Mahindra Manulife Small Cap Fund - Direct Plan - Growth",2026-09-03,24.1789
152107,"QUANTUM SMALL CAP FUND - DIRECT PLAN GROWTH OPTION",2026-09-03,14.39
152614,"JM Small Cap Fund (Direct) - Growth Option",2026-09-03,12.0296
152939,"TRUSTMF SMALL CAP FUND -DIRECT PLAN-GROWTH",2026-09-03,14.02
153196,"Mirae Asset Small Cap Fund - Direct Plan - Growth",2026-09-03,13.116
153612,"BAJAJ FINSERV SMALL CAP FUND - DIRECT - GROWTH",2026-09-03,11.479
153868,"Samco Small Cap Fund - Direct Plan",2026-09-03,11.94
153912,"Helios Small Cap Fund - Direct Plan - Growth Option",2026-09-03,11.69
154063,"Groww Small Cap Fund-Direct-Growth",2026-09-03,12.891
154215,"Abakkus Small Cap Fund - Direct Plan - Growth",2026-09-03,12.726
154269,"The Wealth Company Small Cap Fund- Direct-Growth",2026-09-03,11.9415
150915,"Mahindra Manulife Small Cap Fund - Direct Plan - Growth",2026-09-04,24.2195
152107,"QUANTUM SMALL CAP FUND - DIRECT PLAN GROWTH OPTION",2026-09-04,14.38
152614,"JM Small Cap Fund (Direct) - Growth Option",2026-09-04,12.0545
152939,"TRUSTMF SMALL CAP FUND -DIRECT PLAN-GROWTH",2026-09-04,14.03
153196,"Mirae Asset Small Cap Fund - Direct Plan - Growth",2026-09-04,13.102
153612,"BAJAJ FINSERV SMALL CAP FUND - DIRECT - GROWTH",2026-09-04,11.495
153868,"Samco Small Cap Fund - Direct Plan",2026-09-04,12.3
153912,"Helios Small Cap Fund - Direct Plan - Growth Option",2026-09-04,11.71
154063,"Groww Small Cap Fund-Direct-Growth",2026-09-04,12.9049
154215,"Abakkus Small Cap Fund - Direct Plan - Growth",2026-09-04,12.744
154269,"The Wealth Company Small Cap Fund- Direct-Growth",2026-09-04,11.9363
150915,"Mahindra Manulife Small Cap Fund - Direct Plan - Growth",2026-09-07,24.224
152107,"QUANTUM SMALL CAP FUND - DIRECT PLAN GROWTH OPTION",2026-09-07,14.36
152614,"JM Small Cap Fund (Direct) - Growth Option",2026-09-07,12.1371
152939,"TRUSTMF SMALL CAP FUND -DIRECT PLAN-GROWTH",2026-09-07,14.12
153196,"Mirae Asset Small Cap Fund - Direct Plan - Growth",2026-09-07,13.104
153612,"BAJAJ FINSERV SMALL CAP FUND - DIRECT - GROWTH",2026-09-07,11.513
153868,"Samco Small Cap Fund - Direct Plan",2026-09-07,12.51
153912,"Helios Small Cap Fund - Direct Plan - Growth Option",2026-09-07,11.72
154063,"Groww Small Cap Fund-Direct-Growth",2026-09-07,12.9526
154215,"Abakkus Small Cap Fund - Direct Plan - Growth",2026-09-07,12.734
154269,"The Wealth Company Small Cap Fund- Direct-Growth",2026-09-07,11.9181
150915,"Mahindra Manulife Small Cap Fund - Direct Plan - Growth",2026-09-08,24.5104
152107,"QUANTUM SMALL CAP FUND - DIRECT PLAN GROWTH OPTION",2026-09-08,14.4
152614,"JM Small Cap Fund (Direct) - Growth Option",2026-09-08,12.192
152939,"TRUSTMF SMALL CAP FUND -DIRECT PLAN-GROWTH",2026-09-08,14.26
153196,"Mirae Asset Small Cap Fund - Direct Plan - Growth",2026-09-08,13.169
153612,"BAJAJ FINSERV SMALL CAP FUND - DIRECT - GROWTH",2026-09-08,11.578
153868,"Samco Small Cap Fund - Direct Plan",2026-09-08,12.78
153912,"Helios Small Cap Fund - Direct Plan - Growth Option",2026-09-08,11.76
154063,"Groww Small Cap Fund-Direct-Growth",2026-09-08,13.0075
154215,"Abakkus Small Cap Fund - Direct Plan - Growth",2026-09-08,12.735
154269,"The Wealth Company Small Cap Fund- Direct-Growth",2026-09-08,11.9536
150915,"Mahindra Manulife Small Cap Fund - Direct Plan - Growth",2026-09-09,24.3658
152107,"QUANTUM SMALL CAP FUND - DIRECT PLAN GROWTH OPTION",2026-09-09,14.33
152614,"JM Small Cap Fund (Direct) - Growth Option",2026-09-09,12.1446
152939,"TRUSTMF SMALL CAP FUND -DIRECT PLAN-GROWTH",2026-09-09,14.18
153196,"Mirae Asset Small Cap Fund - Direct Plan - Growth",2026-09-09,13.133
153612,"BAJAJ FINSERV SMALL CAP FUND - DIRECT - GROWTH",2026-09-09,11.512
153868,"Samco Small Cap Fund - Direct Plan",2026-09-09,12.84
153912,"Helios Small Cap Fund - Direct Plan - Growth Option",2026-09-09,11.75
154063,"Groww Small Cap Fund-Direct-Growth",2026-09-09,12.9534
154215,"Abakkus Small Cap Fund - Direct Plan - Growth",2026-09-09,12.698
154269,"The Wealth Company Small Cap Fund- Direct-Growth",2026-09-09,11.8961
150915,"Mahindra Manulife Small Cap Fund - Direct Plan - Growth",2026-09-10,24.4319
152107,"QUANTUM SMALL CAP FUND - DIRECT PLAN GROWTH OPTION",2026-09-10,14.3
152614,"JM Small Cap Fund (Direct) - Growth Option",2026-09-10,12.1358
152939,"TRUSTMF SMALL CAP FUND -DIRECT PLAN-GROWTH",2026-09-10,14.2
153196,"Mirae Asset Small Cap Fund - Direct Plan - Growth",2026-09-10,13.128
153612,"BAJAJ FINSERV SMALL CAP FUND - DIRECT - GROWTH",2026-09-10,11.566
153868,"Samco Small Cap Fund - Direct Plan",2026-09-10,12.95
153912,"Helios Small Cap Fund - Direct Plan - Growth Option",2026-09-10,11.79
154063,"Groww Small Cap Fund-Direct-Growth",2026-09-10,12.9684
154215,"Abakkus Small Cap Fund - Direct Plan - Growth",2026-09-10,12.763
154269,"The Wealth Company Small Cap Fund- Direct-Growth",2026-09-10,11.9073
150915,"Mahindra Manulife Small Cap Fund - Direct Plan - Growth",2026-09-11,24.2939
152107,"QUANTUM SMALL CAP FUND - DIRECT PLAN GROWTH OPTION",2026-09-11,14.24
152614,"JM Small Cap Fund (Direct) - Growth Option",2026-09-11,12.1831
152939,"TRUSTMF SMALL CAP FUND -DIRECT PLAN-GROWTH",2026-09-11,14.24
153196,"Mirae Asset Small Cap Fund - Direct Plan - Growth",2026-09-11,13.095
153612,"BAJAJ FINSERV SMALL CAP FUND - DIRECT - GROWTH",2026-09-11,11.579
153868,"Samco Small Cap Fund - Direct Plan",2026-09-11,13.02
153912,"Helios Small Cap Fund - Direct Plan - Growth Option",2026-09-11,11.8
154063,"Groww Small Cap Fund-Direct-Growth",2026-09-11,12.977
154215,"Abakkus Small Cap Fund - Direct Plan - Growth",2026-09-11,12.698
154269,"The Wealth Company Small Cap Fund- Direct-Growth",2026-09-11,11.9003
150915,"Mahindra Manulife Small Cap Fund - Direct Plan - Growth",2026-09-15,23.5415
152107,"QUANTUM SMALL CAP FUND - DIRECT PLAN GROWTH OPTION",2026-09-15,13.93
152614,"JM Small Cap Fund (Direct) - Growth Option",2026-09-15,11.8248
152939,"TRUSTMF SMALL CAP FUND -DIRECT PLAN-GROWTH",2026-09-15,13.69
153196,"Mirae Asset Small Cap Fund - Direct Plan - Growth",2026-09-15,12.8
153612,"BAJAJ FINSERV SMALL CAP FUND - DIRECT - GROWTH",2026-09-15,11.24
153868,"Samco Small Cap Fund - Direct Plan",2026-09-15,12.7
153912,"Helios Small Cap Fund - Direct Plan - Growth Option",2026-09-15,11.41
154063,"Groww Small Cap Fund-Direct-Growth",2026-09-15,12.6846
154215,"Abakkus Small Cap Fund - Direct Plan - Growth",2026-09-15,12.339
154269,"The Wealth Company Small Cap Fund- Direct-Growth",2026-09-15,11.5718
150915,"Mahindra Manulife Small Cap Fund - Direct Plan - Growth",2026-09-16,23.4845
152107,"QUANTUM SMALL CAP FUND - DIRECT PLAN GROWTH OPTION",2026-09-16,13.94
152614,"JM Small Cap Fund (Direct) - Growth Option",2026-09-16,11.7749
152939,"TRUSTMF SMALL CAP FUND -DIRECT PLAN-GROWTH",2026-09-16,13.65
153196,"Mirae Asset Small Cap Fund - Direct Plan - Growth",2026-09-16,12.784
153612,"BAJAJ FINSERV SMALL CAP FUND - DIRECT - GROWTH",2026-09-16,11.192
153868,"Samco Small Cap Fund - Direct Plan",2026-09-16,12.59
153912,"Helios Small Cap Fund - Direct Plan - Growth Option",2026-09-16,11.38
154063,"Groww Small Cap Fund-Direct-Growth",2026-09-16,12.7214
154215,"Abakkus Small Cap Fund - Direct Plan - Growth",2026-09-16,12.338
154269,"The Wealth Company Small Cap Fund- Direct-Growth",2026-09-16,11.5352
150915,"Mahindra Manulife Small Cap Fund - Direct Plan - Growth",2026-09-17,23.667
152107,"QUANTUM SMALL CAP FUND - DIRECT PLAN GROWTH OPTION",2026-09-17,14.02
152614,"JM Small Cap Fund (Direct) - Growth Option",2026-09-17,11.8585
152939,"TRUSTMF SMALL CAP FUND -DIRECT PLAN-GROWTH",2026-09-17,13.76
153196,"Mirae Asset Small Cap Fund - Direct Plan - Growth",2026-09-17,12.882
153612,"BAJAJ FINSERV SMALL CAP FUND - DIRECT - GROWTH",2026-09-17,11.251
153868,"Samco Small Cap Fund - Direct Plan",2026-09-17,12.58
153912,"Helios Small Cap Fund - Direct Plan - Growth Option",2026-09-17,11.52
154063,"Groww Small Cap Fund-Direct-Growth",2026-09-17,12.9045
154215,"Abakkus Small Cap Fund - Direct Plan - Growth",2026-09-17,12.429
154269,"The Wealth Company Small Cap Fund- Direct-Growth",2026-09-17,11.6382
150915,"Mahindra Manulife Small Cap Fund - Direct Plan - Growth",2026-09-18,24.0063
152107,"QUANTUM SMALL CAP FUND - DIRECT PLAN GROWTH OPTION",2026-09-18,14.18
152614,"JM Small Cap Fund (Direct) - Growth Option",2026-09-18,12.1585
152939,"TRUSTMF SMALL CAP FUND -DIRECT PLAN-GROWTH",2026-09-18,14.05
153196,"Mirae Asset Small Cap Fund - Direct Plan - Growth",2026-09-18,13.071
153612,"BAJAJ FINSERV SMALL CAP FUND - DIRECT - GROWTH",2026-09-18,11.446
153868,"Samco Small Cap Fund - Direct Plan",2026-09-18,12.83
153912,"Helios Small Cap Fund - Direct Plan - Growth Option",2026-09-18,11.74
154063,"Groww Small Cap Fund-Direct-Growth",2026-09-18,13.1404
154215,"Abakkus Small Cap Fund - Direct Plan - Growth",2026-09-18,12.578
154269,"The Wealth Company Small Cap Fund- Direct-Growth",2026-09-18,11.8765
150915,"Mahindra Manulife Small Cap Fund - Direct Plan - Growth",2026-09-21,23.9275
152107,"QUANTUM SMALL CAP FUND - DIRECT PLAN GROWTH OPTION",2026-09-21,14.15
152614,"JM Small Cap Fund (Direct) - Growth Option",2026-09-21,12.102
152939,"TRUSTMF SMALL CAP FUND -DIRECT PLAN-GROWTH",2026-09-21,14.04
153196,"Mirae Asset Small Cap Fund - Direct Plan - Growth",2026-09-21,13.065
153612,"BAJAJ FINSERV SMALL CAP FUND - DIRECT - GROWTH",2026-09-21,11.431
153868,"Samco Small Cap Fund - Direct Plan",2026-09-21,12.87
153912,"Helios Small Cap Fund - Direct Plan - Growth Option",2026-09-21,11.77
154063,"Groww Small Cap Fund-Direct-Growth",2026-09-21,13.0938
154215,"Abakkus Small Cap Fund - Direct Plan - Growth",2026-09-21,12.542
154269,"The Wealth Company Small Cap Fund- Direct-Growth",2026-09-21,11.8853
150915,"Mahindra Manulife Small Cap Fund - Direct Plan - Growth",2026-09-22,23.8972
152107,"QUANTUM SMALL CAP FUND - DIRECT PLAN GROWTH OPTION",2026-09-22,14.11
152614,"JM Small Cap Fund (Direct) - Growth Option",2026-09-22,12.0929
152939,"TRUSTMF SMALL CAP FUND -DIRECT PLAN-GROWTH",2026-09-22,14.08
153196,"Mirae Asset Small Cap Fund - Direct Plan - Growth",2026-09-22,13.054
153612,"BAJAJ FINSERV SMALL CAP FUND - DIRECT - GROWTH",2026-09-22,11.382
153868,"Samco Small Cap Fund - Direct Plan",2026-09-22,12.9
153912,"Helios Small Cap Fund - Direct Plan - Growth Option",2026-09-22,11.78
154063,"Groww Small Cap Fund-Direct-Growth",2026-09-22,13.0714
154215,"Abakkus Small Cap Fund - Direct Plan - Growth",2026-09-22,12.574
154269,"The Wealth Company Small Cap Fund- Direct-Growth",2026-09-22,11.9182
150915,"Mahindra Manulife Small Cap Fund - Direct Plan - Growth",2026-09-23,24.175
152107,"QUANTUM SMALL CAP FUND - DIRECT PLAN GROWTH OPTION",2026-09-23,14.25
152614,"JM Small Cap Fund (Direct) - Growth Option",2026-09-23,12.2132
152939,"TRUSTMF SMALL CAP FUND -DIRECT PLAN-GROWTH",2026-09-23,14.17
153196,"Mirae Asset Small Cap Fund - Direct Plan - Growth",2026-09-23,13.149
153612,"BAJAJ FINSERV SMALL CAP FUND - DIRECT - GROWTH",2026-09-23,11.521
153868,"Samco Small Cap Fund - Direct Plan",2026-09-23,13.01
153912,"Helios Small Cap Fund - Direct Plan - Growth Option",2026-09-23,11.82
154063,"Groww Small Cap Fund-Direct-Growth",2026-09-23,13.2171
154215,"Abakkus Small Cap Fund - Direct Plan - Growth",2026-09-23,12.651
154269,"The Wealth Company Small Cap Fund- Direct-Growth",2026-09-23,11.9889
150915,"Mahindra Manulife Small Cap Fund - Direct Plan - Growth",2026-09-24,23.908
152107,"QUANTUM SMALL CAP FUND - DIRECT PLAN GROWTH OPTION",2026-09-24,14.08
152614,"JM Small Cap Fund (Direct) - Growth Option",2026-09-24,11.9743
152939,"TRUSTMF SMALL CAP FUND -DIRECT PLAN-GROWTH",2026-09-24,13.94
153196,"Mirae Asset Small Cap Fund - Direct Plan - Growth",2026-09-24,12.914
153612,"BAJAJ FINSERV SMALL CAP FUND - DIRECT - GROWTH",2026-09-24,11.338
153868,"Samco Small Cap Fund - Direct Plan",2026-09-24,12.89
153912,"Helios Small Cap Fund - Direct Plan - Growth Option",2026-09-24,11.65
154063,"Groww Small Cap Fund-Direct-Growth",2026-09-24,13.0414
154215,"Abakkus Small Cap Fund - Direct Plan - Growth",2026-09-24,12.472
154269,"The Wealth Company Small Cap Fund- Direct-Growth",2026-09-24,11.8354
150915,"Mahindra Manulife Small Cap Fund - Direct Plan - Growth",2026-09-25,23.9524
152107,"QUANTUM SMALL CAP FUND - DIRECT PLAN GROWTH OPTION",2026-09-25,14.14
152614,"JM Small Cap Fund (Direct) - Growth Option",2026-09-25,12.0314
152939,"TRUSTMF SMALL CAP FUND -DIRECT PLAN-GROWTH",2026-09-25,13.97
153196,"Mirae Asset Small Cap Fund - Direct Plan - Growth",2026-09-25,12.892
153612,"BAJAJ FINSERV SMALL CAP FUND - DIRECT - GROWTH",2026-09-25,11.377
153868,"Samco Small Cap Fund - Direct Plan",2026-09-25,12.87
153912,"Helios Small Cap Fund - Direct Plan - Growth Option",2026-09-25,11.63
154063,"Groww Small Cap Fund-Direct-Growth",2026-09-25,13.0199
154215,"Abakkus Small Cap Fund - Direct Plan - Growth",2026-09-25,12.524
154269,"The Wealth Company Small Cap Fund- Direct-Growth",2026-09-25,11.847
150915,"Mahindra Manulife Small Cap Fund - Direct Plan - Growth",2026-09-28,23.4772
152107,"QUANTUM SMALL CAP FUND - DIRECT PLAN GROWTH OPTION",2026-09-28,13.92
152614,"JM Small Cap Fund (Direct) - Growth Option",2026-09-28,11.8083
152939,"TRUSTMF SMALL CAP FUND -DIRECT PLAN-GROWTH",2026-09-28,13.72
153196,"Mirae Asset Small Cap Fund - Direct Plan - Growth",2026-09-28,12.682
153612,"BAJAJ FINSERV SMALL CAP FUND - DIRECT - GROWTH",2026-09-28,11.271
153868,"Samco Small Cap Fund - Direct Plan",2026-09-28,12.69
153912,"Helios Small Cap Fund - Direct Plan - Growth Option",2026-09-28,11.46
154063,"Groww Small Cap Fund-Direct-Growth",2026-09-28,12.8386
154215,"Abakkus Small Cap Fund - Direct Plan - Growth",2026-09-28,12.346
154269,"The Wealth Company Small Cap Fund- Direct-Growth",2026-09-28,11.662
150915,"Mahindra Manulife Small Cap Fund - Direct Plan - Growth",2026-09-29,23.5104
152107,"QUANTUM SMALL CAP FUND - DIRECT PLAN GROWTH OPTION",2026-09-29,13.88
152614,"JM Small Cap Fund (Direct) - Growth Option",2026-09-29,11.8224
152939,"TRUSTMF SMALL CAP FUND -DIRECT PLAN-GROWTH",2026-09-29,13.82
153196,"Mirae Asset Small Cap Fund - Direct Plan - Growth",2026-09-29,12.699
153612,"BAJAJ FINSERV SMALL CAP FUND - DIRECT - GROWTH",2026-09-29,11.266
153868,"Samco Small Cap Fund - Direct Plan",2026-09-29,12.73
153912,"Helios Small Cap Fund - Direct Plan - Growth Option",2026-09-29,11.42
154063,"Groww Small Cap Fund-Direct-Growth",2026-09-29,12.9522
154215,"Abakkus Small Cap Fund - Direct Plan - Growth",2026-09-29,12.352
154269,"The Wealth Company Small Cap Fund- Direct-Growth",2026-09-29,11.6776
150915,"Mahindra Manulife Small Cap Fund - Direct Plan - Growth",2026-09-30,23.4609
152107,"QUANTUM SMALL CAP FUND - DIRECT PLAN GROWTH OPTION",2026-09-30,13.92
152614,"JM Small Cap Fund (Direct) - Growth Option",2026-09-30,11.8522
152939,"TRUSTMF SMALL CAP FUND -DIRECT PLAN-GROWTH",2026-09-30,13.78
153196,"Mirae Asset Small Cap Fund - Direct Plan - Growth",2026-09-30,12.701
153612,"BAJAJ FINSERV SMALL CAP FUND - DIRECT - GROWTH",2026-09-30,11.275
153868,"Samco Small Cap Fund - Direct Plan",2026-09-30,12.67
153912,"Helios Small Cap Fund - Direct Plan - Growth Option",2026-09-30,11.47
154063,"Groww Small Cap Fund-Direct-Growth",2026-09-30,12.9511
154215,"Abakkus Small Cap Fund - Direct Plan - Growth",2026-09-30,12.355
154269,"The Wealth Company Small Cap Fund- Direct-Growth",2026-09-30,11.7143
150915,"Mahindra Manulife Small Cap Fund - Direct Plan - Growth",2026-10-01,23.142
152107,"QUANTUM SMALL CAP FUND - DIRECT PLAN GROWTH OPTION",2026-10-01,13.8
152614,"JM Small Cap Fund (Direct) - Growth Option",2026-10-01,11.7289
152939,"TRUSTMF SMALL CAP FUND -DIRECT PLAN-GROWTH",2026-10-01,13.65
153196,"Mirae Asset Small Cap Fund - Direct Plan - Growth",2026-10-01,12.582
153612,"BAJAJ FINSERV SMALL CAP FUND - DIRECT - GROWTH",2026-10-01,11.135
153868,"Samco Small Cap Fund - Direct Plan",2026-10-01,12.53
153912,"Helios Small Cap Fund - Direct Plan - Growth Option",2026-10-01,11.33
154063,"Groww Small Cap Fund-Direct-Growth",2026-10-01,12.8834
154215,"Abakkus Small Cap Fund - Direct Plan - Growth",2026-10-01,12.218
154269,"The Wealth Company Small Cap Fund- Direct-Growth",2026-10-01,11.6278